/var/spool/slurmd/job1558319/slurm_script: line 24: /fsx-ram/chuanyang/miniconda3/bin/activate: No such file or directory
[08/20/25 01:39:38] INFO     fairseq2 - Log files are stored under              
                             /checkpoint/ram/chuanyang/dpo/rlhi_0819_preference_
                             pairs_0819_rip_1177_LR7e-7_FLR1e-15_BT0.1_WP30_EPS1
                             e-8.                                               
                    INFO     fairseq2 - Config:                                 
                             {                                                  
                                 'model': {                                     
                                     'name': 'llama3_1_8b_instruct',            
                                     'family': None,                            
                                     'arch': None,                              
                                     'config_overrides': None,                  
                                     'path': None,                              
                                     'mmap': False,                             
                                     'compile': False,                          
                                     'compile_options': {                       
                                         'fullgraph': False,                    
                                         'dynamic': None,                       
                                         'mode': 'default',                     
                                         'backend': 'inductor',                 
                                         'backend_options': None                
                                     }                                          
                                 },                                             
                                 'dataset': {                                   
                                     'name': 'dpo_rip',                         
                                     'path':                                    
                             '/home/chuanyang/data/preference_pairs_0819_rip_117
                             7.jsonl',                                          
                                     'family': 'generic_preference',            
                                     'source_encode_mode': 'prompt',            
                                     'target_encode_mode': 'prompt_response',   
                                     'mask_source_tokens': True,                
                                     'min_seq_len': 1,                          
                                     'max_seq_len': 8192,                       
                                     'max_num_tokens': 16384,                   
                                     'batch_size': 1,                           
                                     'example_shuffle_window': 10000,           
                                     'batch_shuffle_window': 1000,              
                                     'num_prefetch': 4,                         
                                     'extras': {},                              
                                     'chat_mode': False                         
                                 },                                             
                                 'tokenizer': {'name': 'llama3_instruct'},      
                                 'gang': {'tensor_parallel_size': 1, 'timeout': 
                             15, 'high_priority': True},                        
                                 'trainer': {                                   
                                     'dtype': 'bfloat16',                       
                                     'data_parallelism': 'fsdp',                
                                     'fsdp': {                                  
                                         'version': 'v1',                       
                                         'granularity': 'layer',                
                                         'hybrid': False,                       
                                         'reshard_after_forward': True,         
                                         'fp32_reduce': True                    
                                     },                                         
                                     'mixed_precision': 'static',               
                                     'grad_accumulation': {'num_batches': 4,    
                             'no_sync': False},                                 
                                     'activation_checkpointing': {'mode':       
                             'layerwise', 'every_nth_layer': 1},                
                                     'max_grad_norm': 1,                        
                                     'fp16_loss_scale': [128.0, 0.0001],        
                                     'gc_every_n_steps': None,                  
                                     'grad_check': False,                       
                                     'anomaly_detection': False                 
                                 },                                             
                                 'criterion': {                                 
                                     'name': 'dpo',                             
                                     'config': {                                
                                         'reference_model': {                   
                                             'name': 'llama3_1_8b_instruct',    
                                             'mmap': False,                     
                                             'compile': False,                  
                                             'compile_options': {               
                                                 'fullgraph': False,            
                                                 'dynamic': None,               
                                                 'mode': 'default',             
                                                 'backend': 'inductor',         
                                                 'backend_options': None        
                                             }                                  
                                         },                                     
                                         'beta': 0.1,                           
                                         'nll_scale': 0.0,                      
                                         'nll_length_normalization': True,      
                                         'length_normalization': False          
                                     }                                          
                                 },                                             
                                 'optimizer': {                                 
                                     'name': 'adamw',                           
                                     'config': {                                
                                         'lr': 7e-07,                           
                                         'betas': [0.9, 0.95],                  
                                         'eps': 1e-08,                          
                                         'weight_decay': 0.1,                   
                                         'amsgrad': False,                      
                                         'maximize': False,                     
                                         'capturable': False,                   
                                         'differentiable': False,               
                                         'impl': 'auto'                         
                                     }                                          
                                 },                                             
                                 'lr_scheduler': {                              
                                     'name': 'cosine_annealing',                
                                     'config': {                                
                                         'cycle_len': None,                     
                                         'num_warmup_steps': 30,                
                                         'cycle_mul': 1.0,                      
                                         'lr_mul': 1.0,                         
                                         'start_lr': 0.0,                       
                                         'final_lr': 1e-15,                     
                                         'final_lr_scale': None                 
                                     }                                          
                                 },                                             
                                 'regime': {                                    
                                     'num_steps': 2000,                         
                                     'num_data_epochs': 100,                    
                                     'validate_at_start': False,                
                                     'validate_after_n_steps': 0,               
                                     'validate_every_n_steps': None,            
                                     'validate_after_n_data_epochs': 0,         
                                     'validate_every_n_data_epochs': None,      
                                     'checkpoint_after_n_steps': 1000,          
                                     'checkpoint_every_n_steps': 500,           
                                     'checkpoint_after_n_data_epochs': 0,       
                                     'checkpoint_every_n_data_epochs': 100,     
                                     'save_model_only': True,                   
                                     'save_as_hugging_face': True,              
                                     'keep_last_n_checkpoints': 2,              
                                     'keep_best_n_checkpoints': None,           
                                     'keep_checkpoint_every_n_steps': None,     
                                     'publish_metrics_after_n_steps': 0,        
                                     'publish_metrics_every_n_steps': 1,        
                                     'publish_metrics_after_n_data_epochs': 0,  
                                     'publish_metrics_every_n_data_epochs': None
                                 },                                             
                                 'common': {                                    
                                     'torch': {                                 
                                         'num_threads': None,                   
                                         'allow_tf32': True,                    
                                         'fp16_reduced_precision': True,        
                                         'bf16_reduced_precision': True,        
                                         'default_sdpa': 'torch_math',          
                                         'compiled_region_activation_memory_budg
                             et': 1.0                                           
                                     },                                         
                                     'metric_recorders': {                      
                                         'log': {'enabled': True},              
                                         'jsonl': {'enabled': True},            
                                         'tensorboard': {'enabled': True},      
                                         'wandb': {                             
                                             'enabled': True,                   
                                             'entity': None,                    
                                             'project': 'rlhi_0819',            
                                             'run_id': 'auto',                  
                                             'run_name':                        
                             'rlhi_0819_preference_pairs_0819_rip_1177_LR7e-7_FL
                             R1e-15_BT0.1_WP30_EPS1e-8',                        
                                             'group': None,                     
                                             'job_type': None,                  
                                             'resume_mode': 'allow'             
                                         }                                      
                                     },                                         
                                     'profilers': {                             
                                         'torch': {                             
                                             'enabled': False,                  
                                             'skip_n_steps': 4,                 
                                             'wait_n_steps': 0,                 
                                             'num_warmup_steps': 1,             
                                             'num_active_steps': 4,             
                                             'repeat': 1                        
                                         }                                      
                                     },                                         
                                     'assets': {'extra_path': None,             
                             'checkpoint_dir': None},                           
                                     'seed': 2                                  
                                 }                                              
                             }                                                  
                    INFO     fairseq2 - Setting the number of threads used for  
                             intra-op parallelism to 10.                        
                    INFO     fairseq2 - Default SDPA variant set to             
                             'torch_math'.                                      
[08/20/25 01:39:42] INFO     fairseq2 - Setting 'cuda:0' as the default device  
                             of the process.                                    
                    INFO     fairseq2 - Host - Name: cr1-h100-p548xlarge-198 |  
                             Platform:                                          
                             Linux-6.8.0-1033-aws-x86_64-with-glibc2.35 | Linux 
                             Distribution: Ubuntu 22.04.5 LTS | Number of CPUs: 
                             10/192 (0,48,58-60,96,144,154-156) | Memory: 1.95  
                             TiB                                                
                    INFO     fairseq2 - Device - ID: cuda:0 | Name: NVIDIA H100 
                             80GB HBM3 | Memory: 79.19 GiB | Number of SMs: 132 
                             | Compute Capability: 9.0                          
                    INFO     fairseq2 - Software - Python: 3.10.14 | PyTorch:   
                             2.6.0+cu124 | CUDA: 12.4 | NCCL: 2.21.5 | fairseq2:
                             0.5.0.dev0 | fairseq2n:                            
                             0.5.0.dev202508040151+g530716a.cu124 | Python      
                             Environment: Conda                                 
                             (/home/chuanyang/miniconda3/envs/fairseq2_2025-08-0
                             9)                                                 
                    INFO     fairseq2 - Runtime Environment - Process ID: 574981
                             | PyTorch Intraop Thread Count: 10                 
                    INFO     fairseq2 - Environment Variables -                 
                             SLURM_GPUS_PER_NODE=8, SLURM_TRES_PER_TASK=cpu=10, 
                             OMPI_MCA_plm_slurm_args=--external-launcher,       
                             PRTE_MCA_plm_slurm_args=--external-launcher,       
                             HYDRA_BOOTSTRAP=slurm,                             
                             HYDRA_LAUNCHER_EXTRA_ARGS=--external-launcher,     
                             I_MPI_HYDRA_BOOTSTRAP=slurm,                       
                             I_MPI_HYDRA_BOOTSTRAP_EXEC_EXTRA_ARGS=--external-la
                             uncher, SHELL=/bin/bash, COLORTERM=truecolor,      
                             SLURM_JOB_USER=chuanyang,                          
                             SLURM_TASKS_PER_NODE=8(x2), SLURM_JOB_UID=694137,  
                             WANDB_BASE_URL=https://fairwandb.org,              
                             TERM_PROGRAM_VERSION=1.103.1,                      
                             SLURM_TASK_PID=574981,                             
                             CONDA_EXE=/home/chuanyang/miniconda3/bin/conda,    
                             SLURM_JOB_GPUS=0,1,2,3,4,5,6,7, SLURM_LOCALID=0,   
                             SLURM_SUBMIT_DIR=/opt/hpcaas/.mounts/fs-072917c00f0
                             1ae1ba/home/chuanyang/dpo,                         
                             HOSTNAME=cr1-h100-p548xlarge-198,                  
                             SLURMD_NODENAME=cr1-h100-p548xlarge-198,           
                             SLURM_JOB_START_TIME=1755653934,                   
                             SSH_AUTH_SOCK=/run/user/694137/vscode-ssh-auth-sock
                             -475609388,                                        
                             CUDA_CACHE_PATH=/opt/dlami/nvme/chuanyang/.nv/Compu
                             teCache/, HISTTIMEFORMAT=%F %T ,                   
                             SLURM_CLUSTER_NAME=fair-aws-h100-1,                
                             SLURM_JOB_END_TIME=1755689934,                     
                             FI_EFA_USE_HUGE_PAGE=0, SLURM_CPUS_ON_NODE=80,     
                             SLURM_JOB_CPUS_PER_NODE=80(x2),                    
                             SLURM_GPUS_ON_NODE=8, PWD=/home/chuanyang/dpo,     
                             SLURM_GTIDS=0,1,2,3,4,5,6,7, LOGNAME=chuanyang,    
                             XDG_SESSION_TYPE=tty,                              
                             CONDA_PREFIX=/home/chuanyang/miniconda3/envs/fairse
                             q2_2025-08-09, SLURM_JOB_PARTITION=learn,          
                             MODULESHOME=/usr/share/modules, MANPATH=:,         
                             SLURM_OOM_KILL_STEP=0, SLURM_JOB_NUM_NODES=2,      
                             SLURM_OPEN_MODE=a,                                 
                             VSCODE_GIT_ASKPASS_NODE=/opt/hpcaas/.mounts/fs-0729
                             17c00f01ae1ba/home/chuanyang/.vscode-server/cli/ser
                             vers/Stable-360a4e4fd251bfce169a4ddf857c7d25d1ad40d
                             a/server/node, SLURM_JOBID=1558319,                
                             SLURM_JOB_QOS=alignment_shared, MOTD_SHOWN=pam,    
                             HOME=/home/chuanyang, LANG=C.UTF-8, SLURM_PROCID=0,
                             CLUSTER_ID=fair-aws-h100-1,                        
                             SSL_CERT_DIR=/usr/lib/ssl/certs,                   
                             CONDA_PROMPT_MODIFIER=(fairseq2_2025-08-09) ,      
                             TMPDIR=/tmp,                                       
                             GIT_ASKPASS=/opt/hpcaas/.mounts/fs-072917c00f01ae1b
                             a/home/chuanyang/.vscode-server/cli/servers/Stable-
                             360a4e4fd251bfce169a4ddf857c7d25d1ad40da/server/ext
                             ensions/git/dist/askpass.sh,                       
                             SLURM_CPUS_PER_TASK=10, SLURM_NTASKS=16,           
                             SLURM_TOPOLOGY_ADDR=cr1-h100-p548xlarge-198,       
                             SSH_CONNECTION=163.114.130.3 33480 10.200.203.89   
                             22, VSCODE_GIT_ASKPASS_EXTRA_ARGS=,                
                             SLURM_TOPOLOGY_ADDR_PATTERN=node,                  
                             CUDA_VISIBLE_DEVICES=0, LESSCLOSE=/usr/bin/lesspipe
                             %s %s, XDG_SESSION_CLASS=user,                     
                             SLURM_SCRIPT_CONTEXT=prolog_task,                  
                             TERM=xterm-256color, LESSOPEN=| /usr/bin/lesspipe  
                             %s, USER=chuanyang,                                
                             SLURM_NODELIST=cr1-h100-p548xlarge-[198-199],      
                             WANDB_API_KEY=local-94bc1b16aff0febd7d5abee21969c9e
                             b2451a048,                                         
                             VSCODE_GIT_IPC_HANDLE=/run/user/694137/vscode-git-2
                             76331c40b.sock, ENVIRONMENT=BATCH, CONDA_SHLVL=2,  
                             LOADEDMODULES=, SLURM_JOB_ACCOUNT=ram,             
                             SLURM_PRIO_PROCESS=0, SLURM_NPROCS=16, SHLVL=3,    
                             SLURM_NNODES=2, WANDB_ENTITY=chuanyang,            
                             XDG_SESSION_ID=5399, SLURM_SUBMIT_HOST=submit-1,   
                             CONDA_PYTHON_EXE=/home/chuanyang/miniconda3/bin/pyt
                             hon,                                               
                             LD_LIBRARY_PATH=/usr/local/cuda-12.8/lib:/usr/local
                             /cuda-12.8/lib64:/usr/local/cuda-12.8:/usr/local/cu
                             da-12.8/targets/x86_64-linux/lib/:/usr/local/cuda-1
                             2.8/extras/CUPTI/lib64:/opt/amazon/efa/lib:/opt/ama
                             zon/openmpi/lib:/opt/amazon/ofi-nccl/lib/x86_64-lin
                             ux-gnu:/usr/local/lib:/usr/lib:/usr/local/cuda-12.8
                             /lib:/usr/local/cuda-12.8/lib64:/usr/local/cuda-12.
                             8:/usr/local/cuda-12.8/targets/x86_64-linux/lib/:/u
                             sr/local/cuda-12.8/extras/CUPTI/lib64:/opt/amazon/e
                             fa/lib:/opt/amazon/openmpi/lib:/opt/amazon/ofi-nccl
                             /lib/x86_64-linux-gnu:/usr/local/lib:/usr/lib:/usr/
                             local/cuda-12.8/lib:/usr/local/cuda-12.8/lib64:/usr
                             /local/cuda-12.8:/usr/local/cuda-12.8/targets/x86_6
                             4-linux/lib/:/usr/local/cuda-12.8/extras/CUPTI/lib6
                             4:/opt/amazon/efa/lib:/opt/amazon/openmpi/lib:/opt/
                             amazon/ofi-nccl/lib/x86_64-linux-gnu:/usr/local/lib
                             :/usr/lib, XDG_RUNTIME_DIR=/run/user/694137,       
                             SLURM_JOB_ID=1558319,                              
                             SSL_CERT_FILE=/usr/lib/ssl/certs/ca-certificates.cr
                             t, SLURM_NODEID=0, SSH_CLIENT=163.114.130.3 33480  
                             22, CONDA_DEFAULT_ENV=fairseq2_2025-08-09,         
                             VSCODE_GIT_ASKPASS_MAIN=/opt/hpcaas/.mounts/fs-0729
                             17c00f01ae1ba/home/chuanyang/.vscode-server/cli/ser
                             vers/Stable-360a4e4fd251bfce169a4ddf857c7d25d1ad40d
                             a/server/extensions/git/dist/askpass-main.js,      
                             XDG_DATA_DIRS=/usr/local/share:/usr/share:/var/lib/
                             snapd/desktop,                                     
                             SLURM_CONF=/opt/slurm/etc/slurm.conf,              
                             BROWSER=/opt/hpcaas/.mounts/fs-072917c00f01ae1ba/ho
                             me/chuanyang/.vscode-server/cli/servers/Stable-360a
                             4e4fd251bfce169a4ddf857c7d25d1ad40da/server/bin/hel
                             pers/browser.sh,                                   
                             PATH=/home/chuanyang/miniconda3/envs/fairseq2_2025-
                             08-09/bin:/usr/local/sbin:/usr/local/bin:/usr/sbin:
                             /usr/bin:/sbin:/bin:/snap/bin:/opt/slurm/bin:/opt/s
                             lurm/sbin, SLURM_JOB_NAME=dpo_wildchat,            
                             MODULEPATH=/opt/amazon/modules/modulefiles:/opt/ama
                             zon/modules/modulefiles:/etc/environment-modules/mo
                             dules:/usr/share/modules/versions:/usr/share/module
                             s/$MODULE_VERSION/modulefiles:/usr/share/modules/mo
                             dulefiles, SLURM_NTASKS_PER_NODE=8,                
                             DBUS_SESSION_BUS_ADDRESS=unix:path=/run/user/694137
                             /bus, CONDA_PREFIX_1=/home/chuanyang/miniconda3,   
                             SLURM_JOB_GID=694137, OLDPWD=/home/chuanyang,      
                             SLURM_JOB_NODELIST=cr1-h100-p548xlarge-[198-199],  
                             MODULES_CMD=/usr/lib/x86_64-linux-gnu/modulecmd.tcl
                             , TERM_PROGRAM=vscode,                             
                             VSCODE_IPC_HOOK_CLI=/run/user/694137/vscode-ipc-fcf
                             22791-9ddb-4bce-9949-75194b80e1f4.sock,            
                             _=/opt/slurm/bin/srun, SLURM_MPI_TYPE=pmi2,        
                             SRUN_DEBUG=3, SLURM_UMASK=0002,                    
                             SLURM_DISTRIBUTION=block, SLURMD_DEBUG=2,          
                             SLURM_STEP_ID=0, SLURM_STEPID=0,                   
                             SLURM_STEP_NODELIST=cr1-h100-p548xlarge-[198-199], 
                             SLURM_STEP_NUM_NODES=2, SLURM_STEP_NUM_TASKS=16,   
                             SLURM_STEP_TASKS_PER_NODE=8(x2),                   
                             SLURM_STEP_LAUNCHER_PORT=60551,                    
                             SLURM_SRUN_COMM_PORT=60551,                        
                             SLURM_SRUN_COMM_HOST=10.200.252.200,               
                             SLURM_STEP_GPUS=0,1,2,3,4,5,6,7,                   
                             SLURM_CPU_BIND=quiet,mask_cpu:0x000000001C010000000
                             00001000000001C01000000000001,0x00000003E0000000000
                             0000000000003E000000000000000,0x0000007C00000000000
                             000000000007C0000000000000000,0x00000F8000000000000
                             0000000000F800000000000000000,0x0001F00000000000000
                             000000001F0000000000000000000,0x003E000000000000000
                             00000003E00000000000000000000,0x07C0000000000000000
                             0000007C000000000000000000000,0xF800000000000000000
                             00000F80000000000000000000000,                     
                             SLURM_CPU_BIND_LIST=0x000000001C0100000000000100000
                             0001C01000000000001,0x00000003E00000000000000000000
                             003E000000000000000,0x0000007C000000000000000000000
                             07C0000000000000000,0x00000F80000000000000000000000
                             F800000000000000000,0x0001F00000000000000000000001F
                             0000000000000000000,0x003E00000000000000000000003E0
                             0000000000000000000,0x07C00000000000000000000007C00
                             0000000000000000000,0xF80000000000000000000000F8000
                             0000000000000000000, SLURM_CPU_BIND_TYPE=mask_cpu:,
                             SLURM_CPU_BIND_VERBOSE=quiet,                      
                             SLURM_LAUNCH_NODE_IPADDR=10.200.252.200, PMI_FD=17,
                             PMI_JOBID=1558319.0, PMI_RANK=0, PMI_SIZE=16,      
                             _RJEM_MALLOC_CONF=dirty_decay_ms:500,muzzy_decay_ms
                             :-1, RAY_CLIENT_MODE=0, NCCL_CUMEM_ENABLE=0,       
                             PYTORCH_NVML_BASED_CUDA_CHECK=1,                   
                             TORCHINDUCTOR_COMPILE_THREADS=1,                   
                             TORCHINDUCTOR_CACHE_DIR=/tmp/torchinductor_chuanyan
                             g, WORLD_SIZE=16, RANK=0, LOCAL_WORLD_SIZE=8,      
                             LOCAL_RANK=0, MASTER_ADDR=cr1-h100-p548xlarge-198, 
                             MASTER_PORT=34606, TORCH_CPP_LOG_LEVEL=INFO,       
                             NCCL_DEBUG=INFO,                                   
                             NCCL_DEBUG_FILE=/checkpoint/ram/chuanyang/dpo/rlhi_
                             0819_preference_pairs_0819_rip_1177_LR7e-7_FLR1e-15
                             _BT0.1_WP30_EPS1e-8/logs/nccl/rank_0.log,          
                             TORCH_SHOW_CPP_STACKTRACES=1,                      
                             TRITON_CACHE_DIR=/checkpoint/ram/chuanyang/dpo/rlhi
                             _0819_preference_pairs_0819_rip_1177_LR7e-7_FLR1e-1
                             5_BT0.1_WP30_EPS1e-8/cache/triton/rank_0,          
                             PYTORCH_KERNEL_CACHE_PATH=/checkpoint/ram/chuanyang
                             /dpo/rlhi_0819_preference_pairs_0819_rip_1177_LR7e-
                             7_FLR1e-15_BT0.1_WP30_EPS1e-8/cache/torch/jit,     
                             CUDA_MODULE_LOADING=LAZY                           
                    INFO     fairseq2 - Initializing the root gang.             
[08/20/25 01:39:45] INFO     fairseq2 - Root gang initialized.                  
                    INFO     fairseq2 - Initializing parallel gangs.            
                    INFO     fairseq2 - Initializing data parallel gang with 16 
                             process(es).                                       
                    INFO     fairseq2 - Data parallel gang initialized.         
                    INFO     fairseq2 - Initializing tensor parallel gang with 1
                             process(es).                                       
                    INFO     fairseq2 - Tensor parallel gang initialized.       
                    INFO     fairseq2 - Initializing pipeline parallel gang with
                             1 process(es).                                     
                    INFO     fairseq2 - Pipeline parallel gang initialized.     
                    INFO     fairseq2 - Parallel gangs initialized.             
                    INFO     fairseq2 - Performing a collective barrier call to 
                             warm up gangs. This can take up to several minutes 
                             depending on the topology.                         
[08/20/25 01:39:48] INFO     fairseq2 - Gangs warmed up.                        
                    INFO     fairseq2 - Process Ranks - Data: 0 |               
                             Data/Replicated: 0 | Data/Sharded: 0 | Tensor: 0 | 
                             Pipeline: 0                                        
                    INFO     fairseq2 - Model Config:                           
                             LLaMAConfig(                                       
                                 model_dim=4096,                                
                                 max_seq_len=131072,                            
                                 vocab_size=128256,                             
                                 pad_idx=128004,                                
                                 tied_embeddings=False,                         
                                 num_layers=32,                                 
                                 num_attn_heads=32,                             
                                 num_key_value_heads=8,                         
                                 ffn_inner_dim=16384,                           
                                 ffn_inner_dim_scale=0.6666666666666666,        
                                 ffn_inner_dim_multiplier=1.3,                  
                                 ffn_inner_dim_multiple_of=1024,                
                                 rope_theta=500000.0,                           
                                 use_scaled_rope=True,                          
                                 rope_scale=LLaMARoPEScaleConfig(               
                                     factor=8.0,                                
                                     frequency_factors=(1.0, 4.0),              
                                     original_context_length=8192               
                                 ),                                             
                                 dropout_p=0.0,                                 
                                 init_std=None,                                 
                                 init_std_scale='layer',                        
                                 shard_embed_dim=False,                         
                                 hg_config_class='LlamaConfig',                 
                                 hg_architecture='LlamaForCausalLM'             
                             )                                                  
                    INFO     fairseq2 - Loading 'llama3_1_8b_instruct' model on 
                             data parallel rank 0.                              

[08/20/25 01:40:24] INFO     fairseq2 - Model loaded on data parallel rank 0.   
                    INFO     fairseq2 - Wrapping the model with FSDP1 and       
                             broadcasting to all processes.                     
                    INFO     fairseq2 - Model wrapped with FSDP1 and            
                             broadcasted.                                       
                    INFO     fairseq2 - Model (rank 0) - Parameter Size:        
                             501,891,328 | Parameter Size (bytes): 1.87 GiB |   
                             Trainable Parameter Size: 501,891,328 | Trainable  
                             Parameter Size (bytes): 1.87 GiB | Buffer Size:    
                             16,777,344 | Buffer Size (bytes): 64.00 MiB | Total
                             Size: 518,668,672 | Total Size (bytes): 1.93 GiB   
                             FullyShardedDataParallel(                          
                               (_fsdp_wrapped_module): TransformerLM(           
                                 model_dim=4096, pad_idx=128004,                
                             max_seq_len=131072                                 
                                 (decoder_frontend):                            
                             TransformerEmbeddingFrontend(                      
                                   (embed):                                     
                             StandardEmbedding(num_embeddings=128256,           
                             embed_dim=4096, pad_idx=128004, init_fn=init_embed)
                                   (pos_encoder): None                          
                                   (dropout): None                              
                                 )                                              
                                 (decoder): StandardTransformerLMDecoder(       
                                   (layers): ModuleList(                        
                                     (0-31): 32 x FullyShardedDataParallel(     
                                       (_fsdp_wrapped_module):                  
                             CheckpointWrapper(                                 
                                         (_checkpoint_wrapped_module):          
                             StandardTransformerLMDecoderLayer(                 
                                           norm_order=PRE                       
                                           (self_attn_layer_norm):              
                             RMSNorm(normalized_shape=(4096,), eps=1E-05,       
                             elementwise_affine=True)                           
                                           (self_attn):                         
                             StandardMultiheadAttention(                        
                                             num_heads=32,                      
                             num_key_value_heads=8, num_query_groups=4          
                                             (q_proj): Linear(input_dim=4096,   
                             output_dim=4096, bias=False,                       
                             init_fn=init_projection)                           
                                             (k_proj): Linear(input_dim=4096,   
                             output_dim=1024, bias=False,                       
                             init_fn=init_projection)                           
                                             (v_proj): Linear(input_dim=4096,   
                             output_dim=1024, bias=False,                       
                             init_fn=init_projection)                           
                                             (q_norm): None                     
                                             (k_norm): None                     
                                             (pos_encoder):                     
                             RotaryEncoder(encoding_dim=128, max_seq_len=131072,
                             theta=500000.0, freqs_init_fn=init_rope_freqs)     
                                             (sdpa):                            
                             TorchSDPA(bias=CausalAttentionBias(), dropout_p=0) 
                                             (output_proj):                     
                             Linear(input_dim=4096, output_dim=4096, bias=False,
                             init_fn=init_projection)                           
                                           )                                    
                                           (self_attn_dropout): None            
                                           (self_attn_residual):                
                             AdditiveResidualConnect()                          
                                           (ffn_layer_norm):                    
                             RMSNorm(normalized_shape=(4096,), eps=1E-05,       
                             elementwise_affine=True)                           
                                           (ffn): GLUFeedForwardNetwork(        
                                             inner_dim_scale=0.666667,          
                             inner_dim_to_multiple=1024                         
                                             (gate_proj): Linear(input_dim=4096,
                             output_dim=14336, bias=False,                      
                             init_fn=init_projection)                           
                                             (gate_activation): SiLU()          
                                             (inner_proj):                      
                             Linear(input_dim=4096, output_dim=14336,           
                             bias=False, init_fn=init_projection)               
                                             (inner_dropout): None              
                                             (output_proj):                     
                             Linear(input_dim=14336, output_dim=4096,           
                             bias=False, init_fn=init_projection)               
                                           )                                    
                                           (ffn_dropout): None                  
                                           (ffn_residual):                      
                             AdditiveResidualConnect()                          
                                         )                                      
                                       )                                        
                                     )                                          
                                   )                                            
                                   (layer_norm):                                
                             RMSNorm(normalized_shape=(4096,), eps=1E-05,       
                             elementwise_affine=True)                           
                                   (dropout): None                              
                                 )                                              
                                 (final_proj): Linear(input_dim=4096,           
                             output_dim=128256, bias=False,                     
                             init_fn=init_projection)                           
                               )                                                
                             )                                                  
                    INFO     fairseq2 - Loading the dataset.                    
                    INFO     fairseq2 - Dataset loaded.                         
                    INFO     fairseq2 - Loading 'llama3_instruct' tokenizer.    
                    INFO     fairseq2 - Tokenizer loaded.                       
                    INFO     fairseq2 - Tokenizer - Size: 128,256 | UNK: None | 
                             BOS: 128000 | EOS: 128009 | PAD: 128004 | BOH:     
                             128006 | EOH: 128007                               
                    INFO     fairseq2 - Setting up DPO with reference model.    
                    INFO     fairseq2 - Loading 'llama3_1_8b_instruct' model on 
                             data parallel rank 0.                              

[08/20/25 01:40:35] INFO     fairseq2 - Model loaded on data parallel rank 0.   
                    INFO     fairseq2 - Broadcasting 'llama3_1_8b_instruct'     
                             model to all processes.                            
                    INFO     fairseq2 - Model broadcasted.                      
                    INFO     fairseq2 - Model (rank 0) - Parameter Size:        
                             8,030,261,248 | Parameter Size (bytes): 14.96 GiB |
                             Trainable Parameter Size: 8,030,261,248 | Trainable
                             Parameter Size (bytes): 14.96 GiB | Buffer Size:   
                             16,777,344 | Buffer Size (bytes): 64.00 MiB | Total
                             Size: 8,047,038,592 | Total Size (bytes): 15.02 GiB
                             TransformerLM(                                     
                               model_dim=4096, pad_idx=128004,                  
                             max_seq_len=131072                                 
                               (decoder_frontend): TransformerEmbeddingFrontend(
                                 (embed):                                       
                             StandardEmbedding(num_embeddings=128256,           
                             embed_dim=4096, pad_idx=128004, init_fn=init_embed)
                                 (pos_encoder): None                            
                                 (dropout): None                                
                               )                                                
                               (decoder): StandardTransformerLMDecoder(         
                                 (layers): ModuleList(                          
                                   (0-31): 32 x                                 
                             StandardTransformerLMDecoderLayer(                 
                                     norm_order=PRE                             
                                     (self_attn_layer_norm):                    
                             RMSNorm(normalized_shape=(4096,), eps=1E-05,       
                             elementwise_affine=True)                           
                                     (self_attn): StandardMultiheadAttention(   
                                       num_heads=32, num_key_value_heads=8,     
                             num_query_groups=4                                 
                                       (q_proj): Linear(input_dim=4096,         
                             output_dim=4096, bias=False,                       
                             init_fn=init_projection)                           
                                       (k_proj): Linear(input_dim=4096,         
                             output_dim=1024, bias=False,                       
                             init_fn=init_projection)                           
                                       (v_proj): Linear(input_dim=4096,         
                             output_dim=1024, bias=False,                       
                             init_fn=init_projection)                           
                                       (q_norm): None                           
                                       (k_norm): None                           
                                       (pos_encoder):                           
                             RotaryEncoder(encoding_dim=128, max_seq_len=131072,
                             theta=500000.0, freqs_init_fn=init_rope_freqs)     
                                       (sdpa):                                  
                             TorchSDPA(bias=CausalAttentionBias(), dropout_p=0) 
                                       (output_proj): Linear(input_dim=4096,    
                             output_dim=4096, bias=False,                       
                             init_fn=init_projection)                           
                                     )                                          
                                     (self_attn_dropout): None                  
                                     (self_attn_residual):                      
                             AdditiveResidualConnect()                          
                                     (ffn_layer_norm):                          
                             RMSNorm(normalized_shape=(4096,), eps=1E-05,       
                             elementwise_affine=True)                           
                                     (ffn): GLUFeedForwardNetwork(              
                                       inner_dim_scale=0.666667,                
                             inner_dim_to_multiple=1024                         
                                       (gate_proj): Linear(input_dim=4096,      
                             output_dim=14336, bias=False,                      
                             init_fn=init_projection)                           
                                       (gate_activation): SiLU()                
                                       (inner_proj): Linear(input_dim=4096,     
                             output_dim=14336, bias=False,                      
                             init_fn=init_projection)                           
                                       (inner_dropout): None                    
                                       (output_proj): Linear(input_dim=14336,   
                             output_dim=4096, bias=False,                       
                             init_fn=init_projection)                           
                                     )                                          
                                     (ffn_dropout): None                        
                                     (ffn_residual): AdditiveResidualConnect()  
                                   )                                            
                                 )                                              
                                 (layer_norm): RMSNorm(normalized_shape=(4096,),
                             eps=1E-05, elementwise_affine=True)                
                                 (dropout): None                                
                               )                                                
                               (final_proj): Linear(input_dim=4096,             
                             output_dim=128256, bias=False,                     
                             init_fn=init_projection)                           
                             )                                                  
                    INFO     fairseq2 - DPO setup complete.                     
wandb: Currently logged in as: chuanyang to https://fairwandb.org. Use `wandb login --relogin` to force relogin
wandb: Using wandb-core as the SDK backend.  Please refer to https://wandb.me/wandb-core for more information.
wandb: Tracking run with wandb version 0.19.6
wandb: Run data is saved locally in /checkpoint/ram/chuanyang/dpo/rlhi_0819_preference_pairs_0819_rip_1177_LR7e-7_FLR1e-15_BT0.1_WP30_EPS1e-8/wandb/run-20250820_014036-72hvvbzd
wandb: Run `wandb offline` to turn off syncing.
wandb: Resuming run rlhi_0819_preference_pairs_0819_rip_1177_LR7e-7_FLR1e-15_BT0.1_WP30_EPS1e-8
wandb: ⭐️ View project at https://fairwandb.org/chuanyang/rlhi_0819
wandb: 🚀 View run at https://fairwandb.org/chuanyang/rlhi_0819/runs/72hvvbzd
[08/20/25 01:40:37] INFO     fairseq2 - Running on 16 process(es).              
[08/20/25 01:40:56] INFO     fairseq2 - Train Metrics (step 1) - DPO Loss:      
                             0.677704 | Chosen Sequence Log Probabilities:      
                             -606.381 | Rejected Sequence Log Probabilities:    
                             -635.781 | Chosen Sequence Length: 776.609 |       
                             Rejected Sequence Length: 661.672 | NLL Loss:      
                             0.780854 | Gradient Norm: 98.0127 | Data Epoch: 1 |
                             Data Time: <1s | Compute Time: 18s | Lapse Time:   
                             19s | Total Time: 78s | Wall Time: 78s | Learning  
                             Rate: 0 | Batch Size: 64 | Elements per Batch:     
                             123,275 | Elements per Second: 6,628 | Number of   
                             Examples: 64 | Number of Elements: 123,275 | Number
                             of Target Elements: 49,703 | Padding: 0 | Padding  
                             Ratio (%): 0% | Total Number of Examples: 64 |     
                             Total Number of Elements: 123,275 | Total Number of
                             Target Elements: 49,703 | Peak Active Device       
                             Memory: 60.54 GiB | Peak Active Device Memory (%): 
                             77% | Peak Reserved Device Memory: 74.75 GiB | Peak
                             Reserved Device Memory (%): 95%                    
wandb: WARNING Tried to log to step 1 that is less than the current step 87. Steps must be monotonically increasing, so this data will be ignored. See https://wandb.me/define-metric to log data out of order.
wandb: WARNING Tried to log to step 1 that is less than the current step 87. Steps must be monotonically increasing, so this data will be ignored. See https://wandb.me/define-metric to log data out of order.
wandb: WARNING Tried to log to step 1 that is less than the current step 87. Steps must be monotonically increasing, so this data will be ignored. See https://wandb.me/define-metric to log data out of order.
wandb: WARNING Tried to log to step 1 that is less than the current step 87. Steps must be monotonically increasing, so this data will be ignored. See https://wandb.me/define-metric to log data out of order.
wandb: WARNING Tried to log to step 1 that is less than the current step 87. Steps must be monotonically increasing, so this data will be ignored. See https://wandb.me/define-metric to log data out of order.
wandb: WARNING Tried to log to step 1 that is less than the current step 87. Steps must be monotonically increasing, so this data will be ignored. See https://wandb.me/define-metric to log data out of order.
wandb: WARNING Tried to log to step 1 that is less than the current step 87. Steps must be monotonically increasing, so this data will be ignored. See https://wandb.me/define-metric to log data out of order.
wandb: WARNING Tried to log to step 1 that is less than the current step 87. Steps must be monotonically increasing, so this data will be ignored. See https://wandb.me/define-metric to log data out of order.
wandb: WARNING Tried to log to step 1 that is less than the current step 87. Steps must be monotonically increasing, so this data will be ignored. See https://wandb.me/define-metric to log data out of order.
wandb: WARNING Tried to log to step 1 that is less than the current step 87. Steps must be monotonically increasing, so this data will be ignored. See https://wandb.me/define-metric to log data out of order.
wandb: WARNING Tried to log to step 1 that is less than the current step 87. Steps must be monotonically increasing, so this data will be ignored. See https://wandb.me/define-metric to log data out of order.
wandb: WARNING Tried to log to step 1 that is less than the current step 87. Steps must be monotonically increasing, so this data will be ignored. See https://wandb.me/define-metric to log data out of order.
wandb: WARNING Tried to log to step 1 that is less than the current step 87. Steps must be monotonically increasing, so this data will be ignored. See https://wandb.me/define-metric to log data out of order.
wandb: WARNING Tried to log to step 1 that is less than the current step 87. Steps must be monotonically increasing, so this data will be ignored. See https://wandb.me/define-metric to log data out of order.
wandb: WARNING Tried to log to step 1 that is less than the current step 87. Steps must be monotonically increasing, so this data will be ignored. See https://wandb.me/define-metric to log data out of order.
wandb: WARNING Tried to log to step 1 that is less than the current step 87. Steps must be monotonically increasing, so this data will be ignored. See https://wandb.me/define-metric to log data out of order.
wandb: WARNING Tried to log to step 1 that is less than the current step 87. Steps must be monotonically increasing, so this data will be ignored. See https://wandb.me/define-metric to log data out of order.
wandb: WARNING Tried to log to step 1 that is less than the current step 87. Steps must be monotonically increasing, so this data will be ignored. See https://wandb.me/define-metric to log data out of order.
wandb: WARNING Tried to log to step 1 that is less than the current step 87. Steps must be monotonically increasing, so this data will be ignored. See https://wandb.me/define-metric to log data out of order.
wandb: WARNING Tried to log to step 1 that is less than the current step 87. Steps must be monotonically increasing, so this data will be ignored. See https://wandb.me/define-metric to log data out of order.
wandb: WARNING Tried to log to step 1 that is less than the current step 87. Steps must be monotonically increasing, so this data will be ignored. See https://wandb.me/define-metric to log data out of order.
wandb: WARNING Tried to log to step 1 that is less than the current step 87. Steps must be monotonically increasing, so this data will be ignored. See https://wandb.me/define-metric to log data out of order.
wandb: WARNING Tried to log to step 1 that is less than the current step 87. Steps must be monotonically increasing, so this data will be ignored. See https://wandb.me/define-metric to log data out of order.
wandb: WARNING Tried to log to step 1 that is less than the current step 87. Steps must be monotonically increasing, so this data will be ignored. See https://wandb.me/define-metric to log data out of order.
wandb: WARNING Tried to log to step 1 that is less than the current step 87. Steps must be monotonically increasing, so this data will be ignored. See https://wandb.me/define-metric to log data out of order.
wandb: WARNING Tried to log to step 1 that is less than the current step 87. Steps must be monotonically increasing, so this data will be ignored. See https://wandb.me/define-metric to log data out of order.
wandb: WARNING Tried to log to step 1 that is less than the current step 87. Steps must be monotonically increasing, so this data will be ignored. See https://wandb.me/define-metric to log data out of order.
wandb: WARNING Tried to log to step 1 that is less than the current step 87. Steps must be monotonically increasing, so this data will be ignored. See https://wandb.me/define-metric to log data out of order.
wandb: WARNING Tried to log to step 1 that is less than the current step 87. Steps must be monotonically increasing, so this data will be ignored. See https://wandb.me/define-metric to log data out of order.
[08/20/25 01:41:15] INFO     fairseq2 - Train Metrics (step 2) - DPO Loss:      
                             0.720398 | Chosen Sequence Log Probabilities:      
                             -525.059 | Rejected Sequence Log Probabilities:    
                             -542.828 | Chosen Sequence Length: 776.047 |       
                             Rejected Sequence Length: 637.078 | NLL Loss:      
                             0.6765 | Gradient Norm: 104.022 | Data Epoch: 1 |  
                             Data Time: <1s | Compute Time: 19s | Lapse Time:   
                             19s | Total Time: 97s | Wall Time: 97s | Learning  
                             Rate: 2.33333e-08 | Batch Size: 64 | Elements per  
                             Batch: 133,058 | Elements per Second: 6,817 |      
                             Number of Examples: 64 | Number of Elements:       
                             133,058 | Number of Target Elements: 49,667 |      
                             Padding: 0 | Padding Ratio (%): 0% | Total Number  
                             of Examples: 128 | Total Number of Elements:       
                             256,333 | Total Number of Target Elements: 99,370 |
                             Peak Active Device Memory: 66.16 GiB | Peak Active 
                             Device Memory (%): 84% | Peak Reserved Device      
                             Memory: 74.37 GiB | Peak Reserved Device Memory    
                             (%): 94%                                           
wandb: WARNING Tried to log to step 2 that is less than the current step 87. Steps must be monotonically increasing, so this data will be ignored. See https://wandb.me/define-metric to log data out of order.
wandb: WARNING Tried to log to step 2 that is less than the current step 87. Steps must be monotonically increasing, so this data will be ignored. See https://wandb.me/define-metric to log data out of order.
wandb: WARNING Tried to log to step 2 that is less than the current step 87. Steps must be monotonically increasing, so this data will be ignored. See https://wandb.me/define-metric to log data out of order.
wandb: WARNING Tried to log to step 2 that is less than the current step 87. Steps must be monotonically increasing, so this data will be ignored. See https://wandb.me/define-metric to log data out of order.
wandb: WARNING Tried to log to step 2 that is less than the current step 87. Steps must be monotonically increasing, so this data will be ignored. See https://wandb.me/define-metric to log data out of order.
wandb: WARNING Tried to log to step 2 that is less than the current step 87. Steps must be monotonically increasing, so this data will be ignored. See https://wandb.me/define-metric to log data out of order.
wandb: WARNING Tried to log to step 2 that is less than the current step 87. Steps must be monotonically increasing, so this data will be ignored. See https://wandb.me/define-metric to log data out of order.
wandb: WARNING Tried to log to step 2 that is less than the current step 87. Steps must be monotonically increasing, so this data will be ignored. See https://wandb.me/define-metric to log data out of order.
wandb: WARNING Tried to log to step 2 that is less than the current step 87. Steps must be monotonically increasing, so this data will be ignored. See https://wandb.me/define-metric to log data out of order.
wandb: WARNING Tried to log to step 2 that is less than the current step 87. Steps must be monotonically increasing, so this data will be ignored. See https://wandb.me/define-metric to log data out of order.
wandb: WARNING Tried to log to step 2 that is less than the current step 87. Steps must be monotonically increasing, so this data will be ignored. See https://wandb.me/define-metric to log data out of order.
wandb: WARNING Tried to log to step 2 that is less than the current step 87. Steps must be monotonically increasing, so this data will be ignored. See https://wandb.me/define-metric to log data out of order.
wandb: WARNING Tried to log to step 2 that is less than the current step 87. Steps must be monotonically increasing, so this data will be ignored. See https://wandb.me/define-metric to log data out of order.
wandb: WARNING Tried to log to step 2 that is less than the current step 87. Steps must be monotonically increasing, so this data will be ignored. See https://wandb.me/define-metric to log data out of order.
wandb: WARNING Tried to log to step 2 that is less than the current step 87. Steps must be monotonically increasing, so this data will be ignored. See https://wandb.me/define-metric to log data out of order.
wandb: WARNING Tried to log to step 2 that is less than the current step 87. Steps must be monotonically increasing, so this data will be ignored. See https://wandb.me/define-metric to log data out of order.
wandb: WARNING Tried to log to step 2 that is less than the current step 87. Steps must be monotonically increasing, so this data will be ignored. See https://wandb.me/define-metric to log data out of order.
wandb: WARNING Tried to log to step 2 that is less than the current step 87. Steps must be monotonically increasing, so this data will be ignored. See https://wandb.me/define-metric to log data out of order.
wandb: WARNING Tried to log to step 2 that is less than the current step 87. Steps must be monotonically increasing, so this data will be ignored. See https://wandb.me/define-metric to log data out of order.
wandb: WARNING Tried to log to step 2 that is less than the current step 87. Steps must be monotonically increasing, so this data will be ignored. See https://wandb.me/define-metric to log data out of order.
wandb: WARNING Tried to log to step 2 that is less than the current step 87. Steps must be monotonically increasing, so this data will be ignored. See https://wandb.me/define-metric to log data out of order.
wandb: WARNING Tried to log to step 2 that is less than the current step 87. Steps must be monotonically increasing, so this data will be ignored. See https://wandb.me/define-metric to log data out of order.
wandb: WARNING Tried to log to step 2 that is less than the current step 87. Steps must be monotonically increasing, so this data will be ignored. See https://wandb.me/define-metric to log data out of order.
wandb: WARNING Tried to log to step 2 that is less than the current step 87. Steps must be monotonically increasing, so this data will be ignored. See https://wandb.me/define-metric to log data out of order.
wandb: WARNING Tried to log to step 2 that is less than the current step 87. Steps must be monotonically increasing, so this data will be ignored. See https://wandb.me/define-metric to log data out of order.
wandb: WARNING Tried to log to step 2 that is less than the current step 87. Steps must be monotonically increasing, so this data will be ignored. See https://wandb.me/define-metric to log data out of order.
wandb: WARNING Tried to log to step 2 that is less than the current step 87. Steps must be monotonically increasing, so this data will be ignored. See https://wandb.me/define-metric to log data out of order.
wandb: WARNING Tried to log to step 2 that is less than the current step 87. Steps must be monotonically increasing, so this data will be ignored. See https://wandb.me/define-metric to log data out of order.
wandb: WARNING Tried to log to step 2 that is less than the current step 87. Steps must be monotonically increasing, so this data will be ignored. See https://wandb.me/define-metric to log data out of order.
[08/20/25 01:41:32] INFO     fairseq2 - Train Metrics (step 3) - DPO Loss:      
                             0.705017 | Chosen Sequence Log Probabilities:      
                             -702.527 | Rejected Sequence Log Probabilities:    
                             -713.164 | Chosen Sequence Length: 759.938 |       
                             Rejected Sequence Length: 641.609 | NLL Loss:      
                             0.92448 | Gradient Norm: 125.645 | Data Epoch: 1 | 
                             Data Time: <1s | Compute Time: 16s | Lapse Time:   
                             16s | Total Time: 114s | Wall Time: 114s | Learning
                             Rate: 4.66667e-08 | Batch Size: 64 | Elements per  
                             Batch: 111,829 | Elements per Second: 6,699 |      
                             Number of Examples: 64 | Number of Elements:       
                             111,829 | Number of Target Elements: 48,636 |      
                             Padding: 0 | Padding Ratio (%): 0% | Total Number  
                             of Examples: 192 | Total Number of Elements:       
                             368,162 | Total Number of Target Elements: 148,006 
                             | Peak Active Device Memory: 62.11 GiB | Peak      
                             Active Device Memory (%): 79% | Peak Reserved      
                             Device Memory: 73.91 GiB | Peak Reserved Device    
                             Memory (%): 94%                                    
wandb: WARNING Tried to log to step 3 that is less than the current step 87. Steps must be monotonically increasing, so this data will be ignored. See https://wandb.me/define-metric to log data out of order.
wandb: WARNING Tried to log to step 3 that is less than the current step 87. Steps must be monotonically increasing, so this data will be ignored. See https://wandb.me/define-metric to log data out of order.
wandb: WARNING Tried to log to step 3 that is less than the current step 87. Steps must be monotonically increasing, so this data will be ignored. See https://wandb.me/define-metric to log data out of order.
wandb: WARNING Tried to log to step 3 that is less than the current step 87. Steps must be monotonically increasing, so this data will be ignored. See https://wandb.me/define-metric to log data out of order.
wandb: WARNING Tried to log to step 3 that is less than the current step 87. Steps must be monotonically increasing, so this data will be ignored. See https://wandb.me/define-metric to log data out of order.
wandb: WARNING Tried to log to step 3 that is less than the current step 87. Steps must be monotonically increasing, so this data will be ignored. See https://wandb.me/define-metric to log data out of order.
wandb: WARNING Tried to log to step 3 that is less than the current step 87. Steps must be monotonically increasing, so this data will be ignored. See https://wandb.me/define-metric to log data out of order.
wandb: WARNING Tried to log to step 3 that is less than the current step 87. Steps must be monotonically increasing, so this data will be ignored. See https://wandb.me/define-metric to log data out of order.
wandb: WARNING Tried to log to step 3 that is less than the current step 87. Steps must be monotonically increasing, so this data will be ignored. See https://wandb.me/define-metric to log data out of order.
wandb: WARNING Tried to log to step 3 that is less than the current step 87. Steps must be monotonically increasing, so this data will be ignored. See https://wandb.me/define-metric to log data out of order.
wandb: WARNING Tried to log to step 3 that is less than the current step 87. Steps must be monotonically increasing, so this data will be ignored. See https://wandb.me/define-metric to log data out of order.
wandb: WARNING Tried to log to step 3 that is less than the current step 87. Steps must be monotonically increasing, so this data will be ignored. See https://wandb.me/define-metric to log data out of order.
wandb: WARNING Tried to log to step 3 that is less than the current step 87. Steps must be monotonically increasing, so this data will be ignored. See https://wandb.me/define-metric to log data out of order.
wandb: WARNING Tried to log to step 3 that is less than the current step 87. Steps must be monotonically increasing, so this data will be ignored. See https://wandb.me/define-metric to log data out of order.
wandb: WARNING Tried to log to step 3 that is less than the current step 87. Steps must be monotonically increasing, so this data will be ignored. See https://wandb.me/define-metric to log data out of order.
wandb: WARNING Tried to log to step 3 that is less than the current step 87. Steps must be monotonically increasing, so this data will be ignored. See https://wandb.me/define-metric to log data out of order.
wandb: WARNING Tried to log to step 3 that is less than the current step 87. Steps must be monotonically increasing, so this data will be ignored. See https://wandb.me/define-metric to log data out of order.
wandb: WARNING Tried to log to step 3 that is less than the current step 87. Steps must be monotonically increasing, so this data will be ignored. See https://wandb.me/define-metric to log data out of order.
wandb: WARNING Tried to log to step 3 that is less than the current step 87. Steps must be monotonically increasing, so this data will be ignored. See https://wandb.me/define-metric to log data out of order.
wandb: WARNING Tried to log to step 3 that is less than the current step 87. Steps must be monotonically increasing, so this data will be ignored. See https://wandb.me/define-metric to log data out of order.
wandb: WARNING Tried to log to step 3 that is less than the current step 87. Steps must be monotonically increasing, so this data will be ignored. See https://wandb.me/define-metric to log data out of order.
wandb: WARNING Tried to log to step 3 that is less than the current step 87. Steps must be monotonically increasing, so this data will be ignored. See https://wandb.me/define-metric to log data out of order.
wandb: WARNING Tried to log to step 3 that is less than the current step 87. Steps must be monotonically increasing, so this data will be ignored. See https://wandb.me/define-metric to log data out of order.
wandb: WARNING Tried to log to step 3 that is less than the current step 87. Steps must be monotonically increasing, so this data will be ignored. See https://wandb.me/define-metric to log data out of order.
wandb: WARNING Tried to log to step 3 that is less than the current step 87. Steps must be monotonically increasing, so this data will be ignored. See https://wandb.me/define-metric to log data out of order.
wandb: WARNING Tried to log to step 3 that is less than the current step 87. Steps must be monotonically increasing, so this data will be ignored. See https://wandb.me/define-metric to log data out of order.
wandb: WARNING Tried to log to step 3 that is less than the current step 87. Steps must be monotonically increasing, so this data will be ignored. See https://wandb.me/define-metric to log data out of order.
wandb: WARNING Tried to log to step 3 that is less than the current step 87. Steps must be monotonically increasing, so this data will be ignored. See https://wandb.me/define-metric to log data out of order.
wandb: WARNING Tried to log to step 3 that is less than the current step 87. Steps must be monotonically increasing, so this data will be ignored. See https://wandb.me/define-metric to log data out of order.
[08/20/25 01:41:51] INFO     fairseq2 - Train Metrics (step 4) - DPO Loss:      
                             0.706726 | Chosen Sequence Log Probabilities:      
                             -640.207 | Rejected Sequence Log Probabilities:    
                             -725.711 | Chosen Sequence Length: 834.281 |       
                             Rejected Sequence Length: 716.812 | NLL Loss:      
                             0.766741 | Gradient Norm: 105.891 | Data Epoch: 1 |
                             Data Time: <1s | Compute Time: 18s | Lapse Time:   
                             18s | Total Time: 133s | Wall Time: 133s | Learning
                             Rate: 7e-08 | Batch Size: 64 | Elements per Batch: 
                             122,992 | Elements per Second: 6,642 | Number of   
                             Examples: 64 | Number of Elements: 122,992 | Number
                             of Target Elements: 53,394 | Padding: 0 | Padding  
                             Ratio (%): 0% | Total Number of Examples: 256 |    
                             Total Number of Elements: 491,154 | Total Number of
                             Target Elements: 201,400 | Peak Active Device      
                             Memory: 66.72 GiB | Peak Active Device Memory (%): 
                             85% | Peak Reserved Device Memory: 74.22 GiB | Peak
                             Reserved Device Memory (%): 94%                    
wandb: WARNING Tried to log to step 4 that is less than the current step 87. Steps must be monotonically increasing, so this data will be ignored. See https://wandb.me/define-metric to log data out of order.
wandb: WARNING Tried to log to step 4 that is less than the current step 87. Steps must be monotonically increasing, so this data will be ignored. See https://wandb.me/define-metric to log data out of order.
wandb: WARNING Tried to log to step 4 that is less than the current step 87. Steps must be monotonically increasing, so this data will be ignored. See https://wandb.me/define-metric to log data out of order.
wandb: WARNING Tried to log to step 4 that is less than the current step 87. Steps must be monotonically increasing, so this data will be ignored. See https://wandb.me/define-metric to log data out of order.
wandb: WARNING Tried to log to step 4 that is less than the current step 87. Steps must be monotonically increasing, so this data will be ignored. See https://wandb.me/define-metric to log data out of order.
wandb: WARNING Tried to log to step 4 that is less than the current step 87. Steps must be monotonically increasing, so this data will be ignored. See https://wandb.me/define-metric to log data out of order.
wandb: WARNING Tried to log to step 4 that is less than the current step 87. Steps must be monotonically increasing, so this data will be ignored. See https://wandb.me/define-metric to log data out of order.
wandb: WARNING Tried to log to step 4 that is less than the current step 87. Steps must be monotonically increasing, so this data will be ignored. See https://wandb.me/define-metric to log data out of order.
wandb: WARNING Tried to log to step 4 that is less than the current step 87. Steps must be monotonically increasing, so this data will be ignored. See https://wandb.me/define-metric to log data out of order.
wandb: WARNING Tried to log to step 4 that is less than the current step 87. Steps must be monotonically increasing, so this data will be ignored. See https://wandb.me/define-metric to log data out of order.
wandb: WARNING Tried to log to step 4 that is less than the current step 87. Steps must be monotonically increasing, so this data will be ignored. See https://wandb.me/define-metric to log data out of order.
wandb: WARNING Tried to log to step 4 that is less than the current step 87. Steps must be monotonically increasing, so this data will be ignored. See https://wandb.me/define-metric to log data out of order.
wandb: WARNING Tried to log to step 4 that is less than the current step 87. Steps must be monotonically increasing, so this data will be ignored. See https://wandb.me/define-metric to log data out of order.
wandb: WARNING Tried to log to step 4 that is less than the current step 87. Steps must be monotonically increasing, so this data will be ignored. See https://wandb.me/define-metric to log data out of order.
wandb: WARNING Tried to log to step 4 that is less than the current step 87. Steps must be monotonically increasing, so this data will be ignored. See https://wandb.me/define-metric to log data out of order.
wandb: WARNING Tried to log to step 4 that is less than the current step 87. Steps must be monotonically increasing, so this data will be ignored. See https://wandb.me/define-metric to log data out of order.
wandb: WARNING Tried to log to step 4 that is less than the current step 87. Steps must be monotonically increasing, so this data will be ignored. See https://wandb.me/define-metric to log data out of order.
wandb: WARNING Tried to log to step 4 that is less than the current step 87. Steps must be monotonically increasing, so this data will be ignored. See https://wandb.me/define-metric to log data out of order.
wandb: WARNING Tried to log to step 4 that is less than the current step 87. Steps must be monotonically increasing, so this data will be ignored. See https://wandb.me/define-metric to log data out of order.
wandb: WARNING Tried to log to step 4 that is less than the current step 87. Steps must be monotonically increasing, so this data will be ignored. See https://wandb.me/define-metric to log data out of order.
wandb: WARNING Tried to log to step 4 that is less than the current step 87. Steps must be monotonically increasing, so this data will be ignored. See https://wandb.me/define-metric to log data out of order.
wandb: WARNING Tried to log to step 4 that is less than the current step 87. Steps must be monotonically increasing, so this data will be ignored. See https://wandb.me/define-metric to log data out of order.
wandb: WARNING Tried to log to step 4 that is less than the current step 87. Steps must be monotonically increasing, so this data will be ignored. See https://wandb.me/define-metric to log data out of order.
wandb: WARNING Tried to log to step 4 that is less than the current step 87. Steps must be monotonically increasing, so this data will be ignored. See https://wandb.me/define-metric to log data out of order.
wandb: WARNING Tried to log to step 4 that is less than the current step 87. Steps must be monotonically increasing, so this data will be ignored. See https://wandb.me/define-metric to log data out of order.
wandb: WARNING Tried to log to step 4 that is less than the current step 87. Steps must be monotonically increasing, so this data will be ignored. See https://wandb.me/define-metric to log data out of order.
wandb: WARNING Tried to log to step 4 that is less than the current step 87. Steps must be monotonically increasing, so this data will be ignored. See https://wandb.me/define-metric to log data out of order.
wandb: WARNING Tried to log to step 4 that is less than the current step 87. Steps must be monotonically increasing, so this data will be ignored. See https://wandb.me/define-metric to log data out of order.
wandb: WARNING Tried to log to step 4 that is less than the current step 87. Steps must be monotonically increasing, so this data will be ignored. See https://wandb.me/define-metric to log data out of order.
[08/20/25 01:42:07] INFO     fairseq2 - Train Metrics (step 5) - DPO Loss:      
                             0.684753 | Chosen Sequence Log Probabilities:      
                             -658.195 | Rejected Sequence Log Probabilities:    
                             -706.344 | Chosen Sequence Length: 823.375 |       
                             Rejected Sequence Length: 661.234 | NLL Loss:      
                             0.799741 | Gradient Norm: 118.703 | Data Epoch: 1 |
                             Data Time: <1s | Compute Time: 16s | Lapse Time:   
                             16s | Total Time: 149s | Wall Time: 149s | Learning
                             Rate: 9.33333e-08 | Batch Size: 64 | Elements per  
                             Batch: 125,966 | Elements per Second: 7,852 |      
                             Number of Examples: 64 | Number of Elements:       
                             125,966 | Number of Target Elements: 52,696 |      
                             Padding: 0 | Padding Ratio (%): 0% | Total Number  
                             of Examples: 320 | Total Number of Elements:       
                             617,120 | Total Number of Target Elements: 254,096 
                             | Peak Active Device Memory: 65.67 GiB | Peak      
                             Active Device Memory (%): 83% | Peak Reserved      
                             Device Memory: 74.21 GiB | Peak Reserved Device    
                             Memory (%): 94%                                    
wandb: WARNING Tried to log to step 5 that is less than the current step 87. Steps must be monotonically increasing, so this data will be ignored. See https://wandb.me/define-metric to log data out of order.
wandb: WARNING Tried to log to step 5 that is less than the current step 87. Steps must be monotonically increasing, so this data will be ignored. See https://wandb.me/define-metric to log data out of order.
wandb: WARNING Tried to log to step 5 that is less than the current step 87. Steps must be monotonically increasing, so this data will be ignored. See https://wandb.me/define-metric to log data out of order.
wandb: WARNING Tried to log to step 5 that is less than the current step 87. Steps must be monotonically increasing, so this data will be ignored. See https://wandb.me/define-metric to log data out of order.
wandb: WARNING Tried to log to step 5 that is less than the current step 87. Steps must be monotonically increasing, so this data will be ignored. See https://wandb.me/define-metric to log data out of order.
wandb: WARNING Tried to log to step 5 that is less than the current step 87. Steps must be monotonically increasing, so this data will be ignored. See https://wandb.me/define-metric to log data out of order.
wandb: WARNING Tried to log to step 5 that is less than the current step 87. Steps must be monotonically increasing, so this data will be ignored. See https://wandb.me/define-metric to log data out of order.
wandb: WARNING Tried to log to step 5 that is less than the current step 87. Steps must be monotonically increasing, so this data will be ignored. See https://wandb.me/define-metric to log data out of order.
wandb: WARNING Tried to log to step 5 that is less than the current step 87. Steps must be monotonically increasing, so this data will be ignored. See https://wandb.me/define-metric to log data out of order.
wandb: WARNING Tried to log to step 5 that is less than the current step 87. Steps must be monotonically increasing, so this data will be ignored. See https://wandb.me/define-metric to log data out of order.
wandb: WARNING Tried to log to step 5 that is less than the current step 87. Steps must be monotonically increasing, so this data will be ignored. See https://wandb.me/define-metric to log data out of order.
wandb: WARNING Tried to log to step 5 that is less than the current step 87. Steps must be monotonically increasing, so this data will be ignored. See https://wandb.me/define-metric to log data out of order.
wandb: WARNING Tried to log to step 5 that is less than the current step 87. Steps must be monotonically increasing, so this data will be ignored. See https://wandb.me/define-metric to log data out of order.
wandb: WARNING Tried to log to step 5 that is less than the current step 87. Steps must be monotonically increasing, so this data will be ignored. See https://wandb.me/define-metric to log data out of order.
wandb: WARNING Tried to log to step 5 that is less than the current step 87. Steps must be monotonically increasing, so this data will be ignored. See https://wandb.me/define-metric to log data out of order.
wandb: WARNING Tried to log to step 5 that is less than the current step 87. Steps must be monotonically increasing, so this data will be ignored. See https://wandb.me/define-metric to log data out of order.
wandb: WARNING Tried to log to step 5 that is less than the current step 87. Steps must be monotonically increasing, so this data will be ignored. See https://wandb.me/define-metric to log data out of order.
wandb: WARNING Tried to log to step 5 that is less than the current step 87. Steps must be monotonically increasing, so this data will be ignored. See https://wandb.me/define-metric to log data out of order.
wandb: WARNING Tried to log to step 5 that is less than the current step 87. Steps must be monotonically increasing, so this data will be ignored. See https://wandb.me/define-metric to log data out of order.
wandb: WARNING Tried to log to step 5 that is less than the current step 87. Steps must be monotonically increasing, so this data will be ignored. See https://wandb.me/define-metric to log data out of order.
wandb: WARNING Tried to log to step 5 that is less than the current step 87. Steps must be monotonically increasing, so this data will be ignored. See https://wandb.me/define-metric to log data out of order.
wandb: WARNING Tried to log to step 5 that is less than the current step 87. Steps must be monotonically increasing, so this data will be ignored. See https://wandb.me/define-metric to log data out of order.
wandb: WARNING Tried to log to step 5 that is less than the current step 87. Steps must be monotonically increasing, so this data will be ignored. See https://wandb.me/define-metric to log data out of order.
wandb: WARNING Tried to log to step 5 that is less than the current step 87. Steps must be monotonically increasing, so this data will be ignored. See https://wandb.me/define-metric to log data out of order.
wandb: WARNING Tried to log to step 5 that is less than the current step 87. Steps must be monotonically increasing, so this data will be ignored. See https://wandb.me/define-metric to log data out of order.
wandb: WARNING Tried to log to step 5 that is less than the current step 87. Steps must be monotonically increasing, so this data will be ignored. See https://wandb.me/define-metric to log data out of order.
wandb: WARNING Tried to log to step 5 that is less than the current step 87. Steps must be monotonically increasing, so this data will be ignored. See https://wandb.me/define-metric to log data out of order.
wandb: WARNING Tried to log to step 5 that is less than the current step 87. Steps must be monotonically increasing, so this data will be ignored. See https://wandb.me/define-metric to log data out of order.
wandb: WARNING Tried to log to step 5 that is less than the current step 87. Steps must be monotonically increasing, so this data will be ignored. See https://wandb.me/define-metric to log data out of order.
[08/20/25 01:42:25] INFO     fairseq2 - Train Metrics (step 6) - DPO Loss:      
                             0.717468 | Chosen Sequence Log Probabilities:      
                             -556.594 | Rejected Sequence Log Probabilities:    
                             -613.633 | Chosen Sequence Length: 747.266 |       
                             Rejected Sequence Length: 624.531 | NLL Loss:      
                             0.744569 | Gradient Norm: 116.063 | Data Epoch: 1 |
                             Data Time: <1s | Compute Time: 17s | Lapse Time:   
                             17s | Total Time: 167s | Wall Time: 167s | Learning
                             Rate: 1.16667e-07 | Batch Size: 64 | Elements per  
                             Batch: 104,647 | Elements per Second: 5,856 |      
                             Number of Examples: 64 | Number of Elements:       
                             104,647 | Number of Target Elements: 47,825 |      
                             Padding: 0 | Padding Ratio (%): 0% | Total Number  
                             of Examples: 384 | Total Number of Elements:       
                             721,767 | Total Number of Target Elements: 301,921 
                             | Peak Active Device Memory: 60.36 GiB | Peak      
                             Active Device Memory (%): 77% | Peak Reserved      
                             Device Memory: 70.48 GiB | Peak Reserved Device    
                             Memory (%): 90%                                    
wandb: WARNING Tried to log to step 6 that is less than the current step 87. Steps must be monotonically increasing, so this data will be ignored. See https://wandb.me/define-metric to log data out of order.
wandb: WARNING Tried to log to step 6 that is less than the current step 87. Steps must be monotonically increasing, so this data will be ignored. See https://wandb.me/define-metric to log data out of order.
wandb: WARNING Tried to log to step 6 that is less than the current step 87. Steps must be monotonically increasing, so this data will be ignored. See https://wandb.me/define-metric to log data out of order.
wandb: WARNING Tried to log to step 6 that is less than the current step 87. Steps must be monotonically increasing, so this data will be ignored. See https://wandb.me/define-metric to log data out of order.
wandb: WARNING Tried to log to step 6 that is less than the current step 87. Steps must be monotonically increasing, so this data will be ignored. See https://wandb.me/define-metric to log data out of order.
wandb: WARNING Tried to log to step 6 that is less than the current step 87. Steps must be monotonically increasing, so this data will be ignored. See https://wandb.me/define-metric to log data out of order.
wandb: WARNING Tried to log to step 6 that is less than the current step 87. Steps must be monotonically increasing, so this data will be ignored. See https://wandb.me/define-metric to log data out of order.
wandb: WARNING Tried to log to step 6 that is less than the current step 87. Steps must be monotonically increasing, so this data will be ignored. See https://wandb.me/define-metric to log data out of order.
wandb: WARNING Tried to log to step 6 that is less than the current step 87. Steps must be monotonically increasing, so this data will be ignored. See https://wandb.me/define-metric to log data out of order.
wandb: WARNING Tried to log to step 6 that is less than the current step 87. Steps must be monotonically increasing, so this data will be ignored. See https://wandb.me/define-metric to log data out of order.
wandb: WARNING Tried to log to step 6 that is less than the current step 87. Steps must be monotonically increasing, so this data will be ignored. See https://wandb.me/define-metric to log data out of order.
wandb: WARNING Tried to log to step 6 that is less than the current step 87. Steps must be monotonically increasing, so this data will be ignored. See https://wandb.me/define-metric to log data out of order.
wandb: WARNING Tried to log to step 6 that is less than the current step 87. Steps must be monotonically increasing, so this data will be ignored. See https://wandb.me/define-metric to log data out of order.
wandb: WARNING Tried to log to step 6 that is less than the current step 87. Steps must be monotonically increasing, so this data will be ignored. See https://wandb.me/define-metric to log data out of order.
wandb: WARNING Tried to log to step 6 that is less than the current step 87. Steps must be monotonically increasing, so this data will be ignored. See https://wandb.me/define-metric to log data out of order.
wandb: WARNING Tried to log to step 6 that is less than the current step 87. Steps must be monotonically increasing, so this data will be ignored. See https://wandb.me/define-metric to log data out of order.
wandb: WARNING Tried to log to step 6 that is less than the current step 87. Steps must be monotonically increasing, so this data will be ignored. See https://wandb.me/define-metric to log data out of order.
wandb: WARNING Tried to log to step 6 that is less than the current step 87. Steps must be monotonically increasing, so this data will be ignored. See https://wandb.me/define-metric to log data out of order.
wandb: WARNING Tried to log to step 6 that is less than the current step 87. Steps must be monotonically increasing, so this data will be ignored. See https://wandb.me/define-metric to log data out of order.
wandb: WARNING Tried to log to step 6 that is less than the current step 87. Steps must be monotonically increasing, so this data will be ignored. See https://wandb.me/define-metric to log data out of order.
wandb: WARNING Tried to log to step 6 that is less than the current step 87. Steps must be monotonically increasing, so this data will be ignored. See https://wandb.me/define-metric to log data out of order.
wandb: WARNING Tried to log to step 6 that is less than the current step 87. Steps must be monotonically increasing, so this data will be ignored. See https://wandb.me/define-metric to log data out of order.
wandb: WARNING Tried to log to step 6 that is less than the current step 87. Steps must be monotonically increasing, so this data will be ignored. See https://wandb.me/define-metric to log data out of order.
wandb: WARNING Tried to log to step 6 that is less than the current step 87. Steps must be monotonically increasing, so this data will be ignored. See https://wandb.me/define-metric to log data out of order.
wandb: WARNING Tried to log to step 6 that is less than the current step 87. Steps must be monotonically increasing, so this data will be ignored. See https://wandb.me/define-metric to log data out of order.
wandb: WARNING Tried to log to step 6 that is less than the current step 87. Steps must be monotonically increasing, so this data will be ignored. See https://wandb.me/define-metric to log data out of order.
wandb: WARNING Tried to log to step 6 that is less than the current step 87. Steps must be monotonically increasing, so this data will be ignored. See https://wandb.me/define-metric to log data out of order.
wandb: WARNING Tried to log to step 6 that is less than the current step 87. Steps must be monotonically increasing, so this data will be ignored. See https://wandb.me/define-metric to log data out of order.
wandb: WARNING Tried to log to step 6 that is less than the current step 87. Steps must be monotonically increasing, so this data will be ignored. See https://wandb.me/define-metric to log data out of order.
[08/20/25 01:42:41] INFO     fairseq2 - Train Metrics (step 7) - DPO Loss:      
                             0.687622 | Chosen Sequence Log Probabilities:      
                             -530.781 | Rejected Sequence Log Probabilities:    
                             -568.359 | Chosen Sequence Length: 779.141 |       
                             Rejected Sequence Length: 633.406 | NLL Loss:      
                             0.681329 | Gradient Norm: 105.379 | Data Epoch: 1 |
                             Data Time: <1s | Compute Time: 16s | Lapse Time:   
                             16s | Total Time: 183s | Wall Time: 183s | Learning
                             Rate: 1.4e-07 | Batch Size: 64 | Elements per      
                             Batch: 115,237 | Elements per Second: 7,046 |      
                             Number of Examples: 64 | Number of Elements:       
                             115,237 | Number of Target Elements: 49,865 |      
                             Padding: 0 | Padding Ratio (%): 0% | Total Number  
                             of Examples: 448 | Total Number of Elements:       
                             837,004 | Total Number of Target Elements: 351,786 
                             | Peak Active Device Memory: 63.29 GiB | Peak      
                             Active Device Memory (%): 80% | Peak Reserved      
                             Device Memory: 74.46 GiB | Peak Reserved Device    
                             Memory (%): 95%                                    
wandb: WARNING Tried to log to step 7 that is less than the current step 87. Steps must be monotonically increasing, so this data will be ignored. See https://wandb.me/define-metric to log data out of order.
wandb: WARNING Tried to log to step 7 that is less than the current step 87. Steps must be monotonically increasing, so this data will be ignored. See https://wandb.me/define-metric to log data out of order.
wandb: WARNING Tried to log to step 7 that is less than the current step 87. Steps must be monotonically increasing, so this data will be ignored. See https://wandb.me/define-metric to log data out of order.
wandb: WARNING Tried to log to step 7 that is less than the current step 87. Steps must be monotonically increasing, so this data will be ignored. See https://wandb.me/define-metric to log data out of order.
wandb: WARNING Tried to log to step 7 that is less than the current step 87. Steps must be monotonically increasing, so this data will be ignored. See https://wandb.me/define-metric to log data out of order.
wandb: WARNING Tried to log to step 7 that is less than the current step 87. Steps must be monotonically increasing, so this data will be ignored. See https://wandb.me/define-metric to log data out of order.
wandb: WARNING Tried to log to step 7 that is less than the current step 87. Steps must be monotonically increasing, so this data will be ignored. See https://wandb.me/define-metric to log data out of order.
wandb: WARNING Tried to log to step 7 that is less than the current step 87. Steps must be monotonically increasing, so this data will be ignored. See https://wandb.me/define-metric to log data out of order.
wandb: WARNING Tried to log to step 7 that is less than the current step 87. Steps must be monotonically increasing, so this data will be ignored. See https://wandb.me/define-metric to log data out of order.
wandb: WARNING Tried to log to step 7 that is less than the current step 87. Steps must be monotonically increasing, so this data will be ignored. See https://wandb.me/define-metric to log data out of order.
wandb: WARNING Tried to log to step 7 that is less than the current step 87. Steps must be monotonically increasing, so this data will be ignored. See https://wandb.me/define-metric to log data out of order.
wandb: WARNING Tried to log to step 7 that is less than the current step 87. Steps must be monotonically increasing, so this data will be ignored. See https://wandb.me/define-metric to log data out of order.
wandb: WARNING Tried to log to step 7 that is less than the current step 87. Steps must be monotonically increasing, so this data will be ignored. See https://wandb.me/define-metric to log data out of order.
wandb: WARNING Tried to log to step 7 that is less than the current step 87. Steps must be monotonically increasing, so this data will be ignored. See https://wandb.me/define-metric to log data out of order.
wandb: WARNING Tried to log to step 7 that is less than the current step 87. Steps must be monotonically increasing, so this data will be ignored. See https://wandb.me/define-metric to log data out of order.
wandb: WARNING Tried to log to step 7 that is less than the current step 87. Steps must be monotonically increasing, so this data will be ignored. See https://wandb.me/define-metric to log data out of order.
wandb: WARNING Tried to log to step 7 that is less than the current step 87. Steps must be monotonically increasing, so this data will be ignored. See https://wandb.me/define-metric to log data out of order.
wandb: WARNING Tried to log to step 7 that is less than the current step 87. Steps must be monotonically increasing, so this data will be ignored. See https://wandb.me/define-metric to log data out of order.
wandb: WARNING Tried to log to step 7 that is less than the current step 87. Steps must be monotonically increasing, so this data will be ignored. See https://wandb.me/define-metric to log data out of order.
wandb: WARNING Tried to log to step 7 that is less than the current step 87. Steps must be monotonically increasing, so this data will be ignored. See https://wandb.me/define-metric to log data out of order.
wandb: WARNING Tried to log to step 7 that is less than the current step 87. Steps must be monotonically increasing, so this data will be ignored. See https://wandb.me/define-metric to log data out of order.
wandb: WARNING Tried to log to step 7 that is less than the current step 87. Steps must be monotonically increasing, so this data will be ignored. See https://wandb.me/define-metric to log data out of order.
wandb: WARNING Tried to log to step 7 that is less than the current step 87. Steps must be monotonically increasing, so this data will be ignored. See https://wandb.me/define-metric to log data out of order.
wandb: WARNING Tried to log to step 7 that is less than the current step 87. Steps must be monotonically increasing, so this data will be ignored. See https://wandb.me/define-metric to log data out of order.
wandb: WARNING Tried to log to step 7 that is less than the current step 87. Steps must be monotonically increasing, so this data will be ignored. See https://wandb.me/define-metric to log data out of order.
wandb: WARNING Tried to log to step 7 that is less than the current step 87. Steps must be monotonically increasing, so this data will be ignored. See https://wandb.me/define-metric to log data out of order.
wandb: WARNING Tried to log to step 7 that is less than the current step 87. Steps must be monotonically increasing, so this data will be ignored. See https://wandb.me/define-metric to log data out of order.
wandb: WARNING Tried to log to step 7 that is less than the current step 87. Steps must be monotonically increasing, so this data will be ignored. See https://wandb.me/define-metric to log data out of order.
wandb: WARNING Tried to log to step 7 that is less than the current step 87. Steps must be monotonically increasing, so this data will be ignored. See https://wandb.me/define-metric to log data out of order.
[08/20/25 01:42:59] INFO     fairseq2 - Train Metrics (step 8) - DPO Loss:      
                             0.683716 | Chosen Sequence Log Probabilities:      
                             -653.094 | Rejected Sequence Log Probabilities:    
                             -629.539 | Chosen Sequence Length: 797.281 |       
                             Rejected Sequence Length: 667.125 | NLL Loss:      
                             0.819241 | Gradient Norm: 118.957 | Data Epoch: 1 |
                             Data Time: <1s | Compute Time: 17s | Lapse Time:   
                             17s | Total Time: 201s | Wall Time: 201s | Learning
                             Rate: 1.63333e-07 | Batch Size: 64 | Elements per  
                             Batch: 118,545 | Elements per Second: 6,815 |      
                             Number of Examples: 64 | Number of Elements:       
                             118,545 | Number of Target Elements: 51,026 |      
                             Padding: 0 | Padding Ratio (%): 0% | Total Number  
                             of Examples: 512 | Total Number of Elements:       
                             955,549 | Total Number of Target Elements: 402,812 
                             | Peak Active Device Memory: 65.37 GiB | Peak      
                             Active Device Memory (%): 83% | Peak Reserved      
                             Device Memory: 74.69 GiB | Peak Reserved Device    
                             Memory (%): 95%                                    
wandb: WARNING Tried to log to step 8 that is less than the current step 87. Steps must be monotonically increasing, so this data will be ignored. See https://wandb.me/define-metric to log data out of order.
wandb: WARNING Tried to log to step 8 that is less than the current step 87. Steps must be monotonically increasing, so this data will be ignored. See https://wandb.me/define-metric to log data out of order.
wandb: WARNING Tried to log to step 8 that is less than the current step 87. Steps must be monotonically increasing, so this data will be ignored. See https://wandb.me/define-metric to log data out of order.
wandb: WARNING Tried to log to step 8 that is less than the current step 87. Steps must be monotonically increasing, so this data will be ignored. See https://wandb.me/define-metric to log data out of order.
wandb: WARNING Tried to log to step 8 that is less than the current step 87. Steps must be monotonically increasing, so this data will be ignored. See https://wandb.me/define-metric to log data out of order.
wandb: WARNING Tried to log to step 8 that is less than the current step 87. Steps must be monotonically increasing, so this data will be ignored. See https://wandb.me/define-metric to log data out of order.
wandb: WARNING Tried to log to step 8 that is less than the current step 87. Steps must be monotonically increasing, so this data will be ignored. See https://wandb.me/define-metric to log data out of order.
wandb: WARNING Tried to log to step 8 that is less than the current step 87. Steps must be monotonically increasing, so this data will be ignored. See https://wandb.me/define-metric to log data out of order.
wandb: WARNING Tried to log to step 8 that is less than the current step 87. Steps must be monotonically increasing, so this data will be ignored. See https://wandb.me/define-metric to log data out of order.
wandb: WARNING Tried to log to step 8 that is less than the current step 87. Steps must be monotonically increasing, so this data will be ignored. See https://wandb.me/define-metric to log data out of order.
wandb: WARNING Tried to log to step 8 that is less than the current step 87. Steps must be monotonically increasing, so this data will be ignored. See https://wandb.me/define-metric to log data out of order.
wandb: WARNING Tried to log to step 8 that is less than the current step 87. Steps must be monotonically increasing, so this data will be ignored. See https://wandb.me/define-metric to log data out of order.
wandb: WARNING Tried to log to step 8 that is less than the current step 87. Steps must be monotonically increasing, so this data will be ignored. See https://wandb.me/define-metric to log data out of order.
wandb: WARNING Tried to log to step 8 that is less than the current step 87. Steps must be monotonically increasing, so this data will be ignored. See https://wandb.me/define-metric to log data out of order.
wandb: WARNING Tried to log to step 8 that is less than the current step 87. Steps must be monotonically increasing, so this data will be ignored. See https://wandb.me/define-metric to log data out of order.
wandb: WARNING Tried to log to step 8 that is less than the current step 87. Steps must be monotonically increasing, so this data will be ignored. See https://wandb.me/define-metric to log data out of order.
wandb: WARNING Tried to log to step 8 that is less than the current step 87. Steps must be monotonically increasing, so this data will be ignored. See https://wandb.me/define-metric to log data out of order.
wandb: WARNING Tried to log to step 8 that is less than the current step 87. Steps must be monotonically increasing, so this data will be ignored. See https://wandb.me/define-metric to log data out of order.
wandb: WARNING Tried to log to step 8 that is less than the current step 87. Steps must be monotonically increasing, so this data will be ignored. See https://wandb.me/define-metric to log data out of order.
wandb: WARNING Tried to log to step 8 that is less than the current step 87. Steps must be monotonically increasing, so this data will be ignored. See https://wandb.me/define-metric to log data out of order.
wandb: WARNING Tried to log to step 8 that is less than the current step 87. Steps must be monotonically increasing, so this data will be ignored. See https://wandb.me/define-metric to log data out of order.
wandb: WARNING Tried to log to step 8 that is less than the current step 87. Steps must be monotonically increasing, so this data will be ignored. See https://wandb.me/define-metric to log data out of order.
wandb: WARNING Tried to log to step 8 that is less than the current step 87. Steps must be monotonically increasing, so this data will be ignored. See https://wandb.me/define-metric to log data out of order.
wandb: WARNING Tried to log to step 8 that is less than the current step 87. Steps must be monotonically increasing, so this data will be ignored. See https://wandb.me/define-metric to log data out of order.
wandb: WARNING Tried to log to step 8 that is less than the current step 87. Steps must be monotonically increasing, so this data will be ignored. See https://wandb.me/define-metric to log data out of order.
wandb: WARNING Tried to log to step 8 that is less than the current step 87. Steps must be monotonically increasing, so this data will be ignored. See https://wandb.me/define-metric to log data out of order.
wandb: WARNING Tried to log to step 8 that is less than the current step 87. Steps must be monotonically increasing, so this data will be ignored. See https://wandb.me/define-metric to log data out of order.
wandb: WARNING Tried to log to step 8 that is less than the current step 87. Steps must be monotonically increasing, so this data will be ignored. See https://wandb.me/define-metric to log data out of order.
wandb: WARNING Tried to log to step 8 that is less than the current step 87. Steps must be monotonically increasing, so this data will be ignored. See https://wandb.me/define-metric to log data out of order.
[08/20/25 01:43:13] INFO     fairseq2 - Train Metrics (step 9) - DPO Loss:      
                             0.678589 | Chosen Sequence Log Probabilities:      
                             -592.348 | Rejected Sequence Log Probabilities:    
                             -646.891 | Chosen Sequence Length: 820.5 | Rejected
                             Sequence Length: 674.312 | NLL Loss: 0.722114 |    
                             Gradient Norm: 108.263 | Data Epoch: 1 | Data Time:
                             <1s | Compute Time: 14s | Lapse Time: 14s | Total  
                             Time: 215s | Wall Time: 215s | Learning Rate:      
                             1.86667e-07 | Batch Size: 64 | Elements per Batch: 
                             116,997 | Elements per Second: 8,044 | Number of   
                             Examples: 64 | Number of Elements: 116,997 | Number
                             of Target Elements: 52,512 | Padding: 0 | Padding  
                             Ratio (%): 0% | Total Number of Examples: 576 |    
                             Total Number of Elements: 1,072,546 | Total Number 
                             of Target Elements: 455,324 | Peak Active Device   
                             Memory: 61.27 GiB | Peak Active Device Memory (%): 
                             78% | Peak Reserved Device Memory: 74.40 GiB | Peak
                             Reserved Device Memory (%): 94%                    
wandb: WARNING Tried to log to step 9 that is less than the current step 87. Steps must be monotonically increasing, so this data will be ignored. See https://wandb.me/define-metric to log data out of order.
wandb: WARNING Tried to log to step 9 that is less than the current step 87. Steps must be monotonically increasing, so this data will be ignored. See https://wandb.me/define-metric to log data out of order.
wandb: WARNING Tried to log to step 9 that is less than the current step 87. Steps must be monotonically increasing, so this data will be ignored. See https://wandb.me/define-metric to log data out of order.
wandb: WARNING Tried to log to step 9 that is less than the current step 87. Steps must be monotonically increasing, so this data will be ignored. See https://wandb.me/define-metric to log data out of order.
wandb: WARNING Tried to log to step 9 that is less than the current step 87. Steps must be monotonically increasing, so this data will be ignored. See https://wandb.me/define-metric to log data out of order.
wandb: WARNING Tried to log to step 9 that is less than the current step 87. Steps must be monotonically increasing, so this data will be ignored. See https://wandb.me/define-metric to log data out of order.
wandb: WARNING Tried to log to step 9 that is less than the current step 87. Steps must be monotonically increasing, so this data will be ignored. See https://wandb.me/define-metric to log data out of order.
wandb: WARNING Tried to log to step 9 that is less than the current step 87. Steps must be monotonically increasing, so this data will be ignored. See https://wandb.me/define-metric to log data out of order.
wandb: WARNING Tried to log to step 9 that is less than the current step 87. Steps must be monotonically increasing, so this data will be ignored. See https://wandb.me/define-metric to log data out of order.
wandb: WARNING Tried to log to step 9 that is less than the current step 87. Steps must be monotonically increasing, so this data will be ignored. See https://wandb.me/define-metric to log data out of order.
wandb: WARNING Tried to log to step 9 that is less than the current step 87. Steps must be monotonically increasing, so this data will be ignored. See https://wandb.me/define-metric to log data out of order.
wandb: WARNING Tried to log to step 9 that is less than the current step 87. Steps must be monotonically increasing, so this data will be ignored. See https://wandb.me/define-metric to log data out of order.
wandb: WARNING Tried to log to step 9 that is less than the current step 87. Steps must be monotonically increasing, so this data will be ignored. See https://wandb.me/define-metric to log data out of order.
wandb: WARNING Tried to log to step 9 that is less than the current step 87. Steps must be monotonically increasing, so this data will be ignored. See https://wandb.me/define-metric to log data out of order.
wandb: WARNING Tried to log to step 9 that is less than the current step 87. Steps must be monotonically increasing, so this data will be ignored. See https://wandb.me/define-metric to log data out of order.
wandb: WARNING Tried to log to step 9 that is less than the current step 87. Steps must be monotonically increasing, so this data will be ignored. See https://wandb.me/define-metric to log data out of order.
wandb: WARNING Tried to log to step 9 that is less than the current step 87. Steps must be monotonically increasing, so this data will be ignored. See https://wandb.me/define-metric to log data out of order.
wandb: WARNING Tried to log to step 9 that is less than the current step 87. Steps must be monotonically increasing, so this data will be ignored. See https://wandb.me/define-metric to log data out of order.
wandb: WARNING Tried to log to step 9 that is less than the current step 87. Steps must be monotonically increasing, so this data will be ignored. See https://wandb.me/define-metric to log data out of order.
wandb: WARNING Tried to log to step 9 that is less than the current step 87. Steps must be monotonically increasing, so this data will be ignored. See https://wandb.me/define-metric to log data out of order.
wandb: WARNING Tried to log to step 9 that is less than the current step 87. Steps must be monotonically increasing, so this data will be ignored. See https://wandb.me/define-metric to log data out of order.
wandb: WARNING Tried to log to step 9 that is less than the current step 87. Steps must be monotonically increasing, so this data will be ignored. See https://wandb.me/define-metric to log data out of order.
wandb: WARNING Tried to log to step 9 that is less than the current step 87. Steps must be monotonically increasing, so this data will be ignored. See https://wandb.me/define-metric to log data out of order.
wandb: WARNING Tried to log to step 9 that is less than the current step 87. Steps must be monotonically increasing, so this data will be ignored. See https://wandb.me/define-metric to log data out of order.
wandb: WARNING Tried to log to step 9 that is less than the current step 87. Steps must be monotonically increasing, so this data will be ignored. See https://wandb.me/define-metric to log data out of order.
wandb: WARNING Tried to log to step 9 that is less than the current step 87. Steps must be monotonically increasing, so this data will be ignored. See https://wandb.me/define-metric to log data out of order.
wandb: WARNING Tried to log to step 9 that is less than the current step 87. Steps must be monotonically increasing, so this data will be ignored. See https://wandb.me/define-metric to log data out of order.
wandb: WARNING Tried to log to step 9 that is less than the current step 87. Steps must be monotonically increasing, so this data will be ignored. See https://wandb.me/define-metric to log data out of order.
wandb: WARNING Tried to log to step 9 that is less than the current step 87. Steps must be monotonically increasing, so this data will be ignored. See https://wandb.me/define-metric to log data out of order.

srun: error: cr1-h100-p548xlarge-198: task 7: Exited with exit code 1
srun: Terminating StepId=1558319.0
slurmstepd: error: *** STEP 1558319.0 ON cr1-h100-p548xlarge-198 CANCELLED AT 2025-08-20T01:43:27 ***
srun: error: cr1-h100-p548xlarge-198: task 2: Terminated
srun: error: cr1-h100-p548xlarge-199: task 8: Terminated
srun: error: cr1-h100-p548xlarge-199: task 11: Terminated
srun: error: cr1-h100-p548xlarge-198: task 4: Terminated
srun: error: cr1-h100-p548xlarge-199: task 14: Terminated
srun: error: cr1-h100-p548xlarge-198: task 3: Terminated
srun: error: cr1-h100-p548xlarge-199: task 9: Terminated
srun: error: cr1-h100-p548xlarge-198: task 1: Terminated
srun: error: cr1-h100-p548xlarge-199: task 15: Terminated
srun: error: cr1-h100-p548xlarge-198: task 6: Terminated
srun: error: cr1-h100-p548xlarge-199: task 10: Terminated
srun: error: cr1-h100-p548xlarge-198: task 5: Terminated
srun: error: cr1-h100-p548xlarge-199: task 12: Terminated
srun: error: cr1-h100-p548xlarge-199: task 13: Terminated
srun: error: cr1-h100-p548xlarge-198: task 0: Terminated
srun: Force Terminated StepId=1558319.0
