/var/spool/slurmd/job1549856/slurm_script: line 24: /fsx-ram/chuanyang/miniconda3/bin/activate: No such file or directory
[08/18/25 02:54:32] INFO     fairseq2 - Log files are stored under              
                             /checkpoint/ram/chuanyang/math/math_0817_processben
                             ch_synthetic_data_merged_v2_filtered_LR7e-7_FLR1e-1
                             5_BT0.1_WP30_EPS1e-8.                              
                    INFO     fairseq2 - Config:                                 
                             {                                                  
                                 'model': {                                     
                                     'name': 'llama3_1_8b_instruct',            
                                     'family': None,                            
                                     'arch': None,                              
                                     'config_overrides': None,                  
                                     'path': None,                              
                                     'mmap': False,                             
                                     'compile': False,                          
                                     'compile_options': {                       
                                         'fullgraph': False,                    
                                         'dynamic': None,                       
                                         'mode': 'default',                     
                                         'backend': 'inductor',                 
                                         'backend_options': None                
                                     }                                          
                                 },                                             
                                 'dataset': {                                   
                                     'name': 'dpo_rip',                         
                                     'path':                                    
                             '/home/chuanyang/math/processbench_synthetic_data_m
                             erged_v2_filtered.jsonl',                          
                                     'family': 'generic_preference',            
                                     'source_encode_mode': 'prompt',            
                                     'target_encode_mode': 'prompt_response',   
                                     'mask_source_tokens': True,                
                                     'min_seq_len': 1,                          
                                     'max_seq_len': 8192,                       
                                     'max_num_tokens': 16384,                   
                                     'batch_size': 1,                           
                                     'example_shuffle_window': 10000,           
                                     'batch_shuffle_window': 1000,              
                                     'num_prefetch': 4,                         
                                     'extras': {},                              
                                     'chat_mode': False                         
                                 },                                             
                                 'tokenizer': {'name': 'llama3_instruct'},      
                                 'gang': {'tensor_parallel_size': 1, 'timeout': 
                             15, 'high_priority': True},                        
                                 'trainer': {                                   
                                     'dtype': 'bfloat16',                       
                                     'data_parallelism': 'fsdp',                
                                     'fsdp': {                                  
                                         'version': 'v1',                       
                                         'granularity': 'layer',                
                                         'hybrid': False,                       
                                         'reshard_after_forward': True,         
                                         'fp32_reduce': True                    
                                     },                                         
                                     'mixed_precision': 'static',               
                                     'grad_accumulation': {'num_batches': 4,    
                             'no_sync': False},                                 
                                     'activation_checkpointing': {'mode':       
                             'layerwise', 'every_nth_layer': 1},                
                                     'max_grad_norm': 1,                        
                                     'fp16_loss_scale': [128.0, 0.0001],        
                                     'gc_every_n_steps': None,                  
                                     'grad_check': False,                       
                                     'anomaly_detection': False                 
                                 },                                             
                                 'criterion': {                                 
                                     'name': 'dpo',                             
                                     'config': {                                
                                         'reference_model': {                   
                                             'name': 'llama3_1_8b_instruct',    
                                             'mmap': False,                     
                                             'compile': False,                  
                                             'compile_options': {               
                                                 'fullgraph': False,            
                                                 'dynamic': None,               
                                                 'mode': 'default',             
                                                 'backend': 'inductor',         
                                                 'backend_options': None        
                                             }                                  
                                         },                                     
                                         'beta': 0.1,                           
                                         'nll_scale': 0.0,                      
                                         'nll_length_normalization': True,      
                                         'length_normalization': False          
                                     }                                          
                                 },                                             
                                 'optimizer': {                                 
                                     'name': 'adamw',                           
                                     'config': {                                
                                         'lr': 7e-07,                           
                                         'betas': [0.9, 0.95],                  
                                         'eps': 1e-08,                          
                                         'weight_decay': 0.1,                   
                                         'amsgrad': False,                      
                                         'maximize': False,                     
                                         'capturable': False,                   
                                         'differentiable': False,               
                                         'impl': 'auto'                         
                                     }                                          
                                 },                                             
                                 'lr_scheduler': {                              
                                     'name': 'cosine_annealing',                
                                     'config': {                                
                                         'cycle_len': None,                     
                                         'num_warmup_steps': 30,                
                                         'cycle_mul': 1.0,                      
                                         'lr_mul': 1.0,                         
                                         'start_lr': 0.0,                       
                                         'final_lr': 1e-15,                     
                                         'final_lr_scale': None                 
                                     }                                          
                                 },                                             
                                 'regime': {                                    
                                     'num_steps': 2000,                         
                                     'num_data_epochs': 100,                    
                                     'validate_at_start': False,                
                                     'validate_after_n_steps': 0,               
                                     'validate_every_n_steps': None,            
                                     'validate_after_n_data_epochs': 0,         
                                     'validate_every_n_data_epochs': None,      
                                     'checkpoint_after_n_steps': 1000,          
                                     'checkpoint_every_n_steps': 500,           
                                     'checkpoint_after_n_data_epochs': 0,       
                                     'checkpoint_every_n_data_epochs': 100,     
                                     'save_model_only': True,                   
                                     'save_as_hugging_face': True,              
                                     'keep_last_n_checkpoints': 2,              
                                     'keep_best_n_checkpoints': None,           
                                     'keep_checkpoint_every_n_steps': None,     
                                     'publish_metrics_after_n_steps': 0,        
                                     'publish_metrics_every_n_steps': 1,        
                                     'publish_metrics_after_n_data_epochs': 0,  
                                     'publish_metrics_every_n_data_epochs': None
                                 },                                             
                                 'common': {                                    
                                     'torch': {                                 
                                         'num_threads': None,                   
                                         'allow_tf32': True,                    
                                         'fp16_reduced_precision': True,        
                                         'bf16_reduced_precision': True,        
                                         'default_sdpa': 'torch_math',          
                                         'compiled_region_activation_memory_budg
                             et': 1.0                                           
                                     },                                         
                                     'metric_recorders': {                      
                                         'log': {'enabled': True},              
                                         'jsonl': {'enabled': True},            
                                         'tensorboard': {'enabled': True},      
                                         'wandb': {                             
                                             'enabled': True,                   
                                             'entity': None,                    
                                             'project': 'math_0817',            
                                             'run_id': 'auto',                  
                                             'run_name':                        
                             'math_0817_processbench_synthetic_data_merged_v2_fi
                             ltered_LR7e-7_FLR1e-15_BT0.1_WP30_EPS1e-8',        
                                             'group': None,                     
                                             'job_type': None,                  
                                             'resume_mode': 'allow'             
                                         }                                      
                                     },                                         
                                     'profilers': {                             
                                         'torch': {                             
                                             'enabled': False,                  
                                             'skip_n_steps': 4,                 
                                             'wait_n_steps': 0,                 
                                             'num_warmup_steps': 1,             
                                             'num_active_steps': 4,             
                                             'repeat': 1                        
                                         }                                      
                                     },                                         
                                     'assets': {'extra_path': None,             
                             'checkpoint_dir': None},                           
                                     'seed': 2                                  
                                 }                                              
                             }                                                  
                    INFO     fairseq2 - Setting the number of threads used for  
                             intra-op parallelism to 10.                        
                    INFO     fairseq2 - Default SDPA variant set to             
                             'torch_math'.                                      
[08/18/25 02:54:36] INFO     fairseq2 - Setting 'cuda:0' as the default device  
                             of the process.                                    
                    INFO     fairseq2 - Host - Name: cr1-h100-p548xlarge-147 |  
                             Platform:                                          
                             Linux-6.8.0-1033-aws-x86_64-with-glibc2.35 | Linux 
                             Distribution: Ubuntu 22.04.5 LTS | Number of CPUs: 
                             10/192 (0,48,58-60,96,144,154-156) | Memory: 1.95  
                             TiB                                                
                    INFO     fairseq2 - Device - ID: cuda:0 | Name: NVIDIA H100 
                             80GB HBM3 | Memory: 79.19 GiB | Number of SMs: 132 
                             | Compute Capability: 9.0                          
                    INFO     fairseq2 - Software - Python: 3.10.14 | PyTorch:   
                             2.6.0+cu124 | CUDA: 12.4 | NCCL: 2.21.5 | fairseq2:
                             0.5.0.dev0 | fairseq2n:                            
                             0.5.0.dev202508040151+g530716a.cu124 | Python      
                             Environment: Conda                                 
                             (/home/chuanyang/miniconda3/envs/fairseq2)         
                    INFO     fairseq2 - Runtime Environment - Process ID: 370481
                             | PyTorch Intraop Thread Count: 10                 
                    INFO     fairseq2 - Environment Variables -                 
                             SLURM_GPUS_PER_NODE=8, SLURM_TRES_PER_TASK=cpu=10, 
                             OMPI_MCA_plm_slurm_args=--external-launcher,       
                             PRTE_MCA_plm_slurm_args=--external-launcher,       
                             HYDRA_BOOTSTRAP=slurm,                             
                             HYDRA_LAUNCHER_EXTRA_ARGS=--external-launcher,     
                             I_MPI_HYDRA_BOOTSTRAP=slurm,                       
                             I_MPI_HYDRA_BOOTSTRAP_EXEC_EXTRA_ARGS=--external-la
                             uncher, SHELL=/bin/bash, COLORTERM=truecolor,      
                             SLURM_JOB_USER=chuanyang,                          
                             SLURM_TASKS_PER_NODE=8(x2), SLURM_JOB_UID=694137,  
                             WANDB_BASE_URL=https://fairwandb.org,              
                             TERM_PROGRAM_VERSION=1.103.1,                      
                             SLURM_TASK_PID=370481,                             
                             CONDA_EXE=/home/chuanyang/miniconda3/bin/conda,    
                             SLURM_JOB_GPUS=0,1,2,3,4,5,6,7, SLURM_LOCALID=0,   
                             SLURM_SUBMIT_DIR=/opt/hpcaas/.mounts/fs-072917c00f0
                             1ae1ba/home/chuanyang/dpo,                         
                             HOSTNAME=cr1-h100-p548xlarge-147,                  
                             SLURMD_NODENAME=cr1-h100-p548xlarge-147,           
                             SLURM_JOB_START_TIME=1755485628,                   
                             SSH_AUTH_SOCK=/run/user/694137/vscode-ssh-auth-sock
                             -180289355,                                        
                             CUDA_CACHE_PATH=/opt/dlami/nvme/chuanyang/.nv/Compu
                             teCache/, HISTTIMEFORMAT=%F %T ,                   
                             SLURM_CLUSTER_NAME=fair-aws-h100-1,                
                             SLURM_JOB_END_TIME=1755521628,                     
                             FI_EFA_USE_HUGE_PAGE=0, SLURM_CPUS_ON_NODE=80,     
                             SLURM_JOB_CPUS_PER_NODE=80(x2),                    
                             SLURM_GPUS_ON_NODE=8, PWD=/home/chuanyang/dpo,     
                             SLURM_GTIDS=0,1,2,3,4,5,6,7, LOGNAME=chuanyang,    
                             XDG_SESSION_TYPE=tty,                              
                             CONDA_PREFIX=/home/chuanyang/miniconda3/envs/fairse
                             q2, SLURM_JOB_PARTITION=learn,                     
                             MODULESHOME=/usr/share/modules, MANPATH=:,         
                             SLURM_OOM_KILL_STEP=0, SLURM_JOB_NUM_NODES=2,      
                             SLURM_OPEN_MODE=a,                                 
                             VSCODE_GIT_ASKPASS_NODE=/opt/hpcaas/.mounts/fs-0729
                             17c00f01ae1ba/home/chuanyang/.vscode-server/cli/ser
                             vers/Stable-360a4e4fd251bfce169a4ddf857c7d25d1ad40d
                             a/server/node, SLURM_JOBID=1549856,                
                             SLURM_JOB_QOS=ram_external_high, MOTD_SHOWN=pam,   
                             HOME=/home/chuanyang, LANG=C.UTF-8, SLURM_PROCID=0,
                             CLUSTER_ID=fair-aws-h100-1,                        
                             SSL_CERT_DIR=/usr/lib/ssl/certs,                   
                             CONDA_PROMPT_MODIFIER=(fairseq2) , TMPDIR=/tmp,    
                             GIT_ASKPASS=/opt/hpcaas/.mounts/fs-072917c00f01ae1b
                             a/home/chuanyang/.vscode-server/cli/servers/Stable-
                             360a4e4fd251bfce169a4ddf857c7d25d1ad40da/server/ext
                             ensions/git/dist/askpass.sh,                       
                             SLURM_CPUS_PER_TASK=10, SLURM_NTASKS=16,           
                             SLURM_TOPOLOGY_ADDR=cr1-h100-p548xlarge-147,       
                             SSH_CONNECTION=163.114.130.3 57553 10.200.203.89   
                             22, VSCODE_GIT_ASKPASS_EXTRA_ARGS=,                
                             SLURM_TOPOLOGY_ADDR_PATTERN=node,                  
                             CUDA_VISIBLE_DEVICES=0, LESSCLOSE=/usr/bin/lesspipe
                             %s %s, XDG_SESSION_CLASS=user,                     
                             SLURM_SCRIPT_CONTEXT=prolog_task,                  
                             TERM=xterm-256color, LESSOPEN=| /usr/bin/lesspipe  
                             %s, USER=chuanyang,                                
                             SLURM_NODELIST=cr1-h100-p548xlarge-[147-148],      
                             WANDB_API_KEY=local-94bc1b16aff0febd7d5abee21969c9e
                             b2451a048,                                         
                             VSCODE_GIT_IPC_HANDLE=/run/user/694137/vscode-git-e
                             f99689058.sock, ENVIRONMENT=BATCH, CONDA_SHLVL=2,  
                             LOADEDMODULES=, SLURM_JOB_ACCOUNT=ram_external,    
                             SLURM_PRIO_PROCESS=0, SLURM_NPROCS=16, SHLVL=3,    
                             SLURM_NNODES=2, WANDB_ENTITY=chuanyang,            
                             XDG_SESSION_ID=4837, SLURM_SUBMIT_HOST=submit-1,   
                             CONDA_PYTHON_EXE=/home/chuanyang/miniconda3/bin/pyt
                             hon,                                               
                             LD_LIBRARY_PATH=/usr/local/cuda-12.8/lib:/usr/local
                             /cuda-12.8/lib64:/usr/local/cuda-12.8:/usr/local/cu
                             da-12.8/targets/x86_64-linux/lib/:/usr/local/cuda-1
                             2.8/extras/CUPTI/lib64:/opt/amazon/efa/lib:/opt/ama
                             zon/openmpi/lib:/opt/amazon/ofi-nccl/lib/x86_64-lin
                             ux-gnu:/usr/local/lib:/usr/lib:/usr/local/cuda-12.8
                             /lib:/usr/local/cuda-12.8/lib64:/usr/local/cuda-12.
                             8:/usr/local/cuda-12.8/targets/x86_64-linux/lib/:/u
                             sr/local/cuda-12.8/extras/CUPTI/lib64:/opt/amazon/e
                             fa/lib:/opt/amazon/openmpi/lib:/opt/amazon/ofi-nccl
                             /lib/x86_64-linux-gnu:/usr/local/lib:/usr/lib,     
                             XDG_RUNTIME_DIR=/run/user/694137,                  
                             SLURM_JOB_ID=1549856,                              
                             SSL_CERT_FILE=/usr/lib/ssl/certs/ca-certificates.cr
                             t, SLURM_NODEID=0, SSH_CLIENT=163.114.130.3 57553  
                             22, CONDA_DEFAULT_ENV=fairseq2,                    
                             VSCODE_GIT_ASKPASS_MAIN=/opt/hpcaas/.mounts/fs-0729
                             17c00f01ae1ba/home/chuanyang/.vscode-server/cli/ser
                             vers/Stable-360a4e4fd251bfce169a4ddf857c7d25d1ad40d
                             a/server/extensions/git/dist/askpass-main.js,      
                             XDG_DATA_DIRS=/usr/local/share:/usr/share:/var/lib/
                             snapd/desktop,                                     
                             SLURM_CONF=/opt/slurm/etc/slurm.conf,              
                             BROWSER=/opt/hpcaas/.mounts/fs-072917c00f01ae1ba/ho
                             me/chuanyang/.vscode-server/cli/servers/Stable-360a
                             4e4fd251bfce169a4ddf857c7d25d1ad40da/server/bin/hel
                             pers/browser.sh,                                   
                             PATH=/home/chuanyang/miniconda3/envs/fairseq2/bin:/
                             home/chuanyang/miniconda3/condabin:/usr/local/sbin:
                             /usr/local/bin:/usr/sbin:/usr/bin:/sbin:/bin:/snap/
                             bin:/opt/slurm/bin:/opt/slurm/sbin,                
                             SLURM_JOB_NAME=dpo_math,                           
                             MODULEPATH=/opt/amazon/modules/modulefiles:/etc/env
                             ironment-modules/modules:/usr/share/modules/version
                             s:/usr/share/modules/$MODULE_VERSION/modulefiles:/u
                             sr/share/modules/modulefiles,                      
                             SLURM_NTASKS_PER_NODE=8,                           
                             DBUS_SESSION_BUS_ADDRESS=unix:path=/run/user/694137
                             /bus, CONDA_PREFIX_1=/home/chuanyang/miniconda3,   
                             SLURM_JOB_GID=694137,                              
                             OLDPWD=/home/chuanyang/dpo/slurm,                  
                             SLURM_JOB_NODELIST=cr1-h100-p548xlarge-[147-148],  
                             MODULES_CMD=/usr/lib/x86_64-linux-gnu/modulecmd.tcl
                             , TERM_PROGRAM=vscode,                             
                             VSCODE_IPC_HOOK_CLI=/run/user/694137/vscode-ipc-8b9
                             e09d1-63cd-47f9-9217-adebc20d686e.sock,            
                             _=/opt/slurm/bin/srun, SLURM_MPI_TYPE=pmi2,        
                             SRUN_DEBUG=3, SLURM_UMASK=0002,                    
                             SLURM_DISTRIBUTION=block, SLURMD_DEBUG=2,          
                             SLURM_STEP_ID=0, SLURM_STEPID=0,                   
                             SLURM_STEP_NODELIST=cr1-h100-p548xlarge-[147-148], 
                             SLURM_STEP_NUM_NODES=2, SLURM_STEP_NUM_TASKS=16,   
                             SLURM_STEP_TASKS_PER_NODE=8(x2),                   
                             SLURM_STEP_LAUNCHER_PORT=61290,                    
                             SLURM_SRUN_COMM_PORT=61290,                        
                             SLURM_SRUN_COMM_HOST=10.200.217.166,               
                             SLURM_STEP_GPUS=0,1,2,3,4,5,6,7,                   
                             SLURM_CPU_BIND=quiet,mask_cpu:0x000000001C010000000
                             00001000000001C01000000000001,0x00000003E0000000000
                             0000000000003E000000000000000,0x0000007C00000000000
                             000000000007C0000000000000000,0x00000F8000000000000
                             0000000000F800000000000000000,0x0001F00000000000000
                             000000001F0000000000000000000,0x003E000000000000000
                             00000003E00000000000000000000,0x07C0000000000000000
                             0000007C000000000000000000000,0xF800000000000000000
                             00000F80000000000000000000000,                     
                             SLURM_CPU_BIND_LIST=0x000000001C0100000000000100000
                             0001C01000000000001,0x00000003E00000000000000000000
                             003E000000000000000,0x0000007C000000000000000000000
                             07C0000000000000000,0x00000F80000000000000000000000
                             F800000000000000000,0x0001F00000000000000000000001F
                             0000000000000000000,0x003E00000000000000000000003E0
                             0000000000000000000,0x07C00000000000000000000007C00
                             0000000000000000000,0xF80000000000000000000000F8000
                             0000000000000000000, SLURM_CPU_BIND_TYPE=mask_cpu:,
                             SLURM_CPU_BIND_VERBOSE=quiet,                      
                             SLURM_LAUNCH_NODE_IPADDR=10.200.217.166, PMI_FD=17,
                             PMI_JOBID=1549856.0, PMI_RANK=0, PMI_SIZE=16,      
                             _RJEM_MALLOC_CONF=dirty_decay_ms:500,muzzy_decay_ms
                             :-1, RAY_CLIENT_MODE=0, NCCL_CUMEM_ENABLE=0,       
                             PYTORCH_NVML_BASED_CUDA_CHECK=1,                   
                             TORCHINDUCTOR_COMPILE_THREADS=1,                   
                             TORCHINDUCTOR_CACHE_DIR=/tmp/torchinductor_chuanyan
                             g, WORLD_SIZE=16, RANK=0, LOCAL_WORLD_SIZE=8,      
                             LOCAL_RANK=0, MASTER_ADDR=cr1-h100-p548xlarge-147, 
                             MASTER_PORT=54598, TORCH_CPP_LOG_LEVEL=INFO,       
                             NCCL_DEBUG=INFO,                                   
                             NCCL_DEBUG_FILE=/checkpoint/ram/chuanyang/math/math
                             _0817_processbench_synthetic_data_merged_v2_filtere
                             d_LR7e-7_FLR1e-15_BT0.1_WP30_EPS1e-8/logs/nccl/rank
                             _0.log, TORCH_SHOW_CPP_STACKTRACES=1,              
                             TRITON_CACHE_DIR=/checkpoint/ram/chuanyang/math/mat
                             h_0817_processbench_synthetic_data_merged_v2_filter
                             ed_LR7e-7_FLR1e-15_BT0.1_WP30_EPS1e-8/cache/triton/
                             rank_0,                                            
                             PYTORCH_KERNEL_CACHE_PATH=/checkpoint/ram/chuanyang
                             /math/math_0817_processbench_synthetic_data_merged_
                             v2_filtered_LR7e-7_FLR1e-15_BT0.1_WP30_EPS1e-8/cach
                             e/torch/jit, CUDA_MODULE_LOADING=LAZY              
                    INFO     fairseq2 - Initializing the root gang.             
[08/18/25 02:54:39] INFO     fairseq2 - Root gang initialized.                  
                    INFO     fairseq2 - Initializing parallel gangs.            
                    INFO     fairseq2 - Initializing data parallel gang with 16 
                             process(es).                                       
                    INFO     fairseq2 - Data parallel gang initialized.         
                    INFO     fairseq2 - Initializing tensor parallel gang with 1
                             process(es).                                       
                    INFO     fairseq2 - Tensor parallel gang initialized.       
                    INFO     fairseq2 - Initializing pipeline parallel gang with
                             1 process(es).                                     
                    INFO     fairseq2 - Pipeline parallel gang initialized.     
                    INFO     fairseq2 - Parallel gangs initialized.             
                    INFO     fairseq2 - Performing a collective barrier call to 
                             warm up gangs. This can take up to several minutes 
                             depending on the topology.                         
[08/18/25 02:54:42] INFO     fairseq2 - Gangs warmed up.                        
                    INFO     fairseq2 - Process Ranks - Data: 0 |               
                             Data/Replicated: 0 | Data/Sharded: 0 | Tensor: 0 | 
                             Pipeline: 0                                        
                    INFO     fairseq2 - Model Config:                           
                             LLaMAConfig(                                       
                                 model_dim=4096,                                
                                 max_seq_len=131072,                            
                                 vocab_size=128256,                             
                                 pad_idx=128004,                                
                                 tied_embeddings=False,                         
                                 num_layers=32,                                 
                                 num_attn_heads=32,                             
                                 num_key_value_heads=8,                         
                                 ffn_inner_dim=16384,                           
                                 ffn_inner_dim_scale=0.6666666666666666,        
                                 ffn_inner_dim_multiplier=1.3,                  
                                 ffn_inner_dim_multiple_of=1024,                
                                 rope_theta=500000.0,                           
                                 use_scaled_rope=True,                          
                                 rope_scale=LLaMARoPEScaleConfig(               
                                     factor=8.0,                                
                                     frequency_factors=(1.0, 4.0),              
                                     original_context_length=8192               
                                 ),                                             
                                 dropout_p=0.0,                                 
                                 init_std=None,                                 
                                 init_std_scale='layer',                        
                                 shard_embed_dim=False,                         
                                 hg_config_class='LlamaConfig',                 
                                 hg_architecture='LlamaForCausalLM'             
                             )                                                  
                    INFO     fairseq2 - Loading 'llama3_1_8b_instruct' model on 
                             data parallel rank 0.                              

[08/18/25 02:55:18] INFO     fairseq2 - Model loaded on data parallel rank 0.   
                    INFO     fairseq2 - Wrapping the model with FSDP1 and       
                             broadcasting to all processes.                     
                    INFO     fairseq2 - Model wrapped with FSDP1 and            
                             broadcasted.                                       
                    INFO     fairseq2 - Model (rank 0) - Parameter Size:        
                             501,891,328 | Parameter Size (bytes): 1.87 GiB |   
                             Trainable Parameter Size: 501,891,328 | Trainable  
                             Parameter Size (bytes): 1.87 GiB | Buffer Size:    
                             16,777,344 | Buffer Size (bytes): 64.00 MiB | Total
                             Size: 518,668,672 | Total Size (bytes): 1.93 GiB   
                             FullyShardedDataParallel(                          
                               (_fsdp_wrapped_module): TransformerLM(           
                                 model_dim=4096, pad_idx=128004,                
                             max_seq_len=131072                                 
                                 (decoder_frontend):                            
                             TransformerEmbeddingFrontend(                      
                                   (embed):                                     
                             StandardEmbedding(num_embeddings=128256,           
                             embed_dim=4096, pad_idx=128004, init_fn=init_embed)
                                   (pos_encoder): None                          
                                   (dropout): None                              
                                 )                                              
                                 (decoder): StandardTransformerLMDecoder(       
                                   (layers): ModuleList(                        
                                     (0-31): 32 x FullyShardedDataParallel(     
                                       (_fsdp_wrapped_module):                  
                             CheckpointWrapper(                                 
                                         (_checkpoint_wrapped_module):          
                             StandardTransformerLMDecoderLayer(                 
                                           norm_order=PRE                       
                                           (self_attn_layer_norm):              
                             RMSNorm(normalized_shape=(4096,), eps=1E-05,       
                             elementwise_affine=True)                           
                                           (self_attn):                         
                             StandardMultiheadAttention(                        
                                             num_heads=32,                      
                             num_key_value_heads=8, num_query_groups=4          
                                             (q_proj): Linear(input_dim=4096,   
                             output_dim=4096, bias=False,                       
                             init_fn=init_projection)                           
                                             (k_proj): Linear(input_dim=4096,   
                             output_dim=1024, bias=False,                       
                             init_fn=init_projection)                           
                                             (v_proj): Linear(input_dim=4096,   
                             output_dim=1024, bias=False,                       
                             init_fn=init_projection)                           
                                             (q_norm): None                     
                                             (k_norm): None                     
                                             (pos_encoder):                     
                             RotaryEncoder(encoding_dim=128, max_seq_len=131072,
                             theta=500000.0, freqs_init_fn=init_rope_freqs)     
                                             (sdpa):                            
                             TorchSDPA(bias=CausalAttentionBias(), dropout_p=0) 
                                             (output_proj):                     
                             Linear(input_dim=4096, output_dim=4096, bias=False,
                             init_fn=init_projection)                           
                                           )                                    
                                           (self_attn_dropout): None            
                                           (self_attn_residual):                
                             AdditiveResidualConnect()                          
                                           (ffn_layer_norm):                    
                             RMSNorm(normalized_shape=(4096,), eps=1E-05,       
                             elementwise_affine=True)                           
                                           (ffn): GLUFeedForwardNetwork(        
                                             inner_dim_scale=0.666667,          
                             inner_dim_to_multiple=1024                         
                                             (gate_proj): Linear(input_dim=4096,
                             output_dim=14336, bias=False,                      
                             init_fn=init_projection)                           
                                             (gate_activation): SiLU()          
                                             (inner_proj):                      
                             Linear(input_dim=4096, output_dim=14336,           
                             bias=False, init_fn=init_projection)               
                                             (inner_dropout): None              
                                             (output_proj):                     
                             Linear(input_dim=14336, output_dim=4096,           
                             bias=False, init_fn=init_projection)               
                                           )                                    
                                           (ffn_dropout): None                  
                                           (ffn_residual):                      
                             AdditiveResidualConnect()                          
                                         )                                      
                                       )                                        
                                     )                                          
                                   )                                            
                                   (layer_norm):                                
                             RMSNorm(normalized_shape=(4096,), eps=1E-05,       
                             elementwise_affine=True)                           
                                   (dropout): None                              
                                 )                                              
                                 (final_proj): Linear(input_dim=4096,           
                             output_dim=128256, bias=False,                     
                             init_fn=init_projection)                           
                               )                                                
                             )                                                  
                    INFO     fairseq2 - Loading the dataset.                    
                    INFO     fairseq2 - Dataset loaded.                         
                    INFO     fairseq2 - Loading 'llama3_instruct' tokenizer.    
                    INFO     fairseq2 - Tokenizer loaded.                       
                    INFO     fairseq2 - Tokenizer - Size: 128,256 | UNK: None | 
                             BOS: 128000 | EOS: 128009 | PAD: 128004 | BOH:     
                             128006 | EOH: 128007                               
                    INFO     fairseq2 - Setting up DPO with reference model.    
                    INFO     fairseq2 - Loading 'llama3_1_8b_instruct' model on 
                             data parallel rank 0.                              

[08/18/25 02:55:29] INFO     fairseq2 - Model loaded on data parallel rank 0.   
                    INFO     fairseq2 - Broadcasting 'llama3_1_8b_instruct'     
                             model to all processes.                            
                    INFO     fairseq2 - Model broadcasted.                      
                    INFO     fairseq2 - Model (rank 0) - Parameter Size:        
                             8,030,261,248 | Parameter Size (bytes): 14.96 GiB |
                             Trainable Parameter Size: 8,030,261,248 | Trainable
                             Parameter Size (bytes): 14.96 GiB | Buffer Size:   
                             16,777,344 | Buffer Size (bytes): 64.00 MiB | Total
                             Size: 8,047,038,592 | Total Size (bytes): 15.02 GiB
                             TransformerLM(                                     
                               model_dim=4096, pad_idx=128004,                  
                             max_seq_len=131072                                 
                               (decoder_frontend): TransformerEmbeddingFrontend(
                                 (embed):                                       
                             StandardEmbedding(num_embeddings=128256,           
                             embed_dim=4096, pad_idx=128004, init_fn=init_embed)
                                 (pos_encoder): None                            
                                 (dropout): None                                
                               )                                                
                               (decoder): StandardTransformerLMDecoder(         
                                 (layers): ModuleList(                          
                                   (0-31): 32 x                                 
                             StandardTransformerLMDecoderLayer(                 
                                     norm_order=PRE                             
                                     (self_attn_layer_norm):                    
                             RMSNorm(normalized_shape=(4096,), eps=1E-05,       
                             elementwise_affine=True)                           
                                     (self_attn): StandardMultiheadAttention(   
                                       num_heads=32, num_key_value_heads=8,     
                             num_query_groups=4                                 
                                       (q_proj): Linear(input_dim=4096,         
                             output_dim=4096, bias=False,                       
                             init_fn=init_projection)                           
                                       (k_proj): Linear(input_dim=4096,         
                             output_dim=1024, bias=False,                       
                             init_fn=init_projection)                           
                                       (v_proj): Linear(input_dim=4096,         
                             output_dim=1024, bias=False,                       
                             init_fn=init_projection)                           
                                       (q_norm): None                           
                                       (k_norm): None                           
                                       (pos_encoder):                           
                             RotaryEncoder(encoding_dim=128, max_seq_len=131072,
                             theta=500000.0, freqs_init_fn=init_rope_freqs)     
                                       (sdpa):                                  
                             TorchSDPA(bias=CausalAttentionBias(), dropout_p=0) 
                                       (output_proj): Linear(input_dim=4096,    
                             output_dim=4096, bias=False,                       
                             init_fn=init_projection)                           
                                     )                                          
                                     (self_attn_dropout): None                  
                                     (self_attn_residual):                      
                             AdditiveResidualConnect()                          
                                     (ffn_layer_norm):                          
                             RMSNorm(normalized_shape=(4096,), eps=1E-05,       
                             elementwise_affine=True)                           
                                     (ffn): GLUFeedForwardNetwork(              
                                       inner_dim_scale=0.666667,                
                             inner_dim_to_multiple=1024                         
                                       (gate_proj): Linear(input_dim=4096,      
                             output_dim=14336, bias=False,                      
                             init_fn=init_projection)                           
                                       (gate_activation): SiLU()                
                                       (inner_proj): Linear(input_dim=4096,     
                             output_dim=14336, bias=False,                      
                             init_fn=init_projection)                           
                                       (inner_dropout): None                    
                                       (output_proj): Linear(input_dim=14336,   
                             output_dim=4096, bias=False,                       
                             init_fn=init_projection)                           
                                     )                                          
                                     (ffn_dropout): None                        
                                     (ffn_residual): AdditiveResidualConnect()  
                                   )                                            
                                 )                                              
                                 (layer_norm): RMSNorm(normalized_shape=(4096,),
                             eps=1E-05, elementwise_affine=True)                
                                 (dropout): None                                
                               )                                                
                               (final_proj): Linear(input_dim=4096,             
                             output_dim=128256, bias=False,                     
                             init_fn=init_projection)                           
                             )                                                  
                    INFO     fairseq2 - DPO setup complete.                     
wandb: Currently logged in as: chuanyang to https://fairwandb.org. Use `wandb login --relogin` to force relogin
wandb: Using wandb-core as the SDK backend.  Please refer to https://wandb.me/wandb-core for more information.
wandb: Tracking run with wandb version 0.19.6
wandb: Run data is saved locally in /checkpoint/ram/chuanyang/math/math_0817_processbench_synthetic_data_merged_v2_filtered_LR7e-7_FLR1e-15_BT0.1_WP30_EPS1e-8/wandb/run-20250818_025529-9fhce8xy
wandb: Run `wandb offline` to turn off syncing.
wandb: Resuming run math_0817_processbench_synthetic_data_merged_v2_filtered_LR7e-7_FLR1e-15_BT0.1_WP30_EPS1e-8
wandb: ⭐️ View project at https://fairwandb.org/chuanyang/math_0817
wandb: 🚀 View run at https://fairwandb.org/chuanyang/math_0817/runs/9fhce8xy
[08/18/25 02:55:30] INFO     fairseq2 - Running on 16 process(es).              
[08/18/25 02:55:38] INFO     fairseq2 - Train Metrics (step 1) - DPO Loss:      
                             0.699951 | Chosen Sequence Log Probabilities:      
                             -417.211 | Rejected Sequence Log Probabilities:    
                             -356.781 | Chosen Sequence Length: 742.047 |       
                             Rejected Sequence Length: 681.594 | NLL Loss:      
                             0.562179 | Gradient Norm: 149.319 | Data Epoch: 1 |
                             Data Time: <1s | Compute Time: 6s | Lapse Time: 7s 
                             | Total Time: 66s | Wall Time: 66s | Learning Rate:
                             0 | Batch Size: 64 | Elements per Batch: 55,928 |  
                             Elements per Second: 8,361 | Number of Examples: 64
                             | Number of Elements: 55,928 | Number of Target    
                             Elements: 47,491 | Padding: 0 | Padding Ratio (%): 
                             0% | Total Number of Examples: 64 | Total Number of
                             Elements: 55,928 | Total Number of Target Elements:
                             47,491 | Peak Active Device Memory: 56.18 GiB |    
                             Peak Active Device Memory (%): 71% | Peak Reserved 
                             Device Memory: 74.64 GiB | Peak Reserved Device    
                             Memory (%): 95%                                    
wandb: WARNING Tried to log to step 1 that is less than the current step 67. Steps must be monotonically increasing, so this data will be ignored. See https://wandb.me/define-metric to log data out of order.
wandb: WARNING Tried to log to step 1 that is less than the current step 67. Steps must be monotonically increasing, so this data will be ignored. See https://wandb.me/define-metric to log data out of order.
wandb: WARNING Tried to log to step 1 that is less than the current step 67. Steps must be monotonically increasing, so this data will be ignored. See https://wandb.me/define-metric to log data out of order.
wandb: WARNING Tried to log to step 1 that is less than the current step 67. Steps must be monotonically increasing, so this data will be ignored. See https://wandb.me/define-metric to log data out of order.
wandb: WARNING Tried to log to step 1 that is less than the current step 67. Steps must be monotonically increasing, so this data will be ignored. See https://wandb.me/define-metric to log data out of order.
wandb: WARNING Tried to log to step 1 that is less than the current step 67. Steps must be monotonically increasing, so this data will be ignored. See https://wandb.me/define-metric to log data out of order.
wandb: WARNING Tried to log to step 1 that is less than the current step 67. Steps must be monotonically increasing, so this data will be ignored. See https://wandb.me/define-metric to log data out of order.
wandb: WARNING Tried to log to step 1 that is less than the current step 67. Steps must be monotonically increasing, so this data will be ignored. See https://wandb.me/define-metric to log data out of order.
wandb: WARNING Tried to log to step 1 that is less than the current step 67. Steps must be monotonically increasing, so this data will be ignored. See https://wandb.me/define-metric to log data out of order.
wandb: WARNING Tried to log to step 1 that is less than the current step 67. Steps must be monotonically increasing, so this data will be ignored. See https://wandb.me/define-metric to log data out of order.
wandb: WARNING Tried to log to step 1 that is less than the current step 67. Steps must be monotonically increasing, so this data will be ignored. See https://wandb.me/define-metric to log data out of order.
wandb: WARNING Tried to log to step 1 that is less than the current step 67. Steps must be monotonically increasing, so this data will be ignored. See https://wandb.me/define-metric to log data out of order.
wandb: WARNING Tried to log to step 1 that is less than the current step 67. Steps must be monotonically increasing, so this data will be ignored. See https://wandb.me/define-metric to log data out of order.
wandb: WARNING Tried to log to step 1 that is less than the current step 67. Steps must be monotonically increasing, so this data will be ignored. See https://wandb.me/define-metric to log data out of order.
wandb: WARNING Tried to log to step 1 that is less than the current step 67. Steps must be monotonically increasing, so this data will be ignored. See https://wandb.me/define-metric to log data out of order.
wandb: WARNING Tried to log to step 1 that is less than the current step 67. Steps must be monotonically increasing, so this data will be ignored. See https://wandb.me/define-metric to log data out of order.
wandb: WARNING Tried to log to step 1 that is less than the current step 67. Steps must be monotonically increasing, so this data will be ignored. See https://wandb.me/define-metric to log data out of order.
wandb: WARNING Tried to log to step 1 that is less than the current step 67. Steps must be monotonically increasing, so this data will be ignored. See https://wandb.me/define-metric to log data out of order.
wandb: WARNING Tried to log to step 1 that is less than the current step 67. Steps must be monotonically increasing, so this data will be ignored. See https://wandb.me/define-metric to log data out of order.
wandb: WARNING Tried to log to step 1 that is less than the current step 67. Steps must be monotonically increasing, so this data will be ignored. See https://wandb.me/define-metric to log data out of order.
wandb: WARNING Tried to log to step 1 that is less than the current step 67. Steps must be monotonically increasing, so this data will be ignored. See https://wandb.me/define-metric to log data out of order.
wandb: WARNING Tried to log to step 1 that is less than the current step 67. Steps must be monotonically increasing, so this data will be ignored. See https://wandb.me/define-metric to log data out of order.
wandb: WARNING Tried to log to step 1 that is less than the current step 67. Steps must be monotonically increasing, so this data will be ignored. See https://wandb.me/define-metric to log data out of order.
wandb: WARNING Tried to log to step 1 that is less than the current step 67. Steps must be monotonically increasing, so this data will be ignored. See https://wandb.me/define-metric to log data out of order.
wandb: WARNING Tried to log to step 1 that is less than the current step 67. Steps must be monotonically increasing, so this data will be ignored. See https://wandb.me/define-metric to log data out of order.
wandb: WARNING Tried to log to step 1 that is less than the current step 67. Steps must be monotonically increasing, so this data will be ignored. See https://wandb.me/define-metric to log data out of order.
wandb: WARNING Tried to log to step 1 that is less than the current step 67. Steps must be monotonically increasing, so this data will be ignored. See https://wandb.me/define-metric to log data out of order.
wandb: WARNING Tried to log to step 1 that is less than the current step 67. Steps must be monotonically increasing, so this data will be ignored. See https://wandb.me/define-metric to log data out of order.
wandb: WARNING Tried to log to step 1 that is less than the current step 67. Steps must be monotonically increasing, so this data will be ignored. See https://wandb.me/define-metric to log data out of order.
[08/18/25 02:55:46] INFO     fairseq2 - Train Metrics (step 2) - DPO Loss:      
                             0.694946 | Chosen Sequence Log Probabilities:      
                             -408.688 | Rejected Sequence Log Probabilities:    
                             -340.117 | Chosen Sequence Length: 833.391 |       
                             Rejected Sequence Length: 743.891 | NLL Loss:      
                             0.490533 | Gradient Norm: 146.57 | Data Epoch: 1 | 
                             Data Time: <1s | Compute Time: 8s | Lapse Time: 8s 
                             | Total Time: 74s | Wall Time: 74s | Learning Rate:
                             2.33333e-08 | Batch Size: 64 | Elements per Batch: 
                             62,256 | Elements per Second: 7,305 | Number of    
                             Examples: 64 | Number of Elements: 62,256 | Number 
                             of Target Elements: 53,337 | Padding: 0 | Padding  
                             Ratio (%): 0% | Total Number of Examples: 128 |    
                             Total Number of Elements: 118,184 | Total Number of
                             Target Elements: 100,828 | Peak Active Device      
                             Memory: 59.82 GiB | Peak Active Device Memory (%): 
                             76% | Peak Reserved Device Memory: 69.43 GiB | Peak
                             Reserved Device Memory (%): 88%                    
wandb: WARNING Tried to log to step 2 that is less than the current step 67. Steps must be monotonically increasing, so this data will be ignored. See https://wandb.me/define-metric to log data out of order.
wandb: WARNING Tried to log to step 2 that is less than the current step 67. Steps must be monotonically increasing, so this data will be ignored. See https://wandb.me/define-metric to log data out of order.
wandb: WARNING Tried to log to step 2 that is less than the current step 67. Steps must be monotonically increasing, so this data will be ignored. See https://wandb.me/define-metric to log data out of order.
wandb: WARNING Tried to log to step 2 that is less than the current step 67. Steps must be monotonically increasing, so this data will be ignored. See https://wandb.me/define-metric to log data out of order.
wandb: WARNING Tried to log to step 2 that is less than the current step 67. Steps must be monotonically increasing, so this data will be ignored. See https://wandb.me/define-metric to log data out of order.
wandb: WARNING Tried to log to step 2 that is less than the current step 67. Steps must be monotonically increasing, so this data will be ignored. See https://wandb.me/define-metric to log data out of order.
wandb: WARNING Tried to log to step 2 that is less than the current step 67. Steps must be monotonically increasing, so this data will be ignored. See https://wandb.me/define-metric to log data out of order.
wandb: WARNING Tried to log to step 2 that is less than the current step 67. Steps must be monotonically increasing, so this data will be ignored. See https://wandb.me/define-metric to log data out of order.
wandb: WARNING Tried to log to step 2 that is less than the current step 67. Steps must be monotonically increasing, so this data will be ignored. See https://wandb.me/define-metric to log data out of order.
wandb: WARNING Tried to log to step 2 that is less than the current step 67. Steps must be monotonically increasing, so this data will be ignored. See https://wandb.me/define-metric to log data out of order.
wandb: WARNING Tried to log to step 2 that is less than the current step 67. Steps must be monotonically increasing, so this data will be ignored. See https://wandb.me/define-metric to log data out of order.
wandb: WARNING Tried to log to step 2 that is less than the current step 67. Steps must be monotonically increasing, so this data will be ignored. See https://wandb.me/define-metric to log data out of order.
wandb: WARNING Tried to log to step 2 that is less than the current step 67. Steps must be monotonically increasing, so this data will be ignored. See https://wandb.me/define-metric to log data out of order.
wandb: WARNING Tried to log to step 2 that is less than the current step 67. Steps must be monotonically increasing, so this data will be ignored. See https://wandb.me/define-metric to log data out of order.
wandb: WARNING Tried to log to step 2 that is less than the current step 67. Steps must be monotonically increasing, so this data will be ignored. See https://wandb.me/define-metric to log data out of order.
wandb: WARNING Tried to log to step 2 that is less than the current step 67. Steps must be monotonically increasing, so this data will be ignored. See https://wandb.me/define-metric to log data out of order.
wandb: WARNING Tried to log to step 2 that is less than the current step 67. Steps must be monotonically increasing, so this data will be ignored. See https://wandb.me/define-metric to log data out of order.
wandb: WARNING Tried to log to step 2 that is less than the current step 67. Steps must be monotonically increasing, so this data will be ignored. See https://wandb.me/define-metric to log data out of order.
wandb: WARNING Tried to log to step 2 that is less than the current step 67. Steps must be monotonically increasing, so this data will be ignored. See https://wandb.me/define-metric to log data out of order.
wandb: WARNING Tried to log to step 2 that is less than the current step 67. Steps must be monotonically increasing, so this data will be ignored. See https://wandb.me/define-metric to log data out of order.
wandb: WARNING Tried to log to step 2 that is less than the current step 67. Steps must be monotonically increasing, so this data will be ignored. See https://wandb.me/define-metric to log data out of order.
wandb: WARNING Tried to log to step 2 that is less than the current step 67. Steps must be monotonically increasing, so this data will be ignored. See https://wandb.me/define-metric to log data out of order.
wandb: WARNING Tried to log to step 2 that is less than the current step 67. Steps must be monotonically increasing, so this data will be ignored. See https://wandb.me/define-metric to log data out of order.
wandb: WARNING Tried to log to step 2 that is less than the current step 67. Steps must be monotonically increasing, so this data will be ignored. See https://wandb.me/define-metric to log data out of order.
wandb: WARNING Tried to log to step 2 that is less than the current step 67. Steps must be monotonically increasing, so this data will be ignored. See https://wandb.me/define-metric to log data out of order.
wandb: WARNING Tried to log to step 2 that is less than the current step 67. Steps must be monotonically increasing, so this data will be ignored. See https://wandb.me/define-metric to log data out of order.
wandb: WARNING Tried to log to step 2 that is less than the current step 67. Steps must be monotonically increasing, so this data will be ignored. See https://wandb.me/define-metric to log data out of order.
wandb: WARNING Tried to log to step 2 that is less than the current step 67. Steps must be monotonically increasing, so this data will be ignored. See https://wandb.me/define-metric to log data out of order.
wandb: WARNING Tried to log to step 2 that is less than the current step 67. Steps must be monotonically increasing, so this data will be ignored. See https://wandb.me/define-metric to log data out of order.
[08/18/25 02:55:54] INFO     fairseq2 - Train Metrics (step 3) - DPO Loss:      
                             0.680786 | Chosen Sequence Log Probabilities:      
                             -383.211 | Rejected Sequence Log Probabilities:    
                             -358.375 | Chosen Sequence Length: 836.469 |       
                             Rejected Sequence Length: 740.344 | NLL Loss:      
                             0.458134 | Gradient Norm: 130.139 | Data Epoch: 1 |
                             Data Time: <1s | Compute Time: 7s | Lapse Time: 7s 
                             | Total Time: 82s | Wall Time: 82s | Learning Rate:
                             4.66667e-08 | Batch Size: 64 | Elements per Batch: 
                             62,720 | Elements per Second: 8,329 | Number of    
                             Examples: 64 | Number of Elements: 62,720 | Number 
                             of Target Elements: 53,534 | Padding: 0 | Padding  
                             Ratio (%): 0% | Total Number of Examples: 192 |    
                             Total Number of Elements: 180,904 | Total Number of
                             Target Elements: 154,362 | Peak Active Device      
                             Memory: 59.86 GiB | Peak Active Device Memory (%): 
                             76% | Peak Reserved Device Memory: 70.86 GiB | Peak
                             Reserved Device Memory (%): 90%                    
wandb: WARNING Tried to log to step 3 that is less than the current step 67. Steps must be monotonically increasing, so this data will be ignored. See https://wandb.me/define-metric to log data out of order.
wandb: WARNING Tried to log to step 3 that is less than the current step 67. Steps must be monotonically increasing, so this data will be ignored. See https://wandb.me/define-metric to log data out of order.
wandb: WARNING Tried to log to step 3 that is less than the current step 67. Steps must be monotonically increasing, so this data will be ignored. See https://wandb.me/define-metric to log data out of order.
wandb: WARNING Tried to log to step 3 that is less than the current step 67. Steps must be monotonically increasing, so this data will be ignored. See https://wandb.me/define-metric to log data out of order.
wandb: WARNING Tried to log to step 3 that is less than the current step 67. Steps must be monotonically increasing, so this data will be ignored. See https://wandb.me/define-metric to log data out of order.
wandb: WARNING Tried to log to step 3 that is less than the current step 67. Steps must be monotonically increasing, so this data will be ignored. See https://wandb.me/define-metric to log data out of order.
wandb: WARNING Tried to log to step 3 that is less than the current step 67. Steps must be monotonically increasing, so this data will be ignored. See https://wandb.me/define-metric to log data out of order.
wandb: WARNING Tried to log to step 3 that is less than the current step 67. Steps must be monotonically increasing, so this data will be ignored. See https://wandb.me/define-metric to log data out of order.
wandb: WARNING Tried to log to step 3 that is less than the current step 67. Steps must be monotonically increasing, so this data will be ignored. See https://wandb.me/define-metric to log data out of order.
wandb: WARNING Tried to log to step 3 that is less than the current step 67. Steps must be monotonically increasing, so this data will be ignored. See https://wandb.me/define-metric to log data out of order.
wandb: WARNING Tried to log to step 3 that is less than the current step 67. Steps must be monotonically increasing, so this data will be ignored. See https://wandb.me/define-metric to log data out of order.
wandb: WARNING Tried to log to step 3 that is less than the current step 67. Steps must be monotonically increasing, so this data will be ignored. See https://wandb.me/define-metric to log data out of order.
wandb: WARNING Tried to log to step 3 that is less than the current step 67. Steps must be monotonically increasing, so this data will be ignored. See https://wandb.me/define-metric to log data out of order.
wandb: WARNING Tried to log to step 3 that is less than the current step 67. Steps must be monotonically increasing, so this data will be ignored. See https://wandb.me/define-metric to log data out of order.
wandb: WARNING Tried to log to step 3 that is less than the current step 67. Steps must be monotonically increasing, so this data will be ignored. See https://wandb.me/define-metric to log data out of order.
wandb: WARNING Tried to log to step 3 that is less than the current step 67. Steps must be monotonically increasing, so this data will be ignored. See https://wandb.me/define-metric to log data out of order.
wandb: WARNING Tried to log to step 3 that is less than the current step 67. Steps must be monotonically increasing, so this data will be ignored. See https://wandb.me/define-metric to log data out of order.
wandb: WARNING Tried to log to step 3 that is less than the current step 67. Steps must be monotonically increasing, so this data will be ignored. See https://wandb.me/define-metric to log data out of order.
wandb: WARNING Tried to log to step 3 that is less than the current step 67. Steps must be monotonically increasing, so this data will be ignored. See https://wandb.me/define-metric to log data out of order.
wandb: WARNING Tried to log to step 3 that is less than the current step 67. Steps must be monotonically increasing, so this data will be ignored. See https://wandb.me/define-metric to log data out of order.
wandb: WARNING Tried to log to step 3 that is less than the current step 67. Steps must be monotonically increasing, so this data will be ignored. See https://wandb.me/define-metric to log data out of order.
wandb: WARNING Tried to log to step 3 that is less than the current step 67. Steps must be monotonically increasing, so this data will be ignored. See https://wandb.me/define-metric to log data out of order.
wandb: WARNING Tried to log to step 3 that is less than the current step 67. Steps must be monotonically increasing, so this data will be ignored. See https://wandb.me/define-metric to log data out of order.
wandb: WARNING Tried to log to step 3 that is less than the current step 67. Steps must be monotonically increasing, so this data will be ignored. See https://wandb.me/define-metric to log data out of order.
wandb: WARNING Tried to log to step 3 that is less than the current step 67. Steps must be monotonically increasing, so this data will be ignored. See https://wandb.me/define-metric to log data out of order.
wandb: WARNING Tried to log to step 3 that is less than the current step 67. Steps must be monotonically increasing, so this data will be ignored. See https://wandb.me/define-metric to log data out of order.
wandb: WARNING Tried to log to step 3 that is less than the current step 67. Steps must be monotonically increasing, so this data will be ignored. See https://wandb.me/define-metric to log data out of order.
wandb: WARNING Tried to log to step 3 that is less than the current step 67. Steps must be monotonically increasing, so this data will be ignored. See https://wandb.me/define-metric to log data out of order.
wandb: WARNING Tried to log to step 3 that is less than the current step 67. Steps must be monotonically increasing, so this data will be ignored. See https://wandb.me/define-metric to log data out of order.
[08/18/25 02:56:05] INFO     fairseq2 - Train Metrics (step 4) - DPO Loss:      
                             0.715515 | Chosen Sequence Log Probabilities:      
                             -449.875 | Rejected Sequence Log Probabilities:    
                             -333.266 | Chosen Sequence Length: 942.734 |       
                             Rejected Sequence Length: 708.922 | NLL Loss:      
                             0.476988 | Gradient Norm: 178.455 | Data Epoch: 1 |
                             Data Time: <1s | Compute Time: 11s | Lapse Time:   
                             11s | Total Time: 93s | Wall Time: 93s | Learning  
                             Rate: 7e-08 | Batch Size: 64 | Elements per Batch: 
                             68,618 | Elements per Second: 6,179 | Number of    
                             Examples: 64 | Number of Elements: 68,618 | Number 
                             of Target Elements: 60,335 | Padding: 0 | Padding  
                             Ratio (%): 0% | Total Number of Examples: 256 |    
                             Total Number of Elements: 249,522 | Total Number of
                             Target Elements: 214,697 | Peak Active Device      
                             Memory: 60.54 GiB | Peak Active Device Memory (%): 
                             77% | Peak Reserved Device Memory: 71.55 GiB | Peak
                             Reserved Device Memory (%): 91%                    
wandb: WARNING Tried to log to step 4 that is less than the current step 67. Steps must be monotonically increasing, so this data will be ignored. See https://wandb.me/define-metric to log data out of order.
wandb: WARNING Tried to log to step 4 that is less than the current step 67. Steps must be monotonically increasing, so this data will be ignored. See https://wandb.me/define-metric to log data out of order.
wandb: WARNING Tried to log to step 4 that is less than the current step 67. Steps must be monotonically increasing, so this data will be ignored. See https://wandb.me/define-metric to log data out of order.
wandb: WARNING Tried to log to step 4 that is less than the current step 67. Steps must be monotonically increasing, so this data will be ignored. See https://wandb.me/define-metric to log data out of order.
wandb: WARNING Tried to log to step 4 that is less than the current step 67. Steps must be monotonically increasing, so this data will be ignored. See https://wandb.me/define-metric to log data out of order.
wandb: WARNING Tried to log to step 4 that is less than the current step 67. Steps must be monotonically increasing, so this data will be ignored. See https://wandb.me/define-metric to log data out of order.
wandb: WARNING Tried to log to step 4 that is less than the current step 67. Steps must be monotonically increasing, so this data will be ignored. See https://wandb.me/define-metric to log data out of order.
wandb: WARNING Tried to log to step 4 that is less than the current step 67. Steps must be monotonically increasing, so this data will be ignored. See https://wandb.me/define-metric to log data out of order.
wandb: WARNING Tried to log to step 4 that is less than the current step 67. Steps must be monotonically increasing, so this data will be ignored. See https://wandb.me/define-metric to log data out of order.
wandb: WARNING Tried to log to step 4 that is less than the current step 67. Steps must be monotonically increasing, so this data will be ignored. See https://wandb.me/define-metric to log data out of order.
wandb: WARNING Tried to log to step 4 that is less than the current step 67. Steps must be monotonically increasing, so this data will be ignored. See https://wandb.me/define-metric to log data out of order.
wandb: WARNING Tried to log to step 4 that is less than the current step 67. Steps must be monotonically increasing, so this data will be ignored. See https://wandb.me/define-metric to log data out of order.
wandb: WARNING Tried to log to step 4 that is less than the current step 67. Steps must be monotonically increasing, so this data will be ignored. See https://wandb.me/define-metric to log data out of order.
wandb: WARNING Tried to log to step 4 that is less than the current step 67. Steps must be monotonically increasing, so this data will be ignored. See https://wandb.me/define-metric to log data out of order.
wandb: WARNING Tried to log to step 4 that is less than the current step 67. Steps must be monotonically increasing, so this data will be ignored. See https://wandb.me/define-metric to log data out of order.
wandb: WARNING Tried to log to step 4 that is less than the current step 67. Steps must be monotonically increasing, so this data will be ignored. See https://wandb.me/define-metric to log data out of order.
wandb: WARNING Tried to log to step 4 that is less than the current step 67. Steps must be monotonically increasing, so this data will be ignored. See https://wandb.me/define-metric to log data out of order.
wandb: WARNING Tried to log to step 4 that is less than the current step 67. Steps must be monotonically increasing, so this data will be ignored. See https://wandb.me/define-metric to log data out of order.
wandb: WARNING Tried to log to step 4 that is less than the current step 67. Steps must be monotonically increasing, so this data will be ignored. See https://wandb.me/define-metric to log data out of order.
wandb: WARNING Tried to log to step 4 that is less than the current step 67. Steps must be monotonically increasing, so this data will be ignored. See https://wandb.me/define-metric to log data out of order.
wandb: WARNING Tried to log to step 4 that is less than the current step 67. Steps must be monotonically increasing, so this data will be ignored. See https://wandb.me/define-metric to log data out of order.
wandb: WARNING Tried to log to step 4 that is less than the current step 67. Steps must be monotonically increasing, so this data will be ignored. See https://wandb.me/define-metric to log data out of order.
wandb: WARNING Tried to log to step 4 that is less than the current step 67. Steps must be monotonically increasing, so this data will be ignored. See https://wandb.me/define-metric to log data out of order.
wandb: WARNING Tried to log to step 4 that is less than the current step 67. Steps must be monotonically increasing, so this data will be ignored. See https://wandb.me/define-metric to log data out of order.
wandb: WARNING Tried to log to step 4 that is less than the current step 67. Steps must be monotonically increasing, so this data will be ignored. See https://wandb.me/define-metric to log data out of order.
wandb: WARNING Tried to log to step 4 that is less than the current step 67. Steps must be monotonically increasing, so this data will be ignored. See https://wandb.me/define-metric to log data out of order.
wandb: WARNING Tried to log to step 4 that is less than the current step 67. Steps must be monotonically increasing, so this data will be ignored. See https://wandb.me/define-metric to log data out of order.
wandb: WARNING Tried to log to step 4 that is less than the current step 67. Steps must be monotonically increasing, so this data will be ignored. See https://wandb.me/define-metric to log data out of order.
wandb: WARNING Tried to log to step 4 that is less than the current step 67. Steps must be monotonically increasing, so this data will be ignored. See https://wandb.me/define-metric to log data out of order.
[08/18/25 02:56:11] INFO     fairseq2 - Train Metrics (step 5) - DPO Loss:      
                             0.68866 | Chosen Sequence Log Probabilities:       
                             -394.797 | Rejected Sequence Log Probabilities:    
                             -334.008 | Chosen Sequence Length: 719.531 |       
                             Rejected Sequence Length: 606.672 | NLL Loss:      
                             0.548691 | Gradient Norm: 148.104 | Data Epoch: 1 |
                             Data Time: <1s | Compute Time: 5s | Lapse Time: 5s 
                             | Total Time: 99s | Wall Time: 99s | Learning Rate:
                             9.33333e-08 | Batch Size: 64 | Elements per Batch: 
                             54,357 | Elements per Second: 9,190 | Number of    
                             Examples: 64 | Number of Elements: 54,357 | Number 
                             of Target Elements: 46,050 | Padding: 0 | Padding  
                             Ratio (%): 0% | Total Number of Examples: 320 |    
                             Total Number of Elements: 303,879 | Total Number of
                             Target Elements: 260,747 | Peak Active Device      
                             Memory: 59.94 GiB | Peak Active Device Memory (%): 
                             76% | Peak Reserved Device Memory: 71.55 GiB | Peak
                             Reserved Device Memory (%): 91%                    
[08/18/25 02:56:18] INFO     fairseq2 - Train Metrics (step 6) - DPO Loss:      
                             0.693237 | Chosen Sequence Log Probabilities:      
                             -376.133 | Rejected Sequence Log Probabilities:    
                             -327.875 | Chosen Sequence Length: 767.266 |       
                             Rejected Sequence Length: 683.531 | NLL Loss:      
                             0.490268 | Gradient Norm: 141.835 | Data Epoch: 1 |
                             Data Time: <1s | Compute Time: 6s | Lapse Time: 6s 
                             | Total Time: 106s | Wall Time: 106s | Learning    
                             Rate: 1.16667e-07 | Batch Size: 64 | Elements per  
                             Batch: 57,462 | Elements per Second: 8,430 | Number
                             of Examples: 64 | Number of Elements: 57,462 |     
                             Number of Target Elements: 49,105 | Padding: 0 |   
                             Padding Ratio (%): 0% | Total Number of Examples:  
                             384 | Total Number of Elements: 361,341 | Total    
                             Number of Target Elements: 309,852 | Peak Active   
                             Device Memory: 60.57 GiB | Peak Active Device      
                             Memory (%): 77% | Peak Reserved Device Memory:     
                             72.40 GiB | Peak Reserved Device Memory (%): 92%   
wandb: WARNING Tried to log to step 5 that is less than the current step 67. Steps must be monotonically increasing, so this data will be ignored. See https://wandb.me/define-metric to log data out of order.
wandb: WARNING Tried to log to step 5 that is less than the current step 67. Steps must be monotonically increasing, so this data will be ignored. See https://wandb.me/define-metric to log data out of order.
wandb: WARNING Tried to log to step 5 that is less than the current step 67. Steps must be monotonically increasing, so this data will be ignored. See https://wandb.me/define-metric to log data out of order.
wandb: WARNING Tried to log to step 5 that is less than the current step 67. Steps must be monotonically increasing, so this data will be ignored. See https://wandb.me/define-metric to log data out of order.
wandb: WARNING Tried to log to step 5 that is less than the current step 67. Steps must be monotonically increasing, so this data will be ignored. See https://wandb.me/define-metric to log data out of order.
wandb: WARNING Tried to log to step 5 that is less than the current step 67. Steps must be monotonically increasing, so this data will be ignored. See https://wandb.me/define-metric to log data out of order.
wandb: WARNING Tried to log to step 5 that is less than the current step 67. Steps must be monotonically increasing, so this data will be ignored. See https://wandb.me/define-metric to log data out of order.
wandb: WARNING Tried to log to step 5 that is less than the current step 67. Steps must be monotonically increasing, so this data will be ignored. See https://wandb.me/define-metric to log data out of order.
wandb: WARNING Tried to log to step 5 that is less than the current step 67. Steps must be monotonically increasing, so this data will be ignored. See https://wandb.me/define-metric to log data out of order.
wandb: WARNING Tried to log to step 5 that is less than the current step 67. Steps must be monotonically increasing, so this data will be ignored. See https://wandb.me/define-metric to log data out of order.
wandb: WARNING Tried to log to step 5 that is less than the current step 67. Steps must be monotonically increasing, so this data will be ignored. See https://wandb.me/define-metric to log data out of order.
wandb: WARNING Tried to log to step 5 that is less than the current step 67. Steps must be monotonically increasing, so this data will be ignored. See https://wandb.me/define-metric to log data out of order.
wandb: WARNING Tried to log to step 5 that is less than the current step 67. Steps must be monotonically increasing, so this data will be ignored. See https://wandb.me/define-metric to log data out of order.
wandb: WARNING Tried to log to step 5 that is less than the current step 67. Steps must be monotonically increasing, so this data will be ignored. See https://wandb.me/define-metric to log data out of order.
wandb: WARNING Tried to log to step 5 that is less than the current step 67. Steps must be monotonically increasing, so this data will be ignored. See https://wandb.me/define-metric to log data out of order.
wandb: WARNING Tried to log to step 5 that is less than the current step 67. Steps must be monotonically increasing, so this data will be ignored. See https://wandb.me/define-metric to log data out of order.
wandb: WARNING Tried to log to step 5 that is less than the current step 67. Steps must be monotonically increasing, so this data will be ignored. See https://wandb.me/define-metric to log data out of order.
wandb: WARNING Tried to log to step 5 that is less than the current step 67. Steps must be monotonically increasing, so this data will be ignored. See https://wandb.me/define-metric to log data out of order.
wandb: WARNING Tried to log to step 5 that is less than the current step 67. Steps must be monotonically increasing, so this data will be ignored. See https://wandb.me/define-metric to log data out of order.
wandb: WARNING Tried to log to step 5 that is less than the current step 67. Steps must be monotonically increasing, so this data will be ignored. See https://wandb.me/define-metric to log data out of order.
wandb: WARNING Tried to log to step 5 that is less than the current step 67. Steps must be monotonically increasing, so this data will be ignored. See https://wandb.me/define-metric to log data out of order.
wandb: WARNING Tried to log to step 5 that is less than the current step 67. Steps must be monotonically increasing, so this data will be ignored. See https://wandb.me/define-metric to log data out of order.
wandb: WARNING Tried to log to step 5 that is less than the current step 67. Steps must be monotonically increasing, so this data will be ignored. See https://wandb.me/define-metric to log data out of order.
wandb: WARNING Tried to log to step 5 that is less than the current step 67. Steps must be monotonically increasing, so this data will be ignored. See https://wandb.me/define-metric to log data out of order.
wandb: WARNING Tried to log to step 5 that is less than the current step 67. Steps must be monotonically increasing, so this data will be ignored. See https://wandb.me/define-metric to log data out of order.
wandb: WARNING Tried to log to step 5 that is less than the current step 67. Steps must be monotonically increasing, so this data will be ignored. See https://wandb.me/define-metric to log data out of order.
wandb: WARNING Tried to log to step 5 that is less than the current step 67. Steps must be monotonically increasing, so this data will be ignored. See https://wandb.me/define-metric to log data out of order.
wandb: WARNING Tried to log to step 5 that is less than the current step 67. Steps must be monotonically increasing, so this data will be ignored. See https://wandb.me/define-metric to log data out of order.
wandb: WARNING Tried to log to step 5 that is less than the current step 67. Steps must be monotonically increasing, so this data will be ignored. See https://wandb.me/define-metric to log data out of order.
wandb: WARNING Tried to log to step 6 that is less than the current step 67. Steps must be monotonically increasing, so this data will be ignored. See https://wandb.me/define-metric to log data out of order.
wandb: WARNING Tried to log to step 6 that is less than the current step 67. Steps must be monotonically increasing, so this data will be ignored. See https://wandb.me/define-metric to log data out of order.
wandb: WARNING Tried to log to step 6 that is less than the current step 67. Steps must be monotonically increasing, so this data will be ignored. See https://wandb.me/define-metric to log data out of order.
wandb: WARNING Tried to log to step 6 that is less than the current step 67. Steps must be monotonically increasing, so this data will be ignored. See https://wandb.me/define-metric to log data out of order.
wandb: WARNING Tried to log to step 6 that is less than the current step 67. Steps must be monotonically increasing, so this data will be ignored. See https://wandb.me/define-metric to log data out of order.
wandb: WARNING Tried to log to step 6 that is less than the current step 67. Steps must be monotonically increasing, so this data will be ignored. See https://wandb.me/define-metric to log data out of order.
wandb: WARNING Tried to log to step 6 that is less than the current step 67. Steps must be monotonically increasing, so this data will be ignored. See https://wandb.me/define-metric to log data out of order.
wandb: WARNING Tried to log to step 6 that is less than the current step 67. Steps must be monotonically increasing, so this data will be ignored. See https://wandb.me/define-metric to log data out of order.
wandb: WARNING Tried to log to step 6 that is less than the current step 67. Steps must be monotonically increasing, so this data will be ignored. See https://wandb.me/define-metric to log data out of order.
wandb: WARNING Tried to log to step 6 that is less than the current step 67. Steps must be monotonically increasing, so this data will be ignored. See https://wandb.me/define-metric to log data out of order.
wandb: WARNING Tried to log to step 6 that is less than the current step 67. Steps must be monotonically increasing, so this data will be ignored. See https://wandb.me/define-metric to log data out of order.
wandb: WARNING Tried to log to step 6 that is less than the current step 67. Steps must be monotonically increasing, so this data will be ignored. See https://wandb.me/define-metric to log data out of order.
wandb: WARNING Tried to log to step 6 that is less than the current step 67. Steps must be monotonically increasing, so this data will be ignored. See https://wandb.me/define-metric to log data out of order.
wandb: WARNING Tried to log to step 6 that is less than the current step 67. Steps must be monotonically increasing, so this data will be ignored. See https://wandb.me/define-metric to log data out of order.
wandb: WARNING Tried to log to step 6 that is less than the current step 67. Steps must be monotonically increasing, so this data will be ignored. See https://wandb.me/define-metric to log data out of order.
wandb: WARNING Tried to log to step 6 that is less than the current step 67. Steps must be monotonically increasing, so this data will be ignored. See https://wandb.me/define-metric to log data out of order.
wandb: WARNING Tried to log to step 6 that is less than the current step 67. Steps must be monotonically increasing, so this data will be ignored. See https://wandb.me/define-metric to log data out of order.
wandb: WARNING Tried to log to step 6 that is less than the current step 67. Steps must be monotonically increasing, so this data will be ignored. See https://wandb.me/define-metric to log data out of order.
wandb: WARNING Tried to log to step 6 that is less than the current step 67. Steps must be monotonically increasing, so this data will be ignored. See https://wandb.me/define-metric to log data out of order.
wandb: WARNING Tried to log to step 6 that is less than the current step 67. Steps must be monotonically increasing, so this data will be ignored. See https://wandb.me/define-metric to log data out of order.
wandb: WARNING Tried to log to step 6 that is less than the current step 67. Steps must be monotonically increasing, so this data will be ignored. See https://wandb.me/define-metric to log data out of order.
wandb: WARNING Tried to log to step 6 that is less than the current step 67. Steps must be monotonically increasing, so this data will be ignored. See https://wandb.me/define-metric to log data out of order.
wandb: WARNING Tried to log to step 6 that is less than the current step 67. Steps must be monotonically increasing, so this data will be ignored. See https://wandb.me/define-metric to log data out of order.
wandb: WARNING Tried to log to step 6 that is less than the current step 67. Steps must be monotonically increasing, so this data will be ignored. See https://wandb.me/define-metric to log data out of order.
wandb: WARNING Tried to log to step 6 that is less than the current step 67. Steps must be monotonically increasing, so this data will be ignored. See https://wandb.me/define-metric to log data out of order.
wandb: WARNING Tried to log to step 6 that is less than the current step 67. Steps must be monotonically increasing, so this data will be ignored. See https://wandb.me/define-metric to log data out of order.
wandb: WARNING Tried to log to step 6 that is less than the current step 67. Steps must be monotonically increasing, so this data will be ignored. See https://wandb.me/define-metric to log data out of order.
wandb: WARNING Tried to log to step 6 that is less than the current step 67. Steps must be monotonically increasing, so this data will be ignored. See https://wandb.me/define-metric to log data out of order.
wandb: WARNING Tried to log to step 6 that is less than the current step 67. Steps must be monotonically increasing, so this data will be ignored. See https://wandb.me/define-metric to log data out of order.
[08/18/25 02:56:26] INFO     fairseq2 - Train Metrics (step 7) - DPO Loss:      
                             0.708801 | Chosen Sequence Log Probabilities:      
                             -400.234 | Rejected Sequence Log Probabilities:    
                             -379.586 | Chosen Sequence Length: 854.656 |       
                             Rejected Sequence Length: 805.453 | NLL Loss:      
                             0.468133 | Gradient Norm: 154.937 | Data Epoch: 1 |
                             Data Time: <1s | Compute Time: 7s | Lapse Time: 7s 
                             | Total Time: 114s | Wall Time: 114s | Learning    
                             Rate: 1.4e-07 | Batch Size: 64 | Elements per      
                             Batch: 64,869 | Elements per Second: 8,535 | Number
                             of Examples: 64 | Number of Elements: 64,869 |     
                             Number of Target Elements: 54,698 | Padding: 0 |   
                             Padding Ratio (%): 0% | Total Number of Examples:  
                             448 | Total Number of Elements: 426,210 | Total    
                             Number of Target Elements: 364,550 | Peak Active   
                             Device Memory: 59.87 GiB | Peak Active Device      
                             Memory (%): 76% | Peak Reserved Device Memory:     
                             72.40 GiB | Peak Reserved Device Memory (%): 92%   
wandb: WARNING Tried to log to step 7 that is less than the current step 67. Steps must be monotonically increasing, so this data will be ignored. See https://wandb.me/define-metric to log data out of order.
wandb: WARNING Tried to log to step 7 that is less than the current step 67. Steps must be monotonically increasing, so this data will be ignored. See https://wandb.me/define-metric to log data out of order.
wandb: WARNING Tried to log to step 7 that is less than the current step 67. Steps must be monotonically increasing, so this data will be ignored. See https://wandb.me/define-metric to log data out of order.
wandb: WARNING Tried to log to step 7 that is less than the current step 67. Steps must be monotonically increasing, so this data will be ignored. See https://wandb.me/define-metric to log data out of order.
wandb: WARNING Tried to log to step 7 that is less than the current step 67. Steps must be monotonically increasing, so this data will be ignored. See https://wandb.me/define-metric to log data out of order.
wandb: WARNING Tried to log to step 7 that is less than the current step 67. Steps must be monotonically increasing, so this data will be ignored. See https://wandb.me/define-metric to log data out of order.
wandb: WARNING Tried to log to step 7 that is less than the current step 67. Steps must be monotonically increasing, so this data will be ignored. See https://wandb.me/define-metric to log data out of order.
wandb: WARNING Tried to log to step 7 that is less than the current step 67. Steps must be monotonically increasing, so this data will be ignored. See https://wandb.me/define-metric to log data out of order.
wandb: WARNING Tried to log to step 7 that is less than the current step 67. Steps must be monotonically increasing, so this data will be ignored. See https://wandb.me/define-metric to log data out of order.
wandb: WARNING Tried to log to step 7 that is less than the current step 67. Steps must be monotonically increasing, so this data will be ignored. See https://wandb.me/define-metric to log data out of order.
wandb: WARNING Tried to log to step 7 that is less than the current step 67. Steps must be monotonically increasing, so this data will be ignored. See https://wandb.me/define-metric to log data out of order.
wandb: WARNING Tried to log to step 7 that is less than the current step 67. Steps must be monotonically increasing, so this data will be ignored. See https://wandb.me/define-metric to log data out of order.
wandb: WARNING Tried to log to step 7 that is less than the current step 67. Steps must be monotonically increasing, so this data will be ignored. See https://wandb.me/define-metric to log data out of order.
wandb: WARNING Tried to log to step 7 that is less than the current step 67. Steps must be monotonically increasing, so this data will be ignored. See https://wandb.me/define-metric to log data out of order.
wandb: WARNING Tried to log to step 7 that is less than the current step 67. Steps must be monotonically increasing, so this data will be ignored. See https://wandb.me/define-metric to log data out of order.
wandb: WARNING Tried to log to step 7 that is less than the current step 67. Steps must be monotonically increasing, so this data will be ignored. See https://wandb.me/define-metric to log data out of order.
wandb: WARNING Tried to log to step 7 that is less than the current step 67. Steps must be monotonically increasing, so this data will be ignored. See https://wandb.me/define-metric to log data out of order.
wandb: WARNING Tried to log to step 7 that is less than the current step 67. Steps must be monotonically increasing, so this data will be ignored. See https://wandb.me/define-metric to log data out of order.
wandb: WARNING Tried to log to step 7 that is less than the current step 67. Steps must be monotonically increasing, so this data will be ignored. See https://wandb.me/define-metric to log data out of order.
wandb: WARNING Tried to log to step 7 that is less than the current step 67. Steps must be monotonically increasing, so this data will be ignored. See https://wandb.me/define-metric to log data out of order.
wandb: WARNING Tried to log to step 7 that is less than the current step 67. Steps must be monotonically increasing, so this data will be ignored. See https://wandb.me/define-metric to log data out of order.
wandb: WARNING Tried to log to step 7 that is less than the current step 67. Steps must be monotonically increasing, so this data will be ignored. See https://wandb.me/define-metric to log data out of order.
wandb: WARNING Tried to log to step 7 that is less than the current step 67. Steps must be monotonically increasing, so this data will be ignored. See https://wandb.me/define-metric to log data out of order.
wandb: WARNING Tried to log to step 7 that is less than the current step 67. Steps must be monotonically increasing, so this data will be ignored. See https://wandb.me/define-metric to log data out of order.
wandb: WARNING Tried to log to step 7 that is less than the current step 67. Steps must be monotonically increasing, so this data will be ignored. See https://wandb.me/define-metric to log data out of order.
wandb: WARNING Tried to log to step 7 that is less than the current step 67. Steps must be monotonically increasing, so this data will be ignored. See https://wandb.me/define-metric to log data out of order.
wandb: WARNING Tried to log to step 7 that is less than the current step 67. Steps must be monotonically increasing, so this data will be ignored. See https://wandb.me/define-metric to log data out of order.
wandb: WARNING Tried to log to step 7 that is less than the current step 67. Steps must be monotonically increasing, so this data will be ignored. See https://wandb.me/define-metric to log data out of order.
wandb: WARNING Tried to log to step 7 that is less than the current step 67. Steps must be monotonically increasing, so this data will be ignored. See https://wandb.me/define-metric to log data out of order.
[08/18/25 02:56:32] INFO     fairseq2 - Train Metrics (step 8) - DPO Loss:      
                             0.673096 | Chosen Sequence Log Probabilities:      
                             -428.344 | Rejected Sequence Log Probabilities:    
                             -365.484 | Chosen Sequence Length: 744.438 |       
                             Rejected Sequence Length: 690.359 | NLL Loss:      
                             0.575355 | Gradient Norm: 156.132 | Data Epoch: 1 |
                             Data Time: <1s | Compute Time: 6s | Lapse Time: 6s 
                             | Total Time: 120s | Wall Time: 120s | Learning    
                             Rate: 1.63333e-07 | Batch Size: 64 | Elements per  
                             Batch: 57,853 | Elements per Second: 8,730 | Number
                             of Examples: 64 | Number of Elements: 57,853 |     
                             Number of Target Elements: 47,644 | Padding: 0 |   
                             Padding Ratio (%): 0% | Total Number of Examples:  
                             512 | Total Number of Elements: 484,063 | Total    
                             Number of Target Elements: 412,194 | Peak Active   
                             Device Memory: 59.88 GiB | Peak Active Device      
                             Memory (%): 76% | Peak Reserved Device Memory:     
                             72.40 GiB | Peak Reserved Device Memory (%): 92%   
[08/18/25 02:56:40] INFO     fairseq2 - Train Metrics (step 9) - DPO Loss:      
                             0.644531 | Chosen Sequence Log Probabilities:      
                             -458.195 | Rejected Sequence Log Probabilities:    
                             -338.289 | Chosen Sequence Length: 928.266 |       
                             Rejected Sequence Length: 659.844 | NLL Loss:      
                             0.493926 | Gradient Norm: 156.531 | Data Epoch: 1 |
                             Data Time: <1s | Compute Time: 7s | Lapse Time: 7s 
                             | Total Time: 128s | Wall Time: 128s | Learning    
                             Rate: 1.86667e-07 | Batch Size: 64 | Elements per  
                             Batch: 68,193 | Elements per Second: 8,586 | Number
                             of Examples: 64 | Number of Elements: 68,193 |     
                             Number of Target Elements: 59,409 | Padding: 0 |   
                             Padding Ratio (%): 0% | Total Number of Examples:  
                             576 | Total Number of Elements: 552,256 | Total    
                             Number of Target Elements: 471,603 | Peak Active   
                             Device Memory: 67.51 GiB | Peak Active Device      
                             Memory (%): 86% | Peak Reserved Device Memory:     
                             74.55 GiB | Peak Reserved Device Memory (%): 95%   
wandb: WARNING Tried to log to step 8 that is less than the current step 67. Steps must be monotonically increasing, so this data will be ignored. See https://wandb.me/define-metric to log data out of order.
wandb: WARNING Tried to log to step 8 that is less than the current step 67. Steps must be monotonically increasing, so this data will be ignored. See https://wandb.me/define-metric to log data out of order.
wandb: WARNING Tried to log to step 8 that is less than the current step 67. Steps must be monotonically increasing, so this data will be ignored. See https://wandb.me/define-metric to log data out of order.
wandb: WARNING Tried to log to step 8 that is less than the current step 67. Steps must be monotonically increasing, so this data will be ignored. See https://wandb.me/define-metric to log data out of order.
wandb: WARNING Tried to log to step 8 that is less than the current step 67. Steps must be monotonically increasing, so this data will be ignored. See https://wandb.me/define-metric to log data out of order.
wandb: WARNING Tried to log to step 8 that is less than the current step 67. Steps must be monotonically increasing, so this data will be ignored. See https://wandb.me/define-metric to log data out of order.
wandb: WARNING Tried to log to step 8 that is less than the current step 67. Steps must be monotonically increasing, so this data will be ignored. See https://wandb.me/define-metric to log data out of order.
wandb: WARNING Tried to log to step 8 that is less than the current step 67. Steps must be monotonically increasing, so this data will be ignored. See https://wandb.me/define-metric to log data out of order.
wandb: WARNING Tried to log to step 8 that is less than the current step 67. Steps must be monotonically increasing, so this data will be ignored. See https://wandb.me/define-metric to log data out of order.
wandb: WARNING Tried to log to step 8 that is less than the current step 67. Steps must be monotonically increasing, so this data will be ignored. See https://wandb.me/define-metric to log data out of order.
wandb: WARNING Tried to log to step 8 that is less than the current step 67. Steps must be monotonically increasing, so this data will be ignored. See https://wandb.me/define-metric to log data out of order.
wandb: WARNING Tried to log to step 8 that is less than the current step 67. Steps must be monotonically increasing, so this data will be ignored. See https://wandb.me/define-metric to log data out of order.
wandb: WARNING Tried to log to step 8 that is less than the current step 67. Steps must be monotonically increasing, so this data will be ignored. See https://wandb.me/define-metric to log data out of order.
wandb: WARNING Tried to log to step 8 that is less than the current step 67. Steps must be monotonically increasing, so this data will be ignored. See https://wandb.me/define-metric to log data out of order.
wandb: WARNING Tried to log to step 8 that is less than the current step 67. Steps must be monotonically increasing, so this data will be ignored. See https://wandb.me/define-metric to log data out of order.
wandb: WARNING Tried to log to step 8 that is less than the current step 67. Steps must be monotonically increasing, so this data will be ignored. See https://wandb.me/define-metric to log data out of order.
wandb: WARNING Tried to log to step 8 that is less than the current step 67. Steps must be monotonically increasing, so this data will be ignored. See https://wandb.me/define-metric to log data out of order.
wandb: WARNING Tried to log to step 8 that is less than the current step 67. Steps must be monotonically increasing, so this data will be ignored. See https://wandb.me/define-metric to log data out of order.
wandb: WARNING Tried to log to step 8 that is less than the current step 67. Steps must be monotonically increasing, so this data will be ignored. See https://wandb.me/define-metric to log data out of order.
wandb: WARNING Tried to log to step 8 that is less than the current step 67. Steps must be monotonically increasing, so this data will be ignored. See https://wandb.me/define-metric to log data out of order.
wandb: WARNING Tried to log to step 8 that is less than the current step 67. Steps must be monotonically increasing, so this data will be ignored. See https://wandb.me/define-metric to log data out of order.
wandb: WARNING Tried to log to step 8 that is less than the current step 67. Steps must be monotonically increasing, so this data will be ignored. See https://wandb.me/define-metric to log data out of order.
wandb: WARNING Tried to log to step 8 that is less than the current step 67. Steps must be monotonically increasing, so this data will be ignored. See https://wandb.me/define-metric to log data out of order.
wandb: WARNING Tried to log to step 8 that is less than the current step 67. Steps must be monotonically increasing, so this data will be ignored. See https://wandb.me/define-metric to log data out of order.
wandb: WARNING Tried to log to step 8 that is less than the current step 67. Steps must be monotonically increasing, so this data will be ignored. See https://wandb.me/define-metric to log data out of order.
wandb: WARNING Tried to log to step 8 that is less than the current step 67. Steps must be monotonically increasing, so this data will be ignored. See https://wandb.me/define-metric to log data out of order.
wandb: WARNING Tried to log to step 8 that is less than the current step 67. Steps must be monotonically increasing, so this data will be ignored. See https://wandb.me/define-metric to log data out of order.
wandb: WARNING Tried to log to step 8 that is less than the current step 67. Steps must be monotonically increasing, so this data will be ignored. See https://wandb.me/define-metric to log data out of order.
wandb: WARNING Tried to log to step 8 that is less than the current step 67. Steps must be monotonically increasing, so this data will be ignored. See https://wandb.me/define-metric to log data out of order.
wandb: WARNING Tried to log to step 9 that is less than the current step 67. Steps must be monotonically increasing, so this data will be ignored. See https://wandb.me/define-metric to log data out of order.
wandb: WARNING Tried to log to step 9 that is less than the current step 67. Steps must be monotonically increasing, so this data will be ignored. See https://wandb.me/define-metric to log data out of order.
wandb: WARNING Tried to log to step 9 that is less than the current step 67. Steps must be monotonically increasing, so this data will be ignored. See https://wandb.me/define-metric to log data out of order.
wandb: WARNING Tried to log to step 9 that is less than the current step 67. Steps must be monotonically increasing, so this data will be ignored. See https://wandb.me/define-metric to log data out of order.
wandb: WARNING Tried to log to step 9 that is less than the current step 67. Steps must be monotonically increasing, so this data will be ignored. See https://wandb.me/define-metric to log data out of order.
wandb: WARNING Tried to log to step 9 that is less than the current step 67. Steps must be monotonically increasing, so this data will be ignored. See https://wandb.me/define-metric to log data out of order.
wandb: WARNING Tried to log to step 9 that is less than the current step 67. Steps must be monotonically increasing, so this data will be ignored. See https://wandb.me/define-metric to log data out of order.
wandb: WARNING Tried to log to step 9 that is less than the current step 67. Steps must be monotonically increasing, so this data will be ignored. See https://wandb.me/define-metric to log data out of order.
wandb: WARNING Tried to log to step 9 that is less than the current step 67. Steps must be monotonically increasing, so this data will be ignored. See https://wandb.me/define-metric to log data out of order.
wandb: WARNING Tried to log to step 9 that is less than the current step 67. Steps must be monotonically increasing, so this data will be ignored. See https://wandb.me/define-metric to log data out of order.
wandb: WARNING Tried to log to step 9 that is less than the current step 67. Steps must be monotonically increasing, so this data will be ignored. See https://wandb.me/define-metric to log data out of order.
wandb: WARNING Tried to log to step 9 that is less than the current step 67. Steps must be monotonically increasing, so this data will be ignored. See https://wandb.me/define-metric to log data out of order.
wandb: WARNING Tried to log to step 9 that is less than the current step 67. Steps must be monotonically increasing, so this data will be ignored. See https://wandb.me/define-metric to log data out of order.
wandb: WARNING Tried to log to step 9 that is less than the current step 67. Steps must be monotonically increasing, so this data will be ignored. See https://wandb.me/define-metric to log data out of order.
wandb: WARNING Tried to log to step 9 that is less than the current step 67. Steps must be monotonically increasing, so this data will be ignored. See https://wandb.me/define-metric to log data out of order.
wandb: WARNING Tried to log to step 9 that is less than the current step 67. Steps must be monotonically increasing, so this data will be ignored. See https://wandb.me/define-metric to log data out of order.
wandb: WARNING Tried to log to step 9 that is less than the current step 67. Steps must be monotonically increasing, so this data will be ignored. See https://wandb.me/define-metric to log data out of order.
wandb: WARNING Tried to log to step 9 that is less than the current step 67. Steps must be monotonically increasing, so this data will be ignored. See https://wandb.me/define-metric to log data out of order.
wandb: WARNING Tried to log to step 9 that is less than the current step 67. Steps must be monotonically increasing, so this data will be ignored. See https://wandb.me/define-metric to log data out of order.
wandb: WARNING Tried to log to step 9 that is less than the current step 67. Steps must be monotonically increasing, so this data will be ignored. See https://wandb.me/define-metric to log data out of order.
wandb: WARNING Tried to log to step 9 that is less than the current step 67. Steps must be monotonically increasing, so this data will be ignored. See https://wandb.me/define-metric to log data out of order.
wandb: WARNING Tried to log to step 9 that is less than the current step 67. Steps must be monotonically increasing, so this data will be ignored. See https://wandb.me/define-metric to log data out of order.
wandb: WARNING Tried to log to step 9 that is less than the current step 67. Steps must be monotonically increasing, so this data will be ignored. See https://wandb.me/define-metric to log data out of order.
wandb: WARNING Tried to log to step 9 that is less than the current step 67. Steps must be monotonically increasing, so this data will be ignored. See https://wandb.me/define-metric to log data out of order.
wandb: WARNING Tried to log to step 9 that is less than the current step 67. Steps must be monotonically increasing, so this data will be ignored. See https://wandb.me/define-metric to log data out of order.
wandb: WARNING Tried to log to step 9 that is less than the current step 67. Steps must be monotonically increasing, so this data will be ignored. See https://wandb.me/define-metric to log data out of order.
wandb: WARNING Tried to log to step 9 that is less than the current step 67. Steps must be monotonically increasing, so this data will be ignored. See https://wandb.me/define-metric to log data out of order.
wandb: WARNING Tried to log to step 9 that is less than the current step 67. Steps must be monotonically increasing, so this data will be ignored. See https://wandb.me/define-metric to log data out of order.
wandb: WARNING Tried to log to step 9 that is less than the current step 67. Steps must be monotonically increasing, so this data will be ignored. See https://wandb.me/define-metric to log data out of order.
[08/18/25 02:56:49] INFO     fairseq2 - Train Metrics (step 10) - DPO Loss:     
                             0.658936 | Chosen Sequence Log Probabilities:      
                             -425.414 | Rejected Sequence Log Probabilities:    
                             -309.703 | Chosen Sequence Length: 905.875 |       
                             Rejected Sequence Length: 663.781 | NLL Loss:      
                             0.469701 | Gradient Norm: 149.123 | Data Epoch: 1 |
                             Data Time: <1s | Compute Time: 9s | Lapse Time: 9s 
                             | Total Time: 138s | Wall Time: 138s | Learning    
                             Rate: 2.1e-07 | Batch Size: 64 | Elements per      
                             Batch: 67,002 | Elements per Second: 7,387 | Number
                             of Examples: 64 | Number of Elements: 67,002 |     
                             Number of Target Elements: 57,976 | Padding: 0 |   
                             Padding Ratio (%): 0% | Total Number of Examples:  
                             640 | Total Number of Elements: 619,258 | Total    
                             Number of Target Elements: 529,579 | Peak Active   
                             Device Memory: 61.28 GiB | Peak Active Device      
                             Memory (%): 78% | Peak Reserved Device Memory:     
                             72.09 GiB | Peak Reserved Device Memory (%): 92%   
wandb: WARNING Tried to log to step 10 that is less than the current step 67. Steps must be monotonically increasing, so this data will be ignored. See https://wandb.me/define-metric to log data out of order.
wandb: WARNING Tried to log to step 10 that is less than the current step 67. Steps must be monotonically increasing, so this data will be ignored. See https://wandb.me/define-metric to log data out of order.
wandb: WARNING Tried to log to step 10 that is less than the current step 67. Steps must be monotonically increasing, so this data will be ignored. See https://wandb.me/define-metric to log data out of order.
wandb: WARNING Tried to log to step 10 that is less than the current step 67. Steps must be monotonically increasing, so this data will be ignored. See https://wandb.me/define-metric to log data out of order.
wandb: WARNING Tried to log to step 10 that is less than the current step 67. Steps must be monotonically increasing, so this data will be ignored. See https://wandb.me/define-metric to log data out of order.
wandb: WARNING Tried to log to step 10 that is less than the current step 67. Steps must be monotonically increasing, so this data will be ignored. See https://wandb.me/define-metric to log data out of order.
wandb: WARNING Tried to log to step 10 that is less than the current step 67. Steps must be monotonically increasing, so this data will be ignored. See https://wandb.me/define-metric to log data out of order.
wandb: WARNING Tried to log to step 10 that is less than the current step 67. Steps must be monotonically increasing, so this data will be ignored. See https://wandb.me/define-metric to log data out of order.
wandb: WARNING Tried to log to step 10 that is less than the current step 67. Steps must be monotonically increasing, so this data will be ignored. See https://wandb.me/define-metric to log data out of order.
wandb: WARNING Tried to log to step 10 that is less than the current step 67. Steps must be monotonically increasing, so this data will be ignored. See https://wandb.me/define-metric to log data out of order.
wandb: WARNING Tried to log to step 10 that is less than the current step 67. Steps must be monotonically increasing, so this data will be ignored. See https://wandb.me/define-metric to log data out of order.
wandb: WARNING Tried to log to step 10 that is less than the current step 67. Steps must be monotonically increasing, so this data will be ignored. See https://wandb.me/define-metric to log data out of order.
wandb: WARNING Tried to log to step 10 that is less than the current step 67. Steps must be monotonically increasing, so this data will be ignored. See https://wandb.me/define-metric to log data out of order.
wandb: WARNING Tried to log to step 10 that is less than the current step 67. Steps must be monotonically increasing, so this data will be ignored. See https://wandb.me/define-metric to log data out of order.
wandb: WARNING Tried to log to step 10 that is less than the current step 67. Steps must be monotonically increasing, so this data will be ignored. See https://wandb.me/define-metric to log data out of order.
wandb: WARNING Tried to log to step 10 that is less than the current step 67. Steps must be monotonically increasing, so this data will be ignored. See https://wandb.me/define-metric to log data out of order.
wandb: WARNING Tried to log to step 10 that is less than the current step 67. Steps must be monotonically increasing, so this data will be ignored. See https://wandb.me/define-metric to log data out of order.
wandb: WARNING Tried to log to step 10 that is less than the current step 67. Steps must be monotonically increasing, so this data will be ignored. See https://wandb.me/define-metric to log data out of order.
wandb: WARNING Tried to log to step 10 that is less than the current step 67. Steps must be monotonically increasing, so this data will be ignored. See https://wandb.me/define-metric to log data out of order.
wandb: WARNING Tried to log to step 10 that is less than the current step 67. Steps must be monotonically increasing, so this data will be ignored. See https://wandb.me/define-metric to log data out of order.
wandb: WARNING Tried to log to step 10 that is less than the current step 67. Steps must be monotonically increasing, so this data will be ignored. See https://wandb.me/define-metric to log data out of order.
wandb: WARNING Tried to log to step 10 that is less than the current step 67. Steps must be monotonically increasing, so this data will be ignored. See https://wandb.me/define-metric to log data out of order.
wandb: WARNING Tried to log to step 10 that is less than the current step 67. Steps must be monotonically increasing, so this data will be ignored. See https://wandb.me/define-metric to log data out of order.
wandb: WARNING Tried to log to step 10 that is less than the current step 67. Steps must be monotonically increasing, so this data will be ignored. See https://wandb.me/define-metric to log data out of order.
wandb: WARNING Tried to log to step 10 that is less than the current step 67. Steps must be monotonically increasing, so this data will be ignored. See https://wandb.me/define-metric to log data out of order.
wandb: WARNING Tried to log to step 10 that is less than the current step 67. Steps must be monotonically increasing, so this data will be ignored. See https://wandb.me/define-metric to log data out of order.
wandb: WARNING Tried to log to step 10 that is less than the current step 67. Steps must be monotonically increasing, so this data will be ignored. See https://wandb.me/define-metric to log data out of order.
wandb: WARNING Tried to log to step 10 that is less than the current step 67. Steps must be monotonically increasing, so this data will be ignored. See https://wandb.me/define-metric to log data out of order.
wandb: WARNING Tried to log to step 10 that is less than the current step 67. Steps must be monotonically increasing, so this data will be ignored. See https://wandb.me/define-metric to log data out of order.
[08/18/25 02:56:58] INFO     fairseq2 - Train Metrics (step 11) - DPO Loss:     
                             0.607056 | Chosen Sequence Log Probabilities:      
                             -420.031 | Rejected Sequence Log Probabilities:    
                             -360.797 | Chosen Sequence Length: 757.219 |       
                             Rejected Sequence Length: 707 | NLL Loss: 0.554888 
                             | Gradient Norm: 118.511 | Data Epoch: 1 | Data    
                             Time: <1s | Compute Time: 8s | Lapse Time: 8s |    
                             Total Time: 146s | Wall Time: 146s | Learning Rate:
                             2.33333e-07 | Batch Size: 64 | Elements per Batch: 
                             58,907 | Elements per Second: 7,163 | Number of    
                             Examples: 64 | Number of Elements: 58,907 | Number 
                             of Target Elements: 48,462 | Padding: 0 | Padding  
                             Ratio (%): 0% | Total Number of Examples: 704 |    
                             Total Number of Elements: 678,165 | Total Number of
                             Target Elements: 578,041 | Peak Active Device      
                             Memory: 59.87 GiB | Peak Active Device Memory (%): 
                             76% | Peak Reserved Device Memory: 72.09 GiB | Peak
                             Reserved Device Memory (%): 92%                    
wandb: WARNING Tried to log to step 11 that is less than the current step 67. Steps must be monotonically increasing, so this data will be ignored. See https://wandb.me/define-metric to log data out of order.
wandb: WARNING Tried to log to step 11 that is less than the current step 67. Steps must be monotonically increasing, so this data will be ignored. See https://wandb.me/define-metric to log data out of order.
wandb: WARNING Tried to log to step 11 that is less than the current step 67. Steps must be monotonically increasing, so this data will be ignored. See https://wandb.me/define-metric to log data out of order.
wandb: WARNING Tried to log to step 11 that is less than the current step 67. Steps must be monotonically increasing, so this data will be ignored. See https://wandb.me/define-metric to log data out of order.
wandb: WARNING Tried to log to step 11 that is less than the current step 67. Steps must be monotonically increasing, so this data will be ignored. See https://wandb.me/define-metric to log data out of order.
wandb: WARNING Tried to log to step 11 that is less than the current step 67. Steps must be monotonically increasing, so this data will be ignored. See https://wandb.me/define-metric to log data out of order.
wandb: WARNING Tried to log to step 11 that is less than the current step 67. Steps must be monotonically increasing, so this data will be ignored. See https://wandb.me/define-metric to log data out of order.
wandb: WARNING Tried to log to step 11 that is less than the current step 67. Steps must be monotonically increasing, so this data will be ignored. See https://wandb.me/define-metric to log data out of order.
wandb: WARNING Tried to log to step 11 that is less than the current step 67. Steps must be monotonically increasing, so this data will be ignored. See https://wandb.me/define-metric to log data out of order.
wandb: WARNING Tried to log to step 11 that is less than the current step 67. Steps must be monotonically increasing, so this data will be ignored. See https://wandb.me/define-metric to log data out of order.
wandb: WARNING Tried to log to step 11 that is less than the current step 67. Steps must be monotonically increasing, so this data will be ignored. See https://wandb.me/define-metric to log data out of order.
wandb: WARNING Tried to log to step 11 that is less than the current step 67. Steps must be monotonically increasing, so this data will be ignored. See https://wandb.me/define-metric to log data out of order.
wandb: WARNING Tried to log to step 11 that is less than the current step 67. Steps must be monotonically increasing, so this data will be ignored. See https://wandb.me/define-metric to log data out of order.
wandb: WARNING Tried to log to step 11 that is less than the current step 67. Steps must be monotonically increasing, so this data will be ignored. See https://wandb.me/define-metric to log data out of order.
wandb: WARNING Tried to log to step 11 that is less than the current step 67. Steps must be monotonically increasing, so this data will be ignored. See https://wandb.me/define-metric to log data out of order.
wandb: WARNING Tried to log to step 11 that is less than the current step 67. Steps must be monotonically increasing, so this data will be ignored. See https://wandb.me/define-metric to log data out of order.
wandb: WARNING Tried to log to step 11 that is less than the current step 67. Steps must be monotonically increasing, so this data will be ignored. See https://wandb.me/define-metric to log data out of order.
wandb: WARNING Tried to log to step 11 that is less than the current step 67. Steps must be monotonically increasing, so this data will be ignored. See https://wandb.me/define-metric to log data out of order.
wandb: WARNING Tried to log to step 11 that is less than the current step 67. Steps must be monotonically increasing, so this data will be ignored. See https://wandb.me/define-metric to log data out of order.
wandb: WARNING Tried to log to step 11 that is less than the current step 67. Steps must be monotonically increasing, so this data will be ignored. See https://wandb.me/define-metric to log data out of order.
wandb: WARNING Tried to log to step 11 that is less than the current step 67. Steps must be monotonically increasing, so this data will be ignored. See https://wandb.me/define-metric to log data out of order.
wandb: WARNING Tried to log to step 11 that is less than the current step 67. Steps must be monotonically increasing, so this data will be ignored. See https://wandb.me/define-metric to log data out of order.
wandb: WARNING Tried to log to step 11 that is less than the current step 67. Steps must be monotonically increasing, so this data will be ignored. See https://wandb.me/define-metric to log data out of order.
wandb: WARNING Tried to log to step 11 that is less than the current step 67. Steps must be monotonically increasing, so this data will be ignored. See https://wandb.me/define-metric to log data out of order.
wandb: WARNING Tried to log to step 11 that is less than the current step 67. Steps must be monotonically increasing, so this data will be ignored. See https://wandb.me/define-metric to log data out of order.
wandb: WARNING Tried to log to step 11 that is less than the current step 67. Steps must be monotonically increasing, so this data will be ignored. See https://wandb.me/define-metric to log data out of order.
wandb: WARNING Tried to log to step 11 that is less than the current step 67. Steps must be monotonically increasing, so this data will be ignored. See https://wandb.me/define-metric to log data out of order.
wandb: WARNING Tried to log to step 11 that is less than the current step 67. Steps must be monotonically increasing, so this data will be ignored. See https://wandb.me/define-metric to log data out of order.
wandb: WARNING Tried to log to step 11 that is less than the current step 67. Steps must be monotonically increasing, so this data will be ignored. See https://wandb.me/define-metric to log data out of order.
[08/18/25 02:57:06] INFO     fairseq2 - Train Metrics (step 12) - DPO Loss:     
                             0.565491 | Chosen Sequence Log Probabilities:      
                             -439.852 | Rejected Sequence Log Probabilities:    
                             -314.766 | Chosen Sequence Length: 759.688 |       
                             Rejected Sequence Length: 622.75 | NLL Loss:       
                             0.57902 | Gradient Norm: 131.185 | Data Epoch: 1 | 
                             Data Time: <1s | Compute Time: 8s | Lapse Time: 8s 
                             | Total Time: 154s | Wall Time: 154s | Learning    
                             Rate: 2.56667e-07 | Batch Size: 64 | Elements per  
                             Batch: 58,635 | Elements per Second: 7,292 | Number
                             of Examples: 64 | Number of Elements: 58,635 |     
                             Number of Target Elements: 48,620 | Padding: 0 |   
                             Padding Ratio (%): 0% | Total Number of Examples:  
                             768 | Total Number of Elements: 736,800 | Total    
                             Number of Target Elements: 626,661 | Peak Active   
                             Device Memory: 60.20 GiB | Peak Active Device      
                             Memory (%): 77% | Peak Reserved Device Memory:     
                             72.09 GiB | Peak Reserved Device Memory (%): 92%   
wandb: WARNING Tried to log to step 12 that is less than the current step 67. Steps must be monotonically increasing, so this data will be ignored. See https://wandb.me/define-metric to log data out of order.
wandb: WARNING Tried to log to step 12 that is less than the current step 67. Steps must be monotonically increasing, so this data will be ignored. See https://wandb.me/define-metric to log data out of order.
wandb: WARNING Tried to log to step 12 that is less than the current step 67. Steps must be monotonically increasing, so this data will be ignored. See https://wandb.me/define-metric to log data out of order.
wandb: WARNING Tried to log to step 12 that is less than the current step 67. Steps must be monotonically increasing, so this data will be ignored. See https://wandb.me/define-metric to log data out of order.
wandb: WARNING Tried to log to step 12 that is less than the current step 67. Steps must be monotonically increasing, so this data will be ignored. See https://wandb.me/define-metric to log data out of order.
wandb: WARNING Tried to log to step 12 that is less than the current step 67. Steps must be monotonically increasing, so this data will be ignored. See https://wandb.me/define-metric to log data out of order.
wandb: WARNING Tried to log to step 12 that is less than the current step 67. Steps must be monotonically increasing, so this data will be ignored. See https://wandb.me/define-metric to log data out of order.
wandb: WARNING Tried to log to step 12 that is less than the current step 67. Steps must be monotonically increasing, so this data will be ignored. See https://wandb.me/define-metric to log data out of order.
wandb: WARNING Tried to log to step 12 that is less than the current step 67. Steps must be monotonically increasing, so this data will be ignored. See https://wandb.me/define-metric to log data out of order.
wandb: WARNING Tried to log to step 12 that is less than the current step 67. Steps must be monotonically increasing, so this data will be ignored. See https://wandb.me/define-metric to log data out of order.
wandb: WARNING Tried to log to step 12 that is less than the current step 67. Steps must be monotonically increasing, so this data will be ignored. See https://wandb.me/define-metric to log data out of order.
wandb: WARNING Tried to log to step 12 that is less than the current step 67. Steps must be monotonically increasing, so this data will be ignored. See https://wandb.me/define-metric to log data out of order.
wandb: WARNING Tried to log to step 12 that is less than the current step 67. Steps must be monotonically increasing, so this data will be ignored. See https://wandb.me/define-metric to log data out of order.
wandb: WARNING Tried to log to step 12 that is less than the current step 67. Steps must be monotonically increasing, so this data will be ignored. See https://wandb.me/define-metric to log data out of order.
wandb: WARNING Tried to log to step 12 that is less than the current step 67. Steps must be monotonically increasing, so this data will be ignored. See https://wandb.me/define-metric to log data out of order.
wandb: WARNING Tried to log to step 12 that is less than the current step 67. Steps must be monotonically increasing, so this data will be ignored. See https://wandb.me/define-metric to log data out of order.
wandb: WARNING Tried to log to step 12 that is less than the current step 67. Steps must be monotonically increasing, so this data will be ignored. See https://wandb.me/define-metric to log data out of order.
wandb: WARNING Tried to log to step 12 that is less than the current step 67. Steps must be monotonically increasing, so this data will be ignored. See https://wandb.me/define-metric to log data out of order.
wandb: WARNING Tried to log to step 12 that is less than the current step 67. Steps must be monotonically increasing, so this data will be ignored. See https://wandb.me/define-metric to log data out of order.
wandb: WARNING Tried to log to step 12 that is less than the current step 67. Steps must be monotonically increasing, so this data will be ignored. See https://wandb.me/define-metric to log data out of order.
wandb: WARNING Tried to log to step 12 that is less than the current step 67. Steps must be monotonically increasing, so this data will be ignored. See https://wandb.me/define-metric to log data out of order.
wandb: WARNING Tried to log to step 12 that is less than the current step 67. Steps must be monotonically increasing, so this data will be ignored. See https://wandb.me/define-metric to log data out of order.
wandb: WARNING Tried to log to step 12 that is less than the current step 67. Steps must be monotonically increasing, so this data will be ignored. See https://wandb.me/define-metric to log data out of order.
wandb: WARNING Tried to log to step 12 that is less than the current step 67. Steps must be monotonically increasing, so this data will be ignored. See https://wandb.me/define-metric to log data out of order.
wandb: WARNING Tried to log to step 12 that is less than the current step 67. Steps must be monotonically increasing, so this data will be ignored. See https://wandb.me/define-metric to log data out of order.
wandb: WARNING Tried to log to step 12 that is less than the current step 67. Steps must be monotonically increasing, so this data will be ignored. See https://wandb.me/define-metric to log data out of order.
wandb: WARNING Tried to log to step 12 that is less than the current step 67. Steps must be monotonically increasing, so this data will be ignored. See https://wandb.me/define-metric to log data out of order.
wandb: WARNING Tried to log to step 12 that is less than the current step 67. Steps must be monotonically increasing, so this data will be ignored. See https://wandb.me/define-metric to log data out of order.
wandb: WARNING Tried to log to step 12 that is less than the current step 67. Steps must be monotonically increasing, so this data will be ignored. See https://wandb.me/define-metric to log data out of order.
[08/18/25 02:57:16] INFO     fairseq2 - Train Metrics (step 13) - DPO Loss:     
                             0.555359 | Chosen Sequence Log Probabilities:      
                             -456.594 | Rejected Sequence Log Probabilities:    
                             -326.547 | Chosen Sequence Length: 1015.73 |       
                             Rejected Sequence Length: 771.016 | NLL Loss:      
                             0.449587 | Gradient Norm: 117.866 | Data Epoch: 1 |
                             Data Time: <1s | Compute Time: 10s | Lapse Time:   
                             10s | Total Time: 164s | Wall Time: 164s | Learning
                             Rate: 2.8e-07 | Batch Size: 64 | Elements per      
                             Batch: 74,346 | Elements per Second: 7,131 | Number
                             of Examples: 64 | Number of Elements: 74,346 |     
                             Number of Target Elements: 65,007 | Padding: 0 |   
                             Padding Ratio (%): 0% | Total Number of Examples:  
                             832 | Total Number of Elements: 811,146 | Total    
                             Number of Target Elements: 691,668 | Peak Active   
                             Device Memory: 59.80 GiB | Peak Active Device      
                             Memory (%): 76% | Peak Reserved Device Memory:     
                             72.09 GiB | Peak Reserved Device Memory (%): 92%   
wandb: WARNING Tried to log to step 13 that is less than the current step 67. Steps must be monotonically increasing, so this data will be ignored. See https://wandb.me/define-metric to log data out of order.
wandb: WARNING Tried to log to step 13 that is less than the current step 67. Steps must be monotonically increasing, so this data will be ignored. See https://wandb.me/define-metric to log data out of order.
wandb: WARNING Tried to log to step 13 that is less than the current step 67. Steps must be monotonically increasing, so this data will be ignored. See https://wandb.me/define-metric to log data out of order.
wandb: WARNING Tried to log to step 13 that is less than the current step 67. Steps must be monotonically increasing, so this data will be ignored. See https://wandb.me/define-metric to log data out of order.
wandb: WARNING Tried to log to step 13 that is less than the current step 67. Steps must be monotonically increasing, so this data will be ignored. See https://wandb.me/define-metric to log data out of order.
wandb: WARNING Tried to log to step 13 that is less than the current step 67. Steps must be monotonically increasing, so this data will be ignored. See https://wandb.me/define-metric to log data out of order.
wandb: WARNING Tried to log to step 13 that is less than the current step 67. Steps must be monotonically increasing, so this data will be ignored. See https://wandb.me/define-metric to log data out of order.
wandb: WARNING Tried to log to step 13 that is less than the current step 67. Steps must be monotonically increasing, so this data will be ignored. See https://wandb.me/define-metric to log data out of order.
wandb: WARNING Tried to log to step 13 that is less than the current step 67. Steps must be monotonically increasing, so this data will be ignored. See https://wandb.me/define-metric to log data out of order.
wandb: WARNING Tried to log to step 13 that is less than the current step 67. Steps must be monotonically increasing, so this data will be ignored. See https://wandb.me/define-metric to log data out of order.
wandb: WARNING Tried to log to step 13 that is less than the current step 67. Steps must be monotonically increasing, so this data will be ignored. See https://wandb.me/define-metric to log data out of order.
wandb: WARNING Tried to log to step 13 that is less than the current step 67. Steps must be monotonically increasing, so this data will be ignored. See https://wandb.me/define-metric to log data out of order.
wandb: WARNING Tried to log to step 13 that is less than the current step 67. Steps must be monotonically increasing, so this data will be ignored. See https://wandb.me/define-metric to log data out of order.
wandb: WARNING Tried to log to step 13 that is less than the current step 67. Steps must be monotonically increasing, so this data will be ignored. See https://wandb.me/define-metric to log data out of order.
wandb: WARNING Tried to log to step 13 that is less than the current step 67. Steps must be monotonically increasing, so this data will be ignored. See https://wandb.me/define-metric to log data out of order.
wandb: WARNING Tried to log to step 13 that is less than the current step 67. Steps must be monotonically increasing, so this data will be ignored. See https://wandb.me/define-metric to log data out of order.
wandb: WARNING Tried to log to step 13 that is less than the current step 67. Steps must be monotonically increasing, so this data will be ignored. See https://wandb.me/define-metric to log data out of order.
wandb: WARNING Tried to log to step 13 that is less than the current step 67. Steps must be monotonically increasing, so this data will be ignored. See https://wandb.me/define-metric to log data out of order.
wandb: WARNING Tried to log to step 13 that is less than the current step 67. Steps must be monotonically increasing, so this data will be ignored. See https://wandb.me/define-metric to log data out of order.
wandb: WARNING Tried to log to step 13 that is less than the current step 67. Steps must be monotonically increasing, so this data will be ignored. See https://wandb.me/define-metric to log data out of order.
wandb: WARNING Tried to log to step 13 that is less than the current step 67. Steps must be monotonically increasing, so this data will be ignored. See https://wandb.me/define-metric to log data out of order.
wandb: WARNING Tried to log to step 13 that is less than the current step 67. Steps must be monotonically increasing, so this data will be ignored. See https://wandb.me/define-metric to log data out of order.
wandb: WARNING Tried to log to step 13 that is less than the current step 67. Steps must be monotonically increasing, so this data will be ignored. See https://wandb.me/define-metric to log data out of order.
wandb: WARNING Tried to log to step 13 that is less than the current step 67. Steps must be monotonically increasing, so this data will be ignored. See https://wandb.me/define-metric to log data out of order.
wandb: WARNING Tried to log to step 13 that is less than the current step 67. Steps must be monotonically increasing, so this data will be ignored. See https://wandb.me/define-metric to log data out of order.
wandb: WARNING Tried to log to step 13 that is less than the current step 67. Steps must be monotonically increasing, so this data will be ignored. See https://wandb.me/define-metric to log data out of order.
wandb: WARNING Tried to log to step 13 that is less than the current step 67. Steps must be monotonically increasing, so this data will be ignored. See https://wandb.me/define-metric to log data out of order.
wandb: WARNING Tried to log to step 13 that is less than the current step 67. Steps must be monotonically increasing, so this data will be ignored. See https://wandb.me/define-metric to log data out of order.
wandb: WARNING Tried to log to step 13 that is less than the current step 67. Steps must be monotonically increasing, so this data will be ignored. See https://wandb.me/define-metric to log data out of order.
[08/18/25 02:57:24] INFO     fairseq2 - Train Metrics (step 14) - DPO Loss:     
                             0.541656 | Chosen Sequence Log Probabilities:      
                             -424.523 | Rejected Sequence Log Probabilities:    
                             -311.008 | Chosen Sequence Length: 781.734 |       
                             Rejected Sequence Length: 647.234 | NLL Loss:      
                             0.543084 | Gradient Norm: 117.663 | Data Epoch: 1 |
                             Data Time: <1s | Compute Time: 7s | Lapse Time: 7s 
                             | Total Time: 172s | Wall Time: 172s | Learning    
                             Rate: 3.03333e-07 | Batch Size: 64 | Elements per  
                             Batch: 59,013 | Elements per Second: 8,267 | Number
                             of Examples: 64 | Number of Elements: 59,013 |     
                             Number of Target Elements: 50,031 | Padding: 0 |   
                             Padding Ratio (%): 0% | Total Number of Examples:  
                             896 | Total Number of Elements: 870,159 | Total    
                             Number of Target Elements: 741,699 | Peak Active   
                             Device Memory: 60.70 GiB | Peak Active Device      
                             Memory (%): 77% | Peak Reserved Device Memory:     
                             72.09 GiB | Peak Reserved Device Memory (%): 92%   
[08/18/25 02:57:30] INFO     fairseq2 - Train Metrics (step 15) - DPO Loss:     
                             0.491779 | Chosen Sequence Log Probabilities:      
                             -389.586 | Rejected Sequence Log Probabilities:    
                             -376.555 | Chosen Sequence Length: 723.344 |       
                             Rejected Sequence Length: 685.328 | NLL Loss:      
                             0.538475 | Gradient Norm: 75.0032 | Data Epoch: 1 |
                             Data Time: <1s | Compute Time: 6s | Lapse Time: 6s 
                             | Total Time: 178s | Wall Time: 178s | Learning    
                             Rate: 3.26667e-07 | Batch Size: 64 | Elements per  
                             Batch: 55,676 | Elements per Second: 9,035 | Number
                             of Examples: 64 | Number of Elements: 55,676 |     
                             Number of Target Elements: 46,294 | Padding: 0 |   
                             Padding Ratio (%): 0% | Total Number of Examples:  
                             960 | Total Number of Elements: 925,835 | Total    
                             Number of Target Elements: 787,993 | Peak Active   
                             Device Memory: 61.35 GiB | Peak Active Device      
                             Memory (%): 78% | Peak Reserved Device Memory:     
                             73.98 GiB | Peak Reserved Device Memory (%): 94%   
wandb: WARNING Tried to log to step 14 that is less than the current step 67. Steps must be monotonically increasing, so this data will be ignored. See https://wandb.me/define-metric to log data out of order.
wandb: WARNING Tried to log to step 14 that is less than the current step 67. Steps must be monotonically increasing, so this data will be ignored. See https://wandb.me/define-metric to log data out of order.
wandb: WARNING Tried to log to step 14 that is less than the current step 67. Steps must be monotonically increasing, so this data will be ignored. See https://wandb.me/define-metric to log data out of order.
wandb: WARNING Tried to log to step 14 that is less than the current step 67. Steps must be monotonically increasing, so this data will be ignored. See https://wandb.me/define-metric to log data out of order.
wandb: WARNING Tried to log to step 14 that is less than the current step 67. Steps must be monotonically increasing, so this data will be ignored. See https://wandb.me/define-metric to log data out of order.
wandb: WARNING Tried to log to step 14 that is less than the current step 67. Steps must be monotonically increasing, so this data will be ignored. See https://wandb.me/define-metric to log data out of order.
wandb: WARNING Tried to log to step 14 that is less than the current step 67. Steps must be monotonically increasing, so this data will be ignored. See https://wandb.me/define-metric to log data out of order.
wandb: WARNING Tried to log to step 14 that is less than the current step 67. Steps must be monotonically increasing, so this data will be ignored. See https://wandb.me/define-metric to log data out of order.
wandb: WARNING Tried to log to step 14 that is less than the current step 67. Steps must be monotonically increasing, so this data will be ignored. See https://wandb.me/define-metric to log data out of order.
wandb: WARNING Tried to log to step 14 that is less than the current step 67. Steps must be monotonically increasing, so this data will be ignored. See https://wandb.me/define-metric to log data out of order.
wandb: WARNING Tried to log to step 14 that is less than the current step 67. Steps must be monotonically increasing, so this data will be ignored. See https://wandb.me/define-metric to log data out of order.
wandb: WARNING Tried to log to step 14 that is less than the current step 67. Steps must be monotonically increasing, so this data will be ignored. See https://wandb.me/define-metric to log data out of order.
wandb: WARNING Tried to log to step 14 that is less than the current step 67. Steps must be monotonically increasing, so this data will be ignored. See https://wandb.me/define-metric to log data out of order.
wandb: WARNING Tried to log to step 14 that is less than the current step 67. Steps must be monotonically increasing, so this data will be ignored. See https://wandb.me/define-metric to log data out of order.
wandb: WARNING Tried to log to step 14 that is less than the current step 67. Steps must be monotonically increasing, so this data will be ignored. See https://wandb.me/define-metric to log data out of order.
wandb: WARNING Tried to log to step 14 that is less than the current step 67. Steps must be monotonically increasing, so this data will be ignored. See https://wandb.me/define-metric to log data out of order.
wandb: WARNING Tried to log to step 14 that is less than the current step 67. Steps must be monotonically increasing, so this data will be ignored. See https://wandb.me/define-metric to log data out of order.
wandb: WARNING Tried to log to step 14 that is less than the current step 67. Steps must be monotonically increasing, so this data will be ignored. See https://wandb.me/define-metric to log data out of order.
wandb: WARNING Tried to log to step 14 that is less than the current step 67. Steps must be monotonically increasing, so this data will be ignored. See https://wandb.me/define-metric to log data out of order.
wandb: WARNING Tried to log to step 14 that is less than the current step 67. Steps must be monotonically increasing, so this data will be ignored. See https://wandb.me/define-metric to log data out of order.
wandb: WARNING Tried to log to step 14 that is less than the current step 67. Steps must be monotonically increasing, so this data will be ignored. See https://wandb.me/define-metric to log data out of order.
wandb: WARNING Tried to log to step 14 that is less than the current step 67. Steps must be monotonically increasing, so this data will be ignored. See https://wandb.me/define-metric to log data out of order.
wandb: WARNING Tried to log to step 14 that is less than the current step 67. Steps must be monotonically increasing, so this data will be ignored. See https://wandb.me/define-metric to log data out of order.
wandb: WARNING Tried to log to step 14 that is less than the current step 67. Steps must be monotonically increasing, so this data will be ignored. See https://wandb.me/define-metric to log data out of order.
wandb: WARNING Tried to log to step 14 that is less than the current step 67. Steps must be monotonically increasing, so this data will be ignored. See https://wandb.me/define-metric to log data out of order.
wandb: WARNING Tried to log to step 14 that is less than the current step 67. Steps must be monotonically increasing, so this data will be ignored. See https://wandb.me/define-metric to log data out of order.
wandb: WARNING Tried to log to step 14 that is less than the current step 67. Steps must be monotonically increasing, so this data will be ignored. See https://wandb.me/define-metric to log data out of order.
wandb: WARNING Tried to log to step 14 that is less than the current step 67. Steps must be monotonically increasing, so this data will be ignored. See https://wandb.me/define-metric to log data out of order.
wandb: WARNING Tried to log to step 14 that is less than the current step 67. Steps must be monotonically increasing, so this data will be ignored. See https://wandb.me/define-metric to log data out of order.
wandb: WARNING Tried to log to step 15 that is less than the current step 67. Steps must be monotonically increasing, so this data will be ignored. See https://wandb.me/define-metric to log data out of order.
wandb: WARNING Tried to log to step 15 that is less than the current step 67. Steps must be monotonically increasing, so this data will be ignored. See https://wandb.me/define-metric to log data out of order.
wandb: WARNING Tried to log to step 15 that is less than the current step 67. Steps must be monotonically increasing, so this data will be ignored. See https://wandb.me/define-metric to log data out of order.
wandb: WARNING Tried to log to step 15 that is less than the current step 67. Steps must be monotonically increasing, so this data will be ignored. See https://wandb.me/define-metric to log data out of order.
wandb: WARNING Tried to log to step 15 that is less than the current step 67. Steps must be monotonically increasing, so this data will be ignored. See https://wandb.me/define-metric to log data out of order.
wandb: WARNING Tried to log to step 15 that is less than the current step 67. Steps must be monotonically increasing, so this data will be ignored. See https://wandb.me/define-metric to log data out of order.
wandb: WARNING Tried to log to step 15 that is less than the current step 67. Steps must be monotonically increasing, so this data will be ignored. See https://wandb.me/define-metric to log data out of order.
wandb: WARNING Tried to log to step 15 that is less than the current step 67. Steps must be monotonically increasing, so this data will be ignored. See https://wandb.me/define-metric to log data out of order.
wandb: WARNING Tried to log to step 15 that is less than the current step 67. Steps must be monotonically increasing, so this data will be ignored. See https://wandb.me/define-metric to log data out of order.
wandb: WARNING Tried to log to step 15 that is less than the current step 67. Steps must be monotonically increasing, so this data will be ignored. See https://wandb.me/define-metric to log data out of order.
wandb: WARNING Tried to log to step 15 that is less than the current step 67. Steps must be monotonically increasing, so this data will be ignored. See https://wandb.me/define-metric to log data out of order.
wandb: WARNING Tried to log to step 15 that is less than the current step 67. Steps must be monotonically increasing, so this data will be ignored. See https://wandb.me/define-metric to log data out of order.
wandb: WARNING Tried to log to step 15 that is less than the current step 67. Steps must be monotonically increasing, so this data will be ignored. See https://wandb.me/define-metric to log data out of order.
wandb: WARNING Tried to log to step 15 that is less than the current step 67. Steps must be monotonically increasing, so this data will be ignored. See https://wandb.me/define-metric to log data out of order.
wandb: WARNING Tried to log to step 15 that is less than the current step 67. Steps must be monotonically increasing, so this data will be ignored. See https://wandb.me/define-metric to log data out of order.
wandb: WARNING Tried to log to step 15 that is less than the current step 67. Steps must be monotonically increasing, so this data will be ignored. See https://wandb.me/define-metric to log data out of order.
wandb: WARNING Tried to log to step 15 that is less than the current step 67. Steps must be monotonically increasing, so this data will be ignored. See https://wandb.me/define-metric to log data out of order.
wandb: WARNING Tried to log to step 15 that is less than the current step 67. Steps must be monotonically increasing, so this data will be ignored. See https://wandb.me/define-metric to log data out of order.
wandb: WARNING Tried to log to step 15 that is less than the current step 67. Steps must be monotonically increasing, so this data will be ignored. See https://wandb.me/define-metric to log data out of order.
wandb: WARNING Tried to log to step 15 that is less than the current step 67. Steps must be monotonically increasing, so this data will be ignored. See https://wandb.me/define-metric to log data out of order.
wandb: WARNING Tried to log to step 15 that is less than the current step 67. Steps must be monotonically increasing, so this data will be ignored. See https://wandb.me/define-metric to log data out of order.
wandb: WARNING Tried to log to step 15 that is less than the current step 67. Steps must be monotonically increasing, so this data will be ignored. See https://wandb.me/define-metric to log data out of order.
wandb: WARNING Tried to log to step 15 that is less than the current step 67. Steps must be monotonically increasing, so this data will be ignored. See https://wandb.me/define-metric to log data out of order.
wandb: WARNING Tried to log to step 15 that is less than the current step 67. Steps must be monotonically increasing, so this data will be ignored. See https://wandb.me/define-metric to log data out of order.
wandb: WARNING Tried to log to step 15 that is less than the current step 67. Steps must be monotonically increasing, so this data will be ignored. See https://wandb.me/define-metric to log data out of order.
wandb: WARNING Tried to log to step 15 that is less than the current step 67. Steps must be monotonically increasing, so this data will be ignored. See https://wandb.me/define-metric to log data out of order.
wandb: WARNING Tried to log to step 15 that is less than the current step 67. Steps must be monotonically increasing, so this data will be ignored. See https://wandb.me/define-metric to log data out of order.
wandb: WARNING Tried to log to step 15 that is less than the current step 67. Steps must be monotonically increasing, so this data will be ignored. See https://wandb.me/define-metric to log data out of order.
wandb: WARNING Tried to log to step 15 that is less than the current step 67. Steps must be monotonically increasing, so this data will be ignored. See https://wandb.me/define-metric to log data out of order.
[08/18/25 02:57:41] INFO     fairseq2 - Train Metrics (step 16) - DPO Loss:     
                             0.388618 | Chosen Sequence Log Probabilities:      
                             -434.219 | Rejected Sequence Log Probabilities:    
                             -363.25 | Chosen Sequence Length: 907.391 |        
                             Rejected Sequence Length: 686.875 | NLL Loss:      
                             0.478404 | Gradient Norm: 70.8141 | Data Epoch: 1 |
                             Data Time: <1s | Compute Time: 11s | Lapse Time:   
                             11s | Total Time: 189s | Wall Time: 189s | Learning
                             Rate: 3.5e-07 | Batch Size: 64 | Elements per      
                             Batch: 66,438 | Elements per Second: 5,923 | Number
                             of Examples: 64 | Number of Elements: 66,438 |     
                             Number of Target Elements: 58,073 | Padding: 0 |   
                             Padding Ratio (%): 0% | Total Number of Examples:  
                             1,024 | Total Number of Elements: 992,273 | Total  
                             Number of Target Elements: 846,066 | Peak Active   
                             Device Memory: 61.15 GiB | Peak Active Device      
                             Memory (%): 78% | Peak Reserved Device Memory:     
                             73.98 GiB | Peak Reserved Device Memory (%): 94%   
[08/18/25 02:57:49] INFO     fairseq2 - Train Metrics (step 17) - DPO Loss:     
                             0.3427 | Chosen Sequence Log Probabilities:        
                             -464.406 | Rejected Sequence Log Probabilities:    
                             -385.484 | Chosen Sequence Length: 876.641 |       
                             Rejected Sequence Length: 719.406 | NLL Loss:      
                             0.529976 | Gradient Norm: 67.1787 | Data Epoch: 1 |
                             Data Time: <1s | Compute Time: 8s | Lapse Time: 8s 
                             | Total Time: 198s | Wall Time: 198s | Learning    
                             Rate: 3.73333e-07 | Batch Size: 64 | Elements per  
                             Batch: 65,042 | Elements per Second: 7,797 | Number
                             of Examples: 64 | Number of Elements: 65,042 |     
                             Number of Target Elements: 56,105 | Padding: 0 |   
                             Padding Ratio (%): 0% | Total Number of Examples:  
                             1,088 | Total Number of Elements: 1,057,315 | Total
                             Number of Target Elements: 902,171 | Peak Active   
                             Device Memory: 59.90 GiB | Peak Active Device      
                             Memory (%): 76% | Peak Reserved Device Memory:     
                             73.98 GiB | Peak Reserved Device Memory (%): 94%   
wandb: WARNING Tried to log to step 16 that is less than the current step 67. Steps must be monotonically increasing, so this data will be ignored. See https://wandb.me/define-metric to log data out of order.
wandb: WARNING Tried to log to step 16 that is less than the current step 67. Steps must be monotonically increasing, so this data will be ignored. See https://wandb.me/define-metric to log data out of order.
wandb: WARNING Tried to log to step 16 that is less than the current step 67. Steps must be monotonically increasing, so this data will be ignored. See https://wandb.me/define-metric to log data out of order.
wandb: WARNING Tried to log to step 16 that is less than the current step 67. Steps must be monotonically increasing, so this data will be ignored. See https://wandb.me/define-metric to log data out of order.
wandb: WARNING Tried to log to step 16 that is less than the current step 67. Steps must be monotonically increasing, so this data will be ignored. See https://wandb.me/define-metric to log data out of order.
wandb: WARNING Tried to log to step 16 that is less than the current step 67. Steps must be monotonically increasing, so this data will be ignored. See https://wandb.me/define-metric to log data out of order.
wandb: WARNING Tried to log to step 16 that is less than the current step 67. Steps must be monotonically increasing, so this data will be ignored. See https://wandb.me/define-metric to log data out of order.
wandb: WARNING Tried to log to step 16 that is less than the current step 67. Steps must be monotonically increasing, so this data will be ignored. See https://wandb.me/define-metric to log data out of order.
wandb: WARNING Tried to log to step 16 that is less than the current step 67. Steps must be monotonically increasing, so this data will be ignored. See https://wandb.me/define-metric to log data out of order.
wandb: WARNING Tried to log to step 16 that is less than the current step 67. Steps must be monotonically increasing, so this data will be ignored. See https://wandb.me/define-metric to log data out of order.
wandb: WARNING Tried to log to step 16 that is less than the current step 67. Steps must be monotonically increasing, so this data will be ignored. See https://wandb.me/define-metric to log data out of order.
wandb: WARNING Tried to log to step 16 that is less than the current step 67. Steps must be monotonically increasing, so this data will be ignored. See https://wandb.me/define-metric to log data out of order.
wandb: WARNING Tried to log to step 16 that is less than the current step 67. Steps must be monotonically increasing, so this data will be ignored. See https://wandb.me/define-metric to log data out of order.
wandb: WARNING Tried to log to step 16 that is less than the current step 67. Steps must be monotonically increasing, so this data will be ignored. See https://wandb.me/define-metric to log data out of order.
wandb: WARNING Tried to log to step 16 that is less than the current step 67. Steps must be monotonically increasing, so this data will be ignored. See https://wandb.me/define-metric to log data out of order.
wandb: WARNING Tried to log to step 16 that is less than the current step 67. Steps must be monotonically increasing, so this data will be ignored. See https://wandb.me/define-metric to log data out of order.
wandb: WARNING Tried to log to step 16 that is less than the current step 67. Steps must be monotonically increasing, so this data will be ignored. See https://wandb.me/define-metric to log data out of order.
wandb: WARNING Tried to log to step 16 that is less than the current step 67. Steps must be monotonically increasing, so this data will be ignored. See https://wandb.me/define-metric to log data out of order.
wandb: WARNING Tried to log to step 16 that is less than the current step 67. Steps must be monotonically increasing, so this data will be ignored. See https://wandb.me/define-metric to log data out of order.
wandb: WARNING Tried to log to step 16 that is less than the current step 67. Steps must be monotonically increasing, so this data will be ignored. See https://wandb.me/define-metric to log data out of order.
wandb: WARNING Tried to log to step 16 that is less than the current step 67. Steps must be monotonically increasing, so this data will be ignored. See https://wandb.me/define-metric to log data out of order.
wandb: WARNING Tried to log to step 16 that is less than the current step 67. Steps must be monotonically increasing, so this data will be ignored. See https://wandb.me/define-metric to log data out of order.
wandb: WARNING Tried to log to step 16 that is less than the current step 67. Steps must be monotonically increasing, so this data will be ignored. See https://wandb.me/define-metric to log data out of order.
wandb: WARNING Tried to log to step 16 that is less than the current step 67. Steps must be monotonically increasing, so this data will be ignored. See https://wandb.me/define-metric to log data out of order.
wandb: WARNING Tried to log to step 16 that is less than the current step 67. Steps must be monotonically increasing, so this data will be ignored. See https://wandb.me/define-metric to log data out of order.
wandb: WARNING Tried to log to step 16 that is less than the current step 67. Steps must be monotonically increasing, so this data will be ignored. See https://wandb.me/define-metric to log data out of order.
wandb: WARNING Tried to log to step 16 that is less than the current step 67. Steps must be monotonically increasing, so this data will be ignored. See https://wandb.me/define-metric to log data out of order.
wandb: WARNING Tried to log to step 16 that is less than the current step 67. Steps must be monotonically increasing, so this data will be ignored. See https://wandb.me/define-metric to log data out of order.
wandb: WARNING Tried to log to step 16 that is less than the current step 67. Steps must be monotonically increasing, so this data will be ignored. See https://wandb.me/define-metric to log data out of order.
wandb: WARNING Tried to log to step 17 that is less than the current step 67. Steps must be monotonically increasing, so this data will be ignored. See https://wandb.me/define-metric to log data out of order.
wandb: WARNING Tried to log to step 17 that is less than the current step 67. Steps must be monotonically increasing, so this data will be ignored. See https://wandb.me/define-metric to log data out of order.
wandb: WARNING Tried to log to step 17 that is less than the current step 67. Steps must be monotonically increasing, so this data will be ignored. See https://wandb.me/define-metric to log data out of order.
wandb: WARNING Tried to log to step 17 that is less than the current step 67. Steps must be monotonically increasing, so this data will be ignored. See https://wandb.me/define-metric to log data out of order.
wandb: WARNING Tried to log to step 17 that is less than the current step 67. Steps must be monotonically increasing, so this data will be ignored. See https://wandb.me/define-metric to log data out of order.
wandb: WARNING Tried to log to step 17 that is less than the current step 67. Steps must be monotonically increasing, so this data will be ignored. See https://wandb.me/define-metric to log data out of order.
wandb: WARNING Tried to log to step 17 that is less than the current step 67. Steps must be monotonically increasing, so this data will be ignored. See https://wandb.me/define-metric to log data out of order.
wandb: WARNING Tried to log to step 17 that is less than the current step 67. Steps must be monotonically increasing, so this data will be ignored. See https://wandb.me/define-metric to log data out of order.
wandb: WARNING Tried to log to step 17 that is less than the current step 67. Steps must be monotonically increasing, so this data will be ignored. See https://wandb.me/define-metric to log data out of order.
wandb: WARNING Tried to log to step 17 that is less than the current step 67. Steps must be monotonically increasing, so this data will be ignored. See https://wandb.me/define-metric to log data out of order.
wandb: WARNING Tried to log to step 17 that is less than the current step 67. Steps must be monotonically increasing, so this data will be ignored. See https://wandb.me/define-metric to log data out of order.
wandb: WARNING Tried to log to step 17 that is less than the current step 67. Steps must be monotonically increasing, so this data will be ignored. See https://wandb.me/define-metric to log data out of order.
wandb: WARNING Tried to log to step 17 that is less than the current step 67. Steps must be monotonically increasing, so this data will be ignored. See https://wandb.me/define-metric to log data out of order.
wandb: WARNING Tried to log to step 17 that is less than the current step 67. Steps must be monotonically increasing, so this data will be ignored. See https://wandb.me/define-metric to log data out of order.
wandb: WARNING Tried to log to step 17 that is less than the current step 67. Steps must be monotonically increasing, so this data will be ignored. See https://wandb.me/define-metric to log data out of order.
wandb: WARNING Tried to log to step 17 that is less than the current step 67. Steps must be monotonically increasing, so this data will be ignored. See https://wandb.me/define-metric to log data out of order.
wandb: WARNING Tried to log to step 17 that is less than the current step 67. Steps must be monotonically increasing, so this data will be ignored. See https://wandb.me/define-metric to log data out of order.
wandb: WARNING Tried to log to step 17 that is less than the current step 67. Steps must be monotonically increasing, so this data will be ignored. See https://wandb.me/define-metric to log data out of order.
wandb: WARNING Tried to log to step 17 that is less than the current step 67. Steps must be monotonically increasing, so this data will be ignored. See https://wandb.me/define-metric to log data out of order.
wandb: WARNING Tried to log to step 17 that is less than the current step 67. Steps must be monotonically increasing, so this data will be ignored. See https://wandb.me/define-metric to log data out of order.
wandb: WARNING Tried to log to step 17 that is less than the current step 67. Steps must be monotonically increasing, so this data will be ignored. See https://wandb.me/define-metric to log data out of order.
wandb: WARNING Tried to log to step 17 that is less than the current step 67. Steps must be monotonically increasing, so this data will be ignored. See https://wandb.me/define-metric to log data out of order.
wandb: WARNING Tried to log to step 17 that is less than the current step 67. Steps must be monotonically increasing, so this data will be ignored. See https://wandb.me/define-metric to log data out of order.
wandb: WARNING Tried to log to step 17 that is less than the current step 67. Steps must be monotonically increasing, so this data will be ignored. See https://wandb.me/define-metric to log data out of order.
wandb: WARNING Tried to log to step 17 that is less than the current step 67. Steps must be monotonically increasing, so this data will be ignored. See https://wandb.me/define-metric to log data out of order.
wandb: WARNING Tried to log to step 17 that is less than the current step 67. Steps must be monotonically increasing, so this data will be ignored. See https://wandb.me/define-metric to log data out of order.
wandb: WARNING Tried to log to step 17 that is less than the current step 67. Steps must be monotonically increasing, so this data will be ignored. See https://wandb.me/define-metric to log data out of order.
wandb: WARNING Tried to log to step 17 that is less than the current step 67. Steps must be monotonically increasing, so this data will be ignored. See https://wandb.me/define-metric to log data out of order.
wandb: WARNING Tried to log to step 17 that is less than the current step 67. Steps must be monotonically increasing, so this data will be ignored. See https://wandb.me/define-metric to log data out of order.
[08/18/25 02:58:01] INFO     fairseq2 - Train Metrics (step 18) - DPO Loss:     
                             0.383626 | Chosen Sequence Log Probabilities:      
                             -410.516 | Rejected Sequence Log Probabilities:    
                             -314.508 | Chosen Sequence Length: 843.516 |       
                             Rejected Sequence Length: 626.359 | NLL Loss:      
                             0.486444 | Gradient Norm: 60.3056 | Data Epoch: 1 |
                             Data Time: <1s | Compute Time: 11s | Lapse Time:   
                             11s | Total Time: 209s | Wall Time: 209s | Learning
                             Rate: 3.96667e-07 | Batch Size: 64 | Elements per  
                             Batch: 63,665 | Elements per Second: 5,608 | Number
                             of Examples: 64 | Number of Elements: 63,665 |     
                             Number of Target Elements: 53,985 | Padding: 0 |   
                             Padding Ratio (%): 0% | Total Number of Examples:  
                             1,152 | Total Number of Elements: 1,120,980 | Total
                             Number of Target Elements: 956,156 | Peak Active   
                             Device Memory: 59.94 GiB | Peak Active Device      
                             Memory (%): 76% | Peak Reserved Device Memory:     
                             73.98 GiB | Peak Reserved Device Memory (%): 94%   
[08/18/25 02:58:06] INFO     fairseq2 - Train Metrics (step 19) - DPO Loss:     
                             0.329163 | Chosen Sequence Log Probabilities:      
                             -399.828 | Rejected Sequence Log Probabilities:    
                             -306.352 | Chosen Sequence Length: 753.031 |       
                             Rejected Sequence Length: 624.641 | NLL Loss:      
                             0.531036 | Gradient Norm: 53.4252 | Data Epoch: 1 |
                             Data Time: <1s | Compute Time: 5s | Lapse Time: 5s 
                             | Total Time: 214s | Wall Time: 214s | Learning    
                             Rate: 4.2e-07 | Batch Size: 64 | Elements per      
                             Batch: 57,596 | Elements per Second: 11,288 |      
                             Number of Examples: 64 | Number of Elements: 57,596
                             | Number of Target Elements: 48,194 | Padding: 0 | 
                             Padding Ratio (%): 0% | Total Number of Examples:  
                             1,216 | Total Number of Elements: 1,178,576 | Total
                             Number of Target Elements: 1,004,350 | Peak Active 
                             Device Memory: 60.61 GiB | Peak Active Device      
                             Memory (%): 77% | Peak Reserved Device Memory:     
                             73.98 GiB | Peak Reserved Device Memory (%): 94%   
wandb: WARNING Tried to log to step 18 that is less than the current step 67. Steps must be monotonically increasing, so this data will be ignored. See https://wandb.me/define-metric to log data out of order.
wandb: WARNING Tried to log to step 18 that is less than the current step 67. Steps must be monotonically increasing, so this data will be ignored. See https://wandb.me/define-metric to log data out of order.
wandb: WARNING Tried to log to step 18 that is less than the current step 67. Steps must be monotonically increasing, so this data will be ignored. See https://wandb.me/define-metric to log data out of order.
wandb: WARNING Tried to log to step 18 that is less than the current step 67. Steps must be monotonically increasing, so this data will be ignored. See https://wandb.me/define-metric to log data out of order.
wandb: WARNING Tried to log to step 18 that is less than the current step 67. Steps must be monotonically increasing, so this data will be ignored. See https://wandb.me/define-metric to log data out of order.
wandb: WARNING Tried to log to step 18 that is less than the current step 67. Steps must be monotonically increasing, so this data will be ignored. See https://wandb.me/define-metric to log data out of order.
wandb: WARNING Tried to log to step 18 that is less than the current step 67. Steps must be monotonically increasing, so this data will be ignored. See https://wandb.me/define-metric to log data out of order.
wandb: WARNING Tried to log to step 18 that is less than the current step 67. Steps must be monotonically increasing, so this data will be ignored. See https://wandb.me/define-metric to log data out of order.
wandb: WARNING Tried to log to step 18 that is less than the current step 67. Steps must be monotonically increasing, so this data will be ignored. See https://wandb.me/define-metric to log data out of order.
wandb: WARNING Tried to log to step 18 that is less than the current step 67. Steps must be monotonically increasing, so this data will be ignored. See https://wandb.me/define-metric to log data out of order.
wandb: WARNING Tried to log to step 18 that is less than the current step 67. Steps must be monotonically increasing, so this data will be ignored. See https://wandb.me/define-metric to log data out of order.
wandb: WARNING Tried to log to step 18 that is less than the current step 67. Steps must be monotonically increasing, so this data will be ignored. See https://wandb.me/define-metric to log data out of order.
wandb: WARNING Tried to log to step 18 that is less than the current step 67. Steps must be monotonically increasing, so this data will be ignored. See https://wandb.me/define-metric to log data out of order.
wandb: WARNING Tried to log to step 18 that is less than the current step 67. Steps must be monotonically increasing, so this data will be ignored. See https://wandb.me/define-metric to log data out of order.
wandb: WARNING Tried to log to step 18 that is less than the current step 67. Steps must be monotonically increasing, so this data will be ignored. See https://wandb.me/define-metric to log data out of order.
wandb: WARNING Tried to log to step 18 that is less than the current step 67. Steps must be monotonically increasing, so this data will be ignored. See https://wandb.me/define-metric to log data out of order.
wandb: WARNING Tried to log to step 18 that is less than the current step 67. Steps must be monotonically increasing, so this data will be ignored. See https://wandb.me/define-metric to log data out of order.
wandb: WARNING Tried to log to step 18 that is less than the current step 67. Steps must be monotonically increasing, so this data will be ignored. See https://wandb.me/define-metric to log data out of order.
wandb: WARNING Tried to log to step 18 that is less than the current step 67. Steps must be monotonically increasing, so this data will be ignored. See https://wandb.me/define-metric to log data out of order.
wandb: WARNING Tried to log to step 18 that is less than the current step 67. Steps must be monotonically increasing, so this data will be ignored. See https://wandb.me/define-metric to log data out of order.
wandb: WARNING Tried to log to step 18 that is less than the current step 67. Steps must be monotonically increasing, so this data will be ignored. See https://wandb.me/define-metric to log data out of order.
wandb: WARNING Tried to log to step 18 that is less than the current step 67. Steps must be monotonically increasing, so this data will be ignored. See https://wandb.me/define-metric to log data out of order.
wandb: WARNING Tried to log to step 18 that is less than the current step 67. Steps must be monotonically increasing, so this data will be ignored. See https://wandb.me/define-metric to log data out of order.
wandb: WARNING Tried to log to step 18 that is less than the current step 67. Steps must be monotonically increasing, so this data will be ignored. See https://wandb.me/define-metric to log data out of order.
wandb: WARNING Tried to log to step 18 that is less than the current step 67. Steps must be monotonically increasing, so this data will be ignored. See https://wandb.me/define-metric to log data out of order.
wandb: WARNING Tried to log to step 18 that is less than the current step 67. Steps must be monotonically increasing, so this data will be ignored. See https://wandb.me/define-metric to log data out of order.
wandb: WARNING Tried to log to step 18 that is less than the current step 67. Steps must be monotonically increasing, so this data will be ignored. See https://wandb.me/define-metric to log data out of order.
wandb: WARNING Tried to log to step 18 that is less than the current step 67. Steps must be monotonically increasing, so this data will be ignored. See https://wandb.me/define-metric to log data out of order.
wandb: WARNING Tried to log to step 18 that is less than the current step 67. Steps must be monotonically increasing, so this data will be ignored. See https://wandb.me/define-metric to log data out of order.
wandb: WARNING Tried to log to step 19 that is less than the current step 67. Steps must be monotonically increasing, so this data will be ignored. See https://wandb.me/define-metric to log data out of order.
wandb: WARNING Tried to log to step 19 that is less than the current step 67. Steps must be monotonically increasing, so this data will be ignored. See https://wandb.me/define-metric to log data out of order.
wandb: WARNING Tried to log to step 19 that is less than the current step 67. Steps must be monotonically increasing, so this data will be ignored. See https://wandb.me/define-metric to log data out of order.
wandb: WARNING Tried to log to step 19 that is less than the current step 67. Steps must be monotonically increasing, so this data will be ignored. See https://wandb.me/define-metric to log data out of order.
wandb: WARNING Tried to log to step 19 that is less than the current step 67. Steps must be monotonically increasing, so this data will be ignored. See https://wandb.me/define-metric to log data out of order.
wandb: WARNING Tried to log to step 19 that is less than the current step 67. Steps must be monotonically increasing, so this data will be ignored. See https://wandb.me/define-metric to log data out of order.
wandb: WARNING Tried to log to step 19 that is less than the current step 67. Steps must be monotonically increasing, so this data will be ignored. See https://wandb.me/define-metric to log data out of order.
wandb: WARNING Tried to log to step 19 that is less than the current step 67. Steps must be monotonically increasing, so this data will be ignored. See https://wandb.me/define-metric to log data out of order.
wandb: WARNING Tried to log to step 19 that is less than the current step 67. Steps must be monotonically increasing, so this data will be ignored. See https://wandb.me/define-metric to log data out of order.
wandb: WARNING Tried to log to step 19 that is less than the current step 67. Steps must be monotonically increasing, so this data will be ignored. See https://wandb.me/define-metric to log data out of order.
wandb: WARNING Tried to log to step 19 that is less than the current step 67. Steps must be monotonically increasing, so this data will be ignored. See https://wandb.me/define-metric to log data out of order.
wandb: WARNING Tried to log to step 19 that is less than the current step 67. Steps must be monotonically increasing, so this data will be ignored. See https://wandb.me/define-metric to log data out of order.
wandb: WARNING Tried to log to step 19 that is less than the current step 67. Steps must be monotonically increasing, so this data will be ignored. See https://wandb.me/define-metric to log data out of order.
wandb: WARNING Tried to log to step 19 that is less than the current step 67. Steps must be monotonically increasing, so this data will be ignored. See https://wandb.me/define-metric to log data out of order.
wandb: WARNING Tried to log to step 19 that is less than the current step 67. Steps must be monotonically increasing, so this data will be ignored. See https://wandb.me/define-metric to log data out of order.
wandb: WARNING Tried to log to step 19 that is less than the current step 67. Steps must be monotonically increasing, so this data will be ignored. See https://wandb.me/define-metric to log data out of order.
wandb: WARNING Tried to log to step 19 that is less than the current step 67. Steps must be monotonically increasing, so this data will be ignored. See https://wandb.me/define-metric to log data out of order.
wandb: WARNING Tried to log to step 19 that is less than the current step 67. Steps must be monotonically increasing, so this data will be ignored. See https://wandb.me/define-metric to log data out of order.
wandb: WARNING Tried to log to step 19 that is less than the current step 67. Steps must be monotonically increasing, so this data will be ignored. See https://wandb.me/define-metric to log data out of order.
wandb: WARNING Tried to log to step 19 that is less than the current step 67. Steps must be monotonically increasing, so this data will be ignored. See https://wandb.me/define-metric to log data out of order.
wandb: WARNING Tried to log to step 19 that is less than the current step 67. Steps must be monotonically increasing, so this data will be ignored. See https://wandb.me/define-metric to log data out of order.
wandb: WARNING Tried to log to step 19 that is less than the current step 67. Steps must be monotonically increasing, so this data will be ignored. See https://wandb.me/define-metric to log data out of order.
wandb: WARNING Tried to log to step 19 that is less than the current step 67. Steps must be monotonically increasing, so this data will be ignored. See https://wandb.me/define-metric to log data out of order.
wandb: WARNING Tried to log to step 19 that is less than the current step 67. Steps must be monotonically increasing, so this data will be ignored. See https://wandb.me/define-metric to log data out of order.
wandb: WARNING Tried to log to step 19 that is less than the current step 67. Steps must be monotonically increasing, so this data will be ignored. See https://wandb.me/define-metric to log data out of order.
wandb: WARNING Tried to log to step 19 that is less than the current step 67. Steps must be monotonically increasing, so this data will be ignored. See https://wandb.me/define-metric to log data out of order.
wandb: WARNING Tried to log to step 19 that is less than the current step 67. Steps must be monotonically increasing, so this data will be ignored. See https://wandb.me/define-metric to log data out of order.
wandb: WARNING Tried to log to step 19 that is less than the current step 67. Steps must be monotonically increasing, so this data will be ignored. See https://wandb.me/define-metric to log data out of order.
wandb: WARNING Tried to log to step 19 that is less than the current step 67. Steps must be monotonically increasing, so this data will be ignored. See https://wandb.me/define-metric to log data out of order.
[08/18/25 02:58:12] INFO     fairseq2 - Train Metrics (step 20) - DPO Loss:     
                             0.280978 | Chosen Sequence Log Probabilities:      
                             -377.785 | Rejected Sequence Log Probabilities:    
                             -374.203 | Chosen Sequence Length: 716.188 |       
                             Rejected Sequence Length: 693.422 | NLL Loss:      
                             0.527579 | Gradient Norm: 47.3643 | Data Epoch: 1 |
                             Data Time: <1s | Compute Time: 5s | Lapse Time: 5s 
                             | Total Time: 220s | Wall Time: 220s | Learning    
                             Rate: 4.43333e-07 | Batch Size: 64 | Elements per  
                             Batch: 54,553 | Elements per Second: 9,724 | Number
                             of Examples: 64 | Number of Elements: 54,553 |     
                             Number of Target Elements: 45,836 | Padding: 0 |   
                             Padding Ratio (%): 0% | Total Number of Examples:  
                             1,280 | Total Number of Elements: 1,233,129 | Total
                             Number of Target Elements: 1,050,186 | Peak Active 
                             Device Memory: 59.87 GiB | Peak Active Device      
                             Memory (%): 76% | Peak Reserved Device Memory:     
                             73.98 GiB | Peak Reserved Device Memory (%): 94%   
wandb: WARNING Tried to log to step 20 that is less than the current step 67. Steps must be monotonically increasing, so this data will be ignored. See https://wandb.me/define-metric to log data out of order.
wandb: WARNING Tried to log to step 20 that is less than the current step 67. Steps must be monotonically increasing, so this data will be ignored. See https://wandb.me/define-metric to log data out of order.
wandb: WARNING Tried to log to step 20 that is less than the current step 67. Steps must be monotonically increasing, so this data will be ignored. See https://wandb.me/define-metric to log data out of order.
wandb: WARNING Tried to log to step 20 that is less than the current step 67. Steps must be monotonically increasing, so this data will be ignored. See https://wandb.me/define-metric to log data out of order.
wandb: WARNING Tried to log to step 20 that is less than the current step 67. Steps must be monotonically increasing, so this data will be ignored. See https://wandb.me/define-metric to log data out of order.
wandb: WARNING Tried to log to step 20 that is less than the current step 67. Steps must be monotonically increasing, so this data will be ignored. See https://wandb.me/define-metric to log data out of order.
wandb: WARNING Tried to log to step 20 that is less than the current step 67. Steps must be monotonically increasing, so this data will be ignored. See https://wandb.me/define-metric to log data out of order.
wandb: WARNING Tried to log to step 20 that is less than the current step 67. Steps must be monotonically increasing, so this data will be ignored. See https://wandb.me/define-metric to log data out of order.
wandb: WARNING Tried to log to step 20 that is less than the current step 67. Steps must be monotonically increasing, so this data will be ignored. See https://wandb.me/define-metric to log data out of order.
wandb: WARNING Tried to log to step 20 that is less than the current step 67. Steps must be monotonically increasing, so this data will be ignored. See https://wandb.me/define-metric to log data out of order.
wandb: WARNING Tried to log to step 20 that is less than the current step 67. Steps must be monotonically increasing, so this data will be ignored. See https://wandb.me/define-metric to log data out of order.
wandb: WARNING Tried to log to step 20 that is less than the current step 67. Steps must be monotonically increasing, so this data will be ignored. See https://wandb.me/define-metric to log data out of order.
wandb: WARNING Tried to log to step 20 that is less than the current step 67. Steps must be monotonically increasing, so this data will be ignored. See https://wandb.me/define-metric to log data out of order.
wandb: WARNING Tried to log to step 20 that is less than the current step 67. Steps must be monotonically increasing, so this data will be ignored. See https://wandb.me/define-metric to log data out of order.
wandb: WARNING Tried to log to step 20 that is less than the current step 67. Steps must be monotonically increasing, so this data will be ignored. See https://wandb.me/define-metric to log data out of order.
wandb: WARNING Tried to log to step 20 that is less than the current step 67. Steps must be monotonically increasing, so this data will be ignored. See https://wandb.me/define-metric to log data out of order.
wandb: WARNING Tried to log to step 20 that is less than the current step 67. Steps must be monotonically increasing, so this data will be ignored. See https://wandb.me/define-metric to log data out of order.
wandb: WARNING Tried to log to step 20 that is less than the current step 67. Steps must be monotonically increasing, so this data will be ignored. See https://wandb.me/define-metric to log data out of order.
wandb: WARNING Tried to log to step 20 that is less than the current step 67. Steps must be monotonically increasing, so this data will be ignored. See https://wandb.me/define-metric to log data out of order.
wandb: WARNING Tried to log to step 20 that is less than the current step 67. Steps must be monotonically increasing, so this data will be ignored. See https://wandb.me/define-metric to log data out of order.
wandb: WARNING Tried to log to step 20 that is less than the current step 67. Steps must be monotonically increasing, so this data will be ignored. See https://wandb.me/define-metric to log data out of order.
wandb: WARNING Tried to log to step 20 that is less than the current step 67. Steps must be monotonically increasing, so this data will be ignored. See https://wandb.me/define-metric to log data out of order.
wandb: WARNING Tried to log to step 20 that is less than the current step 67. Steps must be monotonically increasing, so this data will be ignored. See https://wandb.me/define-metric to log data out of order.
wandb: WARNING Tried to log to step 20 that is less than the current step 67. Steps must be monotonically increasing, so this data will be ignored. See https://wandb.me/define-metric to log data out of order.
wandb: WARNING Tried to log to step 20 that is less than the current step 67. Steps must be monotonically increasing, so this data will be ignored. See https://wandb.me/define-metric to log data out of order.
wandb: WARNING Tried to log to step 20 that is less than the current step 67. Steps must be monotonically increasing, so this data will be ignored. See https://wandb.me/define-metric to log data out of order.
wandb: WARNING Tried to log to step 20 that is less than the current step 67. Steps must be monotonically increasing, so this data will be ignored. See https://wandb.me/define-metric to log data out of order.
wandb: WARNING Tried to log to step 20 that is less than the current step 67. Steps must be monotonically increasing, so this data will be ignored. See https://wandb.me/define-metric to log data out of order.
wandb: WARNING Tried to log to step 20 that is less than the current step 67. Steps must be monotonically increasing, so this data will be ignored. See https://wandb.me/define-metric to log data out of order.
[08/18/25 02:58:22] INFO     fairseq2 - Train Metrics (step 21) - DPO Loss:     
                             0.160646 | Chosen Sequence Log Probabilities:      
                             -441.047 | Rejected Sequence Log Probabilities:    
                             -362.211 | Chosen Sequence Length: 875.062 |       
                             Rejected Sequence Length: 704.594 | NLL Loss:      
                             0.503856 | Gradient Norm: 31.8143 | Data Epoch: 1 |
                             Data Time: <1s | Compute Time: 9s | Lapse Time: 10s
                             | Total Time: 230s | Wall Time: 230s | Learning    
                             Rate: 4.66667e-07 | Batch Size: 64 | Elements per  
                             Batch: 65,104 | Elements per Second: 6,527 | Number
                             of Examples: 64 | Number of Elements: 65,104 |     
                             Number of Target Elements: 56,004 | Padding: 0 |   
                             Padding Ratio (%): 0% | Total Number of Examples:  
                             1,344 | Total Number of Elements: 1,298,233 | Total
                             Number of Target Elements: 1,106,190 | Peak Active 
                             Device Memory: 59.86 GiB | Peak Active Device      
                             Memory (%): 76% | Peak Reserved Device Memory:     
                             73.98 GiB | Peak Reserved Device Memory (%): 94%   
[08/18/25 02:58:30] INFO     fairseq2 - Train Metrics (step 22) - DPO Loss:     
                             0.14902 | Chosen Sequence Log Probabilities:       
                             -380.266 | Rejected Sequence Log Probabilities:    
                             -344.055 | Chosen Sequence Length: 820.531 |       
                             Rejected Sequence Length: 633.719 | NLL Loss:      
                             0.463472 | Gradient Norm: 24.3935 | Data Epoch: 1 |
                             Data Time: <1s | Compute Time: 7s | Lapse Time: 7s 
                             | Total Time: 238s | Wall Time: 238s | Learning    
                             Rate: 4.9e-07 | Batch Size: 64 | Elements per      
                             Batch: 61,520 | Elements per Second: 7,764 | Number
                             of Examples: 64 | Number of Elements: 61,520 |     
                             Number of Target Elements: 52,514 | Padding: 0 |   
                             Padding Ratio (%): 0% | Total Number of Examples:  
                             1,408 | Total Number of Elements: 1,359,753 | Total
                             Number of Target Elements: 1,158,704 | Peak Active 
                             Device Memory: 65.75 GiB | Peak Active Device      
                             Memory (%): 84% | Peak Reserved Device Memory:     
                             74.74 GiB | Peak Reserved Device Memory (%): 95%   
wandb: WARNING Tried to log to step 21 that is less than the current step 67. Steps must be monotonically increasing, so this data will be ignored. See https://wandb.me/define-metric to log data out of order.
wandb: WARNING Tried to log to step 21 that is less than the current step 67. Steps must be monotonically increasing, so this data will be ignored. See https://wandb.me/define-metric to log data out of order.
wandb: WARNING Tried to log to step 21 that is less than the current step 67. Steps must be monotonically increasing, so this data will be ignored. See https://wandb.me/define-metric to log data out of order.
wandb: WARNING Tried to log to step 21 that is less than the current step 67. Steps must be monotonically increasing, so this data will be ignored. See https://wandb.me/define-metric to log data out of order.
wandb: WARNING Tried to log to step 21 that is less than the current step 67. Steps must be monotonically increasing, so this data will be ignored. See https://wandb.me/define-metric to log data out of order.
wandb: WARNING Tried to log to step 21 that is less than the current step 67. Steps must be monotonically increasing, so this data will be ignored. See https://wandb.me/define-metric to log data out of order.
wandb: WARNING Tried to log to step 21 that is less than the current step 67. Steps must be monotonically increasing, so this data will be ignored. See https://wandb.me/define-metric to log data out of order.
wandb: WARNING Tried to log to step 21 that is less than the current step 67. Steps must be monotonically increasing, so this data will be ignored. See https://wandb.me/define-metric to log data out of order.
wandb: WARNING Tried to log to step 21 that is less than the current step 67. Steps must be monotonically increasing, so this data will be ignored. See https://wandb.me/define-metric to log data out of order.
wandb: WARNING Tried to log to step 21 that is less than the current step 67. Steps must be monotonically increasing, so this data will be ignored. See https://wandb.me/define-metric to log data out of order.
wandb: WARNING Tried to log to step 21 that is less than the current step 67. Steps must be monotonically increasing, so this data will be ignored. See https://wandb.me/define-metric to log data out of order.
wandb: WARNING Tried to log to step 21 that is less than the current step 67. Steps must be monotonically increasing, so this data will be ignored. See https://wandb.me/define-metric to log data out of order.
wandb: WARNING Tried to log to step 21 that is less than the current step 67. Steps must be monotonically increasing, so this data will be ignored. See https://wandb.me/define-metric to log data out of order.
wandb: WARNING Tried to log to step 21 that is less than the current step 67. Steps must be monotonically increasing, so this data will be ignored. See https://wandb.me/define-metric to log data out of order.
wandb: WARNING Tried to log to step 21 that is less than the current step 67. Steps must be monotonically increasing, so this data will be ignored. See https://wandb.me/define-metric to log data out of order.
wandb: WARNING Tried to log to step 21 that is less than the current step 67. Steps must be monotonically increasing, so this data will be ignored. See https://wandb.me/define-metric to log data out of order.
wandb: WARNING Tried to log to step 21 that is less than the current step 67. Steps must be monotonically increasing, so this data will be ignored. See https://wandb.me/define-metric to log data out of order.
wandb: WARNING Tried to log to step 21 that is less than the current step 67. Steps must be monotonically increasing, so this data will be ignored. See https://wandb.me/define-metric to log data out of order.
wandb: WARNING Tried to log to step 21 that is less than the current step 67. Steps must be monotonically increasing, so this data will be ignored. See https://wandb.me/define-metric to log data out of order.
wandb: WARNING Tried to log to step 21 that is less than the current step 67. Steps must be monotonically increasing, so this data will be ignored. See https://wandb.me/define-metric to log data out of order.
wandb: WARNING Tried to log to step 21 that is less than the current step 67. Steps must be monotonically increasing, so this data will be ignored. See https://wandb.me/define-metric to log data out of order.
wandb: WARNING Tried to log to step 21 that is less than the current step 67. Steps must be monotonically increasing, so this data will be ignored. See https://wandb.me/define-metric to log data out of order.
wandb: WARNING Tried to log to step 21 that is less than the current step 67. Steps must be monotonically increasing, so this data will be ignored. See https://wandb.me/define-metric to log data out of order.
wandb: WARNING Tried to log to step 21 that is less than the current step 67. Steps must be monotonically increasing, so this data will be ignored. See https://wandb.me/define-metric to log data out of order.
wandb: WARNING Tried to log to step 21 that is less than the current step 67. Steps must be monotonically increasing, so this data will be ignored. See https://wandb.me/define-metric to log data out of order.
wandb: WARNING Tried to log to step 21 that is less than the current step 67. Steps must be monotonically increasing, so this data will be ignored. See https://wandb.me/define-metric to log data out of order.
wandb: WARNING Tried to log to step 21 that is less than the current step 67. Steps must be monotonically increasing, so this data will be ignored. See https://wandb.me/define-metric to log data out of order.
wandb: WARNING Tried to log to step 21 that is less than the current step 67. Steps must be monotonically increasing, so this data will be ignored. See https://wandb.me/define-metric to log data out of order.
wandb: WARNING Tried to log to step 21 that is less than the current step 67. Steps must be monotonically increasing, so this data will be ignored. See https://wandb.me/define-metric to log data out of order.
wandb: WARNING Tried to log to step 22 that is less than the current step 67. Steps must be monotonically increasing, so this data will be ignored. See https://wandb.me/define-metric to log data out of order.
wandb: WARNING Tried to log to step 22 that is less than the current step 67. Steps must be monotonically increasing, so this data will be ignored. See https://wandb.me/define-metric to log data out of order.
wandb: WARNING Tried to log to step 22 that is less than the current step 67. Steps must be monotonically increasing, so this data will be ignored. See https://wandb.me/define-metric to log data out of order.
wandb: WARNING Tried to log to step 22 that is less than the current step 67. Steps must be monotonically increasing, so this data will be ignored. See https://wandb.me/define-metric to log data out of order.
wandb: WARNING Tried to log to step 22 that is less than the current step 67. Steps must be monotonically increasing, so this data will be ignored. See https://wandb.me/define-metric to log data out of order.
wandb: WARNING Tried to log to step 22 that is less than the current step 67. Steps must be monotonically increasing, so this data will be ignored. See https://wandb.me/define-metric to log data out of order.
wandb: WARNING Tried to log to step 22 that is less than the current step 67. Steps must be monotonically increasing, so this data will be ignored. See https://wandb.me/define-metric to log data out of order.
wandb: WARNING Tried to log to step 22 that is less than the current step 67. Steps must be monotonically increasing, so this data will be ignored. See https://wandb.me/define-metric to log data out of order.
wandb: WARNING Tried to log to step 22 that is less than the current step 67. Steps must be monotonically increasing, so this data will be ignored. See https://wandb.me/define-metric to log data out of order.
wandb: WARNING Tried to log to step 22 that is less than the current step 67. Steps must be monotonically increasing, so this data will be ignored. See https://wandb.me/define-metric to log data out of order.
wandb: WARNING Tried to log to step 22 that is less than the current step 67. Steps must be monotonically increasing, so this data will be ignored. See https://wandb.me/define-metric to log data out of order.
wandb: WARNING Tried to log to step 22 that is less than the current step 67. Steps must be monotonically increasing, so this data will be ignored. See https://wandb.me/define-metric to log data out of order.
wandb: WARNING Tried to log to step 22 that is less than the current step 67. Steps must be monotonically increasing, so this data will be ignored. See https://wandb.me/define-metric to log data out of order.
wandb: WARNING Tried to log to step 22 that is less than the current step 67. Steps must be monotonically increasing, so this data will be ignored. See https://wandb.me/define-metric to log data out of order.
wandb: WARNING Tried to log to step 22 that is less than the current step 67. Steps must be monotonically increasing, so this data will be ignored. See https://wandb.me/define-metric to log data out of order.
wandb: WARNING Tried to log to step 22 that is less than the current step 67. Steps must be monotonically increasing, so this data will be ignored. See https://wandb.me/define-metric to log data out of order.
wandb: WARNING Tried to log to step 22 that is less than the current step 67. Steps must be monotonically increasing, so this data will be ignored. See https://wandb.me/define-metric to log data out of order.
wandb: WARNING Tried to log to step 22 that is less than the current step 67. Steps must be monotonically increasing, so this data will be ignored. See https://wandb.me/define-metric to log data out of order.
wandb: WARNING Tried to log to step 22 that is less than the current step 67. Steps must be monotonically increasing, so this data will be ignored. See https://wandb.me/define-metric to log data out of order.
wandb: WARNING Tried to log to step 22 that is less than the current step 67. Steps must be monotonically increasing, so this data will be ignored. See https://wandb.me/define-metric to log data out of order.
wandb: WARNING Tried to log to step 22 that is less than the current step 67. Steps must be monotonically increasing, so this data will be ignored. See https://wandb.me/define-metric to log data out of order.
wandb: WARNING Tried to log to step 22 that is less than the current step 67. Steps must be monotonically increasing, so this data will be ignored. See https://wandb.me/define-metric to log data out of order.
wandb: WARNING Tried to log to step 22 that is less than the current step 67. Steps must be monotonically increasing, so this data will be ignored. See https://wandb.me/define-metric to log data out of order.
wandb: WARNING Tried to log to step 22 that is less than the current step 67. Steps must be monotonically increasing, so this data will be ignored. See https://wandb.me/define-metric to log data out of order.
wandb: WARNING Tried to log to step 22 that is less than the current step 67. Steps must be monotonically increasing, so this data will be ignored. See https://wandb.me/define-metric to log data out of order.
wandb: WARNING Tried to log to step 22 that is less than the current step 67. Steps must be monotonically increasing, so this data will be ignored. See https://wandb.me/define-metric to log data out of order.
wandb: WARNING Tried to log to step 22 that is less than the current step 67. Steps must be monotonically increasing, so this data will be ignored. See https://wandb.me/define-metric to log data out of order.
wandb: WARNING Tried to log to step 22 that is less than the current step 67. Steps must be monotonically increasing, so this data will be ignored. See https://wandb.me/define-metric to log data out of order.
wandb: WARNING Tried to log to step 22 that is less than the current step 67. Steps must be monotonically increasing, so this data will be ignored. See https://wandb.me/define-metric to log data out of order.
[08/18/25 02:58:36] INFO     fairseq2 - Train Metrics (step 23) - DPO Loss:     
                             0.173921 | Chosen Sequence Log Probabilities:      
                             -354.758 | Rejected Sequence Log Probabilities:    
                             -336.188 | Chosen Sequence Length: 681.344 |       
                             Rejected Sequence Length: 627.516 | NLL Loss:      
                             0.520952 | Gradient Norm: 27.8267 | Data Epoch: 1 |
                             Data Time: <1s | Compute Time: 6s | Lapse Time: 6s 
                             | Total Time: 244s | Wall Time: 244s | Learning    
                             Rate: 5.13333e-07 | Batch Size: 64 | Elements per  
                             Batch: 51,963 | Elements per Second: 8,539 | Number
                             of Examples: 64 | Number of Elements: 51,963 |     
                             Number of Target Elements: 43,606 | Padding: 0 |   
                             Padding Ratio (%): 0% | Total Number of Examples:  
                             1,472 | Total Number of Elements: 1,411,716 | Total
                             Number of Target Elements: 1,202,310 | Peak Active 
                             Device Memory: 59.87 GiB | Peak Active Device      
                             Memory (%): 76% | Peak Reserved Device Memory:     
                             69.12 GiB | Peak Reserved Device Memory (%): 88%   
wandb: WARNING Tried to log to step 23 that is less than the current step 67. Steps must be monotonically increasing, so this data will be ignored. See https://wandb.me/define-metric to log data out of order.
wandb: WARNING Tried to log to step 23 that is less than the current step 67. Steps must be monotonically increasing, so this data will be ignored. See https://wandb.me/define-metric to log data out of order.
wandb: WARNING Tried to log to step 23 that is less than the current step 67. Steps must be monotonically increasing, so this data will be ignored. See https://wandb.me/define-metric to log data out of order.
wandb: WARNING Tried to log to step 23 that is less than the current step 67. Steps must be monotonically increasing, so this data will be ignored. See https://wandb.me/define-metric to log data out of order.
wandb: WARNING Tried to log to step 23 that is less than the current step 67. Steps must be monotonically increasing, so this data will be ignored. See https://wandb.me/define-metric to log data out of order.
wandb: WARNING Tried to log to step 23 that is less than the current step 67. Steps must be monotonically increasing, so this data will be ignored. See https://wandb.me/define-metric to log data out of order.
wandb: WARNING Tried to log to step 23 that is less than the current step 67. Steps must be monotonically increasing, so this data will be ignored. See https://wandb.me/define-metric to log data out of order.
wandb: WARNING Tried to log to step 23 that is less than the current step 67. Steps must be monotonically increasing, so this data will be ignored. See https://wandb.me/define-metric to log data out of order.
wandb: WARNING Tried to log to step 23 that is less than the current step 67. Steps must be monotonically increasing, so this data will be ignored. See https://wandb.me/define-metric to log data out of order.
wandb: WARNING Tried to log to step 23 that is less than the current step 67. Steps must be monotonically increasing, so this data will be ignored. See https://wandb.me/define-metric to log data out of order.
wandb: WARNING Tried to log to step 23 that is less than the current step 67. Steps must be monotonically increasing, so this data will be ignored. See https://wandb.me/define-metric to log data out of order.
wandb: WARNING Tried to log to step 23 that is less than the current step 67. Steps must be monotonically increasing, so this data will be ignored. See https://wandb.me/define-metric to log data out of order.
wandb: WARNING Tried to log to step 23 that is less than the current step 67. Steps must be monotonically increasing, so this data will be ignored. See https://wandb.me/define-metric to log data out of order.
wandb: WARNING Tried to log to step 23 that is less than the current step 67. Steps must be monotonically increasing, so this data will be ignored. See https://wandb.me/define-metric to log data out of order.
wandb: WARNING Tried to log to step 23 that is less than the current step 67. Steps must be monotonically increasing, so this data will be ignored. See https://wandb.me/define-metric to log data out of order.
wandb: WARNING Tried to log to step 23 that is less than the current step 67. Steps must be monotonically increasing, so this data will be ignored. See https://wandb.me/define-metric to log data out of order.
wandb: WARNING Tried to log to step 23 that is less than the current step 67. Steps must be monotonically increasing, so this data will be ignored. See https://wandb.me/define-metric to log data out of order.
wandb: WARNING Tried to log to step 23 that is less than the current step 67. Steps must be monotonically increasing, so this data will be ignored. See https://wandb.me/define-metric to log data out of order.
wandb: WARNING Tried to log to step 23 that is less than the current step 67. Steps must be monotonically increasing, so this data will be ignored. See https://wandb.me/define-metric to log data out of order.
wandb: WARNING Tried to log to step 23 that is less than the current step 67. Steps must be monotonically increasing, so this data will be ignored. See https://wandb.me/define-metric to log data out of order.
wandb: WARNING Tried to log to step 23 that is less than the current step 67. Steps must be monotonically increasing, so this data will be ignored. See https://wandb.me/define-metric to log data out of order.
wandb: WARNING Tried to log to step 23 that is less than the current step 67. Steps must be monotonically increasing, so this data will be ignored. See https://wandb.me/define-metric to log data out of order.
wandb: WARNING Tried to log to step 23 that is less than the current step 67. Steps must be monotonically increasing, so this data will be ignored. See https://wandb.me/define-metric to log data out of order.
wandb: WARNING Tried to log to step 23 that is less than the current step 67. Steps must be monotonically increasing, so this data will be ignored. See https://wandb.me/define-metric to log data out of order.
wandb: WARNING Tried to log to step 23 that is less than the current step 67. Steps must be monotonically increasing, so this data will be ignored. See https://wandb.me/define-metric to log data out of order.
wandb: WARNING Tried to log to step 23 that is less than the current step 67. Steps must be monotonically increasing, so this data will be ignored. See https://wandb.me/define-metric to log data out of order.
wandb: WARNING Tried to log to step 23 that is less than the current step 67. Steps must be monotonically increasing, so this data will be ignored. See https://wandb.me/define-metric to log data out of order.
wandb: WARNING Tried to log to step 23 that is less than the current step 67. Steps must be monotonically increasing, so this data will be ignored. See https://wandb.me/define-metric to log data out of order.
wandb: WARNING Tried to log to step 23 that is less than the current step 67. Steps must be monotonically increasing, so this data will be ignored. See https://wandb.me/define-metric to log data out of order.
[08/18/25 02:58:43] INFO     fairseq2 - Train Metrics (step 24) - DPO Loss:     
                             0.107152 | Chosen Sequence Log Probabilities:      
                             -444.156 | Rejected Sequence Log Probabilities:    
                             -402.023 | Chosen Sequence Length: 877.078 |       
                             Rejected Sequence Length: 727.719 | NLL Loss:      
                             0.506435 | Gradient Norm: 20.8201 | Data Epoch: 1 |
                             Data Time: <1s | Compute Time: 7s | Lapse Time: 7s 
                             | Total Time: 252s | Wall Time: 252s | Learning    
                             Rate: 5.36667e-07 | Batch Size: 64 | Elements per  
                             Batch: 65,507 | Elements per Second: 8,877 | Number
                             of Examples: 64 | Number of Elements: 65,507 |     
                             Number of Target Elements: 56,133 | Padding: 0 |   
                             Padding Ratio (%): 0% | Total Number of Examples:  
                             1,536 | Total Number of Elements: 1,477,223 | Total
                             Number of Target Elements: 1,258,443 | Peak Active 
                             Device Memory: 59.97 GiB | Peak Active Device      
                             Memory (%): 76% | Peak Reserved Device Memory:     
                             70.31 GiB | Peak Reserved Device Memory (%): 89%   
wandb: WARNING Tried to log to step 24 that is less than the current step 67. Steps must be monotonically increasing, so this data will be ignored. See https://wandb.me/define-metric to log data out of order.
wandb: WARNING Tried to log to step 24 that is less than the current step 67. Steps must be monotonically increasing, so this data will be ignored. See https://wandb.me/define-metric to log data out of order.
wandb: WARNING Tried to log to step 24 that is less than the current step 67. Steps must be monotonically increasing, so this data will be ignored. See https://wandb.me/define-metric to log data out of order.
wandb: WARNING Tried to log to step 24 that is less than the current step 67. Steps must be monotonically increasing, so this data will be ignored. See https://wandb.me/define-metric to log data out of order.
wandb: WARNING Tried to log to step 24 that is less than the current step 67. Steps must be monotonically increasing, so this data will be ignored. See https://wandb.me/define-metric to log data out of order.
wandb: WARNING Tried to log to step 24 that is less than the current step 67. Steps must be monotonically increasing, so this data will be ignored. See https://wandb.me/define-metric to log data out of order.
wandb: WARNING Tried to log to step 24 that is less than the current step 67. Steps must be monotonically increasing, so this data will be ignored. See https://wandb.me/define-metric to log data out of order.
wandb: WARNING Tried to log to step 24 that is less than the current step 67. Steps must be monotonically increasing, so this data will be ignored. See https://wandb.me/define-metric to log data out of order.
wandb: WARNING Tried to log to step 24 that is less than the current step 67. Steps must be monotonically increasing, so this data will be ignored. See https://wandb.me/define-metric to log data out of order.
wandb: WARNING Tried to log to step 24 that is less than the current step 67. Steps must be monotonically increasing, so this data will be ignored. See https://wandb.me/define-metric to log data out of order.
wandb: WARNING Tried to log to step 24 that is less than the current step 67. Steps must be monotonically increasing, so this data will be ignored. See https://wandb.me/define-metric to log data out of order.
wandb: WARNING Tried to log to step 24 that is less than the current step 67. Steps must be monotonically increasing, so this data will be ignored. See https://wandb.me/define-metric to log data out of order.
wandb: WARNING Tried to log to step 24 that is less than the current step 67. Steps must be monotonically increasing, so this data will be ignored. See https://wandb.me/define-metric to log data out of order.
wandb: WARNING Tried to log to step 24 that is less than the current step 67. Steps must be monotonically increasing, so this data will be ignored. See https://wandb.me/define-metric to log data out of order.
wandb: WARNING Tried to log to step 24 that is less than the current step 67. Steps must be monotonically increasing, so this data will be ignored. See https://wandb.me/define-metric to log data out of order.
wandb: WARNING Tried to log to step 24 that is less than the current step 67. Steps must be monotonically increasing, so this data will be ignored. See https://wandb.me/define-metric to log data out of order.
wandb: WARNING Tried to log to step 24 that is less than the current step 67. Steps must be monotonically increasing, so this data will be ignored. See https://wandb.me/define-metric to log data out of order.
wandb: WARNING Tried to log to step 24 that is less than the current step 67. Steps must be monotonically increasing, so this data will be ignored. See https://wandb.me/define-metric to log data out of order.
wandb: WARNING Tried to log to step 24 that is less than the current step 67. Steps must be monotonically increasing, so this data will be ignored. See https://wandb.me/define-metric to log data out of order.
wandb: WARNING Tried to log to step 24 that is less than the current step 67. Steps must be monotonically increasing, so this data will be ignored. See https://wandb.me/define-metric to log data out of order.
wandb: WARNING Tried to log to step 24 that is less than the current step 67. Steps must be monotonically increasing, so this data will be ignored. See https://wandb.me/define-metric to log data out of order.
wandb: WARNING Tried to log to step 24 that is less than the current step 67. Steps must be monotonically increasing, so this data will be ignored. See https://wandb.me/define-metric to log data out of order.
wandb: WARNING Tried to log to step 24 that is less than the current step 67. Steps must be monotonically increasing, so this data will be ignored. See https://wandb.me/define-metric to log data out of order.
wandb: WARNING Tried to log to step 24 that is less than the current step 67. Steps must be monotonically increasing, so this data will be ignored. See https://wandb.me/define-metric to log data out of order.
wandb: WARNING Tried to log to step 24 that is less than the current step 67. Steps must be monotonically increasing, so this data will be ignored. See https://wandb.me/define-metric to log data out of order.
wandb: WARNING Tried to log to step 24 that is less than the current step 67. Steps must be monotonically increasing, so this data will be ignored. See https://wandb.me/define-metric to log data out of order.
wandb: WARNING Tried to log to step 24 that is less than the current step 67. Steps must be monotonically increasing, so this data will be ignored. See https://wandb.me/define-metric to log data out of order.
wandb: WARNING Tried to log to step 24 that is less than the current step 67. Steps must be monotonically increasing, so this data will be ignored. See https://wandb.me/define-metric to log data out of order.
wandb: WARNING Tried to log to step 24 that is less than the current step 67. Steps must be monotonically increasing, so this data will be ignored. See https://wandb.me/define-metric to log data out of order.
[08/18/25 02:58:53] INFO     fairseq2 - Train Metrics (step 25) - DPO Loss:     
                             0.102871 | Chosen Sequence Log Probabilities:      
                             -466.703 | Rejected Sequence Log Probabilities:    
                             -363.359 | Chosen Sequence Length: 938.969 |       
                             Rejected Sequence Length: 662.875 | NLL Loss:      
                             0.497194 | Gradient Norm: 17.8101 | Data Epoch: 1 |
                             Data Time: <1s | Compute Time: 9s | Lapse Time: 9s 
                             | Total Time: 261s | Wall Time: 261s | Learning    
                             Rate: 5.6e-07 | Batch Size: 64 | Elements per      
                             Batch: 70,345 | Elements per Second: 7,626 | Number
                             of Examples: 64 | Number of Elements: 70,345 |     
                             Number of Target Elements: 60,094 | Padding: 0 |   
                             Padding Ratio (%): 0% | Total Number of Examples:  
                             1,600 | Total Number of Elements: 1,547,568 | Total
                             Number of Target Elements: 1,318,537 | Peak Active 
                             Device Memory: 59.90 GiB | Peak Active Device      
                             Memory (%): 76% | Peak Reserved Device Memory:     
                             70.31 GiB | Peak Reserved Device Memory (%): 89%   
[08/18/25 02:58:59] INFO     fairseq2 - Train Metrics (step 26) - DPO Loss:     
                             0.0619542 | Chosen Sequence Log Probabilities:     
                             -436.633 | Rejected Sequence Log Probabilities:    
                             -399.594 | Chosen Sequence Length: 803.844 |       
                             Rejected Sequence Length: 708.047 | NLL Loss:      
                             0.543294 | Gradient Norm: 12.884 | Data Epoch: 1 | 
                             Data Time: <1s | Compute Time: 6s | Lapse Time: 6s 
                             | Total Time: 268s | Wall Time: 268s | Learning    
                             Rate: 5.83333e-07 | Batch Size: 64 | Elements per  
                             Batch: 60,458 | Elements per Second: 9,077 | Number
                             of Examples: 64 | Number of Elements: 60,458 |     
                             Number of Target Elements: 51,446 | Padding: 0 |   
                             Padding Ratio (%): 0% | Total Number of Examples:  
                             1,664 | Total Number of Elements: 1,608,026 | Total
                             Number of Target Elements: 1,369,983 | Peak Active 
                             Device Memory: 59.85 GiB | Peak Active Device      
                             Memory (%): 76% | Peak Reserved Device Memory:     
                             71.67 GiB | Peak Reserved Device Memory (%): 91%   
wandb: WARNING Tried to log to step 25 that is less than the current step 67. Steps must be monotonically increasing, so this data will be ignored. See https://wandb.me/define-metric to log data out of order.
wandb: WARNING Tried to log to step 25 that is less than the current step 67. Steps must be monotonically increasing, so this data will be ignored. See https://wandb.me/define-metric to log data out of order.
wandb: WARNING Tried to log to step 25 that is less than the current step 67. Steps must be monotonically increasing, so this data will be ignored. See https://wandb.me/define-metric to log data out of order.
wandb: WARNING Tried to log to step 25 that is less than the current step 67. Steps must be monotonically increasing, so this data will be ignored. See https://wandb.me/define-metric to log data out of order.
wandb: WARNING Tried to log to step 25 that is less than the current step 67. Steps must be monotonically increasing, so this data will be ignored. See https://wandb.me/define-metric to log data out of order.
wandb: WARNING Tried to log to step 25 that is less than the current step 67. Steps must be monotonically increasing, so this data will be ignored. See https://wandb.me/define-metric to log data out of order.
wandb: WARNING Tried to log to step 25 that is less than the current step 67. Steps must be monotonically increasing, so this data will be ignored. See https://wandb.me/define-metric to log data out of order.
wandb: WARNING Tried to log to step 25 that is less than the current step 67. Steps must be monotonically increasing, so this data will be ignored. See https://wandb.me/define-metric to log data out of order.
wandb: WARNING Tried to log to step 25 that is less than the current step 67. Steps must be monotonically increasing, so this data will be ignored. See https://wandb.me/define-metric to log data out of order.
wandb: WARNING Tried to log to step 25 that is less than the current step 67. Steps must be monotonically increasing, so this data will be ignored. See https://wandb.me/define-metric to log data out of order.
wandb: WARNING Tried to log to step 25 that is less than the current step 67. Steps must be monotonically increasing, so this data will be ignored. See https://wandb.me/define-metric to log data out of order.
wandb: WARNING Tried to log to step 25 that is less than the current step 67. Steps must be monotonically increasing, so this data will be ignored. See https://wandb.me/define-metric to log data out of order.
wandb: WARNING Tried to log to step 25 that is less than the current step 67. Steps must be monotonically increasing, so this data will be ignored. See https://wandb.me/define-metric to log data out of order.
wandb: WARNING Tried to log to step 25 that is less than the current step 67. Steps must be monotonically increasing, so this data will be ignored. See https://wandb.me/define-metric to log data out of order.
wandb: WARNING Tried to log to step 25 that is less than the current step 67. Steps must be monotonically increasing, so this data will be ignored. See https://wandb.me/define-metric to log data out of order.
wandb: WARNING Tried to log to step 25 that is less than the current step 67. Steps must be monotonically increasing, so this data will be ignored. See https://wandb.me/define-metric to log data out of order.
wandb: WARNING Tried to log to step 25 that is less than the current step 67. Steps must be monotonically increasing, so this data will be ignored. See https://wandb.me/define-metric to log data out of order.
wandb: WARNING Tried to log to step 25 that is less than the current step 67. Steps must be monotonically increasing, so this data will be ignored. See https://wandb.me/define-metric to log data out of order.
wandb: WARNING Tried to log to step 25 that is less than the current step 67. Steps must be monotonically increasing, so this data will be ignored. See https://wandb.me/define-metric to log data out of order.
wandb: WARNING Tried to log to step 25 that is less than the current step 67. Steps must be monotonically increasing, so this data will be ignored. See https://wandb.me/define-metric to log data out of order.
wandb: WARNING Tried to log to step 25 that is less than the current step 67. Steps must be monotonically increasing, so this data will be ignored. See https://wandb.me/define-metric to log data out of order.
wandb: WARNING Tried to log to step 25 that is less than the current step 67. Steps must be monotonically increasing, so this data will be ignored. See https://wandb.me/define-metric to log data out of order.
wandb: WARNING Tried to log to step 25 that is less than the current step 67. Steps must be monotonically increasing, so this data will be ignored. See https://wandb.me/define-metric to log data out of order.
wandb: WARNING Tried to log to step 25 that is less than the current step 67. Steps must be monotonically increasing, so this data will be ignored. See https://wandb.me/define-metric to log data out of order.
wandb: WARNING Tried to log to step 25 that is less than the current step 67. Steps must be monotonically increasing, so this data will be ignored. See https://wandb.me/define-metric to log data out of order.
wandb: WARNING Tried to log to step 25 that is less than the current step 67. Steps must be monotonically increasing, so this data will be ignored. See https://wandb.me/define-metric to log data out of order.
wandb: WARNING Tried to log to step 25 that is less than the current step 67. Steps must be monotonically increasing, so this data will be ignored. See https://wandb.me/define-metric to log data out of order.
wandb: WARNING Tried to log to step 25 that is less than the current step 67. Steps must be monotonically increasing, so this data will be ignored. See https://wandb.me/define-metric to log data out of order.
wandb: WARNING Tried to log to step 25 that is less than the current step 67. Steps must be monotonically increasing, so this data will be ignored. See https://wandb.me/define-metric to log data out of order.
wandb: WARNING Tried to log to step 26 that is less than the current step 67. Steps must be monotonically increasing, so this data will be ignored. See https://wandb.me/define-metric to log data out of order.
wandb: WARNING Tried to log to step 26 that is less than the current step 67. Steps must be monotonically increasing, so this data will be ignored. See https://wandb.me/define-metric to log data out of order.
wandb: WARNING Tried to log to step 26 that is less than the current step 67. Steps must be monotonically increasing, so this data will be ignored. See https://wandb.me/define-metric to log data out of order.
wandb: WARNING Tried to log to step 26 that is less than the current step 67. Steps must be monotonically increasing, so this data will be ignored. See https://wandb.me/define-metric to log data out of order.
wandb: WARNING Tried to log to step 26 that is less than the current step 67. Steps must be monotonically increasing, so this data will be ignored. See https://wandb.me/define-metric to log data out of order.
wandb: WARNING Tried to log to step 26 that is less than the current step 67. Steps must be monotonically increasing, so this data will be ignored. See https://wandb.me/define-metric to log data out of order.
wandb: WARNING Tried to log to step 26 that is less than the current step 67. Steps must be monotonically increasing, so this data will be ignored. See https://wandb.me/define-metric to log data out of order.
wandb: WARNING Tried to log to step 26 that is less than the current step 67. Steps must be monotonically increasing, so this data will be ignored. See https://wandb.me/define-metric to log data out of order.
wandb: WARNING Tried to log to step 26 that is less than the current step 67. Steps must be monotonically increasing, so this data will be ignored. See https://wandb.me/define-metric to log data out of order.
wandb: WARNING Tried to log to step 26 that is less than the current step 67. Steps must be monotonically increasing, so this data will be ignored. See https://wandb.me/define-metric to log data out of order.
wandb: WARNING Tried to log to step 26 that is less than the current step 67. Steps must be monotonically increasing, so this data will be ignored. See https://wandb.me/define-metric to log data out of order.
wandb: WARNING Tried to log to step 26 that is less than the current step 67. Steps must be monotonically increasing, so this data will be ignored. See https://wandb.me/define-metric to log data out of order.
wandb: WARNING Tried to log to step 26 that is less than the current step 67. Steps must be monotonically increasing, so this data will be ignored. See https://wandb.me/define-metric to log data out of order.
wandb: WARNING Tried to log to step 26 that is less than the current step 67. Steps must be monotonically increasing, so this data will be ignored. See https://wandb.me/define-metric to log data out of order.
wandb: WARNING Tried to log to step 26 that is less than the current step 67. Steps must be monotonically increasing, so this data will be ignored. See https://wandb.me/define-metric to log data out of order.
wandb: WARNING Tried to log to step 26 that is less than the current step 67. Steps must be monotonically increasing, so this data will be ignored. See https://wandb.me/define-metric to log data out of order.
wandb: WARNING Tried to log to step 26 that is less than the current step 67. Steps must be monotonically increasing, so this data will be ignored. See https://wandb.me/define-metric to log data out of order.
wandb: WARNING Tried to log to step 26 that is less than the current step 67. Steps must be monotonically increasing, so this data will be ignored. See https://wandb.me/define-metric to log data out of order.
wandb: WARNING Tried to log to step 26 that is less than the current step 67. Steps must be monotonically increasing, so this data will be ignored. See https://wandb.me/define-metric to log data out of order.
wandb: WARNING Tried to log to step 26 that is less than the current step 67. Steps must be monotonically increasing, so this data will be ignored. See https://wandb.me/define-metric to log data out of order.
wandb: WARNING Tried to log to step 26 that is less than the current step 67. Steps must be monotonically increasing, so this data will be ignored. See https://wandb.me/define-metric to log data out of order.
wandb: WARNING Tried to log to step 26 that is less than the current step 67. Steps must be monotonically increasing, so this data will be ignored. See https://wandb.me/define-metric to log data out of order.
wandb: WARNING Tried to log to step 26 that is less than the current step 67. Steps must be monotonically increasing, so this data will be ignored. See https://wandb.me/define-metric to log data out of order.
wandb: WARNING Tried to log to step 26 that is less than the current step 67. Steps must be monotonically increasing, so this data will be ignored. See https://wandb.me/define-metric to log data out of order.
wandb: WARNING Tried to log to step 26 that is less than the current step 67. Steps must be monotonically increasing, so this data will be ignored. See https://wandb.me/define-metric to log data out of order.
wandb: WARNING Tried to log to step 26 that is less than the current step 67. Steps must be monotonically increasing, so this data will be ignored. See https://wandb.me/define-metric to log data out of order.
wandb: WARNING Tried to log to step 26 that is less than the current step 67. Steps must be monotonically increasing, so this data will be ignored. See https://wandb.me/define-metric to log data out of order.
wandb: WARNING Tried to log to step 26 that is less than the current step 67. Steps must be monotonically increasing, so this data will be ignored. See https://wandb.me/define-metric to log data out of order.
wandb: WARNING Tried to log to step 26 that is less than the current step 67. Steps must be monotonically increasing, so this data will be ignored. See https://wandb.me/define-metric to log data out of order.
[08/18/25 02:59:10] INFO     fairseq2 - Train Metrics (step 27) - DPO Loss:     
                             0.039952 | Chosen Sequence Log Probabilities:      
                             -502.453 | Rejected Sequence Log Probabilities:    
                             -397.297 | Chosen Sequence Length: 987.547 |       
                             Rejected Sequence Length: 713.953 | NLL Loss:      
                             0.508813 | Gradient Norm: 11.7228 | Data Epoch: 1 |
                             Data Time: <1s | Compute Time: 10s | Lapse Time:   
                             10s | Total Time: 278s | Wall Time: 278s | Learning
                             Rate: 6.06667e-07 | Batch Size: 64 | Elements per  
                             Batch: 72,847 | Elements per Second: 7,211 | Number
                             of Examples: 64 | Number of Elements: 72,847 |     
                             Number of Target Elements: 63,203 | Padding: 0 |   
                             Padding Ratio (%): 0% | Total Number of Examples:  
                             1,728 | Total Number of Elements: 1,680,873 | Total
                             Number of Target Elements: 1,433,186 | Peak Active 
                             Device Memory: 59.80 GiB | Peak Active Device      
                             Memory (%): 76% | Peak Reserved Device Memory:     
                             71.67 GiB | Peak Reserved Device Memory (%): 91%   
wandb: WARNING Tried to log to step 27 that is less than the current step 67. Steps must be monotonically increasing, so this data will be ignored. See https://wandb.me/define-metric to log data out of order.
wandb: WARNING Tried to log to step 27 that is less than the current step 67. Steps must be monotonically increasing, so this data will be ignored. See https://wandb.me/define-metric to log data out of order.
wandb: WARNING Tried to log to step 27 that is less than the current step 67. Steps must be monotonically increasing, so this data will be ignored. See https://wandb.me/define-metric to log data out of order.
wandb: WARNING Tried to log to step 27 that is less than the current step 67. Steps must be monotonically increasing, so this data will be ignored. See https://wandb.me/define-metric to log data out of order.
wandb: WARNING Tried to log to step 27 that is less than the current step 67. Steps must be monotonically increasing, so this data will be ignored. See https://wandb.me/define-metric to log data out of order.
wandb: WARNING Tried to log to step 27 that is less than the current step 67. Steps must be monotonically increasing, so this data will be ignored. See https://wandb.me/define-metric to log data out of order.
wandb: WARNING Tried to log to step 27 that is less than the current step 67. Steps must be monotonically increasing, so this data will be ignored. See https://wandb.me/define-metric to log data out of order.
wandb: WARNING Tried to log to step 27 that is less than the current step 67. Steps must be monotonically increasing, so this data will be ignored. See https://wandb.me/define-metric to log data out of order.
wandb: WARNING Tried to log to step 27 that is less than the current step 67. Steps must be monotonically increasing, so this data will be ignored. See https://wandb.me/define-metric to log data out of order.
wandb: WARNING Tried to log to step 27 that is less than the current step 67. Steps must be monotonically increasing, so this data will be ignored. See https://wandb.me/define-metric to log data out of order.
wandb: WARNING Tried to log to step 27 that is less than the current step 67. Steps must be monotonically increasing, so this data will be ignored. See https://wandb.me/define-metric to log data out of order.
wandb: WARNING Tried to log to step 27 that is less than the current step 67. Steps must be monotonically increasing, so this data will be ignored. See https://wandb.me/define-metric to log data out of order.
wandb: WARNING Tried to log to step 27 that is less than the current step 67. Steps must be monotonically increasing, so this data will be ignored. See https://wandb.me/define-metric to log data out of order.
wandb: WARNING Tried to log to step 27 that is less than the current step 67. Steps must be monotonically increasing, so this data will be ignored. See https://wandb.me/define-metric to log data out of order.
wandb: WARNING Tried to log to step 27 that is less than the current step 67. Steps must be monotonically increasing, so this data will be ignored. See https://wandb.me/define-metric to log data out of order.
wandb: WARNING Tried to log to step 27 that is less than the current step 67. Steps must be monotonically increasing, so this data will be ignored. See https://wandb.me/define-metric to log data out of order.
wandb: WARNING Tried to log to step 27 that is less than the current step 67. Steps must be monotonically increasing, so this data will be ignored. See https://wandb.me/define-metric to log data out of order.
wandb: WARNING Tried to log to step 27 that is less than the current step 67. Steps must be monotonically increasing, so this data will be ignored. See https://wandb.me/define-metric to log data out of order.
wandb: WARNING Tried to log to step 27 that is less than the current step 67. Steps must be monotonically increasing, so this data will be ignored. See https://wandb.me/define-metric to log data out of order.
wandb: WARNING Tried to log to step 27 that is less than the current step 67. Steps must be monotonically increasing, so this data will be ignored. See https://wandb.me/define-metric to log data out of order.
wandb: WARNING Tried to log to step 27 that is less than the current step 67. Steps must be monotonically increasing, so this data will be ignored. See https://wandb.me/define-metric to log data out of order.
wandb: WARNING Tried to log to step 27 that is less than the current step 67. Steps must be monotonically increasing, so this data will be ignored. See https://wandb.me/define-metric to log data out of order.
wandb: WARNING Tried to log to step 27 that is less than the current step 67. Steps must be monotonically increasing, so this data will be ignored. See https://wandb.me/define-metric to log data out of order.
wandb: WARNING Tried to log to step 27 that is less than the current step 67. Steps must be monotonically increasing, so this data will be ignored. See https://wandb.me/define-metric to log data out of order.
wandb: WARNING Tried to log to step 27 that is less than the current step 67. Steps must be monotonically increasing, so this data will be ignored. See https://wandb.me/define-metric to log data out of order.
wandb: WARNING Tried to log to step 27 that is less than the current step 67. Steps must be monotonically increasing, so this data will be ignored. See https://wandb.me/define-metric to log data out of order.
wandb: WARNING Tried to log to step 27 that is less than the current step 67. Steps must be monotonically increasing, so this data will be ignored. See https://wandb.me/define-metric to log data out of order.
wandb: WARNING Tried to log to step 27 that is less than the current step 67. Steps must be monotonically increasing, so this data will be ignored. See https://wandb.me/define-metric to log data out of order.
wandb: WARNING Tried to log to step 27 that is less than the current step 67. Steps must be monotonically increasing, so this data will be ignored. See https://wandb.me/define-metric to log data out of order.
[08/18/25 02:59:18] INFO     fairseq2 - Train Metrics (step 28) - DPO Loss:     
                             0.0339888 | Chosen Sequence Log Probabilities:     
                             -467.434 | Rejected Sequence Log Probabilities:    
                             -410.516 | Chosen Sequence Length: 800.859 |       
                             Rejected Sequence Length: 657.625 | NLL Loss:      
                             0.583414 | Gradient Norm: 11.6546 | Data Epoch: 1 |
                             Data Time: <1s | Compute Time: 7s | Lapse Time: 7s 
                             | Total Time: 286s | Wall Time: 286s | Learning    
                             Rate: 6.3e-07 | Batch Size: 64 | Elements per      
                             Batch: 60,565 | Elements per Second: 7,624 | Number
                             of Examples: 64 | Number of Elements: 60,565 |     
                             Number of Target Elements: 51,255 | Padding: 0 |   
                             Padding Ratio (%): 0% | Total Number of Examples:  
                             1,792 | Total Number of Elements: 1,741,438 | Total
                             Number of Target Elements: 1,484,441 | Peak Active 
                             Device Memory: 59.92 GiB | Peak Active Device      
                             Memory (%): 76% | Peak Reserved Device Memory:     
                             72.43 GiB | Peak Reserved Device Memory (%): 92%   
wandb: WARNING Tried to log to step 28 that is less than the current step 67. Steps must be monotonically increasing, so this data will be ignored. See https://wandb.me/define-metric to log data out of order.
wandb: WARNING Tried to log to step 28 that is less than the current step 67. Steps must be monotonically increasing, so this data will be ignored. See https://wandb.me/define-metric to log data out of order.
wandb: WARNING Tried to log to step 28 that is less than the current step 67. Steps must be monotonically increasing, so this data will be ignored. See https://wandb.me/define-metric to log data out of order.
wandb: WARNING Tried to log to step 28 that is less than the current step 67. Steps must be monotonically increasing, so this data will be ignored. See https://wandb.me/define-metric to log data out of order.
wandb: WARNING Tried to log to step 28 that is less than the current step 67. Steps must be monotonically increasing, so this data will be ignored. See https://wandb.me/define-metric to log data out of order.
wandb: WARNING Tried to log to step 28 that is less than the current step 67. Steps must be monotonically increasing, so this data will be ignored. See https://wandb.me/define-metric to log data out of order.
wandb: WARNING Tried to log to step 28 that is less than the current step 67. Steps must be monotonically increasing, so this data will be ignored. See https://wandb.me/define-metric to log data out of order.
wandb: WARNING Tried to log to step 28 that is less than the current step 67. Steps must be monotonically increasing, so this data will be ignored. See https://wandb.me/define-metric to log data out of order.
wandb: WARNING Tried to log to step 28 that is less than the current step 67. Steps must be monotonically increasing, so this data will be ignored. See https://wandb.me/define-metric to log data out of order.
wandb: WARNING Tried to log to step 28 that is less than the current step 67. Steps must be monotonically increasing, so this data will be ignored. See https://wandb.me/define-metric to log data out of order.
wandb: WARNING Tried to log to step 28 that is less than the current step 67. Steps must be monotonically increasing, so this data will be ignored. See https://wandb.me/define-metric to log data out of order.
wandb: WARNING Tried to log to step 28 that is less than the current step 67. Steps must be monotonically increasing, so this data will be ignored. See https://wandb.me/define-metric to log data out of order.
wandb: WARNING Tried to log to step 28 that is less than the current step 67. Steps must be monotonically increasing, so this data will be ignored. See https://wandb.me/define-metric to log data out of order.
wandb: WARNING Tried to log to step 28 that is less than the current step 67. Steps must be monotonically increasing, so this data will be ignored. See https://wandb.me/define-metric to log data out of order.
wandb: WARNING Tried to log to step 28 that is less than the current step 67. Steps must be monotonically increasing, so this data will be ignored. See https://wandb.me/define-metric to log data out of order.
wandb: WARNING Tried to log to step 28 that is less than the current step 67. Steps must be monotonically increasing, so this data will be ignored. See https://wandb.me/define-metric to log data out of order.
wandb: WARNING Tried to log to step 28 that is less than the current step 67. Steps must be monotonically increasing, so this data will be ignored. See https://wandb.me/define-metric to log data out of order.
wandb: WARNING Tried to log to step 28 that is less than the current step 67. Steps must be monotonically increasing, so this data will be ignored. See https://wandb.me/define-metric to log data out of order.
wandb: WARNING Tried to log to step 28 that is less than the current step 67. Steps must be monotonically increasing, so this data will be ignored. See https://wandb.me/define-metric to log data out of order.
wandb: WARNING Tried to log to step 28 that is less than the current step 67. Steps must be monotonically increasing, so this data will be ignored. See https://wandb.me/define-metric to log data out of order.
wandb: WARNING Tried to log to step 28 that is less than the current step 67. Steps must be monotonically increasing, so this data will be ignored. See https://wandb.me/define-metric to log data out of order.
wandb: WARNING Tried to log to step 28 that is less than the current step 67. Steps must be monotonically increasing, so this data will be ignored. See https://wandb.me/define-metric to log data out of order.
wandb: WARNING Tried to log to step 28 that is less than the current step 67. Steps must be monotonically increasing, so this data will be ignored. See https://wandb.me/define-metric to log data out of order.
wandb: WARNING Tried to log to step 28 that is less than the current step 67. Steps must be monotonically increasing, so this data will be ignored. See https://wandb.me/define-metric to log data out of order.
wandb: WARNING Tried to log to step 28 that is less than the current step 67. Steps must be monotonically increasing, so this data will be ignored. See https://wandb.me/define-metric to log data out of order.
wandb: WARNING Tried to log to step 28 that is less than the current step 67. Steps must be monotonically increasing, so this data will be ignored. See https://wandb.me/define-metric to log data out of order.
wandb: WARNING Tried to log to step 28 that is less than the current step 67. Steps must be monotonically increasing, so this data will be ignored. See https://wandb.me/define-metric to log data out of order.
wandb: WARNING Tried to log to step 28 that is less than the current step 67. Steps must be monotonically increasing, so this data will be ignored. See https://wandb.me/define-metric to log data out of order.
wandb: WARNING Tried to log to step 28 that is less than the current step 67. Steps must be monotonically increasing, so this data will be ignored. See https://wandb.me/define-metric to log data out of order.
[08/18/25 02:59:25] INFO     fairseq2 - Train Metrics (step 29) - DPO Loss:     
                             0.0439994 | Chosen Sequence Log Probabilities:     
                             -415.227 | Rejected Sequence Log Probabilities:    
                             -451.891 | Chosen Sequence Length: 811.438 |       
                             Rejected Sequence Length: 649.422 | NLL Loss:      
                             0.51152 | Gradient Norm: 10.9157 | Data Epoch: 1 | 
                             Data Time: <1s | Compute Time: 7s | Lapse Time: 7s 
                             | Total Time: 293s | Wall Time: 293s | Learning    
                             Rate: 6.53333e-07 | Batch Size: 64 | Elements per  
                             Batch: 60,347 | Elements per Second: 7,860 | Number
                             of Examples: 64 | Number of Elements: 60,347 |     
                             Number of Target Elements: 51,932 | Padding: 0 |   
                             Padding Ratio (%): 0% | Total Number of Examples:  
                             1,856 | Total Number of Elements: 1,801,785 | Total
                             Number of Target Elements: 1,536,373 | Peak Active 
                             Device Memory: 64.67 GiB | Peak Active Device      
                             Memory (%): 82% | Peak Reserved Device Memory:     
                             74.54 GiB | Peak Reserved Device Memory (%): 95%   
wandb: WARNING Tried to log to step 29 that is less than the current step 67. Steps must be monotonically increasing, so this data will be ignored. See https://wandb.me/define-metric to log data out of order.
wandb: WARNING Tried to log to step 29 that is less than the current step 67. Steps must be monotonically increasing, so this data will be ignored. See https://wandb.me/define-metric to log data out of order.
wandb: WARNING Tried to log to step 29 that is less than the current step 67. Steps must be monotonically increasing, so this data will be ignored. See https://wandb.me/define-metric to log data out of order.
wandb: WARNING Tried to log to step 29 that is less than the current step 67. Steps must be monotonically increasing, so this data will be ignored. See https://wandb.me/define-metric to log data out of order.
wandb: WARNING Tried to log to step 29 that is less than the current step 67. Steps must be monotonically increasing, so this data will be ignored. See https://wandb.me/define-metric to log data out of order.
wandb: WARNING Tried to log to step 29 that is less than the current step 67. Steps must be monotonically increasing, so this data will be ignored. See https://wandb.me/define-metric to log data out of order.
wandb: WARNING Tried to log to step 29 that is less than the current step 67. Steps must be monotonically increasing, so this data will be ignored. See https://wandb.me/define-metric to log data out of order.
wandb: WARNING Tried to log to step 29 that is less than the current step 67. Steps must be monotonically increasing, so this data will be ignored. See https://wandb.me/define-metric to log data out of order.
wandb: WARNING Tried to log to step 29 that is less than the current step 67. Steps must be monotonically increasing, so this data will be ignored. See https://wandb.me/define-metric to log data out of order.
wandb: WARNING Tried to log to step 29 that is less than the current step 67. Steps must be monotonically increasing, so this data will be ignored. See https://wandb.me/define-metric to log data out of order.
wandb: WARNING Tried to log to step 29 that is less than the current step 67. Steps must be monotonically increasing, so this data will be ignored. See https://wandb.me/define-metric to log data out of order.
wandb: WARNING Tried to log to step 29 that is less than the current step 67. Steps must be monotonically increasing, so this data will be ignored. See https://wandb.me/define-metric to log data out of order.
wandb: WARNING Tried to log to step 29 that is less than the current step 67. Steps must be monotonically increasing, so this data will be ignored. See https://wandb.me/define-metric to log data out of order.
wandb: WARNING Tried to log to step 29 that is less than the current step 67. Steps must be monotonically increasing, so this data will be ignored. See https://wandb.me/define-metric to log data out of order.
wandb: WARNING Tried to log to step 29 that is less than the current step 67. Steps must be monotonically increasing, so this data will be ignored. See https://wandb.me/define-metric to log data out of order.
wandb: WARNING Tried to log to step 29 that is less than the current step 67. Steps must be monotonically increasing, so this data will be ignored. See https://wandb.me/define-metric to log data out of order.
wandb: WARNING Tried to log to step 29 that is less than the current step 67. Steps must be monotonically increasing, so this data will be ignored. See https://wandb.me/define-metric to log data out of order.
wandb: WARNING Tried to log to step 29 that is less than the current step 67. Steps must be monotonically increasing, so this data will be ignored. See https://wandb.me/define-metric to log data out of order.
wandb: WARNING Tried to log to step 29 that is less than the current step 67. Steps must be monotonically increasing, so this data will be ignored. See https://wandb.me/define-metric to log data out of order.
wandb: WARNING Tried to log to step 29 that is less than the current step 67. Steps must be monotonically increasing, so this data will be ignored. See https://wandb.me/define-metric to log data out of order.
wandb: WARNING Tried to log to step 29 that is less than the current step 67. Steps must be monotonically increasing, so this data will be ignored. See https://wandb.me/define-metric to log data out of order.
wandb: WARNING Tried to log to step 29 that is less than the current step 67. Steps must be monotonically increasing, so this data will be ignored. See https://wandb.me/define-metric to log data out of order.
wandb: WARNING Tried to log to step 29 that is less than the current step 67. Steps must be monotonically increasing, so this data will be ignored. See https://wandb.me/define-metric to log data out of order.
wandb: WARNING Tried to log to step 29 that is less than the current step 67. Steps must be monotonically increasing, so this data will be ignored. See https://wandb.me/define-metric to log data out of order.
wandb: WARNING Tried to log to step 29 that is less than the current step 67. Steps must be monotonically increasing, so this data will be ignored. See https://wandb.me/define-metric to log data out of order.
wandb: WARNING Tried to log to step 29 that is less than the current step 67. Steps must be monotonically increasing, so this data will be ignored. See https://wandb.me/define-metric to log data out of order.
wandb: WARNING Tried to log to step 29 that is less than the current step 67. Steps must be monotonically increasing, so this data will be ignored. See https://wandb.me/define-metric to log data out of order.
wandb: WARNING Tried to log to step 29 that is less than the current step 67. Steps must be monotonically increasing, so this data will be ignored. See https://wandb.me/define-metric to log data out of order.
wandb: WARNING Tried to log to step 29 that is less than the current step 67. Steps must be monotonically increasing, so this data will be ignored. See https://wandb.me/define-metric to log data out of order.
[08/18/25 02:59:34] INFO     fairseq2 - Train Metrics (step 30) - DPO Loss:     
                             0.0237444 | Chosen Sequence Log Probabilities:     
                             -446.055 | Rejected Sequence Log Probabilities:    
                             -493.016 | Chosen Sequence Length: 826.734 |       
                             Rejected Sequence Length: 750.75 | NLL Loss:       
                             0.539567 | Gradient Norm: 8.96285 | Data Epoch: 1 |
                             Data Time: <1s | Compute Time: 8s | Lapse Time: 8s 
                             | Total Time: 302s | Wall Time: 302s | Learning    
                             Rate: 6.76667e-07 | Batch Size: 64 | Elements per  
                             Batch: 65,107 | Elements per Second: 7,726 | Number
                             of Examples: 64 | Number of Elements: 65,107 |     
                             Number of Target Elements: 52,911 | Padding: 0 |   
                             Padding Ratio (%): 0% | Total Number of Examples:  
                             1,920 | Total Number of Elements: 1,866,892 | Total
                             Number of Target Elements: 1,589,284 | Peak Active 
                             Device Memory: 63.07 GiB | Peak Active Device      
                             Memory (%): 80% | Peak Reserved Device Memory:     
                             74.50 GiB | Peak Reserved Device Memory (%): 95%   
wandb: WARNING Tried to log to step 30 that is less than the current step 67. Steps must be monotonically increasing, so this data will be ignored. See https://wandb.me/define-metric to log data out of order.
wandb: WARNING Tried to log to step 30 that is less than the current step 67. Steps must be monotonically increasing, so this data will be ignored. See https://wandb.me/define-metric to log data out of order.
wandb: WARNING Tried to log to step 30 that is less than the current step 67. Steps must be monotonically increasing, so this data will be ignored. See https://wandb.me/define-metric to log data out of order.
wandb: WARNING Tried to log to step 30 that is less than the current step 67. Steps must be monotonically increasing, so this data will be ignored. See https://wandb.me/define-metric to log data out of order.
wandb: WARNING Tried to log to step 30 that is less than the current step 67. Steps must be monotonically increasing, so this data will be ignored. See https://wandb.me/define-metric to log data out of order.
wandb: WARNING Tried to log to step 30 that is less than the current step 67. Steps must be monotonically increasing, so this data will be ignored. See https://wandb.me/define-metric to log data out of order.
wandb: WARNING Tried to log to step 30 that is less than the current step 67. Steps must be monotonically increasing, so this data will be ignored. See https://wandb.me/define-metric to log data out of order.
wandb: WARNING Tried to log to step 30 that is less than the current step 67. Steps must be monotonically increasing, so this data will be ignored. See https://wandb.me/define-metric to log data out of order.
wandb: WARNING Tried to log to step 30 that is less than the current step 67. Steps must be monotonically increasing, so this data will be ignored. See https://wandb.me/define-metric to log data out of order.
wandb: WARNING Tried to log to step 30 that is less than the current step 67. Steps must be monotonically increasing, so this data will be ignored. See https://wandb.me/define-metric to log data out of order.
wandb: WARNING Tried to log to step 30 that is less than the current step 67. Steps must be monotonically increasing, so this data will be ignored. See https://wandb.me/define-metric to log data out of order.
wandb: WARNING Tried to log to step 30 that is less than the current step 67. Steps must be monotonically increasing, so this data will be ignored. See https://wandb.me/define-metric to log data out of order.
wandb: WARNING Tried to log to step 30 that is less than the current step 67. Steps must be monotonically increasing, so this data will be ignored. See https://wandb.me/define-metric to log data out of order.
wandb: WARNING Tried to log to step 30 that is less than the current step 67. Steps must be monotonically increasing, so this data will be ignored. See https://wandb.me/define-metric to log data out of order.
wandb: WARNING Tried to log to step 30 that is less than the current step 67. Steps must be monotonically increasing, so this data will be ignored. See https://wandb.me/define-metric to log data out of order.
wandb: WARNING Tried to log to step 30 that is less than the current step 67. Steps must be monotonically increasing, so this data will be ignored. See https://wandb.me/define-metric to log data out of order.
wandb: WARNING Tried to log to step 30 that is less than the current step 67. Steps must be monotonically increasing, so this data will be ignored. See https://wandb.me/define-metric to log data out of order.
wandb: WARNING Tried to log to step 30 that is less than the current step 67. Steps must be monotonically increasing, so this data will be ignored. See https://wandb.me/define-metric to log data out of order.
wandb: WARNING Tried to log to step 30 that is less than the current step 67. Steps must be monotonically increasing, so this data will be ignored. See https://wandb.me/define-metric to log data out of order.
wandb: WARNING Tried to log to step 30 that is less than the current step 67. Steps must be monotonically increasing, so this data will be ignored. See https://wandb.me/define-metric to log data out of order.
wandb: WARNING Tried to log to step 30 that is less than the current step 67. Steps must be monotonically increasing, so this data will be ignored. See https://wandb.me/define-metric to log data out of order.
wandb: WARNING Tried to log to step 30 that is less than the current step 67. Steps must be monotonically increasing, so this data will be ignored. See https://wandb.me/define-metric to log data out of order.
wandb: WARNING Tried to log to step 30 that is less than the current step 67. Steps must be monotonically increasing, so this data will be ignored. See https://wandb.me/define-metric to log data out of order.
wandb: WARNING Tried to log to step 30 that is less than the current step 67. Steps must be monotonically increasing, so this data will be ignored. See https://wandb.me/define-metric to log data out of order.
wandb: WARNING Tried to log to step 30 that is less than the current step 67. Steps must be monotonically increasing, so this data will be ignored. See https://wandb.me/define-metric to log data out of order.
wandb: WARNING Tried to log to step 30 that is less than the current step 67. Steps must be monotonically increasing, so this data will be ignored. See https://wandb.me/define-metric to log data out of order.
wandb: WARNING Tried to log to step 30 that is less than the current step 67. Steps must be monotonically increasing, so this data will be ignored. See https://wandb.me/define-metric to log data out of order.
wandb: WARNING Tried to log to step 30 that is less than the current step 67. Steps must be monotonically increasing, so this data will be ignored. See https://wandb.me/define-metric to log data out of order.
wandb: WARNING Tried to log to step 30 that is less than the current step 67. Steps must be monotonically increasing, so this data will be ignored. See https://wandb.me/define-metric to log data out of order.
[08/18/25 02:59:44] INFO     fairseq2 - Train Metrics (step 31) - DPO Loss:     
                             0.0619896 | Chosen Sequence Log Probabilities:     
                             -501.117 | Rejected Sequence Log Probabilities:    
                             -525.016 | Chosen Sequence Length: 916 | Rejected  
                             Sequence Length: 714.984 | NLL Loss: 0.54683 |     
                             Gradient Norm: 46.7798 | Data Epoch: 1 | Data Time:
                             <1s | Compute Time: 9s | Lapse Time: 9s | Total    
                             Time: 312s | Wall Time: 312s | Learning Rate: 7e-07
                             | Batch Size: 64 | Elements per Batch: 69,258 |    
                             Elements per Second: 6,952 | Number of Examples: 64
                             | Number of Elements: 69,258 | Number of Target    
                             Elements: 58,624 | Padding: 0 | Padding Ratio (%): 
                             0% | Total Number of Examples: 1,984 | Total Number
                             of Elements: 1,936,150 | Total Number of Target    
                             Elements: 1,647,908 | Peak Active Device Memory:   
                             67.51 GiB | Peak Active Device Memory (%): 86% |   
                             Peak Reserved Device Memory: 74.06 GiB | Peak      
                             Reserved Device Memory (%): 94%                    
wandb: WARNING Tried to log to step 31 that is less than the current step 67. Steps must be monotonically increasing, so this data will be ignored. See https://wandb.me/define-metric to log data out of order.
wandb: WARNING Tried to log to step 31 that is less than the current step 67. Steps must be monotonically increasing, so this data will be ignored. See https://wandb.me/define-metric to log data out of order.
wandb: WARNING Tried to log to step 31 that is less than the current step 67. Steps must be monotonically increasing, so this data will be ignored. See https://wandb.me/define-metric to log data out of order.
wandb: WARNING Tried to log to step 31 that is less than the current step 67. Steps must be monotonically increasing, so this data will be ignored. See https://wandb.me/define-metric to log data out of order.
wandb: WARNING Tried to log to step 31 that is less than the current step 67. Steps must be monotonically increasing, so this data will be ignored. See https://wandb.me/define-metric to log data out of order.
wandb: WARNING Tried to log to step 31 that is less than the current step 67. Steps must be monotonically increasing, so this data will be ignored. See https://wandb.me/define-metric to log data out of order.
wandb: WARNING Tried to log to step 31 that is less than the current step 67. Steps must be monotonically increasing, so this data will be ignored. See https://wandb.me/define-metric to log data out of order.
wandb: WARNING Tried to log to step 31 that is less than the current step 67. Steps must be monotonically increasing, so this data will be ignored. See https://wandb.me/define-metric to log data out of order.
wandb: WARNING Tried to log to step 31 that is less than the current step 67. Steps must be monotonically increasing, so this data will be ignored. See https://wandb.me/define-metric to log data out of order.
wandb: WARNING Tried to log to step 31 that is less than the current step 67. Steps must be monotonically increasing, so this data will be ignored. See https://wandb.me/define-metric to log data out of order.
wandb: WARNING Tried to log to step 31 that is less than the current step 67. Steps must be monotonically increasing, so this data will be ignored. See https://wandb.me/define-metric to log data out of order.
wandb: WARNING Tried to log to step 31 that is less than the current step 67. Steps must be monotonically increasing, so this data will be ignored. See https://wandb.me/define-metric to log data out of order.
wandb: WARNING Tried to log to step 31 that is less than the current step 67. Steps must be monotonically increasing, so this data will be ignored. See https://wandb.me/define-metric to log data out of order.
wandb: WARNING Tried to log to step 31 that is less than the current step 67. Steps must be monotonically increasing, so this data will be ignored. See https://wandb.me/define-metric to log data out of order.
wandb: WARNING Tried to log to step 31 that is less than the current step 67. Steps must be monotonically increasing, so this data will be ignored. See https://wandb.me/define-metric to log data out of order.
wandb: WARNING Tried to log to step 31 that is less than the current step 67. Steps must be monotonically increasing, so this data will be ignored. See https://wandb.me/define-metric to log data out of order.
wandb: WARNING Tried to log to step 31 that is less than the current step 67. Steps must be monotonically increasing, so this data will be ignored. See https://wandb.me/define-metric to log data out of order.
wandb: WARNING Tried to log to step 31 that is less than the current step 67. Steps must be monotonically increasing, so this data will be ignored. See https://wandb.me/define-metric to log data out of order.
wandb: WARNING Tried to log to step 31 that is less than the current step 67. Steps must be monotonically increasing, so this data will be ignored. See https://wandb.me/define-metric to log data out of order.
wandb: WARNING Tried to log to step 31 that is less than the current step 67. Steps must be monotonically increasing, so this data will be ignored. See https://wandb.me/define-metric to log data out of order.
wandb: WARNING Tried to log to step 31 that is less than the current step 67. Steps must be monotonically increasing, so this data will be ignored. See https://wandb.me/define-metric to log data out of order.
wandb: WARNING Tried to log to step 31 that is less than the current step 67. Steps must be monotonically increasing, so this data will be ignored. See https://wandb.me/define-metric to log data out of order.
wandb: WARNING Tried to log to step 31 that is less than the current step 67. Steps must be monotonically increasing, so this data will be ignored. See https://wandb.me/define-metric to log data out of order.
wandb: WARNING Tried to log to step 31 that is less than the current step 67. Steps must be monotonically increasing, so this data will be ignored. See https://wandb.me/define-metric to log data out of order.
wandb: WARNING Tried to log to step 31 that is less than the current step 67. Steps must be monotonically increasing, so this data will be ignored. See https://wandb.me/define-metric to log data out of order.
wandb: WARNING Tried to log to step 31 that is less than the current step 67. Steps must be monotonically increasing, so this data will be ignored. See https://wandb.me/define-metric to log data out of order.
wandb: WARNING Tried to log to step 31 that is less than the current step 67. Steps must be monotonically increasing, so this data will be ignored. See https://wandb.me/define-metric to log data out of order.
wandb: WARNING Tried to log to step 31 that is less than the current step 67. Steps must be monotonically increasing, so this data will be ignored. See https://wandb.me/define-metric to log data out of order.
wandb: WARNING Tried to log to step 31 that is less than the current step 67. Steps must be monotonically increasing, so this data will be ignored. See https://wandb.me/define-metric to log data out of order.
[08/18/25 02:59:52] INFO     fairseq2 - Train Metrics (step 32) - DPO Loss:     
                             0.0291262 | Chosen Sequence Log Probabilities:     
                             -389.055 | Rejected Sequence Log Probabilities:    
                             -487.547 | Chosen Sequence Length: 625.859 |       
                             Rejected Sequence Length: 601.516 | NLL Loss:      
                             0.621848 | Gradient Norm: 8.64268 | Data Epoch: 1 |
                             Data Time: <1s | Compute Time: 8s | Lapse Time: 8s 
                             | Total Time: 320s | Wall Time: 320s | Learning    
                             Rate: 7e-07 | Batch Size: 64 | Elements per Batch: 
                             48,231 | Elements per Second: 5,908 | Number of    
                             Examples: 64 | Number of Elements: 48,231 | Number 
                             of Target Elements: 40,055 | Padding: 0 | Padding  
                             Ratio (%): 0% | Total Number of Examples: 2,048 |  
                             Total Number of Elements: 1,984,381 | Total Number 
                             of Target Elements: 1,687,963 | Peak Active Device 
                             Memory: 60.25 GiB | Peak Active Device Memory (%): 
                             77% | Peak Reserved Device Memory: 73.12 GiB | Peak
                             Reserved Device Memory (%): 93%                    
[08/18/25 03:00:00] INFO     fairseq2 - Train Metrics (step 33) - DPO Loss:     
                             0.0371407 | Chosen Sequence Log Probabilities:     
                             -453.516 | Rejected Sequence Log Probabilities:    
                             -462.109 | Chosen Sequence Length: 887.438 |       
                             Rejected Sequence Length: 668.5 | NLL Loss: 0.51106
                             | Gradient Norm: 40.9054 | Data Epoch: 1 | Data    
                             Time: <1s | Compute Time: 7s | Lapse Time: 7s |    
                             Total Time: 328s | Wall Time: 328s | Learning Rate:
                             6.99998e-07 | Batch Size: 64 | Elements per Batch: 
                             66,299 | Elements per Second: 8,305 | Number of    
                             Examples: 64 | Number of Elements: 66,299 | Number 
                             of Target Elements: 56,796 | Padding: 0 | Padding  
                             Ratio (%): 0% | Total Number of Examples: 2,112 |  
                             Total Number of Elements: 2,050,680 | Total Number 
                             of Target Elements: 1,744,759 | Peak Active Device 
                             Memory: 59.87 GiB | Peak Active Device Memory (%): 
                             76% | Peak Reserved Device Memory: 73.15 GiB | Peak
                             Reserved Device Memory (%): 93%                    
wandb: WARNING Tried to log to step 32 that is less than the current step 67. Steps must be monotonically increasing, so this data will be ignored. See https://wandb.me/define-metric to log data out of order.
wandb: WARNING Tried to log to step 32 that is less than the current step 67. Steps must be monotonically increasing, so this data will be ignored. See https://wandb.me/define-metric to log data out of order.
wandb: WARNING Tried to log to step 32 that is less than the current step 67. Steps must be monotonically increasing, so this data will be ignored. See https://wandb.me/define-metric to log data out of order.
wandb: WARNING Tried to log to step 32 that is less than the current step 67. Steps must be monotonically increasing, so this data will be ignored. See https://wandb.me/define-metric to log data out of order.
wandb: WARNING Tried to log to step 32 that is less than the current step 67. Steps must be monotonically increasing, so this data will be ignored. See https://wandb.me/define-metric to log data out of order.
wandb: WARNING Tried to log to step 32 that is less than the current step 67. Steps must be monotonically increasing, so this data will be ignored. See https://wandb.me/define-metric to log data out of order.
wandb: WARNING Tried to log to step 32 that is less than the current step 67. Steps must be monotonically increasing, so this data will be ignored. See https://wandb.me/define-metric to log data out of order.
wandb: WARNING Tried to log to step 32 that is less than the current step 67. Steps must be monotonically increasing, so this data will be ignored. See https://wandb.me/define-metric to log data out of order.
wandb: WARNING Tried to log to step 32 that is less than the current step 67. Steps must be monotonically increasing, so this data will be ignored. See https://wandb.me/define-metric to log data out of order.
wandb: WARNING Tried to log to step 32 that is less than the current step 67. Steps must be monotonically increasing, so this data will be ignored. See https://wandb.me/define-metric to log data out of order.
wandb: WARNING Tried to log to step 32 that is less than the current step 67. Steps must be monotonically increasing, so this data will be ignored. See https://wandb.me/define-metric to log data out of order.
wandb: WARNING Tried to log to step 32 that is less than the current step 67. Steps must be monotonically increasing, so this data will be ignored. See https://wandb.me/define-metric to log data out of order.
wandb: WARNING Tried to log to step 32 that is less than the current step 67. Steps must be monotonically increasing, so this data will be ignored. See https://wandb.me/define-metric to log data out of order.
wandb: WARNING Tried to log to step 32 that is less than the current step 67. Steps must be monotonically increasing, so this data will be ignored. See https://wandb.me/define-metric to log data out of order.
wandb: WARNING Tried to log to step 32 that is less than the current step 67. Steps must be monotonically increasing, so this data will be ignored. See https://wandb.me/define-metric to log data out of order.
wandb: WARNING Tried to log to step 32 that is less than the current step 67. Steps must be monotonically increasing, so this data will be ignored. See https://wandb.me/define-metric to log data out of order.
wandb: WARNING Tried to log to step 32 that is less than the current step 67. Steps must be monotonically increasing, so this data will be ignored. See https://wandb.me/define-metric to log data out of order.
wandb: WARNING Tried to log to step 32 that is less than the current step 67. Steps must be monotonically increasing, so this data will be ignored. See https://wandb.me/define-metric to log data out of order.
wandb: WARNING Tried to log to step 32 that is less than the current step 67. Steps must be monotonically increasing, so this data will be ignored. See https://wandb.me/define-metric to log data out of order.
wandb: WARNING Tried to log to step 32 that is less than the current step 67. Steps must be monotonically increasing, so this data will be ignored. See https://wandb.me/define-metric to log data out of order.
wandb: WARNING Tried to log to step 32 that is less than the current step 67. Steps must be monotonically increasing, so this data will be ignored. See https://wandb.me/define-metric to log data out of order.
wandb: WARNING Tried to log to step 32 that is less than the current step 67. Steps must be monotonically increasing, so this data will be ignored. See https://wandb.me/define-metric to log data out of order.
wandb: WARNING Tried to log to step 32 that is less than the current step 67. Steps must be monotonically increasing, so this data will be ignored. See https://wandb.me/define-metric to log data out of order.
wandb: WARNING Tried to log to step 32 that is less than the current step 67. Steps must be monotonically increasing, so this data will be ignored. See https://wandb.me/define-metric to log data out of order.
wandb: WARNING Tried to log to step 32 that is less than the current step 67. Steps must be monotonically increasing, so this data will be ignored. See https://wandb.me/define-metric to log data out of order.
wandb: WARNING Tried to log to step 32 that is less than the current step 67. Steps must be monotonically increasing, so this data will be ignored. See https://wandb.me/define-metric to log data out of order.
wandb: WARNING Tried to log to step 32 that is less than the current step 67. Steps must be monotonically increasing, so this data will be ignored. See https://wandb.me/define-metric to log data out of order.
wandb: WARNING Tried to log to step 32 that is less than the current step 67. Steps must be monotonically increasing, so this data will be ignored. See https://wandb.me/define-metric to log data out of order.
wandb: WARNING Tried to log to step 32 that is less than the current step 67. Steps must be monotonically increasing, so this data will be ignored. See https://wandb.me/define-metric to log data out of order.
wandb: WARNING Tried to log to step 33 that is less than the current step 67. Steps must be monotonically increasing, so this data will be ignored. See https://wandb.me/define-metric to log data out of order.
wandb: WARNING Tried to log to step 33 that is less than the current step 67. Steps must be monotonically increasing, so this data will be ignored. See https://wandb.me/define-metric to log data out of order.
wandb: WARNING Tried to log to step 33 that is less than the current step 67. Steps must be monotonically increasing, so this data will be ignored. See https://wandb.me/define-metric to log data out of order.
wandb: WARNING Tried to log to step 33 that is less than the current step 67. Steps must be monotonically increasing, so this data will be ignored. See https://wandb.me/define-metric to log data out of order.
wandb: WARNING Tried to log to step 33 that is less than the current step 67. Steps must be monotonically increasing, so this data will be ignored. See https://wandb.me/define-metric to log data out of order.
wandb: WARNING Tried to log to step 33 that is less than the current step 67. Steps must be monotonically increasing, so this data will be ignored. See https://wandb.me/define-metric to log data out of order.
wandb: WARNING Tried to log to step 33 that is less than the current step 67. Steps must be monotonically increasing, so this data will be ignored. See https://wandb.me/define-metric to log data out of order.
wandb: WARNING Tried to log to step 33 that is less than the current step 67. Steps must be monotonically increasing, so this data will be ignored. See https://wandb.me/define-metric to log data out of order.
wandb: WARNING Tried to log to step 33 that is less than the current step 67. Steps must be monotonically increasing, so this data will be ignored. See https://wandb.me/define-metric to log data out of order.
wandb: WARNING Tried to log to step 33 that is less than the current step 67. Steps must be monotonically increasing, so this data will be ignored. See https://wandb.me/define-metric to log data out of order.
wandb: WARNING Tried to log to step 33 that is less than the current step 67. Steps must be monotonically increasing, so this data will be ignored. See https://wandb.me/define-metric to log data out of order.
wandb: WARNING Tried to log to step 33 that is less than the current step 67. Steps must be monotonically increasing, so this data will be ignored. See https://wandb.me/define-metric to log data out of order.
wandb: WARNING Tried to log to step 33 that is less than the current step 67. Steps must be monotonically increasing, so this data will be ignored. See https://wandb.me/define-metric to log data out of order.
wandb: WARNING Tried to log to step 33 that is less than the current step 67. Steps must be monotonically increasing, so this data will be ignored. See https://wandb.me/define-metric to log data out of order.
wandb: WARNING Tried to log to step 33 that is less than the current step 67. Steps must be monotonically increasing, so this data will be ignored. See https://wandb.me/define-metric to log data out of order.
wandb: WARNING Tried to log to step 33 that is less than the current step 67. Steps must be monotonically increasing, so this data will be ignored. See https://wandb.me/define-metric to log data out of order.
wandb: WARNING Tried to log to step 33 that is less than the current step 67. Steps must be monotonically increasing, so this data will be ignored. See https://wandb.me/define-metric to log data out of order.
wandb: WARNING Tried to log to step 33 that is less than the current step 67. Steps must be monotonically increasing, so this data will be ignored. See https://wandb.me/define-metric to log data out of order.
wandb: WARNING Tried to log to step 33 that is less than the current step 67. Steps must be monotonically increasing, so this data will be ignored. See https://wandb.me/define-metric to log data out of order.
wandb: WARNING Tried to log to step 33 that is less than the current step 67. Steps must be monotonically increasing, so this data will be ignored. See https://wandb.me/define-metric to log data out of order.
wandb: WARNING Tried to log to step 33 that is less than the current step 67. Steps must be monotonically increasing, so this data will be ignored. See https://wandb.me/define-metric to log data out of order.
wandb: WARNING Tried to log to step 33 that is less than the current step 67. Steps must be monotonically increasing, so this data will be ignored. See https://wandb.me/define-metric to log data out of order.
wandb: WARNING Tried to log to step 33 that is less than the current step 67. Steps must be monotonically increasing, so this data will be ignored. See https://wandb.me/define-metric to log data out of order.
wandb: WARNING Tried to log to step 33 that is less than the current step 67. Steps must be monotonically increasing, so this data will be ignored. See https://wandb.me/define-metric to log data out of order.
wandb: WARNING Tried to log to step 33 that is less than the current step 67. Steps must be monotonically increasing, so this data will be ignored. See https://wandb.me/define-metric to log data out of order.
wandb: WARNING Tried to log to step 33 that is less than the current step 67. Steps must be monotonically increasing, so this data will be ignored. See https://wandb.me/define-metric to log data out of order.
wandb: WARNING Tried to log to step 33 that is less than the current step 67. Steps must be monotonically increasing, so this data will be ignored. See https://wandb.me/define-metric to log data out of order.
wandb: WARNING Tried to log to step 33 that is less than the current step 67. Steps must be monotonically increasing, so this data will be ignored. See https://wandb.me/define-metric to log data out of order.
wandb: WARNING Tried to log to step 33 that is less than the current step 67. Steps must be monotonically increasing, so this data will be ignored. See https://wandb.me/define-metric to log data out of order.
[08/18/25 03:00:11] INFO     fairseq2 - Train Metrics (step 34) - DPO Loss:     
                             0.00986033 | Chosen Sequence Log Probabilities:    
                             -497.16 | Rejected Sequence Log Probabilities:     
                             -551.781 | Chosen Sequence Length: 899.062 |       
                             Rejected Sequence Length: 716.25 | NLL Loss:       
                             0.553107 | Gradient Norm: 8.21349 | Data Epoch: 1 |
                             Data Time: <1s | Compute Time: 10s | Lapse Time:   
                             10s | Total Time: 339s | Wall Time: 339s | Learning
                             Rate: 6.99996e-07 | Batch Size: 64 | Elements per  
                             Batch: 66,861 | Elements per Second: 6,388 | Number
                             of Examples: 64 | Number of Elements: 66,861 |     
                             Number of Target Elements: 57,540 | Padding: 0 |   
                             Padding Ratio (%): 0% | Total Number of Examples:  
                             2,176 | Total Number of Elements: 2,117,541 | Total
                             Number of Target Elements: 1,802,299 | Peak Active 
                             Device Memory: 63.88 GiB | Peak Active Device      
                             Memory (%): 81% | Peak Reserved Device Memory:     
                             73.44 GiB | Peak Reserved Device Memory (%): 93%   
[08/18/25 03:00:14] INFO     fairseq2 - Train Metrics (step 35) - DPO Loss:     
                             0.034854 | Chosen Sequence Log Probabilities:      
                             -392.781 | Rejected Sequence Log Probabilities:    
                             -535.875 | Chosen Sequence Length: 696.031 |       
                             Rejected Sequence Length: 721.062 | NLL Loss:      
                             0.564374 | Gradient Norm: 12.2064 | Data Epoch: 1 |
                             Data Time: <1s | Compute Time: 2s | Lapse Time: 2s 
                             | Total Time: 342s | Wall Time: 342s | Learning    
                             Rate: 6.99993e-07 | Batch Size: 32 | Elements per  
                             Batch: 26,989 | Elements per Second: 9,090 | Number
                             of Examples: 32 | Number of Elements: 26,989 |     
                             Number of Target Elements: 22,273 | Padding: 0 |   
                             Padding Ratio (%): 0% | Total Number of Examples:  
                             2,208 | Total Number of Elements: 2,144,530 | Total
                             Number of Target Elements: 1,824,572 | Peak Active 
                             Device Memory: 59.43 GiB | Peak Active Device      
                             Memory (%): 76% | Peak Reserved Device Memory:     
                             69.91 GiB | Peak Reserved Device Memory (%): 89%   
                    INFO     fairseq2 - End of epoch 1 reached after step 35.   
[08/18/25 03:00:20] INFO     fairseq2 - Train Metrics (step 36) - DPO Loss:     
                             0.00246043 | Chosen Sequence Log Probabilities:    
                             -396.172 | Rejected Sequence Log Probabilities:    
                             -527.469 | Chosen Sequence Length: 674.438 |       
                             Rejected Sequence Length: 679.969 | NLL Loss:      
                             0.587221 | Gradient Norm: 1.93843 | Data Epoch: 2 |
                             Data Time: <1s | Compute Time: 6s | Lapse Time: 6s 
                             | Total Time: 349s | Wall Time: 349s | Learning    
                             Rate: 6.99989e-07 | Batch Size: 64 | Elements per  
                             Batch: 52,585 | Elements per Second: 7,963 | Number
                             of Examples: 64 | Number of Elements: 52,585 |     
                             Number of Target Elements: 43,164 | Padding: 0 |   
                             Padding Ratio (%): 0% | Total Number of Examples:  
                             2,272 | Total Number of Elements: 2,197,115 | Total
                             Number of Target Elements: 1,867,736 | Peak Active 
                             Device Memory: 61.12 GiB | Peak Active Device      
                             Memory (%): 78% | Peak Reserved Device Memory:     
                             72.97 GiB | Peak Reserved Device Memory (%): 93%   
wandb: WARNING Tried to log to step 34 that is less than the current step 67. Steps must be monotonically increasing, so this data will be ignored. See https://wandb.me/define-metric to log data out of order.
wandb: WARNING Tried to log to step 34 that is less than the current step 67. Steps must be monotonically increasing, so this data will be ignored. See https://wandb.me/define-metric to log data out of order.
wandb: WARNING Tried to log to step 34 that is less than the current step 67. Steps must be monotonically increasing, so this data will be ignored. See https://wandb.me/define-metric to log data out of order.
wandb: WARNING Tried to log to step 34 that is less than the current step 67. Steps must be monotonically increasing, so this data will be ignored. See https://wandb.me/define-metric to log data out of order.
wandb: WARNING Tried to log to step 34 that is less than the current step 67. Steps must be monotonically increasing, so this data will be ignored. See https://wandb.me/define-metric to log data out of order.
wandb: WARNING Tried to log to step 34 that is less than the current step 67. Steps must be monotonically increasing, so this data will be ignored. See https://wandb.me/define-metric to log data out of order.
wandb: WARNING Tried to log to step 34 that is less than the current step 67. Steps must be monotonically increasing, so this data will be ignored. See https://wandb.me/define-metric to log data out of order.
wandb: WARNING Tried to log to step 34 that is less than the current step 67. Steps must be monotonically increasing, so this data will be ignored. See https://wandb.me/define-metric to log data out of order.
wandb: WARNING Tried to log to step 34 that is less than the current step 67. Steps must be monotonically increasing, so this data will be ignored. See https://wandb.me/define-metric to log data out of order.
wandb: WARNING Tried to log to step 34 that is less than the current step 67. Steps must be monotonically increasing, so this data will be ignored. See https://wandb.me/define-metric to log data out of order.
wandb: WARNING Tried to log to step 34 that is less than the current step 67. Steps must be monotonically increasing, so this data will be ignored. See https://wandb.me/define-metric to log data out of order.
wandb: WARNING Tried to log to step 34 that is less than the current step 67. Steps must be monotonically increasing, so this data will be ignored. See https://wandb.me/define-metric to log data out of order.
wandb: WARNING Tried to log to step 34 that is less than the current step 67. Steps must be monotonically increasing, so this data will be ignored. See https://wandb.me/define-metric to log data out of order.
wandb: WARNING Tried to log to step 34 that is less than the current step 67. Steps must be monotonically increasing, so this data will be ignored. See https://wandb.me/define-metric to log data out of order.
wandb: WARNING Tried to log to step 34 that is less than the current step 67. Steps must be monotonically increasing, so this data will be ignored. See https://wandb.me/define-metric to log data out of order.
wandb: WARNING Tried to log to step 34 that is less than the current step 67. Steps must be monotonically increasing, so this data will be ignored. See https://wandb.me/define-metric to log data out of order.
wandb: WARNING Tried to log to step 34 that is less than the current step 67. Steps must be monotonically increasing, so this data will be ignored. See https://wandb.me/define-metric to log data out of order.
wandb: WARNING Tried to log to step 34 that is less than the current step 67. Steps must be monotonically increasing, so this data will be ignored. See https://wandb.me/define-metric to log data out of order.
wandb: WARNING Tried to log to step 34 that is less than the current step 67. Steps must be monotonically increasing, so this data will be ignored. See https://wandb.me/define-metric to log data out of order.
wandb: WARNING Tried to log to step 34 that is less than the current step 67. Steps must be monotonically increasing, so this data will be ignored. See https://wandb.me/define-metric to log data out of order.
wandb: WARNING Tried to log to step 34 that is less than the current step 67. Steps must be monotonically increasing, so this data will be ignored. See https://wandb.me/define-metric to log data out of order.
wandb: WARNING Tried to log to step 34 that is less than the current step 67. Steps must be monotonically increasing, so this data will be ignored. See https://wandb.me/define-metric to log data out of order.
wandb: WARNING Tried to log to step 34 that is less than the current step 67. Steps must be monotonically increasing, so this data will be ignored. See https://wandb.me/define-metric to log data out of order.
wandb: WARNING Tried to log to step 34 that is less than the current step 67. Steps must be monotonically increasing, so this data will be ignored. See https://wandb.me/define-metric to log data out of order.
wandb: WARNING Tried to log to step 34 that is less than the current step 67. Steps must be monotonically increasing, so this data will be ignored. See https://wandb.me/define-metric to log data out of order.
wandb: WARNING Tried to log to step 34 that is less than the current step 67. Steps must be monotonically increasing, so this data will be ignored. See https://wandb.me/define-metric to log data out of order.
wandb: WARNING Tried to log to step 34 that is less than the current step 67. Steps must be monotonically increasing, so this data will be ignored. See https://wandb.me/define-metric to log data out of order.
wandb: WARNING Tried to log to step 34 that is less than the current step 67. Steps must be monotonically increasing, so this data will be ignored. See https://wandb.me/define-metric to log data out of order.
wandb: WARNING Tried to log to step 34 that is less than the current step 67. Steps must be monotonically increasing, so this data will be ignored. See https://wandb.me/define-metric to log data out of order.
wandb: WARNING Tried to log to step 35 that is less than the current step 67. Steps must be monotonically increasing, so this data will be ignored. See https://wandb.me/define-metric to log data out of order.
wandb: WARNING Tried to log to step 35 that is less than the current step 67. Steps must be monotonically increasing, so this data will be ignored. See https://wandb.me/define-metric to log data out of order.
wandb: WARNING Tried to log to step 35 that is less than the current step 67. Steps must be monotonically increasing, so this data will be ignored. See https://wandb.me/define-metric to log data out of order.
wandb: WARNING Tried to log to step 35 that is less than the current step 67. Steps must be monotonically increasing, so this data will be ignored. See https://wandb.me/define-metric to log data out of order.
wandb: WARNING Tried to log to step 35 that is less than the current step 67. Steps must be monotonically increasing, so this data will be ignored. See https://wandb.me/define-metric to log data out of order.
wandb: WARNING Tried to log to step 35 that is less than the current step 67. Steps must be monotonically increasing, so this data will be ignored. See https://wandb.me/define-metric to log data out of order.
wandb: WARNING Tried to log to step 35 that is less than the current step 67. Steps must be monotonically increasing, so this data will be ignored. See https://wandb.me/define-metric to log data out of order.
wandb: WARNING Tried to log to step 35 that is less than the current step 67. Steps must be monotonically increasing, so this data will be ignored. See https://wandb.me/define-metric to log data out of order.
wandb: WARNING Tried to log to step 35 that is less than the current step 67. Steps must be monotonically increasing, so this data will be ignored. See https://wandb.me/define-metric to log data out of order.
wandb: WARNING Tried to log to step 35 that is less than the current step 67. Steps must be monotonically increasing, so this data will be ignored. See https://wandb.me/define-metric to log data out of order.
wandb: WARNING Tried to log to step 35 that is less than the current step 67. Steps must be monotonically increasing, so this data will be ignored. See https://wandb.me/define-metric to log data out of order.
wandb: WARNING Tried to log to step 35 that is less than the current step 67. Steps must be monotonically increasing, so this data will be ignored. See https://wandb.me/define-metric to log data out of order.
wandb: WARNING Tried to log to step 35 that is less than the current step 67. Steps must be monotonically increasing, so this data will be ignored. See https://wandb.me/define-metric to log data out of order.
wandb: WARNING Tried to log to step 35 that is less than the current step 67. Steps must be monotonically increasing, so this data will be ignored. See https://wandb.me/define-metric to log data out of order.
wandb: WARNING Tried to log to step 35 that is less than the current step 67. Steps must be monotonically increasing, so this data will be ignored. See https://wandb.me/define-metric to log data out of order.
wandb: WARNING Tried to log to step 35 that is less than the current step 67. Steps must be monotonically increasing, so this data will be ignored. See https://wandb.me/define-metric to log data out of order.
wandb: WARNING Tried to log to step 35 that is less than the current step 67. Steps must be monotonically increasing, so this data will be ignored. See https://wandb.me/define-metric to log data out of order.
wandb: WARNING Tried to log to step 35 that is less than the current step 67. Steps must be monotonically increasing, so this data will be ignored. See https://wandb.me/define-metric to log data out of order.
wandb: WARNING Tried to log to step 35 that is less than the current step 67. Steps must be monotonically increasing, so this data will be ignored. See https://wandb.me/define-metric to log data out of order.
wandb: WARNING Tried to log to step 35 that is less than the current step 67. Steps must be monotonically increasing, so this data will be ignored. See https://wandb.me/define-metric to log data out of order.
wandb: WARNING Tried to log to step 35 that is less than the current step 67. Steps must be monotonically increasing, so this data will be ignored. See https://wandb.me/define-metric to log data out of order.
wandb: WARNING Tried to log to step 35 that is less than the current step 67. Steps must be monotonically increasing, so this data will be ignored. See https://wandb.me/define-metric to log data out of order.
wandb: WARNING Tried to log to step 35 that is less than the current step 67. Steps must be monotonically increasing, so this data will be ignored. See https://wandb.me/define-metric to log data out of order.
wandb: WARNING Tried to log to step 35 that is less than the current step 67. Steps must be monotonically increasing, so this data will be ignored. See https://wandb.me/define-metric to log data out of order.
wandb: WARNING Tried to log to step 35 that is less than the current step 67. Steps must be monotonically increasing, so this data will be ignored. See https://wandb.me/define-metric to log data out of order.
wandb: WARNING Tried to log to step 35 that is less than the current step 67. Steps must be monotonically increasing, so this data will be ignored. See https://wandb.me/define-metric to log data out of order.
wandb: WARNING Tried to log to step 35 that is less than the current step 67. Steps must be monotonically increasing, so this data will be ignored. See https://wandb.me/define-metric to log data out of order.
wandb: WARNING Tried to log to step 35 that is less than the current step 67. Steps must be monotonically increasing, so this data will be ignored. See https://wandb.me/define-metric to log data out of order.
wandb: WARNING Tried to log to step 35 that is less than the current step 67. Steps must be monotonically increasing, so this data will be ignored. See https://wandb.me/define-metric to log data out of order.
wandb: WARNING Tried to log to step 36 that is less than the current step 67. Steps must be monotonically increasing, so this data will be ignored. See https://wandb.me/define-metric to log data out of order.
wandb: WARNING Tried to log to step 36 that is less than the current step 67. Steps must be monotonically increasing, so this data will be ignored. See https://wandb.me/define-metric to log data out of order.
wandb: WARNING Tried to log to step 36 that is less than the current step 67. Steps must be monotonically increasing, so this data will be ignored. See https://wandb.me/define-metric to log data out of order.
wandb: WARNING Tried to log to step 36 that is less than the current step 67. Steps must be monotonically increasing, so this data will be ignored. See https://wandb.me/define-metric to log data out of order.
wandb: WARNING Tried to log to step 36 that is less than the current step 67. Steps must be monotonically increasing, so this data will be ignored. See https://wandb.me/define-metric to log data out of order.
wandb: WARNING Tried to log to step 36 that is less than the current step 67. Steps must be monotonically increasing, so this data will be ignored. See https://wandb.me/define-metric to log data out of order.
wandb: WARNING Tried to log to step 36 that is less than the current step 67. Steps must be monotonically increasing, so this data will be ignored. See https://wandb.me/define-metric to log data out of order.
wandb: WARNING Tried to log to step 36 that is less than the current step 67. Steps must be monotonically increasing, so this data will be ignored. See https://wandb.me/define-metric to log data out of order.
wandb: WARNING Tried to log to step 36 that is less than the current step 67. Steps must be monotonically increasing, so this data will be ignored. See https://wandb.me/define-metric to log data out of order.
wandb: WARNING Tried to log to step 36 that is less than the current step 67. Steps must be monotonically increasing, so this data will be ignored. See https://wandb.me/define-metric to log data out of order.
wandb: WARNING Tried to log to step 36 that is less than the current step 67. Steps must be monotonically increasing, so this data will be ignored. See https://wandb.me/define-metric to log data out of order.
wandb: WARNING Tried to log to step 36 that is less than the current step 67. Steps must be monotonically increasing, so this data will be ignored. See https://wandb.me/define-metric to log data out of order.
wandb: WARNING Tried to log to step 36 that is less than the current step 67. Steps must be monotonically increasing, so this data will be ignored. See https://wandb.me/define-metric to log data out of order.
wandb: WARNING Tried to log to step 36 that is less than the current step 67. Steps must be monotonically increasing, so this data will be ignored. See https://wandb.me/define-metric to log data out of order.
wandb: WARNING Tried to log to step 36 that is less than the current step 67. Steps must be monotonically increasing, so this data will be ignored. See https://wandb.me/define-metric to log data out of order.
wandb: WARNING Tried to log to step 36 that is less than the current step 67. Steps must be monotonically increasing, so this data will be ignored. See https://wandb.me/define-metric to log data out of order.
wandb: WARNING Tried to log to step 36 that is less than the current step 67. Steps must be monotonically increasing, so this data will be ignored. See https://wandb.me/define-metric to log data out of order.
wandb: WARNING Tried to log to step 36 that is less than the current step 67. Steps must be monotonically increasing, so this data will be ignored. See https://wandb.me/define-metric to log data out of order.
wandb: WARNING Tried to log to step 36 that is less than the current step 67. Steps must be monotonically increasing, so this data will be ignored. See https://wandb.me/define-metric to log data out of order.
wandb: WARNING Tried to log to step 36 that is less than the current step 67. Steps must be monotonically increasing, so this data will be ignored. See https://wandb.me/define-metric to log data out of order.
wandb: WARNING Tried to log to step 36 that is less than the current step 67. Steps must be monotonically increasing, so this data will be ignored. See https://wandb.me/define-metric to log data out of order.
wandb: WARNING Tried to log to step 36 that is less than the current step 67. Steps must be monotonically increasing, so this data will be ignored. See https://wandb.me/define-metric to log data out of order.
wandb: WARNING Tried to log to step 36 that is less than the current step 67. Steps must be monotonically increasing, so this data will be ignored. See https://wandb.me/define-metric to log data out of order.
wandb: WARNING Tried to log to step 36 that is less than the current step 67. Steps must be monotonically increasing, so this data will be ignored. See https://wandb.me/define-metric to log data out of order.
wandb: WARNING Tried to log to step 36 that is less than the current step 67. Steps must be monotonically increasing, so this data will be ignored. See https://wandb.me/define-metric to log data out of order.
wandb: WARNING Tried to log to step 36 that is less than the current step 67. Steps must be monotonically increasing, so this data will be ignored. See https://wandb.me/define-metric to log data out of order.
wandb: WARNING Tried to log to step 36 that is less than the current step 67. Steps must be monotonically increasing, so this data will be ignored. See https://wandb.me/define-metric to log data out of order.
wandb: WARNING Tried to log to step 36 that is less than the current step 67. Steps must be monotonically increasing, so this data will be ignored. See https://wandb.me/define-metric to log data out of order.
wandb: WARNING Tried to log to step 36 that is less than the current step 67. Steps must be monotonically increasing, so this data will be ignored. See https://wandb.me/define-metric to log data out of order.
[08/18/25 03:00:30] INFO     fairseq2 - Train Metrics (step 37) - DPO Loss:     
                             0.0070644 | Chosen Sequence Log Probabilities:     
                             -479.117 | Rejected Sequence Log Probabilities:    
                             -534.703 | Chosen Sequence Length: 999.281 |       
                             Rejected Sequence Length: 801.062 | NLL Loss:      
                             0.479485 | Gradient Norm: 3.66759 | Data Epoch: 2 |
                             Data Time: <1s | Compute Time: 9s | Lapse Time: 9s 
                             | Total Time: 358s | Wall Time: 358s | Learning    
                             Rate: 6.99984e-07 | Batch Size: 64 | Elements per  
                             Batch: 73,060 | Elements per Second: 7,579 | Number
                             of Examples: 64 | Number of Elements: 73,060 |     
                             Number of Target Elements: 63,954 | Padding: 0 |   
                             Padding Ratio (%): 0% | Total Number of Examples:  
                             2,336 | Total Number of Elements: 2,270,175 | Total
                             Number of Target Elements: 1,931,690 | Peak Active 
                             Device Memory: 60.11 GiB | Peak Active Device      
                             Memory (%): 76% | Peak Reserved Device Memory:     
                             72.97 GiB | Peak Reserved Device Memory (%): 93%   
wandb: WARNING Tried to log to step 37 that is less than the current step 67. Steps must be monotonically increasing, so this data will be ignored. See https://wandb.me/define-metric to log data out of order.
wandb: WARNING Tried to log to step 37 that is less than the current step 67. Steps must be monotonically increasing, so this data will be ignored. See https://wandb.me/define-metric to log data out of order.
wandb: WARNING Tried to log to step 37 that is less than the current step 67. Steps must be monotonically increasing, so this data will be ignored. See https://wandb.me/define-metric to log data out of order.
wandb: WARNING Tried to log to step 37 that is less than the current step 67. Steps must be monotonically increasing, so this data will be ignored. See https://wandb.me/define-metric to log data out of order.
wandb: WARNING Tried to log to step 37 that is less than the current step 67. Steps must be monotonically increasing, so this data will be ignored. See https://wandb.me/define-metric to log data out of order.
wandb: WARNING Tried to log to step 37 that is less than the current step 67. Steps must be monotonically increasing, so this data will be ignored. See https://wandb.me/define-metric to log data out of order.
wandb: WARNING Tried to log to step 37 that is less than the current step 67. Steps must be monotonically increasing, so this data will be ignored. See https://wandb.me/define-metric to log data out of order.
wandb: WARNING Tried to log to step 37 that is less than the current step 67. Steps must be monotonically increasing, so this data will be ignored. See https://wandb.me/define-metric to log data out of order.
wandb: WARNING Tried to log to step 37 that is less than the current step 67. Steps must be monotonically increasing, so this data will be ignored. See https://wandb.me/define-metric to log data out of order.
wandb: WARNING Tried to log to step 37 that is less than the current step 67. Steps must be monotonically increasing, so this data will be ignored. See https://wandb.me/define-metric to log data out of order.
wandb: WARNING Tried to log to step 37 that is less than the current step 67. Steps must be monotonically increasing, so this data will be ignored. See https://wandb.me/define-metric to log data out of order.
wandb: WARNING Tried to log to step 37 that is less than the current step 67. Steps must be monotonically increasing, so this data will be ignored. See https://wandb.me/define-metric to log data out of order.
wandb: WARNING Tried to log to step 37 that is less than the current step 67. Steps must be monotonically increasing, so this data will be ignored. See https://wandb.me/define-metric to log data out of order.
wandb: WARNING Tried to log to step 37 that is less than the current step 67. Steps must be monotonically increasing, so this data will be ignored. See https://wandb.me/define-metric to log data out of order.
wandb: WARNING Tried to log to step 37 that is less than the current step 67. Steps must be monotonically increasing, so this data will be ignored. See https://wandb.me/define-metric to log data out of order.
wandb: WARNING Tried to log to step 37 that is less than the current step 67. Steps must be monotonically increasing, so this data will be ignored. See https://wandb.me/define-metric to log data out of order.
wandb: WARNING Tried to log to step 37 that is less than the current step 67. Steps must be monotonically increasing, so this data will be ignored. See https://wandb.me/define-metric to log data out of order.
wandb: WARNING Tried to log to step 37 that is less than the current step 67. Steps must be monotonically increasing, so this data will be ignored. See https://wandb.me/define-metric to log data out of order.
wandb: WARNING Tried to log to step 37 that is less than the current step 67. Steps must be monotonically increasing, so this data will be ignored. See https://wandb.me/define-metric to log data out of order.
wandb: WARNING Tried to log to step 37 that is less than the current step 67. Steps must be monotonically increasing, so this data will be ignored. See https://wandb.me/define-metric to log data out of order.
wandb: WARNING Tried to log to step 37 that is less than the current step 67. Steps must be monotonically increasing, so this data will be ignored. See https://wandb.me/define-metric to log data out of order.
wandb: WARNING Tried to log to step 37 that is less than the current step 67. Steps must be monotonically increasing, so this data will be ignored. See https://wandb.me/define-metric to log data out of order.
wandb: WARNING Tried to log to step 37 that is less than the current step 67. Steps must be monotonically increasing, so this data will be ignored. See https://wandb.me/define-metric to log data out of order.
wandb: WARNING Tried to log to step 37 that is less than the current step 67. Steps must be monotonically increasing, so this data will be ignored. See https://wandb.me/define-metric to log data out of order.
wandb: WARNING Tried to log to step 37 that is less than the current step 67. Steps must be monotonically increasing, so this data will be ignored. See https://wandb.me/define-metric to log data out of order.
wandb: WARNING Tried to log to step 37 that is less than the current step 67. Steps must be monotonically increasing, so this data will be ignored. See https://wandb.me/define-metric to log data out of order.
wandb: WARNING Tried to log to step 37 that is less than the current step 67. Steps must be monotonically increasing, so this data will be ignored. See https://wandb.me/define-metric to log data out of order.
wandb: WARNING Tried to log to step 37 that is less than the current step 67. Steps must be monotonically increasing, so this data will be ignored. See https://wandb.me/define-metric to log data out of order.
wandb: WARNING Tried to log to step 37 that is less than the current step 67. Steps must be monotonically increasing, so this data will be ignored. See https://wandb.me/define-metric to log data out of order.
[08/18/25 03:00:38] INFO     fairseq2 - Train Metrics (step 38) - DPO Loss:     
                             0.0101923 | Chosen Sequence Log Probabilities:     
                             -428.609 | Rejected Sequence Log Probabilities:    
                             -503.797 | Chosen Sequence Length: 705.75 |        
                             Rejected Sequence Length: 576.016 | NLL Loss:      
                             0.607252 | Gradient Norm: 3.90644 | Data Epoch: 2 |
                             Data Time: <1s | Compute Time: 7s | Lapse Time: 7s 
                             | Total Time: 366s | Wall Time: 366s | Learning    
                             Rate: 6.99978e-07 | Batch Size: 64 | Elements per  
                             Batch: 53,362 | Elements per Second: 7,296 | Number
                             of Examples: 64 | Number of Elements: 53,362 |     
                             Number of Target Elements: 45,168 | Padding: 0 |   
                             Padding Ratio (%): 0% | Total Number of Examples:  
                             2,400 | Total Number of Elements: 2,323,537 | Total
                             Number of Target Elements: 1,976,858 | Peak Active 
                             Device Memory: 59.86 GiB | Peak Active Device      
                             Memory (%): 76% | Peak Reserved Device Memory:     
                             72.97 GiB | Peak Reserved Device Memory (%): 93%   
wandb: WARNING Tried to log to step 38 that is less than the current step 67. Steps must be monotonically increasing, so this data will be ignored. See https://wandb.me/define-metric to log data out of order.
wandb: WARNING Tried to log to step 38 that is less than the current step 67. Steps must be monotonically increasing, so this data will be ignored. See https://wandb.me/define-metric to log data out of order.
wandb: WARNING Tried to log to step 38 that is less than the current step 67. Steps must be monotonically increasing, so this data will be ignored. See https://wandb.me/define-metric to log data out of order.
wandb: WARNING Tried to log to step 38 that is less than the current step 67. Steps must be monotonically increasing, so this data will be ignored. See https://wandb.me/define-metric to log data out of order.
wandb: WARNING Tried to log to step 38 that is less than the current step 67. Steps must be monotonically increasing, so this data will be ignored. See https://wandb.me/define-metric to log data out of order.
wandb: WARNING Tried to log to step 38 that is less than the current step 67. Steps must be monotonically increasing, so this data will be ignored. See https://wandb.me/define-metric to log data out of order.
wandb: WARNING Tried to log to step 38 that is less than the current step 67. Steps must be monotonically increasing, so this data will be ignored. See https://wandb.me/define-metric to log data out of order.
wandb: WARNING Tried to log to step 38 that is less than the current step 67. Steps must be monotonically increasing, so this data will be ignored. See https://wandb.me/define-metric to log data out of order.
wandb: WARNING Tried to log to step 38 that is less than the current step 67. Steps must be monotonically increasing, so this data will be ignored. See https://wandb.me/define-metric to log data out of order.
wandb: WARNING Tried to log to step 38 that is less than the current step 67. Steps must be monotonically increasing, so this data will be ignored. See https://wandb.me/define-metric to log data out of order.
wandb: WARNING Tried to log to step 38 that is less than the current step 67. Steps must be monotonically increasing, so this data will be ignored. See https://wandb.me/define-metric to log data out of order.
wandb: WARNING Tried to log to step 38 that is less than the current step 67. Steps must be monotonically increasing, so this data will be ignored. See https://wandb.me/define-metric to log data out of order.
wandb: WARNING Tried to log to step 38 that is less than the current step 67. Steps must be monotonically increasing, so this data will be ignored. See https://wandb.me/define-metric to log data out of order.
wandb: WARNING Tried to log to step 38 that is less than the current step 67. Steps must be monotonically increasing, so this data will be ignored. See https://wandb.me/define-metric to log data out of order.
wandb: WARNING Tried to log to step 38 that is less than the current step 67. Steps must be monotonically increasing, so this data will be ignored. See https://wandb.me/define-metric to log data out of order.
wandb: WARNING Tried to log to step 38 that is less than the current step 67. Steps must be monotonically increasing, so this data will be ignored. See https://wandb.me/define-metric to log data out of order.
wandb: WARNING Tried to log to step 38 that is less than the current step 67. Steps must be monotonically increasing, so this data will be ignored. See https://wandb.me/define-metric to log data out of order.
wandb: WARNING Tried to log to step 38 that is less than the current step 67. Steps must be monotonically increasing, so this data will be ignored. See https://wandb.me/define-metric to log data out of order.
wandb: WARNING Tried to log to step 38 that is less than the current step 67. Steps must be monotonically increasing, so this data will be ignored. See https://wandb.me/define-metric to log data out of order.
wandb: WARNING Tried to log to step 38 that is less than the current step 67. Steps must be monotonically increasing, so this data will be ignored. See https://wandb.me/define-metric to log data out of order.
wandb: WARNING Tried to log to step 38 that is less than the current step 67. Steps must be monotonically increasing, so this data will be ignored. See https://wandb.me/define-metric to log data out of order.
wandb: WARNING Tried to log to step 38 that is less than the current step 67. Steps must be monotonically increasing, so this data will be ignored. See https://wandb.me/define-metric to log data out of order.
wandb: WARNING Tried to log to step 38 that is less than the current step 67. Steps must be monotonically increasing, so this data will be ignored. See https://wandb.me/define-metric to log data out of order.
wandb: WARNING Tried to log to step 38 that is less than the current step 67. Steps must be monotonically increasing, so this data will be ignored. See https://wandb.me/define-metric to log data out of order.
wandb: WARNING Tried to log to step 38 that is less than the current step 67. Steps must be monotonically increasing, so this data will be ignored. See https://wandb.me/define-metric to log data out of order.
wandb: WARNING Tried to log to step 38 that is less than the current step 67. Steps must be monotonically increasing, so this data will be ignored. See https://wandb.me/define-metric to log data out of order.
wandb: WARNING Tried to log to step 38 that is less than the current step 67. Steps must be monotonically increasing, so this data will be ignored. See https://wandb.me/define-metric to log data out of order.
wandb: WARNING Tried to log to step 38 that is less than the current step 67. Steps must be monotonically increasing, so this data will be ignored. See https://wandb.me/define-metric to log data out of order.
wandb: WARNING Tried to log to step 38 that is less than the current step 67. Steps must be monotonically increasing, so this data will be ignored. See https://wandb.me/define-metric to log data out of order.
[08/18/25 03:00:47] INFO     fairseq2 - Train Metrics (step 39) - DPO Loss:     
                             0.0034451 | Chosen Sequence Log Probabilities:     
                             -452.25 | Rejected Sequence Log Probabilities:     
                             -493.359 | Chosen Sequence Length: 872.375 |       
                             Rejected Sequence Length: 620.391 | NLL Loss:      
                             0.518348 | Gradient Norm: 1.72688 | Data Epoch: 2 |
                             Data Time: <1s | Compute Time: 9s | Lapse Time: 9s 
                             | Total Time: 375s | Wall Time: 375s | Learning    
                             Rate: 6.99972e-07 | Batch Size: 64 | Elements per  
                             Batch: 64,028 | Elements per Second: 6,699 | Number
                             of Examples: 64 | Number of Elements: 64,028 |     
                             Number of Target Elements: 55,832 | Padding: 0 |   
                             Padding Ratio (%): 0% | Total Number of Examples:  
                             2,464 | Total Number of Elements: 2,387,565 | Total
                             Number of Target Elements: 2,032,690 | Peak Active 
                             Device Memory: 60.18 GiB | Peak Active Device      
                             Memory (%): 76% | Peak Reserved Device Memory:     
                             72.97 GiB | Peak Reserved Device Memory (%): 93%   
wandb: WARNING Tried to log to step 39 that is less than the current step 67. Steps must be monotonically increasing, so this data will be ignored. See https://wandb.me/define-metric to log data out of order.
wandb: WARNING Tried to log to step 39 that is less than the current step 67. Steps must be monotonically increasing, so this data will be ignored. See https://wandb.me/define-metric to log data out of order.
wandb: WARNING Tried to log to step 39 that is less than the current step 67. Steps must be monotonically increasing, so this data will be ignored. See https://wandb.me/define-metric to log data out of order.
wandb: WARNING Tried to log to step 39 that is less than the current step 67. Steps must be monotonically increasing, so this data will be ignored. See https://wandb.me/define-metric to log data out of order.
wandb: WARNING Tried to log to step 39 that is less than the current step 67. Steps must be monotonically increasing, so this data will be ignored. See https://wandb.me/define-metric to log data out of order.
wandb: WARNING Tried to log to step 39 that is less than the current step 67. Steps must be monotonically increasing, so this data will be ignored. See https://wandb.me/define-metric to log data out of order.
wandb: WARNING Tried to log to step 39 that is less than the current step 67. Steps must be monotonically increasing, so this data will be ignored. See https://wandb.me/define-metric to log data out of order.
wandb: WARNING Tried to log to step 39 that is less than the current step 67. Steps must be monotonically increasing, so this data will be ignored. See https://wandb.me/define-metric to log data out of order.
wandb: WARNING Tried to log to step 39 that is less than the current step 67. Steps must be monotonically increasing, so this data will be ignored. See https://wandb.me/define-metric to log data out of order.
wandb: WARNING Tried to log to step 39 that is less than the current step 67. Steps must be monotonically increasing, so this data will be ignored. See https://wandb.me/define-metric to log data out of order.
wandb: WARNING Tried to log to step 39 that is less than the current step 67. Steps must be monotonically increasing, so this data will be ignored. See https://wandb.me/define-metric to log data out of order.
wandb: WARNING Tried to log to step 39 that is less than the current step 67. Steps must be monotonically increasing, so this data will be ignored. See https://wandb.me/define-metric to log data out of order.
wandb: WARNING Tried to log to step 39 that is less than the current step 67. Steps must be monotonically increasing, so this data will be ignored. See https://wandb.me/define-metric to log data out of order.
wandb: WARNING Tried to log to step 39 that is less than the current step 67. Steps must be monotonically increasing, so this data will be ignored. See https://wandb.me/define-metric to log data out of order.
wandb: WARNING Tried to log to step 39 that is less than the current step 67. Steps must be monotonically increasing, so this data will be ignored. See https://wandb.me/define-metric to log data out of order.
wandb: WARNING Tried to log to step 39 that is less than the current step 67. Steps must be monotonically increasing, so this data will be ignored. See https://wandb.me/define-metric to log data out of order.
wandb: WARNING Tried to log to step 39 that is less than the current step 67. Steps must be monotonically increasing, so this data will be ignored. See https://wandb.me/define-metric to log data out of order.
wandb: WARNING Tried to log to step 39 that is less than the current step 67. Steps must be monotonically increasing, so this data will be ignored. See https://wandb.me/define-metric to log data out of order.
wandb: WARNING Tried to log to step 39 that is less than the current step 67. Steps must be monotonically increasing, so this data will be ignored. See https://wandb.me/define-metric to log data out of order.
wandb: WARNING Tried to log to step 39 that is less than the current step 67. Steps must be monotonically increasing, so this data will be ignored. See https://wandb.me/define-metric to log data out of order.
wandb: WARNING Tried to log to step 39 that is less than the current step 67. Steps must be monotonically increasing, so this data will be ignored. See https://wandb.me/define-metric to log data out of order.
wandb: WARNING Tried to log to step 39 that is less than the current step 67. Steps must be monotonically increasing, so this data will be ignored. See https://wandb.me/define-metric to log data out of order.
wandb: WARNING Tried to log to step 39 that is less than the current step 67. Steps must be monotonically increasing, so this data will be ignored. See https://wandb.me/define-metric to log data out of order.
wandb: WARNING Tried to log to step 39 that is less than the current step 67. Steps must be monotonically increasing, so this data will be ignored. See https://wandb.me/define-metric to log data out of order.
wandb: WARNING Tried to log to step 39 that is less than the current step 67. Steps must be monotonically increasing, so this data will be ignored. See https://wandb.me/define-metric to log data out of order.
wandb: WARNING Tried to log to step 39 that is less than the current step 67. Steps must be monotonically increasing, so this data will be ignored. See https://wandb.me/define-metric to log data out of order.
wandb: WARNING Tried to log to step 39 that is less than the current step 67. Steps must be monotonically increasing, so this data will be ignored. See https://wandb.me/define-metric to log data out of order.
wandb: WARNING Tried to log to step 39 that is less than the current step 67. Steps must be monotonically increasing, so this data will be ignored. See https://wandb.me/define-metric to log data out of order.
wandb: WARNING Tried to log to step 39 that is less than the current step 67. Steps must be monotonically increasing, so this data will be ignored. See https://wandb.me/define-metric to log data out of order.
[08/18/25 03:00:57] INFO     fairseq2 - Train Metrics (step 40) - DPO Loss:     
                             0.0132871 | Chosen Sequence Log Probabilities:     
                             -524.719 | Rejected Sequence Log Probabilities:    
                             -521.344 | Chosen Sequence Length: 921.938 |       
                             Rejected Sequence Length: 697.75 | NLL Loss:       
                             0.569067 | Gradient Norm: 6.16875 | Data Epoch: 2 |
                             Data Time: <1s | Compute Time: 9s | Lapse Time: 9s 
                             | Total Time: 385s | Wall Time: 385s | Learning    
                             Rate: 6.99964e-07 | Batch Size: 64 | Elements per  
                             Batch: 67,623 | Elements per Second: 7,021 | Number
                             of Examples: 64 | Number of Elements: 67,623 |     
                             Number of Target Elements: 59,004 | Padding: 0 |   
                             Padding Ratio (%): 0% | Total Number of Examples:  
                             2,528 | Total Number of Elements: 2,455,188 | Total
                             Number of Target Elements: 2,091,694 | Peak Active 
                             Device Memory: 59.95 GiB | Peak Active Device      
                             Memory (%): 76% | Peak Reserved Device Memory:     
                             72.97 GiB | Peak Reserved Device Memory (%): 93%   
wandb: WARNING Tried to log to step 40 that is less than the current step 67. Steps must be monotonically increasing, so this data will be ignored. See https://wandb.me/define-metric to log data out of order.
wandb: WARNING Tried to log to step 40 that is less than the current step 67. Steps must be monotonically increasing, so this data will be ignored. See https://wandb.me/define-metric to log data out of order.
wandb: WARNING Tried to log to step 40 that is less than the current step 67. Steps must be monotonically increasing, so this data will be ignored. See https://wandb.me/define-metric to log data out of order.
wandb: WARNING Tried to log to step 40 that is less than the current step 67. Steps must be monotonically increasing, so this data will be ignored. See https://wandb.me/define-metric to log data out of order.
wandb: WARNING Tried to log to step 40 that is less than the current step 67. Steps must be monotonically increasing, so this data will be ignored. See https://wandb.me/define-metric to log data out of order.
wandb: WARNING Tried to log to step 40 that is less than the current step 67. Steps must be monotonically increasing, so this data will be ignored. See https://wandb.me/define-metric to log data out of order.
wandb: WARNING Tried to log to step 40 that is less than the current step 67. Steps must be monotonically increasing, so this data will be ignored. See https://wandb.me/define-metric to log data out of order.
wandb: WARNING Tried to log to step 40 that is less than the current step 67. Steps must be monotonically increasing, so this data will be ignored. See https://wandb.me/define-metric to log data out of order.
wandb: WARNING Tried to log to step 40 that is less than the current step 67. Steps must be monotonically increasing, so this data will be ignored. See https://wandb.me/define-metric to log data out of order.
wandb: WARNING Tried to log to step 40 that is less than the current step 67. Steps must be monotonically increasing, so this data will be ignored. See https://wandb.me/define-metric to log data out of order.
wandb: WARNING Tried to log to step 40 that is less than the current step 67. Steps must be monotonically increasing, so this data will be ignored. See https://wandb.me/define-metric to log data out of order.
wandb: WARNING Tried to log to step 40 that is less than the current step 67. Steps must be monotonically increasing, so this data will be ignored. See https://wandb.me/define-metric to log data out of order.
wandb: WARNING Tried to log to step 40 that is less than the current step 67. Steps must be monotonically increasing, so this data will be ignored. See https://wandb.me/define-metric to log data out of order.
wandb: WARNING Tried to log to step 40 that is less than the current step 67. Steps must be monotonically increasing, so this data will be ignored. See https://wandb.me/define-metric to log data out of order.
wandb: WARNING Tried to log to step 40 that is less than the current step 67. Steps must be monotonically increasing, so this data will be ignored. See https://wandb.me/define-metric to log data out of order.
wandb: WARNING Tried to log to step 40 that is less than the current step 67. Steps must be monotonically increasing, so this data will be ignored. See https://wandb.me/define-metric to log data out of order.
wandb: WARNING Tried to log to step 40 that is less than the current step 67. Steps must be monotonically increasing, so this data will be ignored. See https://wandb.me/define-metric to log data out of order.
wandb: WARNING Tried to log to step 40 that is less than the current step 67. Steps must be monotonically increasing, so this data will be ignored. See https://wandb.me/define-metric to log data out of order.
wandb: WARNING Tried to log to step 40 that is less than the current step 67. Steps must be monotonically increasing, so this data will be ignored. See https://wandb.me/define-metric to log data out of order.
wandb: WARNING Tried to log to step 40 that is less than the current step 67. Steps must be monotonically increasing, so this data will be ignored. See https://wandb.me/define-metric to log data out of order.
wandb: WARNING Tried to log to step 40 that is less than the current step 67. Steps must be monotonically increasing, so this data will be ignored. See https://wandb.me/define-metric to log data out of order.
wandb: WARNING Tried to log to step 40 that is less than the current step 67. Steps must be monotonically increasing, so this data will be ignored. See https://wandb.me/define-metric to log data out of order.
wandb: WARNING Tried to log to step 40 that is less than the current step 67. Steps must be monotonically increasing, so this data will be ignored. See https://wandb.me/define-metric to log data out of order.
wandb: WARNING Tried to log to step 40 that is less than the current step 67. Steps must be monotonically increasing, so this data will be ignored. See https://wandb.me/define-metric to log data out of order.
wandb: WARNING Tried to log to step 40 that is less than the current step 67. Steps must be monotonically increasing, so this data will be ignored. See https://wandb.me/define-metric to log data out of order.
wandb: WARNING Tried to log to step 40 that is less than the current step 67. Steps must be monotonically increasing, so this data will be ignored. See https://wandb.me/define-metric to log data out of order.
wandb: WARNING Tried to log to step 40 that is less than the current step 67. Steps must be monotonically increasing, so this data will be ignored. See https://wandb.me/define-metric to log data out of order.
wandb: WARNING Tried to log to step 40 that is less than the current step 67. Steps must be monotonically increasing, so this data will be ignored. See https://wandb.me/define-metric to log data out of order.
wandb: WARNING Tried to log to step 40 that is less than the current step 67. Steps must be monotonically increasing, so this data will be ignored. See https://wandb.me/define-metric to log data out of order.
[08/18/25 03:01:07] INFO     fairseq2 - Train Metrics (step 41) - DPO Loss:     
                             0.0163639 | Chosen Sequence Log Probabilities:     
                             -450.266 | Rejected Sequence Log Probabilities:    
                             -563.984 | Chosen Sequence Length: 797.141 |       
                             Rejected Sequence Length: 622.5 | NLL Loss:        
                             0.564812 | Gradient Norm: 7.00348 | Data Epoch: 2 |
                             Data Time: <1s | Compute Time: 9s | Lapse Time: 9s 
                             | Total Time: 395s | Wall Time: 395s | Learning    
                             Rate: 6.99955e-07 | Batch Size: 64 | Elements per  
                             Batch: 60,441 | Elements per Second: 6,183 | Number
                             of Examples: 64 | Number of Elements: 60,441 |     
                             Number of Target Elements: 51,017 | Padding: 0 |   
                             Padding Ratio (%): 0% | Total Number of Examples:  
                             2,592 | Total Number of Elements: 2,515,629 | Total
                             Number of Target Elements: 2,142,711 | Peak Active 
                             Device Memory: 60.54 GiB | Peak Active Device      
                             Memory (%): 77% | Peak Reserved Device Memory:     
                             72.97 GiB | Peak Reserved Device Memory (%): 93%   
wandb: WARNING Tried to log to step 41 that is less than the current step 67. Steps must be monotonically increasing, so this data will be ignored. See https://wandb.me/define-metric to log data out of order.
wandb: WARNING Tried to log to step 41 that is less than the current step 67. Steps must be monotonically increasing, so this data will be ignored. See https://wandb.me/define-metric to log data out of order.
wandb: WARNING Tried to log to step 41 that is less than the current step 67. Steps must be monotonically increasing, so this data will be ignored. See https://wandb.me/define-metric to log data out of order.
wandb: WARNING Tried to log to step 41 that is less than the current step 67. Steps must be monotonically increasing, so this data will be ignored. See https://wandb.me/define-metric to log data out of order.
wandb: WARNING Tried to log to step 41 that is less than the current step 67. Steps must be monotonically increasing, so this data will be ignored. See https://wandb.me/define-metric to log data out of order.
wandb: WARNING Tried to log to step 41 that is less than the current step 67. Steps must be monotonically increasing, so this data will be ignored. See https://wandb.me/define-metric to log data out of order.
wandb: WARNING Tried to log to step 41 that is less than the current step 67. Steps must be monotonically increasing, so this data will be ignored. See https://wandb.me/define-metric to log data out of order.
wandb: WARNING Tried to log to step 41 that is less than the current step 67. Steps must be monotonically increasing, so this data will be ignored. See https://wandb.me/define-metric to log data out of order.
wandb: WARNING Tried to log to step 41 that is less than the current step 67. Steps must be monotonically increasing, so this data will be ignored. See https://wandb.me/define-metric to log data out of order.
wandb: WARNING Tried to log to step 41 that is less than the current step 67. Steps must be monotonically increasing, so this data will be ignored. See https://wandb.me/define-metric to log data out of order.
wandb: WARNING Tried to log to step 41 that is less than the current step 67. Steps must be monotonically increasing, so this data will be ignored. See https://wandb.me/define-metric to log data out of order.
wandb: WARNING Tried to log to step 41 that is less than the current step 67. Steps must be monotonically increasing, so this data will be ignored. See https://wandb.me/define-metric to log data out of order.
wandb: WARNING Tried to log to step 41 that is less than the current step 67. Steps must be monotonically increasing, so this data will be ignored. See https://wandb.me/define-metric to log data out of order.
wandb: WARNING Tried to log to step 41 that is less than the current step 67. Steps must be monotonically increasing, so this data will be ignored. See https://wandb.me/define-metric to log data out of order.
wandb: WARNING Tried to log to step 41 that is less than the current step 67. Steps must be monotonically increasing, so this data will be ignored. See https://wandb.me/define-metric to log data out of order.
wandb: WARNING Tried to log to step 41 that is less than the current step 67. Steps must be monotonically increasing, so this data will be ignored. See https://wandb.me/define-metric to log data out of order.
wandb: WARNING Tried to log to step 41 that is less than the current step 67. Steps must be monotonically increasing, so this data will be ignored. See https://wandb.me/define-metric to log data out of order.
wandb: WARNING Tried to log to step 41 that is less than the current step 67. Steps must be monotonically increasing, so this data will be ignored. See https://wandb.me/define-metric to log data out of order.
wandb: WARNING Tried to log to step 41 that is less than the current step 67. Steps must be monotonically increasing, so this data will be ignored. See https://wandb.me/define-metric to log data out of order.
wandb: WARNING Tried to log to step 41 that is less than the current step 67. Steps must be monotonically increasing, so this data will be ignored. See https://wandb.me/define-metric to log data out of order.
wandb: WARNING Tried to log to step 41 that is less than the current step 67. Steps must be monotonically increasing, so this data will be ignored. See https://wandb.me/define-metric to log data out of order.
wandb: WARNING Tried to log to step 41 that is less than the current step 67. Steps must be monotonically increasing, so this data will be ignored. See https://wandb.me/define-metric to log data out of order.
wandb: WARNING Tried to log to step 41 that is less than the current step 67. Steps must be monotonically increasing, so this data will be ignored. See https://wandb.me/define-metric to log data out of order.
wandb: WARNING Tried to log to step 41 that is less than the current step 67. Steps must be monotonically increasing, so this data will be ignored. See https://wandb.me/define-metric to log data out of order.
wandb: WARNING Tried to log to step 41 that is less than the current step 67. Steps must be monotonically increasing, so this data will be ignored. See https://wandb.me/define-metric to log data out of order.
wandb: WARNING Tried to log to step 41 that is less than the current step 67. Steps must be monotonically increasing, so this data will be ignored. See https://wandb.me/define-metric to log data out of order.
wandb: WARNING Tried to log to step 41 that is less than the current step 67. Steps must be monotonically increasing, so this data will be ignored. See https://wandb.me/define-metric to log data out of order.
wandb: WARNING Tried to log to step 41 that is less than the current step 67. Steps must be monotonically increasing, so this data will be ignored. See https://wandb.me/define-metric to log data out of order.
wandb: WARNING Tried to log to step 41 that is less than the current step 67. Steps must be monotonically increasing, so this data will be ignored. See https://wandb.me/define-metric to log data out of order.
[08/18/25 03:01:12] INFO     fairseq2 - Train Metrics (step 42) - DPO Loss:     
                             0.0101556 | Chosen Sequence Log Probabilities:     
                             -437.523 | Rejected Sequence Log Probabilities:    
                             -550.688 | Chosen Sequence Length: 703.391 |       
                             Rejected Sequence Length: 671.391 | NLL Loss:      
                             0.622246 | Gradient Norm: 5.57369 | Data Epoch: 2 |
                             Data Time: <1s | Compute Time: 4s | Lapse Time: 4s 
                             | Total Time: 400s | Wall Time: 400s | Learning    
                             Rate: 6.99946e-07 | Batch Size: 64 | Elements per  
                             Batch: 54,121 | Elements per Second: 11,469 |      
                             Number of Examples: 64 | Number of Elements: 54,121
                             | Number of Target Elements: 45,017 | Padding: 0 | 
                             Padding Ratio (%): 0% | Total Number of Examples:  
                             2,656 | Total Number of Elements: 2,569,750 | Total
                             Number of Target Elements: 2,187,728 | Peak Active 
                             Device Memory: 59.92 GiB | Peak Active Device      
                             Memory (%): 76% | Peak Reserved Device Memory:     
                             72.97 GiB | Peak Reserved Device Memory (%): 93%   
[08/18/25 03:01:18] INFO     fairseq2 - Train Metrics (step 43) - DPO Loss:     
                             0.000346319 | Chosen Sequence Log Probabilities:   
                             -486.438 | Rejected Sequence Log Probabilities:    
                             -582.797 | Chosen Sequence Length: 789.031 |       
                             Rejected Sequence Length: 744.672 | NLL Loss:      
                             0.616356 | Gradient Norm: 0.188227 | Data Epoch: 2 
                             | Data Time: <1s | Compute Time: 6s | Lapse Time:  
                             6s | Total Time: 406s | Wall Time: 406s | Learning 
                             Rate: 6.99936e-07 | Batch Size: 64 | Elements per  
                             Batch: 60,130 | Elements per Second: 9,119 | Number
                             of Examples: 64 | Number of Elements: 60,130 |     
                             Number of Target Elements: 50,498 | Padding: 0 |   
                             Padding Ratio (%): 0% | Total Number of Examples:  
                             2,720 | Total Number of Elements: 2,629,880 | Total
                             Number of Target Elements: 2,238,226 | Peak Active 
                             Device Memory: 61.02 GiB | Peak Active Device      
                             Memory (%): 78% | Peak Reserved Device Memory:     
                             73.00 GiB | Peak Reserved Device Memory (%): 93%   
wandb: WARNING Tried to log to step 42 that is less than the current step 67. Steps must be monotonically increasing, so this data will be ignored. See https://wandb.me/define-metric to log data out of order.
wandb: WARNING Tried to log to step 42 that is less than the current step 67. Steps must be monotonically increasing, so this data will be ignored. See https://wandb.me/define-metric to log data out of order.
wandb: WARNING Tried to log to step 42 that is less than the current step 67. Steps must be monotonically increasing, so this data will be ignored. See https://wandb.me/define-metric to log data out of order.
wandb: WARNING Tried to log to step 42 that is less than the current step 67. Steps must be monotonically increasing, so this data will be ignored. See https://wandb.me/define-metric to log data out of order.
wandb: WARNING Tried to log to step 42 that is less than the current step 67. Steps must be monotonically increasing, so this data will be ignored. See https://wandb.me/define-metric to log data out of order.
wandb: WARNING Tried to log to step 42 that is less than the current step 67. Steps must be monotonically increasing, so this data will be ignored. See https://wandb.me/define-metric to log data out of order.
wandb: WARNING Tried to log to step 42 that is less than the current step 67. Steps must be monotonically increasing, so this data will be ignored. See https://wandb.me/define-metric to log data out of order.
wandb: WARNING Tried to log to step 42 that is less than the current step 67. Steps must be monotonically increasing, so this data will be ignored. See https://wandb.me/define-metric to log data out of order.
wandb: WARNING Tried to log to step 42 that is less than the current step 67. Steps must be monotonically increasing, so this data will be ignored. See https://wandb.me/define-metric to log data out of order.
wandb: WARNING Tried to log to step 42 that is less than the current step 67. Steps must be monotonically increasing, so this data will be ignored. See https://wandb.me/define-metric to log data out of order.
wandb: WARNING Tried to log to step 42 that is less than the current step 67. Steps must be monotonically increasing, so this data will be ignored. See https://wandb.me/define-metric to log data out of order.
wandb: WARNING Tried to log to step 42 that is less than the current step 67. Steps must be monotonically increasing, so this data will be ignored. See https://wandb.me/define-metric to log data out of order.
wandb: WARNING Tried to log to step 42 that is less than the current step 67. Steps must be monotonically increasing, so this data will be ignored. See https://wandb.me/define-metric to log data out of order.
wandb: WARNING Tried to log to step 42 that is less than the current step 67. Steps must be monotonically increasing, so this data will be ignored. See https://wandb.me/define-metric to log data out of order.
wandb: WARNING Tried to log to step 42 that is less than the current step 67. Steps must be monotonically increasing, so this data will be ignored. See https://wandb.me/define-metric to log data out of order.
wandb: WARNING Tried to log to step 42 that is less than the current step 67. Steps must be monotonically increasing, so this data will be ignored. See https://wandb.me/define-metric to log data out of order.
wandb: WARNING Tried to log to step 42 that is less than the current step 67. Steps must be monotonically increasing, so this data will be ignored. See https://wandb.me/define-metric to log data out of order.
wandb: WARNING Tried to log to step 42 that is less than the current step 67. Steps must be monotonically increasing, so this data will be ignored. See https://wandb.me/define-metric to log data out of order.
wandb: WARNING Tried to log to step 42 that is less than the current step 67. Steps must be monotonically increasing, so this data will be ignored. See https://wandb.me/define-metric to log data out of order.
wandb: WARNING Tried to log to step 42 that is less than the current step 67. Steps must be monotonically increasing, so this data will be ignored. See https://wandb.me/define-metric to log data out of order.
wandb: WARNING Tried to log to step 42 that is less than the current step 67. Steps must be monotonically increasing, so this data will be ignored. See https://wandb.me/define-metric to log data out of order.
wandb: WARNING Tried to log to step 42 that is less than the current step 67. Steps must be monotonically increasing, so this data will be ignored. See https://wandb.me/define-metric to log data out of order.
wandb: WARNING Tried to log to step 42 that is less than the current step 67. Steps must be monotonically increasing, so this data will be ignored. See https://wandb.me/define-metric to log data out of order.
wandb: WARNING Tried to log to step 42 that is less than the current step 67. Steps must be monotonically increasing, so this data will be ignored. See https://wandb.me/define-metric to log data out of order.
wandb: WARNING Tried to log to step 42 that is less than the current step 67. Steps must be monotonically increasing, so this data will be ignored. See https://wandb.me/define-metric to log data out of order.
wandb: WARNING Tried to log to step 42 that is less than the current step 67. Steps must be monotonically increasing, so this data will be ignored. See https://wandb.me/define-metric to log data out of order.
wandb: WARNING Tried to log to step 42 that is less than the current step 67. Steps must be monotonically increasing, so this data will be ignored. See https://wandb.me/define-metric to log data out of order.
wandb: WARNING Tried to log to step 42 that is less than the current step 67. Steps must be monotonically increasing, so this data will be ignored. See https://wandb.me/define-metric to log data out of order.
wandb: WARNING Tried to log to step 42 that is less than the current step 67. Steps must be monotonically increasing, so this data will be ignored. See https://wandb.me/define-metric to log data out of order.
wandb: WARNING Tried to log to step 43 that is less than the current step 67. Steps must be monotonically increasing, so this data will be ignored. See https://wandb.me/define-metric to log data out of order.
wandb: WARNING Tried to log to step 43 that is less than the current step 67. Steps must be monotonically increasing, so this data will be ignored. See https://wandb.me/define-metric to log data out of order.
wandb: WARNING Tried to log to step 43 that is less than the current step 67. Steps must be monotonically increasing, so this data will be ignored. See https://wandb.me/define-metric to log data out of order.
wandb: WARNING Tried to log to step 43 that is less than the current step 67. Steps must be monotonically increasing, so this data will be ignored. See https://wandb.me/define-metric to log data out of order.
wandb: WARNING Tried to log to step 43 that is less than the current step 67. Steps must be monotonically increasing, so this data will be ignored. See https://wandb.me/define-metric to log data out of order.
wandb: WARNING Tried to log to step 43 that is less than the current step 67. Steps must be monotonically increasing, so this data will be ignored. See https://wandb.me/define-metric to log data out of order.
wandb: WARNING Tried to log to step 43 that is less than the current step 67. Steps must be monotonically increasing, so this data will be ignored. See https://wandb.me/define-metric to log data out of order.
wandb: WARNING Tried to log to step 43 that is less than the current step 67. Steps must be monotonically increasing, so this data will be ignored. See https://wandb.me/define-metric to log data out of order.
wandb: WARNING Tried to log to step 43 that is less than the current step 67. Steps must be monotonically increasing, so this data will be ignored. See https://wandb.me/define-metric to log data out of order.
wandb: WARNING Tried to log to step 43 that is less than the current step 67. Steps must be monotonically increasing, so this data will be ignored. See https://wandb.me/define-metric to log data out of order.
wandb: WARNING Tried to log to step 43 that is less than the current step 67. Steps must be monotonically increasing, so this data will be ignored. See https://wandb.me/define-metric to log data out of order.
wandb: WARNING Tried to log to step 43 that is less than the current step 67. Steps must be monotonically increasing, so this data will be ignored. See https://wandb.me/define-metric to log data out of order.
wandb: WARNING Tried to log to step 43 that is less than the current step 67. Steps must be monotonically increasing, so this data will be ignored. See https://wandb.me/define-metric to log data out of order.
wandb: WARNING Tried to log to step 43 that is less than the current step 67. Steps must be monotonically increasing, so this data will be ignored. See https://wandb.me/define-metric to log data out of order.
wandb: WARNING Tried to log to step 43 that is less than the current step 67. Steps must be monotonically increasing, so this data will be ignored. See https://wandb.me/define-metric to log data out of order.
wandb: WARNING Tried to log to step 43 that is less than the current step 67. Steps must be monotonically increasing, so this data will be ignored. See https://wandb.me/define-metric to log data out of order.
wandb: WARNING Tried to log to step 43 that is less than the current step 67. Steps must be monotonically increasing, so this data will be ignored. See https://wandb.me/define-metric to log data out of order.
wandb: WARNING Tried to log to step 43 that is less than the current step 67. Steps must be monotonically increasing, so this data will be ignored. See https://wandb.me/define-metric to log data out of order.
wandb: WARNING Tried to log to step 43 that is less than the current step 67. Steps must be monotonically increasing, so this data will be ignored. See https://wandb.me/define-metric to log data out of order.
wandb: WARNING Tried to log to step 43 that is less than the current step 67. Steps must be monotonically increasing, so this data will be ignored. See https://wandb.me/define-metric to log data out of order.
wandb: WARNING Tried to log to step 43 that is less than the current step 67. Steps must be monotonically increasing, so this data will be ignored. See https://wandb.me/define-metric to log data out of order.
wandb: WARNING Tried to log to step 43 that is less than the current step 67. Steps must be monotonically increasing, so this data will be ignored. See https://wandb.me/define-metric to log data out of order.
wandb: WARNING Tried to log to step 43 that is less than the current step 67. Steps must be monotonically increasing, so this data will be ignored. See https://wandb.me/define-metric to log data out of order.
wandb: WARNING Tried to log to step 43 that is less than the current step 67. Steps must be monotonically increasing, so this data will be ignored. See https://wandb.me/define-metric to log data out of order.
wandb: WARNING Tried to log to step 43 that is less than the current step 67. Steps must be monotonically increasing, so this data will be ignored. See https://wandb.me/define-metric to log data out of order.
wandb: WARNING Tried to log to step 43 that is less than the current step 67. Steps must be monotonically increasing, so this data will be ignored. See https://wandb.me/define-metric to log data out of order.
wandb: WARNING Tried to log to step 43 that is less than the current step 67. Steps must be monotonically increasing, so this data will be ignored. See https://wandb.me/define-metric to log data out of order.
wandb: WARNING Tried to log to step 43 that is less than the current step 67. Steps must be monotonically increasing, so this data will be ignored. See https://wandb.me/define-metric to log data out of order.
wandb: WARNING Tried to log to step 43 that is less than the current step 67. Steps must be monotonically increasing, so this data will be ignored. See https://wandb.me/define-metric to log data out of order.
[08/18/25 03:01:25] INFO     fairseq2 - Train Metrics (step 44) - DPO Loss:     
                             0.00231413 | Chosen Sequence Log Probabilities:    
                             -451.219 | Rejected Sequence Log Probabilities:    
                             -557.812 | Chosen Sequence Length: 811.281 |       
                             Rejected Sequence Length: 726.594 | NLL Loss:      
                             0.556163 | Gradient Norm: 1.85589 | Data Epoch: 2 |
                             Data Time: <1s | Compute Time: 7s | Lapse Time: 7s 
                             | Total Time: 413s | Wall Time: 413s | Learning    
                             Rate: 6.99925e-07 | Batch Size: 64 | Elements per  
                             Batch: 60,896 | Elements per Second: 8,654 | Number
                             of Examples: 64 | Number of Elements: 60,896 |     
                             Number of Target Elements: 51,922 | Padding: 0 |   
                             Padding Ratio (%): 0% | Total Number of Examples:  
                             2,784 | Total Number of Elements: 2,690,776 | Total
                             Number of Target Elements: 2,290,148 | Peak Active 
                             Device Memory: 59.87 GiB | Peak Active Device      
                             Memory (%): 76% | Peak Reserved Device Memory:     
                             73.00 GiB | Peak Reserved Device Memory (%): 93%   
wandb: WARNING Tried to log to step 44 that is less than the current step 67. Steps must be monotonically increasing, so this data will be ignored. See https://wandb.me/define-metric to log data out of order.
wandb: WARNING Tried to log to step 44 that is less than the current step 67. Steps must be monotonically increasing, so this data will be ignored. See https://wandb.me/define-metric to log data out of order.
wandb: WARNING Tried to log to step 44 that is less than the current step 67. Steps must be monotonically increasing, so this data will be ignored. See https://wandb.me/define-metric to log data out of order.
wandb: WARNING Tried to log to step 44 that is less than the current step 67. Steps must be monotonically increasing, so this data will be ignored. See https://wandb.me/define-metric to log data out of order.
wandb: WARNING Tried to log to step 44 that is less than the current step 67. Steps must be monotonically increasing, so this data will be ignored. See https://wandb.me/define-metric to log data out of order.
wandb: WARNING Tried to log to step 44 that is less than the current step 67. Steps must be monotonically increasing, so this data will be ignored. See https://wandb.me/define-metric to log data out of order.
wandb: WARNING Tried to log to step 44 that is less than the current step 67. Steps must be monotonically increasing, so this data will be ignored. See https://wandb.me/define-metric to log data out of order.
wandb: WARNING Tried to log to step 44 that is less than the current step 67. Steps must be monotonically increasing, so this data will be ignored. See https://wandb.me/define-metric to log data out of order.
wandb: WARNING Tried to log to step 44 that is less than the current step 67. Steps must be monotonically increasing, so this data will be ignored. See https://wandb.me/define-metric to log data out of order.
wandb: WARNING Tried to log to step 44 that is less than the current step 67. Steps must be monotonically increasing, so this data will be ignored. See https://wandb.me/define-metric to log data out of order.
wandb: WARNING Tried to log to step 44 that is less than the current step 67. Steps must be monotonically increasing, so this data will be ignored. See https://wandb.me/define-metric to log data out of order.
wandb: WARNING Tried to log to step 44 that is less than the current step 67. Steps must be monotonically increasing, so this data will be ignored. See https://wandb.me/define-metric to log data out of order.
wandb: WARNING Tried to log to step 44 that is less than the current step 67. Steps must be monotonically increasing, so this data will be ignored. See https://wandb.me/define-metric to log data out of order.
wandb: WARNING Tried to log to step 44 that is less than the current step 67. Steps must be monotonically increasing, so this data will be ignored. See https://wandb.me/define-metric to log data out of order.
wandb: WARNING Tried to log to step 44 that is less than the current step 67. Steps must be monotonically increasing, so this data will be ignored. See https://wandb.me/define-metric to log data out of order.
wandb: WARNING Tried to log to step 44 that is less than the current step 67. Steps must be monotonically increasing, so this data will be ignored. See https://wandb.me/define-metric to log data out of order.
wandb: WARNING Tried to log to step 44 that is less than the current step 67. Steps must be monotonically increasing, so this data will be ignored. See https://wandb.me/define-metric to log data out of order.
wandb: WARNING Tried to log to step 44 that is less than the current step 67. Steps must be monotonically increasing, so this data will be ignored. See https://wandb.me/define-metric to log data out of order.
wandb: WARNING Tried to log to step 44 that is less than the current step 67. Steps must be monotonically increasing, so this data will be ignored. See https://wandb.me/define-metric to log data out of order.
wandb: WARNING Tried to log to step 44 that is less than the current step 67. Steps must be monotonically increasing, so this data will be ignored. See https://wandb.me/define-metric to log data out of order.
wandb: WARNING Tried to log to step 44 that is less than the current step 67. Steps must be monotonically increasing, so this data will be ignored. See https://wandb.me/define-metric to log data out of order.
wandb: WARNING Tried to log to step 44 that is less than the current step 67. Steps must be monotonically increasing, so this data will be ignored. See https://wandb.me/define-metric to log data out of order.
wandb: WARNING Tried to log to step 44 that is less than the current step 67. Steps must be monotonically increasing, so this data will be ignored. See https://wandb.me/define-metric to log data out of order.
wandb: WARNING Tried to log to step 44 that is less than the current step 67. Steps must be monotonically increasing, so this data will be ignored. See https://wandb.me/define-metric to log data out of order.
wandb: WARNING Tried to log to step 44 that is less than the current step 67. Steps must be monotonically increasing, so this data will be ignored. See https://wandb.me/define-metric to log data out of order.
wandb: WARNING Tried to log to step 44 that is less than the current step 67. Steps must be monotonically increasing, so this data will be ignored. See https://wandb.me/define-metric to log data out of order.
wandb: WARNING Tried to log to step 44 that is less than the current step 67. Steps must be monotonically increasing, so this data will be ignored. See https://wandb.me/define-metric to log data out of order.
wandb: WARNING Tried to log to step 44 that is less than the current step 67. Steps must be monotonically increasing, so this data will be ignored. See https://wandb.me/define-metric to log data out of order.
wandb: WARNING Tried to log to step 44 that is less than the current step 67. Steps must be monotonically increasing, so this data will be ignored. See https://wandb.me/define-metric to log data out of order.
[08/18/25 03:01:33] INFO     fairseq2 - Train Metrics (step 45) - DPO Loss:     
                             0.0203314 | Chosen Sequence Log Probabilities:     
                             -487.938 | Rejected Sequence Log Probabilities:    
                             -583.812 | Chosen Sequence Length: 834.078 |       
                             Rejected Sequence Length: 698.438 | NLL Loss:      
                             0.58506 | Gradient Norm: 14.5117 | Data Epoch: 2 | 
                             Data Time: <1s | Compute Time: 7s | Lapse Time: 7s 
                             | Total Time: 421s | Wall Time: 421s | Learning    
                             Rate: 6.99913e-07 | Batch Size: 64 | Elements per  
                             Batch: 63,095 | Elements per Second: 8,817 | Number
                             of Examples: 64 | Number of Elements: 63,095 |     
                             Number of Target Elements: 53,381 | Padding: 0 |   
                             Padding Ratio (%): 0% | Total Number of Examples:  
                             2,848 | Total Number of Elements: 2,753,871 | Total
                             Number of Target Elements: 2,343,529 | Peak Active 
                             Device Memory: 59.87 GiB | Peak Active Device      
                             Memory (%): 76% | Peak Reserved Device Memory:     
                             73.00 GiB | Peak Reserved Device Memory (%): 93%   
[08/18/25 03:01:40] INFO     fairseq2 - Train Metrics (step 46) - DPO Loss:     
                             0.0146452 | Chosen Sequence Log Probabilities:     
                             -474.719 | Rejected Sequence Log Probabilities:    
                             -640.516 | Chosen Sequence Length: 792.375 |       
                             Rejected Sequence Length: 705 | NLL Loss: 0.599432 
                             | Gradient Norm: 10.7501 | Data Epoch: 2 | Data    
                             Time: <1s | Compute Time: 7s | Lapse Time: 7s |    
                             Total Time: 428s | Wall Time: 428s | Learning Rate:
                             6.999e-07 | Batch Size: 64 | Elements per Batch:   
                             60,369 | Elements per Second: 7,944 | Number of    
                             Examples: 64 | Number of Elements: 60,369 | Number 
                             of Target Elements: 50,712 | Padding: 0 | Padding  
                             Ratio (%): 0% | Total Number of Examples: 2,912 |  
                             Total Number of Elements: 2,814,240 | Total Number 
                             of Target Elements: 2,394,241 | Peak Active Device 
                             Memory: 59.97 GiB | Peak Active Device Memory (%): 
                             76% | Peak Reserved Device Memory: 73.03 GiB | Peak
                             Reserved Device Memory (%): 93%                    
wandb: WARNING Tried to log to step 45 that is less than the current step 67. Steps must be monotonically increasing, so this data will be ignored. See https://wandb.me/define-metric to log data out of order.
wandb: WARNING Tried to log to step 45 that is less than the current step 67. Steps must be monotonically increasing, so this data will be ignored. See https://wandb.me/define-metric to log data out of order.
wandb: WARNING Tried to log to step 45 that is less than the current step 67. Steps must be monotonically increasing, so this data will be ignored. See https://wandb.me/define-metric to log data out of order.
wandb: WARNING Tried to log to step 45 that is less than the current step 67. Steps must be monotonically increasing, so this data will be ignored. See https://wandb.me/define-metric to log data out of order.
wandb: WARNING Tried to log to step 45 that is less than the current step 67. Steps must be monotonically increasing, so this data will be ignored. See https://wandb.me/define-metric to log data out of order.
wandb: WARNING Tried to log to step 45 that is less than the current step 67. Steps must be monotonically increasing, so this data will be ignored. See https://wandb.me/define-metric to log data out of order.
wandb: WARNING Tried to log to step 45 that is less than the current step 67. Steps must be monotonically increasing, so this data will be ignored. See https://wandb.me/define-metric to log data out of order.
wandb: WARNING Tried to log to step 45 that is less than the current step 67. Steps must be monotonically increasing, so this data will be ignored. See https://wandb.me/define-metric to log data out of order.
wandb: WARNING Tried to log to step 45 that is less than the current step 67. Steps must be monotonically increasing, so this data will be ignored. See https://wandb.me/define-metric to log data out of order.
wandb: WARNING Tried to log to step 45 that is less than the current step 67. Steps must be monotonically increasing, so this data will be ignored. See https://wandb.me/define-metric to log data out of order.
wandb: WARNING Tried to log to step 45 that is less than the current step 67. Steps must be monotonically increasing, so this data will be ignored. See https://wandb.me/define-metric to log data out of order.
wandb: WARNING Tried to log to step 45 that is less than the current step 67. Steps must be monotonically increasing, so this data will be ignored. See https://wandb.me/define-metric to log data out of order.
wandb: WARNING Tried to log to step 45 that is less than the current step 67. Steps must be monotonically increasing, so this data will be ignored. See https://wandb.me/define-metric to log data out of order.
wandb: WARNING Tried to log to step 45 that is less than the current step 67. Steps must be monotonically increasing, so this data will be ignored. See https://wandb.me/define-metric to log data out of order.
wandb: WARNING Tried to log to step 45 that is less than the current step 67. Steps must be monotonically increasing, so this data will be ignored. See https://wandb.me/define-metric to log data out of order.
wandb: WARNING Tried to log to step 45 that is less than the current step 67. Steps must be monotonically increasing, so this data will be ignored. See https://wandb.me/define-metric to log data out of order.
wandb: WARNING Tried to log to step 45 that is less than the current step 67. Steps must be monotonically increasing, so this data will be ignored. See https://wandb.me/define-metric to log data out of order.
wandb: WARNING Tried to log to step 45 that is less than the current step 67. Steps must be monotonically increasing, so this data will be ignored. See https://wandb.me/define-metric to log data out of order.
wandb: WARNING Tried to log to step 45 that is less than the current step 67. Steps must be monotonically increasing, so this data will be ignored. See https://wandb.me/define-metric to log data out of order.
wandb: WARNING Tried to log to step 45 that is less than the current step 67. Steps must be monotonically increasing, so this data will be ignored. See https://wandb.me/define-metric to log data out of order.
wandb: WARNING Tried to log to step 45 that is less than the current step 67. Steps must be monotonically increasing, so this data will be ignored. See https://wandb.me/define-metric to log data out of order.
wandb: WARNING Tried to log to step 45 that is less than the current step 67. Steps must be monotonically increasing, so this data will be ignored. See https://wandb.me/define-metric to log data out of order.
wandb: WARNING Tried to log to step 45 that is less than the current step 67. Steps must be monotonically increasing, so this data will be ignored. See https://wandb.me/define-metric to log data out of order.
wandb: WARNING Tried to log to step 45 that is less than the current step 67. Steps must be monotonically increasing, so this data will be ignored. See https://wandb.me/define-metric to log data out of order.
wandb: WARNING Tried to log to step 45 that is less than the current step 67. Steps must be monotonically increasing, so this data will be ignored. See https://wandb.me/define-metric to log data out of order.
wandb: WARNING Tried to log to step 45 that is less than the current step 67. Steps must be monotonically increasing, so this data will be ignored. See https://wandb.me/define-metric to log data out of order.
wandb: WARNING Tried to log to step 45 that is less than the current step 67. Steps must be monotonically increasing, so this data will be ignored. See https://wandb.me/define-metric to log data out of order.
wandb: WARNING Tried to log to step 45 that is less than the current step 67. Steps must be monotonically increasing, so this data will be ignored. See https://wandb.me/define-metric to log data out of order.
wandb: WARNING Tried to log to step 45 that is less than the current step 67. Steps must be monotonically increasing, so this data will be ignored. See https://wandb.me/define-metric to log data out of order.
wandb: WARNING Tried to log to step 46 that is less than the current step 67. Steps must be monotonically increasing, so this data will be ignored. See https://wandb.me/define-metric to log data out of order.
wandb: WARNING Tried to log to step 46 that is less than the current step 67. Steps must be monotonically increasing, so this data will be ignored. See https://wandb.me/define-metric to log data out of order.
wandb: WARNING Tried to log to step 46 that is less than the current step 67. Steps must be monotonically increasing, so this data will be ignored. See https://wandb.me/define-metric to log data out of order.
wandb: WARNING Tried to log to step 46 that is less than the current step 67. Steps must be monotonically increasing, so this data will be ignored. See https://wandb.me/define-metric to log data out of order.
wandb: WARNING Tried to log to step 46 that is less than the current step 67. Steps must be monotonically increasing, so this data will be ignored. See https://wandb.me/define-metric to log data out of order.
wandb: WARNING Tried to log to step 46 that is less than the current step 67. Steps must be monotonically increasing, so this data will be ignored. See https://wandb.me/define-metric to log data out of order.
wandb: WARNING Tried to log to step 46 that is less than the current step 67. Steps must be monotonically increasing, so this data will be ignored. See https://wandb.me/define-metric to log data out of order.
wandb: WARNING Tried to log to step 46 that is less than the current step 67. Steps must be monotonically increasing, so this data will be ignored. See https://wandb.me/define-metric to log data out of order.
wandb: WARNING Tried to log to step 46 that is less than the current step 67. Steps must be monotonically increasing, so this data will be ignored. See https://wandb.me/define-metric to log data out of order.
wandb: WARNING Tried to log to step 46 that is less than the current step 67. Steps must be monotonically increasing, so this data will be ignored. See https://wandb.me/define-metric to log data out of order.
wandb: WARNING Tried to log to step 46 that is less than the current step 67. Steps must be monotonically increasing, so this data will be ignored. See https://wandb.me/define-metric to log data out of order.
wandb: WARNING Tried to log to step 46 that is less than the current step 67. Steps must be monotonically increasing, so this data will be ignored. See https://wandb.me/define-metric to log data out of order.
wandb: WARNING Tried to log to step 46 that is less than the current step 67. Steps must be monotonically increasing, so this data will be ignored. See https://wandb.me/define-metric to log data out of order.
wandb: WARNING Tried to log to step 46 that is less than the current step 67. Steps must be monotonically increasing, so this data will be ignored. See https://wandb.me/define-metric to log data out of order.
wandb: WARNING Tried to log to step 46 that is less than the current step 67. Steps must be monotonically increasing, so this data will be ignored. See https://wandb.me/define-metric to log data out of order.
wandb: WARNING Tried to log to step 46 that is less than the current step 67. Steps must be monotonically increasing, so this data will be ignored. See https://wandb.me/define-metric to log data out of order.
wandb: WARNING Tried to log to step 46 that is less than the current step 67. Steps must be monotonically increasing, so this data will be ignored. See https://wandb.me/define-metric to log data out of order.
wandb: WARNING Tried to log to step 46 that is less than the current step 67. Steps must be monotonically increasing, so this data will be ignored. See https://wandb.me/define-metric to log data out of order.
wandb: WARNING Tried to log to step 46 that is less than the current step 67. Steps must be monotonically increasing, so this data will be ignored. See https://wandb.me/define-metric to log data out of order.
wandb: WARNING Tried to log to step 46 that is less than the current step 67. Steps must be monotonically increasing, so this data will be ignored. See https://wandb.me/define-metric to log data out of order.
wandb: WARNING Tried to log to step 46 that is less than the current step 67. Steps must be monotonically increasing, so this data will be ignored. See https://wandb.me/define-metric to log data out of order.
wandb: WARNING Tried to log to step 46 that is less than the current step 67. Steps must be monotonically increasing, so this data will be ignored. See https://wandb.me/define-metric to log data out of order.
wandb: WARNING Tried to log to step 46 that is less than the current step 67. Steps must be monotonically increasing, so this data will be ignored. See https://wandb.me/define-metric to log data out of order.
wandb: WARNING Tried to log to step 46 that is less than the current step 67. Steps must be monotonically increasing, so this data will be ignored. See https://wandb.me/define-metric to log data out of order.
wandb: WARNING Tried to log to step 46 that is less than the current step 67. Steps must be monotonically increasing, so this data will be ignored. See https://wandb.me/define-metric to log data out of order.
wandb: WARNING Tried to log to step 46 that is less than the current step 67. Steps must be monotonically increasing, so this data will be ignored. See https://wandb.me/define-metric to log data out of order.
wandb: WARNING Tried to log to step 46 that is less than the current step 67. Steps must be monotonically increasing, so this data will be ignored. See https://wandb.me/define-metric to log data out of order.
wandb: WARNING Tried to log to step 46 that is less than the current step 67. Steps must be monotonically increasing, so this data will be ignored. See https://wandb.me/define-metric to log data out of order.
wandb: WARNING Tried to log to step 46 that is less than the current step 67. Steps must be monotonically increasing, so this data will be ignored. See https://wandb.me/define-metric to log data out of order.
[08/18/25 03:01:48] INFO     fairseq2 - Train Metrics (step 47) - DPO Loss:     
                             0.000348616 | Chosen Sequence Log Probabilities:   
                             -566.047 | Rejected Sequence Log Probabilities:    
                             -663.938 | Chosen Sequence Length: 842.719 |       
                             Rejected Sequence Length: 701.828 | NLL Loss:      
                             0.671782 | Gradient Norm: 0.360219 | Data Epoch: 2 
                             | Data Time: <1s | Compute Time: 7s | Lapse Time:  
                             7s | Total Time: 436s | Wall Time: 436s | Learning 
                             Rate: 6.99886e-07 | Batch Size: 64 | Elements per  
                             Batch: 64,654 | Elements per Second: 8,121 | Number
                             of Examples: 64 | Number of Elements: 64,654 |     
                             Number of Target Elements: 53,934 | Padding: 0 |   
                             Padding Ratio (%): 0% | Total Number of Examples:  
                             2,976 | Total Number of Elements: 2,878,894 | Total
                             Number of Target Elements: 2,448,175 | Peak Active 
                             Device Memory: 59.80 GiB | Peak Active Device      
                             Memory (%): 76% | Peak Reserved Device Memory:     
                             73.03 GiB | Peak Reserved Device Memory (%): 93%   
wandb: WARNING Tried to log to step 47 that is less than the current step 67. Steps must be monotonically increasing, so this data will be ignored. See https://wandb.me/define-metric to log data out of order.
wandb: WARNING Tried to log to step 47 that is less than the current step 67. Steps must be monotonically increasing, so this data will be ignored. See https://wandb.me/define-metric to log data out of order.
wandb: WARNING Tried to log to step 47 that is less than the current step 67. Steps must be monotonically increasing, so this data will be ignored. See https://wandb.me/define-metric to log data out of order.
wandb: WARNING Tried to log to step 47 that is less than the current step 67. Steps must be monotonically increasing, so this data will be ignored. See https://wandb.me/define-metric to log data out of order.
wandb: WARNING Tried to log to step 47 that is less than the current step 67. Steps must be monotonically increasing, so this data will be ignored. See https://wandb.me/define-metric to log data out of order.
wandb: WARNING Tried to log to step 47 that is less than the current step 67. Steps must be monotonically increasing, so this data will be ignored. See https://wandb.me/define-metric to log data out of order.
wandb: WARNING Tried to log to step 47 that is less than the current step 67. Steps must be monotonically increasing, so this data will be ignored. See https://wandb.me/define-metric to log data out of order.
wandb: WARNING Tried to log to step 47 that is less than the current step 67. Steps must be monotonically increasing, so this data will be ignored. See https://wandb.me/define-metric to log data out of order.
wandb: WARNING Tried to log to step 47 that is less than the current step 67. Steps must be monotonically increasing, so this data will be ignored. See https://wandb.me/define-metric to log data out of order.
wandb: WARNING Tried to log to step 47 that is less than the current step 67. Steps must be monotonically increasing, so this data will be ignored. See https://wandb.me/define-metric to log data out of order.
wandb: WARNING Tried to log to step 47 that is less than the current step 67. Steps must be monotonically increasing, so this data will be ignored. See https://wandb.me/define-metric to log data out of order.
wandb: WARNING Tried to log to step 47 that is less than the current step 67. Steps must be monotonically increasing, so this data will be ignored. See https://wandb.me/define-metric to log data out of order.
wandb: WARNING Tried to log to step 47 that is less than the current step 67. Steps must be monotonically increasing, so this data will be ignored. See https://wandb.me/define-metric to log data out of order.
wandb: WARNING Tried to log to step 47 that is less than the current step 67. Steps must be monotonically increasing, so this data will be ignored. See https://wandb.me/define-metric to log data out of order.
wandb: WARNING Tried to log to step 47 that is less than the current step 67. Steps must be monotonically increasing, so this data will be ignored. See https://wandb.me/define-metric to log data out of order.
wandb: WARNING Tried to log to step 47 that is less than the current step 67. Steps must be monotonically increasing, so this data will be ignored. See https://wandb.me/define-metric to log data out of order.
wandb: WARNING Tried to log to step 47 that is less than the current step 67. Steps must be monotonically increasing, so this data will be ignored. See https://wandb.me/define-metric to log data out of order.
wandb: WARNING Tried to log to step 47 that is less than the current step 67. Steps must be monotonically increasing, so this data will be ignored. See https://wandb.me/define-metric to log data out of order.
wandb: WARNING Tried to log to step 47 that is less than the current step 67. Steps must be monotonically increasing, so this data will be ignored. See https://wandb.me/define-metric to log data out of order.
wandb: WARNING Tried to log to step 47 that is less than the current step 67. Steps must be monotonically increasing, so this data will be ignored. See https://wandb.me/define-metric to log data out of order.
wandb: WARNING Tried to log to step 47 that is less than the current step 67. Steps must be monotonically increasing, so this data will be ignored. See https://wandb.me/define-metric to log data out of order.
wandb: WARNING Tried to log to step 47 that is less than the current step 67. Steps must be monotonically increasing, so this data will be ignored. See https://wandb.me/define-metric to log data out of order.
wandb: WARNING Tried to log to step 47 that is less than the current step 67. Steps must be monotonically increasing, so this data will be ignored. See https://wandb.me/define-metric to log data out of order.
wandb: WARNING Tried to log to step 47 that is less than the current step 67. Steps must be monotonically increasing, so this data will be ignored. See https://wandb.me/define-metric to log data out of order.
wandb: WARNING Tried to log to step 47 that is less than the current step 67. Steps must be monotonically increasing, so this data will be ignored. See https://wandb.me/define-metric to log data out of order.
wandb: WARNING Tried to log to step 47 that is less than the current step 67. Steps must be monotonically increasing, so this data will be ignored. See https://wandb.me/define-metric to log data out of order.
wandb: WARNING Tried to log to step 47 that is less than the current step 67. Steps must be monotonically increasing, so this data will be ignored. See https://wandb.me/define-metric to log data out of order.
wandb: WARNING Tried to log to step 47 that is less than the current step 67. Steps must be monotonically increasing, so this data will be ignored. See https://wandb.me/define-metric to log data out of order.
wandb: WARNING Tried to log to step 47 that is less than the current step 67. Steps must be monotonically increasing, so this data will be ignored. See https://wandb.me/define-metric to log data out of order.
[08/18/25 03:01:57] INFO     fairseq2 - Train Metrics (step 48) - DPO Loss:     
                             0.00204654 | Chosen Sequence Log Probabilities:    
                             -568.094 | Rejected Sequence Log Probabilities:    
                             -650.469 | Chosen Sequence Length: 920.719 |       
                             Rejected Sequence Length: 688.812 | NLL Loss:      
                             0.617137 | Gradient Norm: 1.98579 | Data Epoch: 2 |
                             Data Time: <1s | Compute Time: 9s | Lapse Time: 9s 
                             | Total Time: 445s | Wall Time: 445s | Learning    
                             Rate: 6.99871e-07 | Batch Size: 64 | Elements per  
                             Batch: 68,649 | Elements per Second: 7,551 | Number
                             of Examples: 64 | Number of Elements: 68,649 |     
                             Number of Target Elements: 58,926 | Padding: 0 |   
                             Padding Ratio (%): 0% | Total Number of Examples:  
                             3,040 | Total Number of Elements: 2,947,543 | Total
                             Number of Target Elements: 2,507,101 | Peak Active 
                             Device Memory: 59.99 GiB | Peak Active Device      
                             Memory (%): 76% | Peak Reserved Device Memory:     
                             73.03 GiB | Peak Reserved Device Memory (%): 93%   
wandb: WARNING Tried to log to step 48 that is less than the current step 67. Steps must be monotonically increasing, so this data will be ignored. See https://wandb.me/define-metric to log data out of order.
wandb: WARNING Tried to log to step 48 that is less than the current step 67. Steps must be monotonically increasing, so this data will be ignored. See https://wandb.me/define-metric to log data out of order.
wandb: WARNING Tried to log to step 48 that is less than the current step 67. Steps must be monotonically increasing, so this data will be ignored. See https://wandb.me/define-metric to log data out of order.
wandb: WARNING Tried to log to step 48 that is less than the current step 67. Steps must be monotonically increasing, so this data will be ignored. See https://wandb.me/define-metric to log data out of order.
wandb: WARNING Tried to log to step 48 that is less than the current step 67. Steps must be monotonically increasing, so this data will be ignored. See https://wandb.me/define-metric to log data out of order.
wandb: WARNING Tried to log to step 48 that is less than the current step 67. Steps must be monotonically increasing, so this data will be ignored. See https://wandb.me/define-metric to log data out of order.
wandb: WARNING Tried to log to step 48 that is less than the current step 67. Steps must be monotonically increasing, so this data will be ignored. See https://wandb.me/define-metric to log data out of order.
wandb: WARNING Tried to log to step 48 that is less than the current step 67. Steps must be monotonically increasing, so this data will be ignored. See https://wandb.me/define-metric to log data out of order.
wandb: WARNING Tried to log to step 48 that is less than the current step 67. Steps must be monotonically increasing, so this data will be ignored. See https://wandb.me/define-metric to log data out of order.
wandb: WARNING Tried to log to step 48 that is less than the current step 67. Steps must be monotonically increasing, so this data will be ignored. See https://wandb.me/define-metric to log data out of order.
wandb: WARNING Tried to log to step 48 that is less than the current step 67. Steps must be monotonically increasing, so this data will be ignored. See https://wandb.me/define-metric to log data out of order.
wandb: WARNING Tried to log to step 48 that is less than the current step 67. Steps must be monotonically increasing, so this data will be ignored. See https://wandb.me/define-metric to log data out of order.
wandb: WARNING Tried to log to step 48 that is less than the current step 67. Steps must be monotonically increasing, so this data will be ignored. See https://wandb.me/define-metric to log data out of order.
wandb: WARNING Tried to log to step 48 that is less than the current step 67. Steps must be monotonically increasing, so this data will be ignored. See https://wandb.me/define-metric to log data out of order.
wandb: WARNING Tried to log to step 48 that is less than the current step 67. Steps must be monotonically increasing, so this data will be ignored. See https://wandb.me/define-metric to log data out of order.
wandb: WARNING Tried to log to step 48 that is less than the current step 67. Steps must be monotonically increasing, so this data will be ignored. See https://wandb.me/define-metric to log data out of order.
wandb: WARNING Tried to log to step 48 that is less than the current step 67. Steps must be monotonically increasing, so this data will be ignored. See https://wandb.me/define-metric to log data out of order.
wandb: WARNING Tried to log to step 48 that is less than the current step 67. Steps must be monotonically increasing, so this data will be ignored. See https://wandb.me/define-metric to log data out of order.
wandb: WARNING Tried to log to step 48 that is less than the current step 67. Steps must be monotonically increasing, so this data will be ignored. See https://wandb.me/define-metric to log data out of order.
wandb: WARNING Tried to log to step 48 that is less than the current step 67. Steps must be monotonically increasing, so this data will be ignored. See https://wandb.me/define-metric to log data out of order.
wandb: WARNING Tried to log to step 48 that is less than the current step 67. Steps must be monotonically increasing, so this data will be ignored. See https://wandb.me/define-metric to log data out of order.
wandb: WARNING Tried to log to step 48 that is less than the current step 67. Steps must be monotonically increasing, so this data will be ignored. See https://wandb.me/define-metric to log data out of order.
wandb: WARNING Tried to log to step 48 that is less than the current step 67. Steps must be monotonically increasing, so this data will be ignored. See https://wandb.me/define-metric to log data out of order.
wandb: WARNING Tried to log to step 48 that is less than the current step 67. Steps must be monotonically increasing, so this data will be ignored. See https://wandb.me/define-metric to log data out of order.
wandb: WARNING Tried to log to step 48 that is less than the current step 67. Steps must be monotonically increasing, so this data will be ignored. See https://wandb.me/define-metric to log data out of order.
wandb: WARNING Tried to log to step 48 that is less than the current step 67. Steps must be monotonically increasing, so this data will be ignored. See https://wandb.me/define-metric to log data out of order.
wandb: WARNING Tried to log to step 48 that is less than the current step 67. Steps must be monotonically increasing, so this data will be ignored. See https://wandb.me/define-metric to log data out of order.
wandb: WARNING Tried to log to step 48 that is less than the current step 67. Steps must be monotonically increasing, so this data will be ignored. See https://wandb.me/define-metric to log data out of order.
wandb: WARNING Tried to log to step 48 that is less than the current step 67. Steps must be monotonically increasing, so this data will be ignored. See https://wandb.me/define-metric to log data out of order.
[08/18/25 03:02:04] INFO     fairseq2 - Train Metrics (step 49) - DPO Loss:     
                             0.00206651 | Chosen Sequence Log Probabilities:    
                             -488.617 | Rejected Sequence Log Probabilities:    
                             -622.047 | Chosen Sequence Length: 740.641 |       
                             Rejected Sequence Length: 660 | NLL Loss: 0.65965 |
                             Gradient Norm: 1.48605 | Data Epoch: 2 | Data Time:
                             <1s | Compute Time: 6s | Lapse Time: 6s | Total    
                             Time: 452s | Wall Time: 452s | Learning Rate:      
                             6.99856e-07 | Batch Size: 64 | Elements per Batch: 
                             56,300 | Elements per Second: 8,452 | Number of    
                             Examples: 64 | Number of Elements: 56,300 | Number 
                             of Target Elements: 47,401 | Padding: 0 | Padding  
                             Ratio (%): 0% | Total Number of Examples: 3,104 |  
                             Total Number of Elements: 3,003,843 | Total Number 
                             of Target Elements: 2,554,502 | Peak Active Device 
                             Memory: 59.97 GiB | Peak Active Device Memory (%): 
                             76% | Peak Reserved Device Memory: 73.03 GiB | Peak
                             Reserved Device Memory (%): 93%                    
wandb: WARNING Tried to log to step 49 that is less than the current step 67. Steps must be monotonically increasing, so this data will be ignored. See https://wandb.me/define-metric to log data out of order.
wandb: WARNING Tried to log to step 49 that is less than the current step 67. Steps must be monotonically increasing, so this data will be ignored. See https://wandb.me/define-metric to log data out of order.
wandb: WARNING Tried to log to step 49 that is less than the current step 67. Steps must be monotonically increasing, so this data will be ignored. See https://wandb.me/define-metric to log data out of order.
wandb: WARNING Tried to log to step 49 that is less than the current step 67. Steps must be monotonically increasing, so this data will be ignored. See https://wandb.me/define-metric to log data out of order.
wandb: WARNING Tried to log to step 49 that is less than the current step 67. Steps must be monotonically increasing, so this data will be ignored. See https://wandb.me/define-metric to log data out of order.
wandb: WARNING Tried to log to step 49 that is less than the current step 67. Steps must be monotonically increasing, so this data will be ignored. See https://wandb.me/define-metric to log data out of order.
wandb: WARNING Tried to log to step 49 that is less than the current step 67. Steps must be monotonically increasing, so this data will be ignored. See https://wandb.me/define-metric to log data out of order.
wandb: WARNING Tried to log to step 49 that is less than the current step 67. Steps must be monotonically increasing, so this data will be ignored. See https://wandb.me/define-metric to log data out of order.
wandb: WARNING Tried to log to step 49 that is less than the current step 67. Steps must be monotonically increasing, so this data will be ignored. See https://wandb.me/define-metric to log data out of order.
wandb: WARNING Tried to log to step 49 that is less than the current step 67. Steps must be monotonically increasing, so this data will be ignored. See https://wandb.me/define-metric to log data out of order.
wandb: WARNING Tried to log to step 49 that is less than the current step 67. Steps must be monotonically increasing, so this data will be ignored. See https://wandb.me/define-metric to log data out of order.
wandb: WARNING Tried to log to step 49 that is less than the current step 67. Steps must be monotonically increasing, so this data will be ignored. See https://wandb.me/define-metric to log data out of order.
wandb: WARNING Tried to log to step 49 that is less than the current step 67. Steps must be monotonically increasing, so this data will be ignored. See https://wandb.me/define-metric to log data out of order.
wandb: WARNING Tried to log to step 49 that is less than the current step 67. Steps must be monotonically increasing, so this data will be ignored. See https://wandb.me/define-metric to log data out of order.
wandb: WARNING Tried to log to step 49 that is less than the current step 67. Steps must be monotonically increasing, so this data will be ignored. See https://wandb.me/define-metric to log data out of order.
wandb: WARNING Tried to log to step 49 that is less than the current step 67. Steps must be monotonically increasing, so this data will be ignored. See https://wandb.me/define-metric to log data out of order.
wandb: WARNING Tried to log to step 49 that is less than the current step 67. Steps must be monotonically increasing, so this data will be ignored. See https://wandb.me/define-metric to log data out of order.
wandb: WARNING Tried to log to step 49 that is less than the current step 67. Steps must be monotonically increasing, so this data will be ignored. See https://wandb.me/define-metric to log data out of order.
wandb: WARNING Tried to log to step 49 that is less than the current step 67. Steps must be monotonically increasing, so this data will be ignored. See https://wandb.me/define-metric to log data out of order.
wandb: WARNING Tried to log to step 49 that is less than the current step 67. Steps must be monotonically increasing, so this data will be ignored. See https://wandb.me/define-metric to log data out of order.
wandb: WARNING Tried to log to step 49 that is less than the current step 67. Steps must be monotonically increasing, so this data will be ignored. See https://wandb.me/define-metric to log data out of order.
wandb: WARNING Tried to log to step 49 that is less than the current step 67. Steps must be monotonically increasing, so this data will be ignored. See https://wandb.me/define-metric to log data out of order.
wandb: WARNING Tried to log to step 49 that is less than the current step 67. Steps must be monotonically increasing, so this data will be ignored. See https://wandb.me/define-metric to log data out of order.
wandb: WARNING Tried to log to step 49 that is less than the current step 67. Steps must be monotonically increasing, so this data will be ignored. See https://wandb.me/define-metric to log data out of order.
wandb: WARNING Tried to log to step 49 that is less than the current step 67. Steps must be monotonically increasing, so this data will be ignored. See https://wandb.me/define-metric to log data out of order.
wandb: WARNING Tried to log to step 49 that is less than the current step 67. Steps must be monotonically increasing, so this data will be ignored. See https://wandb.me/define-metric to log data out of order.
wandb: WARNING Tried to log to step 49 that is less than the current step 67. Steps must be monotonically increasing, so this data will be ignored. See https://wandb.me/define-metric to log data out of order.
wandb: WARNING Tried to log to step 49 that is less than the current step 67. Steps must be monotonically increasing, so this data will be ignored. See https://wandb.me/define-metric to log data out of order.
wandb: WARNING Tried to log to step 49 that is less than the current step 67. Steps must be monotonically increasing, so this data will be ignored. See https://wandb.me/define-metric to log data out of order.
[08/18/25 03:02:14] INFO     fairseq2 - Train Metrics (step 50) - DPO Loss:     
                             0.0348054 | Chosen Sequence Log Probabilities:     
                             -515.969 | Rejected Sequence Log Probabilities:    
                             -626.719 | Chosen Sequence Length: 826.344 |       
                             Rejected Sequence Length: 690.5 | NLL Loss:        
                             0.624482 | Gradient Norm: 30.9489 | Data Epoch: 2 |
                             Data Time: <1s | Compute Time: 9s | Lapse Time: 9s 
                             | Total Time: 462s | Wall Time: 462s | Learning    
                             Rate: 6.99839e-07 | Batch Size: 64 | Elements per  
                             Batch: 62,371 | Elements per Second: 6,536 | Number
                             of Examples: 64 | Number of Elements: 62,371 |     
                             Number of Target Elements: 52,886 | Padding: 0 |   
                             Padding Ratio (%): 0% | Total Number of Examples:  
                             3,168 | Total Number of Elements: 3,066,214 | Total
                             Number of Target Elements: 2,607,388 | Peak Active 
                             Device Memory: 61.54 GiB | Peak Active Device      
                             Memory (%): 78% | Peak Reserved Device Memory:     
                             74.02 GiB | Peak Reserved Device Memory (%): 94%   
wandb: WARNING Tried to log to step 50 that is less than the current step 67. Steps must be monotonically increasing, so this data will be ignored. See https://wandb.me/define-metric to log data out of order.
wandb: WARNING Tried to log to step 50 that is less than the current step 67. Steps must be monotonically increasing, so this data will be ignored. See https://wandb.me/define-metric to log data out of order.
wandb: WARNING Tried to log to step 50 that is less than the current step 67. Steps must be monotonically increasing, so this data will be ignored. See https://wandb.me/define-metric to log data out of order.
wandb: WARNING Tried to log to step 50 that is less than the current step 67. Steps must be monotonically increasing, so this data will be ignored. See https://wandb.me/define-metric to log data out of order.
wandb: WARNING Tried to log to step 50 that is less than the current step 67. Steps must be monotonically increasing, so this data will be ignored. See https://wandb.me/define-metric to log data out of order.
wandb: WARNING Tried to log to step 50 that is less than the current step 67. Steps must be monotonically increasing, so this data will be ignored. See https://wandb.me/define-metric to log data out of order.
wandb: WARNING Tried to log to step 50 that is less than the current step 67. Steps must be monotonically increasing, so this data will be ignored. See https://wandb.me/define-metric to log data out of order.
wandb: WARNING Tried to log to step 50 that is less than the current step 67. Steps must be monotonically increasing, so this data will be ignored. See https://wandb.me/define-metric to log data out of order.
wandb: WARNING Tried to log to step 50 that is less than the current step 67. Steps must be monotonically increasing, so this data will be ignored. See https://wandb.me/define-metric to log data out of order.
wandb: WARNING Tried to log to step 50 that is less than the current step 67. Steps must be monotonically increasing, so this data will be ignored. See https://wandb.me/define-metric to log data out of order.
wandb: WARNING Tried to log to step 50 that is less than the current step 67. Steps must be monotonically increasing, so this data will be ignored. See https://wandb.me/define-metric to log data out of order.
wandb: WARNING Tried to log to step 50 that is less than the current step 67. Steps must be monotonically increasing, so this data will be ignored. See https://wandb.me/define-metric to log data out of order.
wandb: WARNING Tried to log to step 50 that is less than the current step 67. Steps must be monotonically increasing, so this data will be ignored. See https://wandb.me/define-metric to log data out of order.
wandb: WARNING Tried to log to step 50 that is less than the current step 67. Steps must be monotonically increasing, so this data will be ignored. See https://wandb.me/define-metric to log data out of order.
wandb: WARNING Tried to log to step 50 that is less than the current step 67. Steps must be monotonically increasing, so this data will be ignored. See https://wandb.me/define-metric to log data out of order.
wandb: WARNING Tried to log to step 50 that is less than the current step 67. Steps must be monotonically increasing, so this data will be ignored. See https://wandb.me/define-metric to log data out of order.
wandb: WARNING Tried to log to step 50 that is less than the current step 67. Steps must be monotonically increasing, so this data will be ignored. See https://wandb.me/define-metric to log data out of order.
wandb: WARNING Tried to log to step 50 that is less than the current step 67. Steps must be monotonically increasing, so this data will be ignored. See https://wandb.me/define-metric to log data out of order.
wandb: WARNING Tried to log to step 50 that is less than the current step 67. Steps must be monotonically increasing, so this data will be ignored. See https://wandb.me/define-metric to log data out of order.
wandb: WARNING Tried to log to step 50 that is less than the current step 67. Steps must be monotonically increasing, so this data will be ignored. See https://wandb.me/define-metric to log data out of order.
wandb: WARNING Tried to log to step 50 that is less than the current step 67. Steps must be monotonically increasing, so this data will be ignored. See https://wandb.me/define-metric to log data out of order.
wandb: WARNING Tried to log to step 50 that is less than the current step 67. Steps must be monotonically increasing, so this data will be ignored. See https://wandb.me/define-metric to log data out of order.
wandb: WARNING Tried to log to step 50 that is less than the current step 67. Steps must be monotonically increasing, so this data will be ignored. See https://wandb.me/define-metric to log data out of order.
wandb: WARNING Tried to log to step 50 that is less than the current step 67. Steps must be monotonically increasing, so this data will be ignored. See https://wandb.me/define-metric to log data out of order.
wandb: WARNING Tried to log to step 50 that is less than the current step 67. Steps must be monotonically increasing, so this data will be ignored. See https://wandb.me/define-metric to log data out of order.
wandb: WARNING Tried to log to step 50 that is less than the current step 67. Steps must be monotonically increasing, so this data will be ignored. See https://wandb.me/define-metric to log data out of order.
wandb: WARNING Tried to log to step 50 that is less than the current step 67. Steps must be monotonically increasing, so this data will be ignored. See https://wandb.me/define-metric to log data out of order.
wandb: WARNING Tried to log to step 50 that is less than the current step 67. Steps must be monotonically increasing, so this data will be ignored. See https://wandb.me/define-metric to log data out of order.
wandb: WARNING Tried to log to step 50 that is less than the current step 67. Steps must be monotonically increasing, so this data will be ignored. See https://wandb.me/define-metric to log data out of order.
[08/18/25 03:02:24] INFO     fairseq2 - Train Metrics (step 51) - DPO Loss:     
                             0.00822328 | Chosen Sequence Log Probabilities:    
                             -515.188 | Rejected Sequence Log Probabilities:    
                             -600.219 | Chosen Sequence Length: 905.203 |       
                             Rejected Sequence Length: 674.812 | NLL Loss:      
                             0.569012 | Gradient Norm: 6.62594 | Data Epoch: 2 |
                             Data Time: <1s | Compute Time: 10s | Lapse Time:   
                             10s | Total Time: 472s | Wall Time: 472s | Learning
                             Rate: 6.99822e-07 | Batch Size: 64 | Elements per  
                             Batch: 67,314 | Elements per Second: 6,696 | Number
                             of Examples: 64 | Number of Elements: 67,314 |     
                             Number of Target Elements: 57,933 | Padding: 0 |   
                             Padding Ratio (%): 0% | Total Number of Examples:  
                             3,232 | Total Number of Elements: 3,133,528 | Total
                             Number of Target Elements: 2,665,321 | Peak Active 
                             Device Memory: 66.30 GiB | Peak Active Device      
                             Memory (%): 84% | Peak Reserved Device Memory:     
                             73.19 GiB | Peak Reserved Device Memory (%): 93%   
wandb: WARNING Tried to log to step 51 that is less than the current step 67. Steps must be monotonically increasing, so this data will be ignored. See https://wandb.me/define-metric to log data out of order.
wandb: WARNING Tried to log to step 51 that is less than the current step 67. Steps must be monotonically increasing, so this data will be ignored. See https://wandb.me/define-metric to log data out of order.
wandb: WARNING Tried to log to step 51 that is less than the current step 67. Steps must be monotonically increasing, so this data will be ignored. See https://wandb.me/define-metric to log data out of order.
wandb: WARNING Tried to log to step 51 that is less than the current step 67. Steps must be monotonically increasing, so this data will be ignored. See https://wandb.me/define-metric to log data out of order.
wandb: WARNING Tried to log to step 51 that is less than the current step 67. Steps must be monotonically increasing, so this data will be ignored. See https://wandb.me/define-metric to log data out of order.
wandb: WARNING Tried to log to step 51 that is less than the current step 67. Steps must be monotonically increasing, so this data will be ignored. See https://wandb.me/define-metric to log data out of order.
wandb: WARNING Tried to log to step 51 that is less than the current step 67. Steps must be monotonically increasing, so this data will be ignored. See https://wandb.me/define-metric to log data out of order.
wandb: WARNING Tried to log to step 51 that is less than the current step 67. Steps must be monotonically increasing, so this data will be ignored. See https://wandb.me/define-metric to log data out of order.
wandb: WARNING Tried to log to step 51 that is less than the current step 67. Steps must be monotonically increasing, so this data will be ignored. See https://wandb.me/define-metric to log data out of order.
wandb: WARNING Tried to log to step 51 that is less than the current step 67. Steps must be monotonically increasing, so this data will be ignored. See https://wandb.me/define-metric to log data out of order.
wandb: WARNING Tried to log to step 51 that is less than the current step 67. Steps must be monotonically increasing, so this data will be ignored. See https://wandb.me/define-metric to log data out of order.
wandb: WARNING Tried to log to step 51 that is less than the current step 67. Steps must be monotonically increasing, so this data will be ignored. See https://wandb.me/define-metric to log data out of order.
wandb: WARNING Tried to log to step 51 that is less than the current step 67. Steps must be monotonically increasing, so this data will be ignored. See https://wandb.me/define-metric to log data out of order.
wandb: WARNING Tried to log to step 51 that is less than the current step 67. Steps must be monotonically increasing, so this data will be ignored. See https://wandb.me/define-metric to log data out of order.
wandb: WARNING Tried to log to step 51 that is less than the current step 67. Steps must be monotonically increasing, so this data will be ignored. See https://wandb.me/define-metric to log data out of order.
wandb: WARNING Tried to log to step 51 that is less than the current step 67. Steps must be monotonically increasing, so this data will be ignored. See https://wandb.me/define-metric to log data out of order.
wandb: WARNING Tried to log to step 51 that is less than the current step 67. Steps must be monotonically increasing, so this data will be ignored. See https://wandb.me/define-metric to log data out of order.
wandb: WARNING Tried to log to step 51 that is less than the current step 67. Steps must be monotonically increasing, so this data will be ignored. See https://wandb.me/define-metric to log data out of order.
wandb: WARNING Tried to log to step 51 that is less than the current step 67. Steps must be monotonically increasing, so this data will be ignored. See https://wandb.me/define-metric to log data out of order.
wandb: WARNING Tried to log to step 51 that is less than the current step 67. Steps must be monotonically increasing, so this data will be ignored. See https://wandb.me/define-metric to log data out of order.
wandb: WARNING Tried to log to step 51 that is less than the current step 67. Steps must be monotonically increasing, so this data will be ignored. See https://wandb.me/define-metric to log data out of order.
wandb: WARNING Tried to log to step 51 that is less than the current step 67. Steps must be monotonically increasing, so this data will be ignored. See https://wandb.me/define-metric to log data out of order.
wandb: WARNING Tried to log to step 51 that is less than the current step 67. Steps must be monotonically increasing, so this data will be ignored. See https://wandb.me/define-metric to log data out of order.
wandb: WARNING Tried to log to step 51 that is less than the current step 67. Steps must be monotonically increasing, so this data will be ignored. See https://wandb.me/define-metric to log data out of order.
wandb: WARNING Tried to log to step 51 that is less than the current step 67. Steps must be monotonically increasing, so this data will be ignored. See https://wandb.me/define-metric to log data out of order.
wandb: WARNING Tried to log to step 51 that is less than the current step 67. Steps must be monotonically increasing, so this data will be ignored. See https://wandb.me/define-metric to log data out of order.
wandb: WARNING Tried to log to step 51 that is less than the current step 67. Steps must be monotonically increasing, so this data will be ignored. See https://wandb.me/define-metric to log data out of order.
wandb: WARNING Tried to log to step 51 that is less than the current step 67. Steps must be monotonically increasing, so this data will be ignored. See https://wandb.me/define-metric to log data out of order.
wandb: WARNING Tried to log to step 51 that is less than the current step 67. Steps must be monotonically increasing, so this data will be ignored. See https://wandb.me/define-metric to log data out of order.
[08/18/25 03:02:32] INFO     fairseq2 - Train Metrics (step 52) - DPO Loss:     
                             0.00798094 | Chosen Sequence Log Probabilities:    
                             -533.562 | Rejected Sequence Log Probabilities:    
                             -612.531 | Chosen Sequence Length: 876.344 |       
                             Rejected Sequence Length: 719.781 | NLL Loss:      
                             0.608821 | Gradient Norm: 14.1052 | Data Epoch: 2 |
                             Data Time: <1s | Compute Time: 7s | Lapse Time: 7s 
                             | Total Time: 480s | Wall Time: 480s | Learning    
                             Rate: 6.99804e-07 | Batch Size: 64 | Elements per  
                             Batch: 65,116 | Elements per Second: 8,308 | Number
                             of Examples: 64 | Number of Elements: 65,116 |     
                             Number of Target Elements: 56,086 | Padding: 0 |   
                             Padding Ratio (%): 0% | Total Number of Examples:  
                             3,296 | Total Number of Elements: 3,198,644 | Total
                             Number of Target Elements: 2,721,407 | Peak Active 
                             Device Memory: 59.87 GiB | Peak Active Device      
                             Memory (%): 76% | Peak Reserved Device Memory:     
                             70.84 GiB | Peak Reserved Device Memory (%): 90%   
[08/18/25 03:02:38] INFO     fairseq2 - Train Metrics (step 53) - DPO Loss:     
                             0.010485 | Chosen Sequence Log Probabilities:      
                             -515.812 | Rejected Sequence Log Probabilities:    
                             -598.281 | Chosen Sequence Length: 804.281 |       
                             Rejected Sequence Length: 680.141 | NLL Loss:      
                             0.641379 | Gradient Norm: 11.5781 | Data Epoch: 2 |
                             Data Time: <1s | Compute Time: 5s | Lapse Time: 5s 
                             | Total Time: 486s | Wall Time: 486s | Learning    
                             Rate: 6.99785e-07 | Batch Size: 64 | Elements per  
                             Batch: 60,195 | Elements per Second: 10,681 |      
                             Number of Examples: 64 | Number of Elements: 60,195
                             | Number of Target Elements: 51,474 | Padding: 0 | 
                             Padding Ratio (%): 0% | Total Number of Examples:  
                             3,360 | Total Number of Elements: 3,258,839 | Total
                             Number of Target Elements: 2,772,881 | Peak Active 
                             Device Memory: 60.14 GiB | Peak Active Device      
                             Memory (%): 76% | Peak Reserved Device Memory:     
                             73.36 GiB | Peak Reserved Device Memory (%): 93%   
wandb: WARNING Tried to log to step 52 that is less than the current step 67. Steps must be monotonically increasing, so this data will be ignored. See https://wandb.me/define-metric to log data out of order.
wandb: WARNING Tried to log to step 52 that is less than the current step 67. Steps must be monotonically increasing, so this data will be ignored. See https://wandb.me/define-metric to log data out of order.
wandb: WARNING Tried to log to step 52 that is less than the current step 67. Steps must be monotonically increasing, so this data will be ignored. See https://wandb.me/define-metric to log data out of order.
wandb: WARNING Tried to log to step 52 that is less than the current step 67. Steps must be monotonically increasing, so this data will be ignored. See https://wandb.me/define-metric to log data out of order.
wandb: WARNING Tried to log to step 52 that is less than the current step 67. Steps must be monotonically increasing, so this data will be ignored. See https://wandb.me/define-metric to log data out of order.
wandb: WARNING Tried to log to step 52 that is less than the current step 67. Steps must be monotonically increasing, so this data will be ignored. See https://wandb.me/define-metric to log data out of order.
wandb: WARNING Tried to log to step 52 that is less than the current step 67. Steps must be monotonically increasing, so this data will be ignored. See https://wandb.me/define-metric to log data out of order.
wandb: WARNING Tried to log to step 52 that is less than the current step 67. Steps must be monotonically increasing, so this data will be ignored. See https://wandb.me/define-metric to log data out of order.
wandb: WARNING Tried to log to step 52 that is less than the current step 67. Steps must be monotonically increasing, so this data will be ignored. See https://wandb.me/define-metric to log data out of order.
wandb: WARNING Tried to log to step 52 that is less than the current step 67. Steps must be monotonically increasing, so this data will be ignored. See https://wandb.me/define-metric to log data out of order.
wandb: WARNING Tried to log to step 52 that is less than the current step 67. Steps must be monotonically increasing, so this data will be ignored. See https://wandb.me/define-metric to log data out of order.
wandb: WARNING Tried to log to step 52 that is less than the current step 67. Steps must be monotonically increasing, so this data will be ignored. See https://wandb.me/define-metric to log data out of order.
wandb: WARNING Tried to log to step 52 that is less than the current step 67. Steps must be monotonically increasing, so this data will be ignored. See https://wandb.me/define-metric to log data out of order.
wandb: WARNING Tried to log to step 52 that is less than the current step 67. Steps must be monotonically increasing, so this data will be ignored. See https://wandb.me/define-metric to log data out of order.
wandb: WARNING Tried to log to step 52 that is less than the current step 67. Steps must be monotonically increasing, so this data will be ignored. See https://wandb.me/define-metric to log data out of order.
wandb: WARNING Tried to log to step 52 that is less than the current step 67. Steps must be monotonically increasing, so this data will be ignored. See https://wandb.me/define-metric to log data out of order.
wandb: WARNING Tried to log to step 52 that is less than the current step 67. Steps must be monotonically increasing, so this data will be ignored. See https://wandb.me/define-metric to log data out of order.
wandb: WARNING Tried to log to step 52 that is less than the current step 67. Steps must be monotonically increasing, so this data will be ignored. See https://wandb.me/define-metric to log data out of order.
wandb: WARNING Tried to log to step 52 that is less than the current step 67. Steps must be monotonically increasing, so this data will be ignored. See https://wandb.me/define-metric to log data out of order.
wandb: WARNING Tried to log to step 52 that is less than the current step 67. Steps must be monotonically increasing, so this data will be ignored. See https://wandb.me/define-metric to log data out of order.
wandb: WARNING Tried to log to step 52 that is less than the current step 67. Steps must be monotonically increasing, so this data will be ignored. See https://wandb.me/define-metric to log data out of order.
wandb: WARNING Tried to log to step 52 that is less than the current step 67. Steps must be monotonically increasing, so this data will be ignored. See https://wandb.me/define-metric to log data out of order.
wandb: WARNING Tried to log to step 52 that is less than the current step 67. Steps must be monotonically increasing, so this data will be ignored. See https://wandb.me/define-metric to log data out of order.
wandb: WARNING Tried to log to step 52 that is less than the current step 67. Steps must be monotonically increasing, so this data will be ignored. See https://wandb.me/define-metric to log data out of order.
wandb: WARNING Tried to log to step 52 that is less than the current step 67. Steps must be monotonically increasing, so this data will be ignored. See https://wandb.me/define-metric to log data out of order.
wandb: WARNING Tried to log to step 52 that is less than the current step 67. Steps must be monotonically increasing, so this data will be ignored. See https://wandb.me/define-metric to log data out of order.
wandb: WARNING Tried to log to step 52 that is less than the current step 67. Steps must be monotonically increasing, so this data will be ignored. See https://wandb.me/define-metric to log data out of order.
wandb: WARNING Tried to log to step 52 that is less than the current step 67. Steps must be monotonically increasing, so this data will be ignored. See https://wandb.me/define-metric to log data out of order.
wandb: WARNING Tried to log to step 52 that is less than the current step 67. Steps must be monotonically increasing, so this data will be ignored. See https://wandb.me/define-metric to log data out of order.
wandb: WARNING Tried to log to step 53 that is less than the current step 67. Steps must be monotonically increasing, so this data will be ignored. See https://wandb.me/define-metric to log data out of order.
wandb: WARNING Tried to log to step 53 that is less than the current step 67. Steps must be monotonically increasing, so this data will be ignored. See https://wandb.me/define-metric to log data out of order.
wandb: WARNING Tried to log to step 53 that is less than the current step 67. Steps must be monotonically increasing, so this data will be ignored. See https://wandb.me/define-metric to log data out of order.
wandb: WARNING Tried to log to step 53 that is less than the current step 67. Steps must be monotonically increasing, so this data will be ignored. See https://wandb.me/define-metric to log data out of order.
wandb: WARNING Tried to log to step 53 that is less than the current step 67. Steps must be monotonically increasing, so this data will be ignored. See https://wandb.me/define-metric to log data out of order.
wandb: WARNING Tried to log to step 53 that is less than the current step 67. Steps must be monotonically increasing, so this data will be ignored. See https://wandb.me/define-metric to log data out of order.
wandb: WARNING Tried to log to step 53 that is less than the current step 67. Steps must be monotonically increasing, so this data will be ignored. See https://wandb.me/define-metric to log data out of order.
wandb: WARNING Tried to log to step 53 that is less than the current step 67. Steps must be monotonically increasing, so this data will be ignored. See https://wandb.me/define-metric to log data out of order.
wandb: WARNING Tried to log to step 53 that is less than the current step 67. Steps must be monotonically increasing, so this data will be ignored. See https://wandb.me/define-metric to log data out of order.
wandb: WARNING Tried to log to step 53 that is less than the current step 67. Steps must be monotonically increasing, so this data will be ignored. See https://wandb.me/define-metric to log data out of order.
wandb: WARNING Tried to log to step 53 that is less than the current step 67. Steps must be monotonically increasing, so this data will be ignored. See https://wandb.me/define-metric to log data out of order.
wandb: WARNING Tried to log to step 53 that is less than the current step 67. Steps must be monotonically increasing, so this data will be ignored. See https://wandb.me/define-metric to log data out of order.
wandb: WARNING Tried to log to step 53 that is less than the current step 67. Steps must be monotonically increasing, so this data will be ignored. See https://wandb.me/define-metric to log data out of order.
wandb: WARNING Tried to log to step 53 that is less than the current step 67. Steps must be monotonically increasing, so this data will be ignored. See https://wandb.me/define-metric to log data out of order.
wandb: WARNING Tried to log to step 53 that is less than the current step 67. Steps must be monotonically increasing, so this data will be ignored. See https://wandb.me/define-metric to log data out of order.
wandb: WARNING Tried to log to step 53 that is less than the current step 67. Steps must be monotonically increasing, so this data will be ignored. See https://wandb.me/define-metric to log data out of order.
wandb: WARNING Tried to log to step 53 that is less than the current step 67. Steps must be monotonically increasing, so this data will be ignored. See https://wandb.me/define-metric to log data out of order.
wandb: WARNING Tried to log to step 53 that is less than the current step 67. Steps must be monotonically increasing, so this data will be ignored. See https://wandb.me/define-metric to log data out of order.
wandb: WARNING Tried to log to step 53 that is less than the current step 67. Steps must be monotonically increasing, so this data will be ignored. See https://wandb.me/define-metric to log data out of order.
wandb: WARNING Tried to log to step 53 that is less than the current step 67. Steps must be monotonically increasing, so this data will be ignored. See https://wandb.me/define-metric to log data out of order.
wandb: WARNING Tried to log to step 53 that is less than the current step 67. Steps must be monotonically increasing, so this data will be ignored. See https://wandb.me/define-metric to log data out of order.
wandb: WARNING Tried to log to step 53 that is less than the current step 67. Steps must be monotonically increasing, so this data will be ignored. See https://wandb.me/define-metric to log data out of order.
wandb: WARNING Tried to log to step 53 that is less than the current step 67. Steps must be monotonically increasing, so this data will be ignored. See https://wandb.me/define-metric to log data out of order.
wandb: WARNING Tried to log to step 53 that is less than the current step 67. Steps must be monotonically increasing, so this data will be ignored. See https://wandb.me/define-metric to log data out of order.
wandb: WARNING Tried to log to step 53 that is less than the current step 67. Steps must be monotonically increasing, so this data will be ignored. See https://wandb.me/define-metric to log data out of order.
wandb: WARNING Tried to log to step 53 that is less than the current step 67. Steps must be monotonically increasing, so this data will be ignored. See https://wandb.me/define-metric to log data out of order.
wandb: WARNING Tried to log to step 53 that is less than the current step 67. Steps must be monotonically increasing, so this data will be ignored. See https://wandb.me/define-metric to log data out of order.
wandb: WARNING Tried to log to step 53 that is less than the current step 67. Steps must be monotonically increasing, so this data will be ignored. See https://wandb.me/define-metric to log data out of order.
wandb: WARNING Tried to log to step 53 that is less than the current step 67. Steps must be monotonically increasing, so this data will be ignored. See https://wandb.me/define-metric to log data out of order.
[08/18/25 03:02:47] INFO     fairseq2 - Train Metrics (step 54) - DPO Loss:     
                             6.53969e-05 | Chosen Sequence Log Probabilities:   
                             -529.406 | Rejected Sequence Log Probabilities:    
                             -654.969 | Chosen Sequence Length: 887.5 | Rejected
                             Sequence Length: 676.156 | NLL Loss: 0.596619 |    
                             Gradient Norm: 0.0647953 | Data Epoch: 2 | Data    
                             Time: <1s | Compute Time: 9s | Lapse Time: 9s |    
                             Total Time: 495s | Wall Time: 495s | Learning Rate:
                             6.99765e-07 | Batch Size: 64 | Elements per Batch: 
                             65,683 | Elements per Second: 7,095 | Number of    
                             Examples: 64 | Number of Elements: 65,683 | Number 
                             of Target Elements: 56,800 | Padding: 0 | Padding  
                             Ratio (%): 0% | Total Number of Examples: 3,424 |  
                             Total Number of Elements: 3,324,522 | Total Number 
                             of Target Elements: 2,829,681 | Peak Active Device 
                             Memory: 60.54 GiB | Peak Active Device Memory (%): 
                             77% | Peak Reserved Device Memory: 73.36 GiB | Peak
                             Reserved Device Memory (%): 93%                    
wandb: WARNING Tried to log to step 54 that is less than the current step 67. Steps must be monotonically increasing, so this data will be ignored. See https://wandb.me/define-metric to log data out of order.
wandb: WARNING Tried to log to step 54 that is less than the current step 67. Steps must be monotonically increasing, so this data will be ignored. See https://wandb.me/define-metric to log data out of order.
wandb: WARNING Tried to log to step 54 that is less than the current step 67. Steps must be monotonically increasing, so this data will be ignored. See https://wandb.me/define-metric to log data out of order.
wandb: WARNING Tried to log to step 54 that is less than the current step 67. Steps must be monotonically increasing, so this data will be ignored. See https://wandb.me/define-metric to log data out of order.
wandb: WARNING Tried to log to step 54 that is less than the current step 67. Steps must be monotonically increasing, so this data will be ignored. See https://wandb.me/define-metric to log data out of order.
wandb: WARNING Tried to log to step 54 that is less than the current step 67. Steps must be monotonically increasing, so this data will be ignored. See https://wandb.me/define-metric to log data out of order.
wandb: WARNING Tried to log to step 54 that is less than the current step 67. Steps must be monotonically increasing, so this data will be ignored. See https://wandb.me/define-metric to log data out of order.
wandb: WARNING Tried to log to step 54 that is less than the current step 67. Steps must be monotonically increasing, so this data will be ignored. See https://wandb.me/define-metric to log data out of order.
wandb: WARNING Tried to log to step 54 that is less than the current step 67. Steps must be monotonically increasing, so this data will be ignored. See https://wandb.me/define-metric to log data out of order.
wandb: WARNING Tried to log to step 54 that is less than the current step 67. Steps must be monotonically increasing, so this data will be ignored. See https://wandb.me/define-metric to log data out of order.
wandb: WARNING Tried to log to step 54 that is less than the current step 67. Steps must be monotonically increasing, so this data will be ignored. See https://wandb.me/define-metric to log data out of order.
wandb: WARNING Tried to log to step 54 that is less than the current step 67. Steps must be monotonically increasing, so this data will be ignored. See https://wandb.me/define-metric to log data out of order.
wandb: WARNING Tried to log to step 54 that is less than the current step 67. Steps must be monotonically increasing, so this data will be ignored. See https://wandb.me/define-metric to log data out of order.
wandb: WARNING Tried to log to step 54 that is less than the current step 67. Steps must be monotonically increasing, so this data will be ignored. See https://wandb.me/define-metric to log data out of order.
wandb: WARNING Tried to log to step 54 that is less than the current step 67. Steps must be monotonically increasing, so this data will be ignored. See https://wandb.me/define-metric to log data out of order.
wandb: WARNING Tried to log to step 54 that is less than the current step 67. Steps must be monotonically increasing, so this data will be ignored. See https://wandb.me/define-metric to log data out of order.
wandb: WARNING Tried to log to step 54 that is less than the current step 67. Steps must be monotonically increasing, so this data will be ignored. See https://wandb.me/define-metric to log data out of order.
wandb: WARNING Tried to log to step 54 that is less than the current step 67. Steps must be monotonically increasing, so this data will be ignored. See https://wandb.me/define-metric to log data out of order.
wandb: WARNING Tried to log to step 54 that is less than the current step 67. Steps must be monotonically increasing, so this data will be ignored. See https://wandb.me/define-metric to log data out of order.
wandb: WARNING Tried to log to step 54 that is less than the current step 67. Steps must be monotonically increasing, so this data will be ignored. See https://wandb.me/define-metric to log data out of order.
wandb: WARNING Tried to log to step 54 that is less than the current step 67. Steps must be monotonically increasing, so this data will be ignored. See https://wandb.me/define-metric to log data out of order.
wandb: WARNING Tried to log to step 54 that is less than the current step 67. Steps must be monotonically increasing, so this data will be ignored. See https://wandb.me/define-metric to log data out of order.
wandb: WARNING Tried to log to step 54 that is less than the current step 67. Steps must be monotonically increasing, so this data will be ignored. See https://wandb.me/define-metric to log data out of order.
wandb: WARNING Tried to log to step 54 that is less than the current step 67. Steps must be monotonically increasing, so this data will be ignored. See https://wandb.me/define-metric to log data out of order.
wandb: WARNING Tried to log to step 54 that is less than the current step 67. Steps must be monotonically increasing, so this data will be ignored. See https://wandb.me/define-metric to log data out of order.
wandb: WARNING Tried to log to step 54 that is less than the current step 67. Steps must be monotonically increasing, so this data will be ignored. See https://wandb.me/define-metric to log data out of order.
wandb: WARNING Tried to log to step 54 that is less than the current step 67. Steps must be monotonically increasing, so this data will be ignored. See https://wandb.me/define-metric to log data out of order.
wandb: WARNING Tried to log to step 54 that is less than the current step 67. Steps must be monotonically increasing, so this data will be ignored. See https://wandb.me/define-metric to log data out of order.
wandb: WARNING Tried to log to step 54 that is less than the current step 67. Steps must be monotonically increasing, so this data will be ignored. See https://wandb.me/define-metric to log data out of order.
[08/18/25 03:02:57] INFO     fairseq2 - Train Metrics (step 55) - DPO Loss:     
                             0.00154825 | Chosen Sequence Log Probabilities:    
                             -512.695 | Rejected Sequence Log Probabilities:    
                             -659.953 | Chosen Sequence Length: 878.078 |       
                             Rejected Sequence Length: 685.328 | NLL Loss:      
                             0.583592 | Gradient Norm: 1.89567 | Data Epoch: 2 |
                             Data Time: <1s | Compute Time: 9s | Lapse Time: 9s 
                             | Total Time: 505s | Wall Time: 505s | Learning    
                             Rate: 6.99744e-07 | Batch Size: 64 | Elements per  
                             Batch: 64,722 | Elements per Second: 6,669 | Number
                             of Examples: 64 | Number of Elements: 64,722 |     
                             Number of Target Elements: 56,197 | Padding: 0 |   
                             Padding Ratio (%): 0% | Total Number of Examples:  
                             3,488 | Total Number of Elements: 3,389,244 | Total
                             Number of Target Elements: 2,885,878 | Peak Active 
                             Device Memory: 66.12 GiB | Peak Active Device      
                             Memory (%): 84% | Peak Reserved Device Memory:     
                             73.36 GiB | Peak Reserved Device Memory (%): 93%   
wandb: WARNING Tried to log to step 55 that is less than the current step 67. Steps must be monotonically increasing, so this data will be ignored. See https://wandb.me/define-metric to log data out of order.
wandb: WARNING Tried to log to step 55 that is less than the current step 67. Steps must be monotonically increasing, so this data will be ignored. See https://wandb.me/define-metric to log data out of order.
wandb: WARNING Tried to log to step 55 that is less than the current step 67. Steps must be monotonically increasing, so this data will be ignored. See https://wandb.me/define-metric to log data out of order.
wandb: WARNING Tried to log to step 55 that is less than the current step 67. Steps must be monotonically increasing, so this data will be ignored. See https://wandb.me/define-metric to log data out of order.
wandb: WARNING Tried to log to step 55 that is less than the current step 67. Steps must be monotonically increasing, so this data will be ignored. See https://wandb.me/define-metric to log data out of order.
wandb: WARNING Tried to log to step 55 that is less than the current step 67. Steps must be monotonically increasing, so this data will be ignored. See https://wandb.me/define-metric to log data out of order.
wandb: WARNING Tried to log to step 55 that is less than the current step 67. Steps must be monotonically increasing, so this data will be ignored. See https://wandb.me/define-metric to log data out of order.
wandb: WARNING Tried to log to step 55 that is less than the current step 67. Steps must be monotonically increasing, so this data will be ignored. See https://wandb.me/define-metric to log data out of order.
wandb: WARNING Tried to log to step 55 that is less than the current step 67. Steps must be monotonically increasing, so this data will be ignored. See https://wandb.me/define-metric to log data out of order.
wandb: WARNING Tried to log to step 55 that is less than the current step 67. Steps must be monotonically increasing, so this data will be ignored. See https://wandb.me/define-metric to log data out of order.
wandb: WARNING Tried to log to step 55 that is less than the current step 67. Steps must be monotonically increasing, so this data will be ignored. See https://wandb.me/define-metric to log data out of order.
wandb: WARNING Tried to log to step 55 that is less than the current step 67. Steps must be monotonically increasing, so this data will be ignored. See https://wandb.me/define-metric to log data out of order.
wandb: WARNING Tried to log to step 55 that is less than the current step 67. Steps must be monotonically increasing, so this data will be ignored. See https://wandb.me/define-metric to log data out of order.
wandb: WARNING Tried to log to step 55 that is less than the current step 67. Steps must be monotonically increasing, so this data will be ignored. See https://wandb.me/define-metric to log data out of order.
wandb: WARNING Tried to log to step 55 that is less than the current step 67. Steps must be monotonically increasing, so this data will be ignored. See https://wandb.me/define-metric to log data out of order.
wandb: WARNING Tried to log to step 55 that is less than the current step 67. Steps must be monotonically increasing, so this data will be ignored. See https://wandb.me/define-metric to log data out of order.
wandb: WARNING Tried to log to step 55 that is less than the current step 67. Steps must be monotonically increasing, so this data will be ignored. See https://wandb.me/define-metric to log data out of order.
wandb: WARNING Tried to log to step 55 that is less than the current step 67. Steps must be monotonically increasing, so this data will be ignored. See https://wandb.me/define-metric to log data out of order.
wandb: WARNING Tried to log to step 55 that is less than the current step 67. Steps must be monotonically increasing, so this data will be ignored. See https://wandb.me/define-metric to log data out of order.
wandb: WARNING Tried to log to step 55 that is less than the current step 67. Steps must be monotonically increasing, so this data will be ignored. See https://wandb.me/define-metric to log data out of order.
wandb: WARNING Tried to log to step 55 that is less than the current step 67. Steps must be monotonically increasing, so this data will be ignored. See https://wandb.me/define-metric to log data out of order.
wandb: WARNING Tried to log to step 55 that is less than the current step 67. Steps must be monotonically increasing, so this data will be ignored. See https://wandb.me/define-metric to log data out of order.
wandb: WARNING Tried to log to step 55 that is less than the current step 67. Steps must be monotonically increasing, so this data will be ignored. See https://wandb.me/define-metric to log data out of order.
wandb: WARNING Tried to log to step 55 that is less than the current step 67. Steps must be monotonically increasing, so this data will be ignored. See https://wandb.me/define-metric to log data out of order.
wandb: WARNING Tried to log to step 55 that is less than the current step 67. Steps must be monotonically increasing, so this data will be ignored. See https://wandb.me/define-metric to log data out of order.
wandb: WARNING Tried to log to step 55 that is less than the current step 67. Steps must be monotonically increasing, so this data will be ignored. See https://wandb.me/define-metric to log data out of order.
wandb: WARNING Tried to log to step 55 that is less than the current step 67. Steps must be monotonically increasing, so this data will be ignored. See https://wandb.me/define-metric to log data out of order.
wandb: WARNING Tried to log to step 55 that is less than the current step 67. Steps must be monotonically increasing, so this data will be ignored. See https://wandb.me/define-metric to log data out of order.
wandb: WARNING Tried to log to step 55 that is less than the current step 67. Steps must be monotonically increasing, so this data will be ignored. See https://wandb.me/define-metric to log data out of order.
[08/18/25 03:03:06] INFO     fairseq2 - Train Metrics (step 56) - DPO Loss:     
                             0.00228135 | Chosen Sequence Log Probabilities:    
                             -488.117 | Rejected Sequence Log Probabilities:    
                             -588.219 | Chosen Sequence Length: 839.938 |       
                             Rejected Sequence Length: 673.234 | NLL Loss:      
                             0.581162 | Gradient Norm: 1.42739 | Data Epoch: 2 |
                             Data Time: <1s | Compute Time: 9s | Lapse Time: 9s 
                             | Total Time: 514s | Wall Time: 514s | Learning    
                             Rate: 6.99722e-07 | Batch Size: 64 | Elements per  
                             Batch: 62,507 | Elements per Second: 6,553 | Number
                             of Examples: 64 | Number of Elements: 62,507 |     
                             Number of Target Elements: 53,756 | Padding: 0 |   
                             Padding Ratio (%): 0% | Total Number of Examples:  
                             3,552 | Total Number of Elements: 3,451,751 | Total
                             Number of Target Elements: 2,939,634 | Peak Active 
                             Device Memory: 62.00 GiB | Peak Active Device      
                             Memory (%): 79% | Peak Reserved Device Memory:     
                             73.89 GiB | Peak Reserved Device Memory (%): 94%   
wandb: WARNING Tried to log to step 56 that is less than the current step 67. Steps must be monotonically increasing, so this data will be ignored. See https://wandb.me/define-metric to log data out of order.
wandb: WARNING Tried to log to step 56 that is less than the current step 67. Steps must be monotonically increasing, so this data will be ignored. See https://wandb.me/define-metric to log data out of order.
wandb: WARNING Tried to log to step 56 that is less than the current step 67. Steps must be monotonically increasing, so this data will be ignored. See https://wandb.me/define-metric to log data out of order.
wandb: WARNING Tried to log to step 56 that is less than the current step 67. Steps must be monotonically increasing, so this data will be ignored. See https://wandb.me/define-metric to log data out of order.
wandb: WARNING Tried to log to step 56 that is less than the current step 67. Steps must be monotonically increasing, so this data will be ignored. See https://wandb.me/define-metric to log data out of order.
wandb: WARNING Tried to log to step 56 that is less than the current step 67. Steps must be monotonically increasing, so this data will be ignored. See https://wandb.me/define-metric to log data out of order.
wandb: WARNING Tried to log to step 56 that is less than the current step 67. Steps must be monotonically increasing, so this data will be ignored. See https://wandb.me/define-metric to log data out of order.
wandb: WARNING Tried to log to step 56 that is less than the current step 67. Steps must be monotonically increasing, so this data will be ignored. See https://wandb.me/define-metric to log data out of order.
wandb: WARNING Tried to log to step 56 that is less than the current step 67. Steps must be monotonically increasing, so this data will be ignored. See https://wandb.me/define-metric to log data out of order.
wandb: WARNING Tried to log to step 56 that is less than the current step 67. Steps must be monotonically increasing, so this data will be ignored. See https://wandb.me/define-metric to log data out of order.
wandb: WARNING Tried to log to step 56 that is less than the current step 67. Steps must be monotonically increasing, so this data will be ignored. See https://wandb.me/define-metric to log data out of order.
wandb: WARNING Tried to log to step 56 that is less than the current step 67. Steps must be monotonically increasing, so this data will be ignored. See https://wandb.me/define-metric to log data out of order.
wandb: WARNING Tried to log to step 56 that is less than the current step 67. Steps must be monotonically increasing, so this data will be ignored. See https://wandb.me/define-metric to log data out of order.
wandb: WARNING Tried to log to step 56 that is less than the current step 67. Steps must be monotonically increasing, so this data will be ignored. See https://wandb.me/define-metric to log data out of order.
wandb: WARNING Tried to log to step 56 that is less than the current step 67. Steps must be monotonically increasing, so this data will be ignored. See https://wandb.me/define-metric to log data out of order.
wandb: WARNING Tried to log to step 56 that is less than the current step 67. Steps must be monotonically increasing, so this data will be ignored. See https://wandb.me/define-metric to log data out of order.
wandb: WARNING Tried to log to step 56 that is less than the current step 67. Steps must be monotonically increasing, so this data will be ignored. See https://wandb.me/define-metric to log data out of order.
wandb: WARNING Tried to log to step 56 that is less than the current step 67. Steps must be monotonically increasing, so this data will be ignored. See https://wandb.me/define-metric to log data out of order.
wandb: WARNING Tried to log to step 56 that is less than the current step 67. Steps must be monotonically increasing, so this data will be ignored. See https://wandb.me/define-metric to log data out of order.
wandb: WARNING Tried to log to step 56 that is less than the current step 67. Steps must be monotonically increasing, so this data will be ignored. See https://wandb.me/define-metric to log data out of order.
wandb: WARNING Tried to log to step 56 that is less than the current step 67. Steps must be monotonically increasing, so this data will be ignored. See https://wandb.me/define-metric to log data out of order.
wandb: WARNING Tried to log to step 56 that is less than the current step 67. Steps must be monotonically increasing, so this data will be ignored. See https://wandb.me/define-metric to log data out of order.
wandb: WARNING Tried to log to step 56 that is less than the current step 67. Steps must be monotonically increasing, so this data will be ignored. See https://wandb.me/define-metric to log data out of order.
wandb: WARNING Tried to log to step 56 that is less than the current step 67. Steps must be monotonically increasing, so this data will be ignored. See https://wandb.me/define-metric to log data out of order.
wandb: WARNING Tried to log to step 56 that is less than the current step 67. Steps must be monotonically increasing, so this data will be ignored. See https://wandb.me/define-metric to log data out of order.
wandb: WARNING Tried to log to step 56 that is less than the current step 67. Steps must be monotonically increasing, so this data will be ignored. See https://wandb.me/define-metric to log data out of order.
wandb: WARNING Tried to log to step 56 that is less than the current step 67. Steps must be monotonically increasing, so this data will be ignored. See https://wandb.me/define-metric to log data out of order.
wandb: WARNING Tried to log to step 56 that is less than the current step 67. Steps must be monotonically increasing, so this data will be ignored. See https://wandb.me/define-metric to log data out of order.
wandb: WARNING Tried to log to step 56 that is less than the current step 67. Steps must be monotonically increasing, so this data will be ignored. See https://wandb.me/define-metric to log data out of order.
[08/18/25 03:03:16] INFO     fairseq2 - Train Metrics (step 57) - DPO Loss:     
                             0.00174692 | Chosen Sequence Log Probabilities:    
                             -520.75 | Rejected Sequence Log Probabilities:     
                             -588.422 | Chosen Sequence Length: 949.562 |       
                             Rejected Sequence Length: 692.359 | NLL Loss:      
                             0.548407 | Gradient Norm: 2.25965 | Data Epoch: 2 |
                             Data Time: <1s | Compute Time: 9s | Lapse Time: 9s 
                             | Total Time: 524s | Wall Time: 524s | Learning    
                             Rate: 6.99699e-07 | Batch Size: 64 | Elements per  
                             Batch: 69,935 | Elements per Second: 7,068 | Number
                             of Examples: 64 | Number of Elements: 69,935 |     
                             Number of Target Elements: 60,772 | Padding: 0 |   
                             Padding Ratio (%): 0% | Total Number of Examples:  
                             3,616 | Total Number of Elements: 3,521,686 | Total
                             Number of Target Elements: 3,000,406 | Peak Active 
                             Device Memory: 62.43 GiB | Peak Active Device      
                             Memory (%): 79% | Peak Reserved Device Memory:     
                             73.89 GiB | Peak Reserved Device Memory (%): 94%   
wandb: WARNING Tried to log to step 57 that is less than the current step 67. Steps must be monotonically increasing, so this data will be ignored. See https://wandb.me/define-metric to log data out of order.
wandb: WARNING Tried to log to step 57 that is less than the current step 67. Steps must be monotonically increasing, so this data will be ignored. See https://wandb.me/define-metric to log data out of order.
wandb: WARNING Tried to log to step 57 that is less than the current step 67. Steps must be monotonically increasing, so this data will be ignored. See https://wandb.me/define-metric to log data out of order.
wandb: WARNING Tried to log to step 57 that is less than the current step 67. Steps must be monotonically increasing, so this data will be ignored. See https://wandb.me/define-metric to log data out of order.
wandb: WARNING Tried to log to step 57 that is less than the current step 67. Steps must be monotonically increasing, so this data will be ignored. See https://wandb.me/define-metric to log data out of order.
wandb: WARNING Tried to log to step 57 that is less than the current step 67. Steps must be monotonically increasing, so this data will be ignored. See https://wandb.me/define-metric to log data out of order.
wandb: WARNING Tried to log to step 57 that is less than the current step 67. Steps must be monotonically increasing, so this data will be ignored. See https://wandb.me/define-metric to log data out of order.
wandb: WARNING Tried to log to step 57 that is less than the current step 67. Steps must be monotonically increasing, so this data will be ignored. See https://wandb.me/define-metric to log data out of order.
wandb: WARNING Tried to log to step 57 that is less than the current step 67. Steps must be monotonically increasing, so this data will be ignored. See https://wandb.me/define-metric to log data out of order.
wandb: WARNING Tried to log to step 57 that is less than the current step 67. Steps must be monotonically increasing, so this data will be ignored. See https://wandb.me/define-metric to log data out of order.
wandb: WARNING Tried to log to step 57 that is less than the current step 67. Steps must be monotonically increasing, so this data will be ignored. See https://wandb.me/define-metric to log data out of order.
wandb: WARNING Tried to log to step 57 that is less than the current step 67. Steps must be monotonically increasing, so this data will be ignored. See https://wandb.me/define-metric to log data out of order.
wandb: WARNING Tried to log to step 57 that is less than the current step 67. Steps must be monotonically increasing, so this data will be ignored. See https://wandb.me/define-metric to log data out of order.
wandb: WARNING Tried to log to step 57 that is less than the current step 67. Steps must be monotonically increasing, so this data will be ignored. See https://wandb.me/define-metric to log data out of order.
wandb: WARNING Tried to log to step 57 that is less than the current step 67. Steps must be monotonically increasing, so this data will be ignored. See https://wandb.me/define-metric to log data out of order.
wandb: WARNING Tried to log to step 57 that is less than the current step 67. Steps must be monotonically increasing, so this data will be ignored. See https://wandb.me/define-metric to log data out of order.
wandb: WARNING Tried to log to step 57 that is less than the current step 67. Steps must be monotonically increasing, so this data will be ignored. See https://wandb.me/define-metric to log data out of order.
wandb: WARNING Tried to log to step 57 that is less than the current step 67. Steps must be monotonically increasing, so this data will be ignored. See https://wandb.me/define-metric to log data out of order.
wandb: WARNING Tried to log to step 57 that is less than the current step 67. Steps must be monotonically increasing, so this data will be ignored. See https://wandb.me/define-metric to log data out of order.
wandb: WARNING Tried to log to step 57 that is less than the current step 67. Steps must be monotonically increasing, so this data will be ignored. See https://wandb.me/define-metric to log data out of order.
wandb: WARNING Tried to log to step 57 that is less than the current step 67. Steps must be monotonically increasing, so this data will be ignored. See https://wandb.me/define-metric to log data out of order.
wandb: WARNING Tried to log to step 57 that is less than the current step 67. Steps must be monotonically increasing, so this data will be ignored. See https://wandb.me/define-metric to log data out of order.
wandb: WARNING Tried to log to step 57 that is less than the current step 67. Steps must be monotonically increasing, so this data will be ignored. See https://wandb.me/define-metric to log data out of order.
wandb: WARNING Tried to log to step 57 that is less than the current step 67. Steps must be monotonically increasing, so this data will be ignored. See https://wandb.me/define-metric to log data out of order.
wandb: WARNING Tried to log to step 57 that is less than the current step 67. Steps must be monotonically increasing, so this data will be ignored. See https://wandb.me/define-metric to log data out of order.
wandb: WARNING Tried to log to step 57 that is less than the current step 67. Steps must be monotonically increasing, so this data will be ignored. See https://wandb.me/define-metric to log data out of order.
wandb: WARNING Tried to log to step 57 that is less than the current step 67. Steps must be monotonically increasing, so this data will be ignored. See https://wandb.me/define-metric to log data out of order.
wandb: WARNING Tried to log to step 57 that is less than the current step 67. Steps must be monotonically increasing, so this data will be ignored. See https://wandb.me/define-metric to log data out of order.
wandb: WARNING Tried to log to step 57 that is less than the current step 67. Steps must be monotonically increasing, so this data will be ignored. See https://wandb.me/define-metric to log data out of order.
[08/18/25 03:03:23] INFO     fairseq2 - Train Metrics (step 58) - DPO Loss:     
                             0.0051445 | Chosen Sequence Log Probabilities:     
                             -495.406 | Rejected Sequence Log Probabilities:    
                             -684.734 | Chosen Sequence Length: 784.438 |       
                             Rejected Sequence Length: 771.062 | NLL Loss:      
                             0.631426 | Gradient Norm: 3.85262 | Data Epoch: 2 |
                             Data Time: <1s | Compute Time: 6s | Lapse Time: 6s 
                             | Total Time: 531s | Wall Time: 531s | Learning    
                             Rate: 6.99676e-07 | Batch Size: 64 | Elements per  
                             Batch: 61,466 | Elements per Second: 9,128 | Number
                             of Examples: 64 | Number of Elements: 61,466 |     
                             Number of Target Elements: 50,204 | Padding: 0 |   
                             Padding Ratio (%): 0% | Total Number of Examples:  
                             3,680 | Total Number of Elements: 3,583,152 | Total
                             Number of Target Elements: 3,050,610 | Peak Active 
                             Device Memory: 59.87 GiB | Peak Active Device      
                             Memory (%): 76% | Peak Reserved Device Memory:     
                             73.89 GiB | Peak Reserved Device Memory (%): 94%   
wandb: WARNING Tried to log to step 58 that is less than the current step 67. Steps must be monotonically increasing, so this data will be ignored. See https://wandb.me/define-metric to log data out of order.
wandb: WARNING Tried to log to step 58 that is less than the current step 67. Steps must be monotonically increasing, so this data will be ignored. See https://wandb.me/define-metric to log data out of order.
wandb: WARNING Tried to log to step 58 that is less than the current step 67. Steps must be monotonically increasing, so this data will be ignored. See https://wandb.me/define-metric to log data out of order.
wandb: WARNING Tried to log to step 58 that is less than the current step 67. Steps must be monotonically increasing, so this data will be ignored. See https://wandb.me/define-metric to log data out of order.
wandb: WARNING Tried to log to step 58 that is less than the current step 67. Steps must be monotonically increasing, so this data will be ignored. See https://wandb.me/define-metric to log data out of order.
wandb: WARNING Tried to log to step 58 that is less than the current step 67. Steps must be monotonically increasing, so this data will be ignored. See https://wandb.me/define-metric to log data out of order.
wandb: WARNING Tried to log to step 58 that is less than the current step 67. Steps must be monotonically increasing, so this data will be ignored. See https://wandb.me/define-metric to log data out of order.
wandb: WARNING Tried to log to step 58 that is less than the current step 67. Steps must be monotonically increasing, so this data will be ignored. See https://wandb.me/define-metric to log data out of order.
wandb: WARNING Tried to log to step 58 that is less than the current step 67. Steps must be monotonically increasing, so this data will be ignored. See https://wandb.me/define-metric to log data out of order.
wandb: WARNING Tried to log to step 58 that is less than the current step 67. Steps must be monotonically increasing, so this data will be ignored. See https://wandb.me/define-metric to log data out of order.
wandb: WARNING Tried to log to step 58 that is less than the current step 67. Steps must be monotonically increasing, so this data will be ignored. See https://wandb.me/define-metric to log data out of order.
wandb: WARNING Tried to log to step 58 that is less than the current step 67. Steps must be monotonically increasing, so this data will be ignored. See https://wandb.me/define-metric to log data out of order.
wandb: WARNING Tried to log to step 58 that is less than the current step 67. Steps must be monotonically increasing, so this data will be ignored. See https://wandb.me/define-metric to log data out of order.
wandb: WARNING Tried to log to step 58 that is less than the current step 67. Steps must be monotonically increasing, so this data will be ignored. See https://wandb.me/define-metric to log data out of order.
wandb: WARNING Tried to log to step 58 that is less than the current step 67. Steps must be monotonically increasing, so this data will be ignored. See https://wandb.me/define-metric to log data out of order.
wandb: WARNING Tried to log to step 58 that is less than the current step 67. Steps must be monotonically increasing, so this data will be ignored. See https://wandb.me/define-metric to log data out of order.
wandb: WARNING Tried to log to step 58 that is less than the current step 67. Steps must be monotonically increasing, so this data will be ignored. See https://wandb.me/define-metric to log data out of order.
wandb: WARNING Tried to log to step 58 that is less than the current step 67. Steps must be monotonically increasing, so this data will be ignored. See https://wandb.me/define-metric to log data out of order.
wandb: WARNING Tried to log to step 58 that is less than the current step 67. Steps must be monotonically increasing, so this data will be ignored. See https://wandb.me/define-metric to log data out of order.
wandb: WARNING Tried to log to step 58 that is less than the current step 67. Steps must be monotonically increasing, so this data will be ignored. See https://wandb.me/define-metric to log data out of order.
wandb: WARNING Tried to log to step 58 that is less than the current step 67. Steps must be monotonically increasing, so this data will be ignored. See https://wandb.me/define-metric to log data out of order.
wandb: WARNING Tried to log to step 58 that is less than the current step 67. Steps must be monotonically increasing, so this data will be ignored. See https://wandb.me/define-metric to log data out of order.
wandb: WARNING Tried to log to step 58 that is less than the current step 67. Steps must be monotonically increasing, so this data will be ignored. See https://wandb.me/define-metric to log data out of order.
wandb: WARNING Tried to log to step 58 that is less than the current step 67. Steps must be monotonically increasing, so this data will be ignored. See https://wandb.me/define-metric to log data out of order.
wandb: WARNING Tried to log to step 58 that is less than the current step 67. Steps must be monotonically increasing, so this data will be ignored. See https://wandb.me/define-metric to log data out of order.
wandb: WARNING Tried to log to step 58 that is less than the current step 67. Steps must be monotonically increasing, so this data will be ignored. See https://wandb.me/define-metric to log data out of order.
wandb: WARNING Tried to log to step 58 that is less than the current step 67. Steps must be monotonically increasing, so this data will be ignored. See https://wandb.me/define-metric to log data out of order.
wandb: WARNING Tried to log to step 58 that is less than the current step 67. Steps must be monotonically increasing, so this data will be ignored. See https://wandb.me/define-metric to log data out of order.
wandb: WARNING Tried to log to step 58 that is less than the current step 67. Steps must be monotonically increasing, so this data will be ignored. See https://wandb.me/define-metric to log data out of order.
[08/18/25 03:03:32] INFO     fairseq2 - Train Metrics (step 59) - DPO Loss:     
                             0.00481632 | Chosen Sequence Log Probabilities:    
                             -502.156 | Rejected Sequence Log Probabilities:    
                             -619.859 | Chosen Sequence Length: 814.234 |       
                             Rejected Sequence Length: 700.312 | NLL Loss:      
                             0.616793 | Gradient Norm: 2.52029 | Data Epoch: 2 |
                             Data Time: <1s | Compute Time: 8s | Lapse Time: 8s 
                             | Total Time: 540s | Wall Time: 540s | Learning    
                             Rate: 6.99651e-07 | Batch Size: 64 | Elements per  
                             Batch: 61,952 | Elements per Second: 6,922 | Number
                             of Examples: 64 | Number of Elements: 61,952 |     
                             Number of Target Elements: 52,111 | Padding: 0 |   
                             Padding Ratio (%): 0% | Total Number of Examples:  
                             3,744 | Total Number of Elements: 3,645,104 | Total
                             Number of Target Elements: 3,102,721 | Peak Active 
                             Device Memory: 59.87 GiB | Peak Active Device      
                             Memory (%): 76% | Peak Reserved Device Memory:     
                             73.89 GiB | Peak Reserved Device Memory (%): 94%   
[08/18/25 03:03:40] INFO     fairseq2 - Train Metrics (step 60) - DPO Loss:     
                             0.0281898 | Chosen Sequence Log Probabilities:     
                             -521.594 | Rejected Sequence Log Probabilities:    
                             -610.469 | Chosen Sequence Length: 982.781 |       
                             Rejected Sequence Length: 756.641 | NLL Loss:      
                             0.530753 | Gradient Norm: 30.1616 | Data Epoch: 2 |
                             Data Time: <1s | Compute Time: 7s | Lapse Time: 7s 
                             | Total Time: 548s | Wall Time: 548s | Learning    
                             Rate: 6.99626e-07 | Batch Size: 64 | Elements per  
                             Batch: 73,415 | Elements per Second: 9,203 | Number
                             of Examples: 64 | Number of Elements: 73,415 |     
                             Number of Target Elements: 62,898 | Padding: 0 |   
                             Padding Ratio (%): 0% | Total Number of Examples:  
                             3,808 | Total Number of Elements: 3,718,519 | Total
                             Number of Target Elements: 3,165,619 | Peak Active 
                             Device Memory: 61.14 GiB | Peak Active Device      
                             Memory (%): 78% | Peak Reserved Device Memory:     
                             73.89 GiB | Peak Reserved Device Memory (%): 94%   
wandb: WARNING Tried to log to step 59 that is less than the current step 67. Steps must be monotonically increasing, so this data will be ignored. See https://wandb.me/define-metric to log data out of order.
wandb: WARNING Tried to log to step 59 that is less than the current step 67. Steps must be monotonically increasing, so this data will be ignored. See https://wandb.me/define-metric to log data out of order.
wandb: WARNING Tried to log to step 59 that is less than the current step 67. Steps must be monotonically increasing, so this data will be ignored. See https://wandb.me/define-metric to log data out of order.
wandb: WARNING Tried to log to step 59 that is less than the current step 67. Steps must be monotonically increasing, so this data will be ignored. See https://wandb.me/define-metric to log data out of order.
wandb: WARNING Tried to log to step 59 that is less than the current step 67. Steps must be monotonically increasing, so this data will be ignored. See https://wandb.me/define-metric to log data out of order.
wandb: WARNING Tried to log to step 59 that is less than the current step 67. Steps must be monotonically increasing, so this data will be ignored. See https://wandb.me/define-metric to log data out of order.
wandb: WARNING Tried to log to step 59 that is less than the current step 67. Steps must be monotonically increasing, so this data will be ignored. See https://wandb.me/define-metric to log data out of order.
wandb: WARNING Tried to log to step 59 that is less than the current step 67. Steps must be monotonically increasing, so this data will be ignored. See https://wandb.me/define-metric to log data out of order.
wandb: WARNING Tried to log to step 59 that is less than the current step 67. Steps must be monotonically increasing, so this data will be ignored. See https://wandb.me/define-metric to log data out of order.
wandb: WARNING Tried to log to step 59 that is less than the current step 67. Steps must be monotonically increasing, so this data will be ignored. See https://wandb.me/define-metric to log data out of order.
wandb: WARNING Tried to log to step 59 that is less than the current step 67. Steps must be monotonically increasing, so this data will be ignored. See https://wandb.me/define-metric to log data out of order.
wandb: WARNING Tried to log to step 59 that is less than the current step 67. Steps must be monotonically increasing, so this data will be ignored. See https://wandb.me/define-metric to log data out of order.
wandb: WARNING Tried to log to step 59 that is less than the current step 67. Steps must be monotonically increasing, so this data will be ignored. See https://wandb.me/define-metric to log data out of order.
wandb: WARNING Tried to log to step 59 that is less than the current step 67. Steps must be monotonically increasing, so this data will be ignored. See https://wandb.me/define-metric to log data out of order.
wandb: WARNING Tried to log to step 59 that is less than the current step 67. Steps must be monotonically increasing, so this data will be ignored. See https://wandb.me/define-metric to log data out of order.
wandb: WARNING Tried to log to step 59 that is less than the current step 67. Steps must be monotonically increasing, so this data will be ignored. See https://wandb.me/define-metric to log data out of order.
wandb: WARNING Tried to log to step 59 that is less than the current step 67. Steps must be monotonically increasing, so this data will be ignored. See https://wandb.me/define-metric to log data out of order.
wandb: WARNING Tried to log to step 59 that is less than the current step 67. Steps must be monotonically increasing, so this data will be ignored. See https://wandb.me/define-metric to log data out of order.
wandb: WARNING Tried to log to step 59 that is less than the current step 67. Steps must be monotonically increasing, so this data will be ignored. See https://wandb.me/define-metric to log data out of order.
wandb: WARNING Tried to log to step 59 that is less than the current step 67. Steps must be monotonically increasing, so this data will be ignored. See https://wandb.me/define-metric to log data out of order.
wandb: WARNING Tried to log to step 59 that is less than the current step 67. Steps must be monotonically increasing, so this data will be ignored. See https://wandb.me/define-metric to log data out of order.
wandb: WARNING Tried to log to step 59 that is less than the current step 67. Steps must be monotonically increasing, so this data will be ignored. See https://wandb.me/define-metric to log data out of order.
wandb: WARNING Tried to log to step 59 that is less than the current step 67. Steps must be monotonically increasing, so this data will be ignored. See https://wandb.me/define-metric to log data out of order.
wandb: WARNING Tried to log to step 59 that is less than the current step 67. Steps must be monotonically increasing, so this data will be ignored. See https://wandb.me/define-metric to log data out of order.
wandb: WARNING Tried to log to step 59 that is less than the current step 67. Steps must be monotonically increasing, so this data will be ignored. See https://wandb.me/define-metric to log data out of order.
wandb: WARNING Tried to log to step 59 that is less than the current step 67. Steps must be monotonically increasing, so this data will be ignored. See https://wandb.me/define-metric to log data out of order.
wandb: WARNING Tried to log to step 59 that is less than the current step 67. Steps must be monotonically increasing, so this data will be ignored. See https://wandb.me/define-metric to log data out of order.
wandb: WARNING Tried to log to step 59 that is less than the current step 67. Steps must be monotonically increasing, so this data will be ignored. See https://wandb.me/define-metric to log data out of order.
wandb: WARNING Tried to log to step 59 that is less than the current step 67. Steps must be monotonically increasing, so this data will be ignored. See https://wandb.me/define-metric to log data out of order.
wandb: WARNING Tried to log to step 60 that is less than the current step 67. Steps must be monotonically increasing, so this data will be ignored. See https://wandb.me/define-metric to log data out of order.
wandb: WARNING Tried to log to step 60 that is less than the current step 67. Steps must be monotonically increasing, so this data will be ignored. See https://wandb.me/define-metric to log data out of order.
wandb: WARNING Tried to log to step 60 that is less than the current step 67. Steps must be monotonically increasing, so this data will be ignored. See https://wandb.me/define-metric to log data out of order.
wandb: WARNING Tried to log to step 60 that is less than the current step 67. Steps must be monotonically increasing, so this data will be ignored. See https://wandb.me/define-metric to log data out of order.
wandb: WARNING Tried to log to step 60 that is less than the current step 67. Steps must be monotonically increasing, so this data will be ignored. See https://wandb.me/define-metric to log data out of order.
wandb: WARNING Tried to log to step 60 that is less than the current step 67. Steps must be monotonically increasing, so this data will be ignored. See https://wandb.me/define-metric to log data out of order.
wandb: WARNING Tried to log to step 60 that is less than the current step 67. Steps must be monotonically increasing, so this data will be ignored. See https://wandb.me/define-metric to log data out of order.
wandb: WARNING Tried to log to step 60 that is less than the current step 67. Steps must be monotonically increasing, so this data will be ignored. See https://wandb.me/define-metric to log data out of order.
wandb: WARNING Tried to log to step 60 that is less than the current step 67. Steps must be monotonically increasing, so this data will be ignored. See https://wandb.me/define-metric to log data out of order.
wandb: WARNING Tried to log to step 60 that is less than the current step 67. Steps must be monotonically increasing, so this data will be ignored. See https://wandb.me/define-metric to log data out of order.
wandb: WARNING Tried to log to step 60 that is less than the current step 67. Steps must be monotonically increasing, so this data will be ignored. See https://wandb.me/define-metric to log data out of order.
wandb: WARNING Tried to log to step 60 that is less than the current step 67. Steps must be monotonically increasing, so this data will be ignored. See https://wandb.me/define-metric to log data out of order.
wandb: WARNING Tried to log to step 60 that is less than the current step 67. Steps must be monotonically increasing, so this data will be ignored. See https://wandb.me/define-metric to log data out of order.
wandb: WARNING Tried to log to step 60 that is less than the current step 67. Steps must be monotonically increasing, so this data will be ignored. See https://wandb.me/define-metric to log data out of order.
wandb: WARNING Tried to log to step 60 that is less than the current step 67. Steps must be monotonically increasing, so this data will be ignored. See https://wandb.me/define-metric to log data out of order.
wandb: WARNING Tried to log to step 60 that is less than the current step 67. Steps must be monotonically increasing, so this data will be ignored. See https://wandb.me/define-metric to log data out of order.
wandb: WARNING Tried to log to step 60 that is less than the current step 67. Steps must be monotonically increasing, so this data will be ignored. See https://wandb.me/define-metric to log data out of order.
wandb: WARNING Tried to log to step 60 that is less than the current step 67. Steps must be monotonically increasing, so this data will be ignored. See https://wandb.me/define-metric to log data out of order.
wandb: WARNING Tried to log to step 60 that is less than the current step 67. Steps must be monotonically increasing, so this data will be ignored. See https://wandb.me/define-metric to log data out of order.
wandb: WARNING Tried to log to step 60 that is less than the current step 67. Steps must be monotonically increasing, so this data will be ignored. See https://wandb.me/define-metric to log data out of order.
wandb: WARNING Tried to log to step 60 that is less than the current step 67. Steps must be monotonically increasing, so this data will be ignored. See https://wandb.me/define-metric to log data out of order.
wandb: WARNING Tried to log to step 60 that is less than the current step 67. Steps must be monotonically increasing, so this data will be ignored. See https://wandb.me/define-metric to log data out of order.
wandb: WARNING Tried to log to step 60 that is less than the current step 67. Steps must be monotonically increasing, so this data will be ignored. See https://wandb.me/define-metric to log data out of order.
wandb: WARNING Tried to log to step 60 that is less than the current step 67. Steps must be monotonically increasing, so this data will be ignored. See https://wandb.me/define-metric to log data out of order.
wandb: WARNING Tried to log to step 60 that is less than the current step 67. Steps must be monotonically increasing, so this data will be ignored. See https://wandb.me/define-metric to log data out of order.
wandb: WARNING Tried to log to step 60 that is less than the current step 67. Steps must be monotonically increasing, so this data will be ignored. See https://wandb.me/define-metric to log data out of order.
wandb: WARNING Tried to log to step 60 that is less than the current step 67. Steps must be monotonically increasing, so this data will be ignored. See https://wandb.me/define-metric to log data out of order.
wandb: WARNING Tried to log to step 60 that is less than the current step 67. Steps must be monotonically increasing, so this data will be ignored. See https://wandb.me/define-metric to log data out of order.
wandb: WARNING Tried to log to step 60 that is less than the current step 67. Steps must be monotonically increasing, so this data will be ignored. See https://wandb.me/define-metric to log data out of order.
[08/18/25 03:03:45] INFO     fairseq2 - Train Metrics (step 61) - DPO Loss:     
                             0.000148529 | Chosen Sequence Log Probabilities:   
                             -439.375 | Rejected Sequence Log Probabilities:    
                             -638.375 | Chosen Sequence Length: 683.281 |       
                             Rejected Sequence Length: 685.344 | NLL Loss:      
                             0.643248 | Gradient Norm: 0.100322 | Data Epoch: 2 
                             | Data Time: <1s | Compute Time: 5s | Lapse Time:  
                             5s | Total Time: 553s | Wall Time: 553s | Learning 
                             Rate: 6.996e-07 | Batch Size: 64 | Elements per    
                             Batch: 53,431 | Elements per Second: 10,611 |      
                             Number of Examples: 64 | Number of Elements: 53,431
                             | Number of Target Elements: 43,730 | Padding: 0 | 
                             Padding Ratio (%): 0% | Total Number of Examples:  
                             3,872 | Total Number of Elements: 3,771,950 | Total
                             Number of Target Elements: 3,209,349 | Peak Active 
                             Device Memory: 59.90 GiB | Peak Active Device      
                             Memory (%): 76% | Peak Reserved Device Memory:     
                             72.89 GiB | Peak Reserved Device Memory (%): 93%   
wandb: WARNING Tried to log to step 61 that is less than the current step 67. Steps must be monotonically increasing, so this data will be ignored. See https://wandb.me/define-metric to log data out of order.
wandb: WARNING Tried to log to step 61 that is less than the current step 67. Steps must be monotonically increasing, so this data will be ignored. See https://wandb.me/define-metric to log data out of order.
wandb: WARNING Tried to log to step 61 that is less than the current step 67. Steps must be monotonically increasing, so this data will be ignored. See https://wandb.me/define-metric to log data out of order.
wandb: WARNING Tried to log to step 61 that is less than the current step 67. Steps must be monotonically increasing, so this data will be ignored. See https://wandb.me/define-metric to log data out of order.
wandb: WARNING Tried to log to step 61 that is less than the current step 67. Steps must be monotonically increasing, so this data will be ignored. See https://wandb.me/define-metric to log data out of order.
wandb: WARNING Tried to log to step 61 that is less than the current step 67. Steps must be monotonically increasing, so this data will be ignored. See https://wandb.me/define-metric to log data out of order.
wandb: WARNING Tried to log to step 61 that is less than the current step 67. Steps must be monotonically increasing, so this data will be ignored. See https://wandb.me/define-metric to log data out of order.
wandb: WARNING Tried to log to step 61 that is less than the current step 67. Steps must be monotonically increasing, so this data will be ignored. See https://wandb.me/define-metric to log data out of order.
wandb: WARNING Tried to log to step 61 that is less than the current step 67. Steps must be monotonically increasing, so this data will be ignored. See https://wandb.me/define-metric to log data out of order.
wandb: WARNING Tried to log to step 61 that is less than the current step 67. Steps must be monotonically increasing, so this data will be ignored. See https://wandb.me/define-metric to log data out of order.
wandb: WARNING Tried to log to step 61 that is less than the current step 67. Steps must be monotonically increasing, so this data will be ignored. See https://wandb.me/define-metric to log data out of order.
wandb: WARNING Tried to log to step 61 that is less than the current step 67. Steps must be monotonically increasing, so this data will be ignored. See https://wandb.me/define-metric to log data out of order.
wandb: WARNING Tried to log to step 61 that is less than the current step 67. Steps must be monotonically increasing, so this data will be ignored. See https://wandb.me/define-metric to log data out of order.
wandb: WARNING Tried to log to step 61 that is less than the current step 67. Steps must be monotonically increasing, so this data will be ignored. See https://wandb.me/define-metric to log data out of order.
wandb: WARNING Tried to log to step 61 that is less than the current step 67. Steps must be monotonically increasing, so this data will be ignored. See https://wandb.me/define-metric to log data out of order.
wandb: WARNING Tried to log to step 61 that is less than the current step 67. Steps must be monotonically increasing, so this data will be ignored. See https://wandb.me/define-metric to log data out of order.
wandb: WARNING Tried to log to step 61 that is less than the current step 67. Steps must be monotonically increasing, so this data will be ignored. See https://wandb.me/define-metric to log data out of order.
wandb: WARNING Tried to log to step 61 that is less than the current step 67. Steps must be monotonically increasing, so this data will be ignored. See https://wandb.me/define-metric to log data out of order.
wandb: WARNING Tried to log to step 61 that is less than the current step 67. Steps must be monotonically increasing, so this data will be ignored. See https://wandb.me/define-metric to log data out of order.
wandb: WARNING Tried to log to step 61 that is less than the current step 67. Steps must be monotonically increasing, so this data will be ignored. See https://wandb.me/define-metric to log data out of order.
wandb: WARNING Tried to log to step 61 that is less than the current step 67. Steps must be monotonically increasing, so this data will be ignored. See https://wandb.me/define-metric to log data out of order.
wandb: WARNING Tried to log to step 61 that is less than the current step 67. Steps must be monotonically increasing, so this data will be ignored. See https://wandb.me/define-metric to log data out of order.
wandb: WARNING Tried to log to step 61 that is less than the current step 67. Steps must be monotonically increasing, so this data will be ignored. See https://wandb.me/define-metric to log data out of order.
wandb: WARNING Tried to log to step 61 that is less than the current step 67. Steps must be monotonically increasing, so this data will be ignored. See https://wandb.me/define-metric to log data out of order.
wandb: WARNING Tried to log to step 61 that is less than the current step 67. Steps must be monotonically increasing, so this data will be ignored. See https://wandb.me/define-metric to log data out of order.
wandb: WARNING Tried to log to step 61 that is less than the current step 67. Steps must be monotonically increasing, so this data will be ignored. See https://wandb.me/define-metric to log data out of order.
wandb: WARNING Tried to log to step 61 that is less than the current step 67. Steps must be monotonically increasing, so this data will be ignored. See https://wandb.me/define-metric to log data out of order.
wandb: WARNING Tried to log to step 61 that is less than the current step 67. Steps must be monotonically increasing, so this data will be ignored. See https://wandb.me/define-metric to log data out of order.
wandb: WARNING Tried to log to step 61 that is less than the current step 67. Steps must be monotonically increasing, so this data will be ignored. See https://wandb.me/define-metric to log data out of order.
[08/18/25 03:03:57] INFO     fairseq2 - Train Metrics (step 62) - DPO Loss:     
                             0.000841855 | Chosen Sequence Log Probabilities:   
                             -579.758 | Rejected Sequence Log Probabilities:    
                             -634.547 | Chosen Sequence Length: 1065.84 |       
                             Rejected Sequence Length: 758.891 | NLL Loss:      
                             0.543986 | Gradient Norm: 0.797759 | Data Epoch: 2 
                             | Data Time: <1s | Compute Time: 11s | Lapse Time: 
                             11s | Total Time: 565s | Wall Time: 565s | Learning
                             Rate: 6.99572e-07 | Batch Size: 64 | Elements per  
                             Batch: 77,684 | Elements per Second: 6,765 | Number
                             of Examples: 64 | Number of Elements: 77,684 |     
                             Number of Target Elements: 68,214 | Padding: 0 |   
                             Padding Ratio (%): 0% | Total Number of Examples:  
                             3,936 | Total Number of Elements: 3,849,634 | Total
                             Number of Target Elements: 3,277,563 | Peak Active 
                             Device Memory: 61.71 GiB | Peak Active Device      
                             Memory (%): 78% | Peak Reserved Device Memory:     
                             72.89 GiB | Peak Reserved Device Memory (%): 93%   
wandb: WARNING Tried to log to step 62 that is less than the current step 67. Steps must be monotonically increasing, so this data will be ignored. See https://wandb.me/define-metric to log data out of order.
wandb: WARNING Tried to log to step 62 that is less than the current step 67. Steps must be monotonically increasing, so this data will be ignored. See https://wandb.me/define-metric to log data out of order.
wandb: WARNING Tried to log to step 62 that is less than the current step 67. Steps must be monotonically increasing, so this data will be ignored. See https://wandb.me/define-metric to log data out of order.
wandb: WARNING Tried to log to step 62 that is less than the current step 67. Steps must be monotonically increasing, so this data will be ignored. See https://wandb.me/define-metric to log data out of order.
wandb: WARNING Tried to log to step 62 that is less than the current step 67. Steps must be monotonically increasing, so this data will be ignored. See https://wandb.me/define-metric to log data out of order.
wandb: WARNING Tried to log to step 62 that is less than the current step 67. Steps must be monotonically increasing, so this data will be ignored. See https://wandb.me/define-metric to log data out of order.
wandb: WARNING Tried to log to step 62 that is less than the current step 67. Steps must be monotonically increasing, so this data will be ignored. See https://wandb.me/define-metric to log data out of order.
wandb: WARNING Tried to log to step 62 that is less than the current step 67. Steps must be monotonically increasing, so this data will be ignored. See https://wandb.me/define-metric to log data out of order.
wandb: WARNING Tried to log to step 62 that is less than the current step 67. Steps must be monotonically increasing, so this data will be ignored. See https://wandb.me/define-metric to log data out of order.
wandb: WARNING Tried to log to step 62 that is less than the current step 67. Steps must be monotonically increasing, so this data will be ignored. See https://wandb.me/define-metric to log data out of order.
wandb: WARNING Tried to log to step 62 that is less than the current step 67. Steps must be monotonically increasing, so this data will be ignored. See https://wandb.me/define-metric to log data out of order.
wandb: WARNING Tried to log to step 62 that is less than the current step 67. Steps must be monotonically increasing, so this data will be ignored. See https://wandb.me/define-metric to log data out of order.
wandb: WARNING Tried to log to step 62 that is less than the current step 67. Steps must be monotonically increasing, so this data will be ignored. See https://wandb.me/define-metric to log data out of order.
wandb: WARNING Tried to log to step 62 that is less than the current step 67. Steps must be monotonically increasing, so this data will be ignored. See https://wandb.me/define-metric to log data out of order.
wandb: WARNING Tried to log to step 62 that is less than the current step 67. Steps must be monotonically increasing, so this data will be ignored. See https://wandb.me/define-metric to log data out of order.
wandb: WARNING Tried to log to step 62 that is less than the current step 67. Steps must be monotonically increasing, so this data will be ignored. See https://wandb.me/define-metric to log data out of order.
wandb: WARNING Tried to log to step 62 that is less than the current step 67. Steps must be monotonically increasing, so this data will be ignored. See https://wandb.me/define-metric to log data out of order.
wandb: WARNING Tried to log to step 62 that is less than the current step 67. Steps must be monotonically increasing, so this data will be ignored. See https://wandb.me/define-metric to log data out of order.
wandb: WARNING Tried to log to step 62 that is less than the current step 67. Steps must be monotonically increasing, so this data will be ignored. See https://wandb.me/define-metric to log data out of order.
wandb: WARNING Tried to log to step 62 that is less than the current step 67. Steps must be monotonically increasing, so this data will be ignored. See https://wandb.me/define-metric to log data out of order.
wandb: WARNING Tried to log to step 62 that is less than the current step 67. Steps must be monotonically increasing, so this data will be ignored. See https://wandb.me/define-metric to log data out of order.
wandb: WARNING Tried to log to step 62 that is less than the current step 67. Steps must be monotonically increasing, so this data will be ignored. See https://wandb.me/define-metric to log data out of order.
wandb: WARNING Tried to log to step 62 that is less than the current step 67. Steps must be monotonically increasing, so this data will be ignored. See https://wandb.me/define-metric to log data out of order.
wandb: WARNING Tried to log to step 62 that is less than the current step 67. Steps must be monotonically increasing, so this data will be ignored. See https://wandb.me/define-metric to log data out of order.
wandb: WARNING Tried to log to step 62 that is less than the current step 67. Steps must be monotonically increasing, so this data will be ignored. See https://wandb.me/define-metric to log data out of order.
wandb: WARNING Tried to log to step 62 that is less than the current step 67. Steps must be monotonically increasing, so this data will be ignored. See https://wandb.me/define-metric to log data out of order.
wandb: WARNING Tried to log to step 62 that is less than the current step 67. Steps must be monotonically increasing, so this data will be ignored. See https://wandb.me/define-metric to log data out of order.
wandb: WARNING Tried to log to step 62 that is less than the current step 67. Steps must be monotonically increasing, so this data will be ignored. See https://wandb.me/define-metric to log data out of order.
wandb: WARNING Tried to log to step 62 that is less than the current step 67. Steps must be monotonically increasing, so this data will be ignored. See https://wandb.me/define-metric to log data out of order.
[08/18/25 03:04:05] INFO     fairseq2 - Train Metrics (step 63) - DPO Loss:     
                             0.00607022 | Chosen Sequence Log Probabilities:    
                             -548.484 | Rejected Sequence Log Probabilities:    
                             -651.281 | Chosen Sequence Length: 963.188 |       
                             Rejected Sequence Length: 694.203 | NLL Loss:      
                             0.569229 | Gradient Norm: 4.56135 | Data Epoch: 2 |
                             Data Time: <1s | Compute Time: 7s | Lapse Time: 7s 
                             | Total Time: 573s | Wall Time: 573s | Learning    
                             Rate: 6.99544e-07 | Batch Size: 64 | Elements per  
                             Batch: 70,492 | Elements per Second: 8,922 | Number
                             of Examples: 64 | Number of Elements: 70,492 |     
                             Number of Target Elements: 61,644 | Padding: 0 |   
                             Padding Ratio (%): 0% | Total Number of Examples:  
                             4,000 | Total Number of Elements: 3,920,126 | Total
                             Number of Target Elements: 3,339,207 | Peak Active 
                             Device Memory: 60.63 GiB | Peak Active Device      
                             Memory (%): 77% | Peak Reserved Device Memory:     
                             72.89 GiB | Peak Reserved Device Memory (%): 93%   
wandb: WARNING Tried to log to step 63 that is less than the current step 67. Steps must be monotonically increasing, so this data will be ignored. See https://wandb.me/define-metric to log data out of order.
wandb: WARNING Tried to log to step 63 that is less than the current step 67. Steps must be monotonically increasing, so this data will be ignored. See https://wandb.me/define-metric to log data out of order.
wandb: WARNING Tried to log to step 63 that is less than the current step 67. Steps must be monotonically increasing, so this data will be ignored. See https://wandb.me/define-metric to log data out of order.
wandb: WARNING Tried to log to step 63 that is less than the current step 67. Steps must be monotonically increasing, so this data will be ignored. See https://wandb.me/define-metric to log data out of order.
wandb: WARNING Tried to log to step 63 that is less than the current step 67. Steps must be monotonically increasing, so this data will be ignored. See https://wandb.me/define-metric to log data out of order.
wandb: WARNING Tried to log to step 63 that is less than the current step 67. Steps must be monotonically increasing, so this data will be ignored. See https://wandb.me/define-metric to log data out of order.
wandb: WARNING Tried to log to step 63 that is less than the current step 67. Steps must be monotonically increasing, so this data will be ignored. See https://wandb.me/define-metric to log data out of order.
wandb: WARNING Tried to log to step 63 that is less than the current step 67. Steps must be monotonically increasing, so this data will be ignored. See https://wandb.me/define-metric to log data out of order.
wandb: WARNING Tried to log to step 63 that is less than the current step 67. Steps must be monotonically increasing, so this data will be ignored. See https://wandb.me/define-metric to log data out of order.
wandb: WARNING Tried to log to step 63 that is less than the current step 67. Steps must be monotonically increasing, so this data will be ignored. See https://wandb.me/define-metric to log data out of order.
wandb: WARNING Tried to log to step 63 that is less than the current step 67. Steps must be monotonically increasing, so this data will be ignored. See https://wandb.me/define-metric to log data out of order.
wandb: WARNING Tried to log to step 63 that is less than the current step 67. Steps must be monotonically increasing, so this data will be ignored. See https://wandb.me/define-metric to log data out of order.
wandb: WARNING Tried to log to step 63 that is less than the current step 67. Steps must be monotonically increasing, so this data will be ignored. See https://wandb.me/define-metric to log data out of order.
wandb: WARNING Tried to log to step 63 that is less than the current step 67. Steps must be monotonically increasing, so this data will be ignored. See https://wandb.me/define-metric to log data out of order.
wandb: WARNING Tried to log to step 63 that is less than the current step 67. Steps must be monotonically increasing, so this data will be ignored. See https://wandb.me/define-metric to log data out of order.
wandb: WARNING Tried to log to step 63 that is less than the current step 67. Steps must be monotonically increasing, so this data will be ignored. See https://wandb.me/define-metric to log data out of order.
wandb: WARNING Tried to log to step 63 that is less than the current step 67. Steps must be monotonically increasing, so this data will be ignored. See https://wandb.me/define-metric to log data out of order.
wandb: WARNING Tried to log to step 63 that is less than the current step 67. Steps must be monotonically increasing, so this data will be ignored. See https://wandb.me/define-metric to log data out of order.
wandb: WARNING Tried to log to step 63 that is less than the current step 67. Steps must be monotonically increasing, so this data will be ignored. See https://wandb.me/define-metric to log data out of order.
wandb: WARNING Tried to log to step 63 that is less than the current step 67. Steps must be monotonically increasing, so this data will be ignored. See https://wandb.me/define-metric to log data out of order.
wandb: WARNING Tried to log to step 63 that is less than the current step 67. Steps must be monotonically increasing, so this data will be ignored. See https://wandb.me/define-metric to log data out of order.
wandb: WARNING Tried to log to step 63 that is less than the current step 67. Steps must be monotonically increasing, so this data will be ignored. See https://wandb.me/define-metric to log data out of order.
wandb: WARNING Tried to log to step 63 that is less than the current step 67. Steps must be monotonically increasing, so this data will be ignored. See https://wandb.me/define-metric to log data out of order.
wandb: WARNING Tried to log to step 63 that is less than the current step 67. Steps must be monotonically increasing, so this data will be ignored. See https://wandb.me/define-metric to log data out of order.
wandb: WARNING Tried to log to step 63 that is less than the current step 67. Steps must be monotonically increasing, so this data will be ignored. See https://wandb.me/define-metric to log data out of order.
wandb: WARNING Tried to log to step 63 that is less than the current step 67. Steps must be monotonically increasing, so this data will be ignored. See https://wandb.me/define-metric to log data out of order.
wandb: WARNING Tried to log to step 63 that is less than the current step 67. Steps must be monotonically increasing, so this data will be ignored. See https://wandb.me/define-metric to log data out of order.
wandb: WARNING Tried to log to step 63 that is less than the current step 67. Steps must be monotonically increasing, so this data will be ignored. See https://wandb.me/define-metric to log data out of order.
wandb: WARNING Tried to log to step 63 that is less than the current step 67. Steps must be monotonically increasing, so this data will be ignored. See https://wandb.me/define-metric to log data out of order.
[08/18/25 03:04:15] INFO     fairseq2 - Train Metrics (step 64) - DPO Loss:     
                             0.00433119 | Chosen Sequence Log Probabilities:    
                             -476.805 | Rejected Sequence Log Probabilities:    
                             -562.703 | Chosen Sequence Length: 812.984 |       
                             Rejected Sequence Length: 605.422 | NLL Loss:      
                             0.586185 | Gradient Norm: 3.06553 | Data Epoch: 2 |
                             Data Time: <1s | Compute Time: 9s | Lapse Time: 9s 
                             | Total Time: 583s | Wall Time: 583s | Learning    
                             Rate: 6.99515e-07 | Batch Size: 64 | Elements per  
                             Batch: 61,565 | Elements per Second: 6,237 | Number
                             of Examples: 64 | Number of Elements: 61,565 |     
                             Number of Target Elements: 52,031 | Padding: 0 |   
                             Padding Ratio (%): 0% | Total Number of Examples:  
                             4,064 | Total Number of Elements: 3,981,691 | Total
                             Number of Target Elements: 3,391,238 | Peak Active 
                             Device Memory: 59.90 GiB | Peak Active Device      
                             Memory (%): 76% | Peak Reserved Device Memory:     
                             72.89 GiB | Peak Reserved Device Memory (%): 93%   
wandb: WARNING Tried to log to step 64 that is less than the current step 67. Steps must be monotonically increasing, so this data will be ignored. See https://wandb.me/define-metric to log data out of order.
wandb: WARNING Tried to log to step 64 that is less than the current step 67. Steps must be monotonically increasing, so this data will be ignored. See https://wandb.me/define-metric to log data out of order.
wandb: WARNING Tried to log to step 64 that is less than the current step 67. Steps must be monotonically increasing, so this data will be ignored. See https://wandb.me/define-metric to log data out of order.
wandb: WARNING Tried to log to step 64 that is less than the current step 67. Steps must be monotonically increasing, so this data will be ignored. See https://wandb.me/define-metric to log data out of order.
wandb: WARNING Tried to log to step 64 that is less than the current step 67. Steps must be monotonically increasing, so this data will be ignored. See https://wandb.me/define-metric to log data out of order.
wandb: WARNING Tried to log to step 64 that is less than the current step 67. Steps must be monotonically increasing, so this data will be ignored. See https://wandb.me/define-metric to log data out of order.
wandb: WARNING Tried to log to step 64 that is less than the current step 67. Steps must be monotonically increasing, so this data will be ignored. See https://wandb.me/define-metric to log data out of order.
wandb: WARNING Tried to log to step 64 that is less than the current step 67. Steps must be monotonically increasing, so this data will be ignored. See https://wandb.me/define-metric to log data out of order.
wandb: WARNING Tried to log to step 64 that is less than the current step 67. Steps must be monotonically increasing, so this data will be ignored. See https://wandb.me/define-metric to log data out of order.
wandb: WARNING Tried to log to step 64 that is less than the current step 67. Steps must be monotonically increasing, so this data will be ignored. See https://wandb.me/define-metric to log data out of order.
wandb: WARNING Tried to log to step 64 that is less than the current step 67. Steps must be monotonically increasing, so this data will be ignored. See https://wandb.me/define-metric to log data out of order.
wandb: WARNING Tried to log to step 64 that is less than the current step 67. Steps must be monotonically increasing, so this data will be ignored. See https://wandb.me/define-metric to log data out of order.
wandb: WARNING Tried to log to step 64 that is less than the current step 67. Steps must be monotonically increasing, so this data will be ignored. See https://wandb.me/define-metric to log data out of order.
wandb: WARNING Tried to log to step 64 that is less than the current step 67. Steps must be monotonically increasing, so this data will be ignored. See https://wandb.me/define-metric to log data out of order.
wandb: WARNING Tried to log to step 64 that is less than the current step 67. Steps must be monotonically increasing, so this data will be ignored. See https://wandb.me/define-metric to log data out of order.
wandb: WARNING Tried to log to step 64 that is less than the current step 67. Steps must be monotonically increasing, so this data will be ignored. See https://wandb.me/define-metric to log data out of order.
wandb: WARNING Tried to log to step 64 that is less than the current step 67. Steps must be monotonically increasing, so this data will be ignored. See https://wandb.me/define-metric to log data out of order.
wandb: WARNING Tried to log to step 64 that is less than the current step 67. Steps must be monotonically increasing, so this data will be ignored. See https://wandb.me/define-metric to log data out of order.
wandb: WARNING Tried to log to step 64 that is less than the current step 67. Steps must be monotonically increasing, so this data will be ignored. See https://wandb.me/define-metric to log data out of order.
wandb: WARNING Tried to log to step 64 that is less than the current step 67. Steps must be monotonically increasing, so this data will be ignored. See https://wandb.me/define-metric to log data out of order.
wandb: WARNING Tried to log to step 64 that is less than the current step 67. Steps must be monotonically increasing, so this data will be ignored. See https://wandb.me/define-metric to log data out of order.
wandb: WARNING Tried to log to step 64 that is less than the current step 67. Steps must be monotonically increasing, so this data will be ignored. See https://wandb.me/define-metric to log data out of order.
wandb: WARNING Tried to log to step 64 that is less than the current step 67. Steps must be monotonically increasing, so this data will be ignored. See https://wandb.me/define-metric to log data out of order.
wandb: WARNING Tried to log to step 64 that is less than the current step 67. Steps must be monotonically increasing, so this data will be ignored. See https://wandb.me/define-metric to log data out of order.
wandb: WARNING Tried to log to step 64 that is less than the current step 67. Steps must be monotonically increasing, so this data will be ignored. See https://wandb.me/define-metric to log data out of order.
wandb: WARNING Tried to log to step 64 that is less than the current step 67. Steps must be monotonically increasing, so this data will be ignored. See https://wandb.me/define-metric to log data out of order.
wandb: WARNING Tried to log to step 64 that is less than the current step 67. Steps must be monotonically increasing, so this data will be ignored. See https://wandb.me/define-metric to log data out of order.
wandb: WARNING Tried to log to step 64 that is less than the current step 67. Steps must be monotonically increasing, so this data will be ignored. See https://wandb.me/define-metric to log data out of order.
wandb: WARNING Tried to log to step 64 that is less than the current step 67. Steps must be monotonically increasing, so this data will be ignored. See https://wandb.me/define-metric to log data out of order.
[08/18/25 03:04:23] INFO     fairseq2 - Train Metrics (step 65) - DPO Loss:     
                             0.00302365 | Chosen Sequence Log Probabilities:    
                             -450.273 | Rejected Sequence Log Probabilities:    
                             -559.688 | Chosen Sequence Length: 718.141 |       
                             Rejected Sequence Length: 591.844 | NLL Loss:      
                             0.626779 | Gradient Norm: 2.61133 | Data Epoch: 2 |
                             Data Time: <1s | Compute Time: 8s | Lapse Time: 8s 
                             | Total Time: 591s | Wall Time: 591s | Learning    
                             Rate: 6.99486e-07 | Batch Size: 64 | Elements per  
                             Batch: 54,915 | Elements per Second: 6,644 | Number
                             of Examples: 64 | Number of Elements: 54,915 |     
                             Number of Target Elements: 45,961 | Padding: 0 |   
                             Padding Ratio (%): 0% | Total Number of Examples:  
                             4,128 | Total Number of Elements: 4,036,606 | Total
                             Number of Target Elements: 3,437,199 | Peak Active 
                             Device Memory: 59.92 GiB | Peak Active Device      
                             Memory (%): 76% | Peak Reserved Device Memory:     
                             72.89 GiB | Peak Reserved Device Memory (%): 93%   
wandb: WARNING Tried to log to step 65 that is less than the current step 67. Steps must be monotonically increasing, so this data will be ignored. See https://wandb.me/define-metric to log data out of order.
wandb: WARNING Tried to log to step 65 that is less than the current step 67. Steps must be monotonically increasing, so this data will be ignored. See https://wandb.me/define-metric to log data out of order.
wandb: WARNING Tried to log to step 65 that is less than the current step 67. Steps must be monotonically increasing, so this data will be ignored. See https://wandb.me/define-metric to log data out of order.
wandb: WARNING Tried to log to step 65 that is less than the current step 67. Steps must be monotonically increasing, so this data will be ignored. See https://wandb.me/define-metric to log data out of order.
wandb: WARNING Tried to log to step 65 that is less than the current step 67. Steps must be monotonically increasing, so this data will be ignored. See https://wandb.me/define-metric to log data out of order.
wandb: WARNING Tried to log to step 65 that is less than the current step 67. Steps must be monotonically increasing, so this data will be ignored. See https://wandb.me/define-metric to log data out of order.
wandb: WARNING Tried to log to step 65 that is less than the current step 67. Steps must be monotonically increasing, so this data will be ignored. See https://wandb.me/define-metric to log data out of order.
wandb: WARNING Tried to log to step 65 that is less than the current step 67. Steps must be monotonically increasing, so this data will be ignored. See https://wandb.me/define-metric to log data out of order.
wandb: WARNING Tried to log to step 65 that is less than the current step 67. Steps must be monotonically increasing, so this data will be ignored. See https://wandb.me/define-metric to log data out of order.
wandb: WARNING Tried to log to step 65 that is less than the current step 67. Steps must be monotonically increasing, so this data will be ignored. See https://wandb.me/define-metric to log data out of order.
wandb: WARNING Tried to log to step 65 that is less than the current step 67. Steps must be monotonically increasing, so this data will be ignored. See https://wandb.me/define-metric to log data out of order.
wandb: WARNING Tried to log to step 65 that is less than the current step 67. Steps must be monotonically increasing, so this data will be ignored. See https://wandb.me/define-metric to log data out of order.
wandb: WARNING Tried to log to step 65 that is less than the current step 67. Steps must be monotonically increasing, so this data will be ignored. See https://wandb.me/define-metric to log data out of order.
wandb: WARNING Tried to log to step 65 that is less than the current step 67. Steps must be monotonically increasing, so this data will be ignored. See https://wandb.me/define-metric to log data out of order.
wandb: WARNING Tried to log to step 65 that is less than the current step 67. Steps must be monotonically increasing, so this data will be ignored. See https://wandb.me/define-metric to log data out of order.
wandb: WARNING Tried to log to step 65 that is less than the current step 67. Steps must be monotonically increasing, so this data will be ignored. See https://wandb.me/define-metric to log data out of order.
wandb: WARNING Tried to log to step 65 that is less than the current step 67. Steps must be monotonically increasing, so this data will be ignored. See https://wandb.me/define-metric to log data out of order.
wandb: WARNING Tried to log to step 65 that is less than the current step 67. Steps must be monotonically increasing, so this data will be ignored. See https://wandb.me/define-metric to log data out of order.
wandb: WARNING Tried to log to step 65 that is less than the current step 67. Steps must be monotonically increasing, so this data will be ignored. See https://wandb.me/define-metric to log data out of order.
wandb: WARNING Tried to log to step 65 that is less than the current step 67. Steps must be monotonically increasing, so this data will be ignored. See https://wandb.me/define-metric to log data out of order.
wandb: WARNING Tried to log to step 65 that is less than the current step 67. Steps must be monotonically increasing, so this data will be ignored. See https://wandb.me/define-metric to log data out of order.
wandb: WARNING Tried to log to step 65 that is less than the current step 67. Steps must be monotonically increasing, so this data will be ignored. See https://wandb.me/define-metric to log data out of order.
wandb: WARNING Tried to log to step 65 that is less than the current step 67. Steps must be monotonically increasing, so this data will be ignored. See https://wandb.me/define-metric to log data out of order.
wandb: WARNING Tried to log to step 65 that is less than the current step 67. Steps must be monotonically increasing, so this data will be ignored. See https://wandb.me/define-metric to log data out of order.
wandb: WARNING Tried to log to step 65 that is less than the current step 67. Steps must be monotonically increasing, so this data will be ignored. See https://wandb.me/define-metric to log data out of order.
wandb: WARNING Tried to log to step 65 that is less than the current step 67. Steps must be monotonically increasing, so this data will be ignored. See https://wandb.me/define-metric to log data out of order.
wandb: WARNING Tried to log to step 65 that is less than the current step 67. Steps must be monotonically increasing, so this data will be ignored. See https://wandb.me/define-metric to log data out of order.
wandb: WARNING Tried to log to step 65 that is less than the current step 67. Steps must be monotonically increasing, so this data will be ignored. See https://wandb.me/define-metric to log data out of order.
wandb: WARNING Tried to log to step 65 that is less than the current step 67. Steps must be monotonically increasing, so this data will be ignored. See https://wandb.me/define-metric to log data out of order.
[08/18/25 03:04:31] INFO     fairseq2 - Train Metrics (step 66) - DPO Loss:     
                             0.000634313 | Chosen Sequence Log Probabilities:   
                             -483.977 | Rejected Sequence Log Probabilities:    
                             -582.109 | Chosen Sequence Length: 782.375 |       
                             Rejected Sequence Length: 692.578 | NLL Loss:      
                             0.618744 | Gradient Norm: 0.402989 | Data Epoch: 2 
                             | Data Time: <1s | Compute Time: 7s | Lapse Time:  
                             7s | Total Time: 599s | Wall Time: 599s | Learning 
                             Rate: 6.99455e-07 | Batch Size: 64 | Elements per  
                             Batch: 60,150 | Elements per Second: 7,589 | Number
                             of Examples: 64 | Number of Elements: 60,150 |     
                             Number of Target Elements: 50,072 | Padding: 0 |   
                             Padding Ratio (%): 0% | Total Number of Examples:  
                             4,192 | Total Number of Elements: 4,096,756 | Total
                             Number of Target Elements: 3,487,271 | Peak Active 
                             Device Memory: 60.81 GiB | Peak Active Device      
                             Memory (%): 77% | Peak Reserved Device Memory:     
                             72.89 GiB | Peak Reserved Device Memory (%): 93%   
[08/18/25 03:04:37] INFO     fairseq2 - Train Metrics (step 67) - DPO Loss:     
                             5.0014e-05 | Chosen Sequence Log Probabilities:    
                             -477.656 | Rejected Sequence Log Probabilities:    
                             -657.562 | Chosen Sequence Length: 736.578 |       
                             Rejected Sequence Length: 684.984 | NLL Loss:      
                             0.648333 | Gradient Norm: 0.0651284 | Data Epoch: 2
                             | Data Time: <1s | Compute Time: 5s | Lapse Time:  
                             5s | Total Time: 605s | Wall Time: 605s | Learning 
                             Rate: 6.99423e-07 | Batch Size: 64 | Elements per  
                             Batch: 55,451 | Elements per Second: 9,327 | Number
                             of Examples: 64 | Number of Elements: 55,451 |     
                             Number of Target Elements: 47,141 | Padding: 0 |   
                             Padding Ratio (%): 0% | Total Number of Examples:  
                             4,256 | Total Number of Elements: 4,152,207 | Total
                             Number of Target Elements: 3,534,412 | Peak Active 
                             Device Memory: 60.17 GiB | Peak Active Device      
                             Memory (%): 76% | Peak Reserved Device Memory:     
                             72.89 GiB | Peak Reserved Device Memory (%): 93%   
wandb: WARNING Tried to log to step 66 that is less than the current step 67. Steps must be monotonically increasing, so this data will be ignored. See https://wandb.me/define-metric to log data out of order.
wandb: WARNING Tried to log to step 66 that is less than the current step 67. Steps must be monotonically increasing, so this data will be ignored. See https://wandb.me/define-metric to log data out of order.
wandb: WARNING Tried to log to step 66 that is less than the current step 67. Steps must be monotonically increasing, so this data will be ignored. See https://wandb.me/define-metric to log data out of order.
wandb: WARNING Tried to log to step 66 that is less than the current step 67. Steps must be monotonically increasing, so this data will be ignored. See https://wandb.me/define-metric to log data out of order.
wandb: WARNING Tried to log to step 66 that is less than the current step 67. Steps must be monotonically increasing, so this data will be ignored. See https://wandb.me/define-metric to log data out of order.
wandb: WARNING Tried to log to step 66 that is less than the current step 67. Steps must be monotonically increasing, so this data will be ignored. See https://wandb.me/define-metric to log data out of order.
wandb: WARNING Tried to log to step 66 that is less than the current step 67. Steps must be monotonically increasing, so this data will be ignored. See https://wandb.me/define-metric to log data out of order.
wandb: WARNING Tried to log to step 66 that is less than the current step 67. Steps must be monotonically increasing, so this data will be ignored. See https://wandb.me/define-metric to log data out of order.
wandb: WARNING Tried to log to step 66 that is less than the current step 67. Steps must be monotonically increasing, so this data will be ignored. See https://wandb.me/define-metric to log data out of order.
wandb: WARNING Tried to log to step 66 that is less than the current step 67. Steps must be monotonically increasing, so this data will be ignored. See https://wandb.me/define-metric to log data out of order.
wandb: WARNING Tried to log to step 66 that is less than the current step 67. Steps must be monotonically increasing, so this data will be ignored. See https://wandb.me/define-metric to log data out of order.
wandb: WARNING Tried to log to step 66 that is less than the current step 67. Steps must be monotonically increasing, so this data will be ignored. See https://wandb.me/define-metric to log data out of order.
wandb: WARNING Tried to log to step 66 that is less than the current step 67. Steps must be monotonically increasing, so this data will be ignored. See https://wandb.me/define-metric to log data out of order.
wandb: WARNING Tried to log to step 66 that is less than the current step 67. Steps must be monotonically increasing, so this data will be ignored. See https://wandb.me/define-metric to log data out of order.
wandb: WARNING Tried to log to step 66 that is less than the current step 67. Steps must be monotonically increasing, so this data will be ignored. See https://wandb.me/define-metric to log data out of order.
wandb: WARNING Tried to log to step 66 that is less than the current step 67. Steps must be monotonically increasing, so this data will be ignored. See https://wandb.me/define-metric to log data out of order.
wandb: WARNING Tried to log to step 66 that is less than the current step 67. Steps must be monotonically increasing, so this data will be ignored. See https://wandb.me/define-metric to log data out of order.
wandb: WARNING Tried to log to step 66 that is less than the current step 67. Steps must be monotonically increasing, so this data will be ignored. See https://wandb.me/define-metric to log data out of order.
wandb: WARNING Tried to log to step 66 that is less than the current step 67. Steps must be monotonically increasing, so this data will be ignored. See https://wandb.me/define-metric to log data out of order.
wandb: WARNING Tried to log to step 66 that is less than the current step 67. Steps must be monotonically increasing, so this data will be ignored. See https://wandb.me/define-metric to log data out of order.
wandb: WARNING Tried to log to step 66 that is less than the current step 67. Steps must be monotonically increasing, so this data will be ignored. See https://wandb.me/define-metric to log data out of order.
wandb: WARNING Tried to log to step 66 that is less than the current step 67. Steps must be monotonically increasing, so this data will be ignored. See https://wandb.me/define-metric to log data out of order.
wandb: WARNING Tried to log to step 66 that is less than the current step 67. Steps must be monotonically increasing, so this data will be ignored. See https://wandb.me/define-metric to log data out of order.
wandb: WARNING Tried to log to step 66 that is less than the current step 67. Steps must be monotonically increasing, so this data will be ignored. See https://wandb.me/define-metric to log data out of order.
wandb: WARNING Tried to log to step 66 that is less than the current step 67. Steps must be monotonically increasing, so this data will be ignored. See https://wandb.me/define-metric to log data out of order.
wandb: WARNING Tried to log to step 66 that is less than the current step 67. Steps must be monotonically increasing, so this data will be ignored. See https://wandb.me/define-metric to log data out of order.
wandb: WARNING Tried to log to step 66 that is less than the current step 67. Steps must be monotonically increasing, so this data will be ignored. See https://wandb.me/define-metric to log data out of order.
wandb: WARNING Tried to log to step 66 that is less than the current step 67. Steps must be monotonically increasing, so this data will be ignored. See https://wandb.me/define-metric to log data out of order.
wandb: WARNING Tried to log to step 66 that is less than the current step 67. Steps must be monotonically increasing, so this data will be ignored. See https://wandb.me/define-metric to log data out of order.

srun: error: cr1-h100-p548xlarge-147: task 4: Exited with exit code 1
srun: Terminating StepId=1549856.0
slurmstepd: error: *** STEP 1549856.0 ON cr1-h100-p548xlarge-147 CANCELLED AT 2025-08-18T03:04:46 ***
srun: error: cr1-h100-p548xlarge-147: task 0: Terminated
srun: error: cr1-h100-p548xlarge-148: task 11: Terminated
srun: error: cr1-h100-p548xlarge-147: task 3: Terminated
srun: error: cr1-h100-p548xlarge-147: task 5: Terminated
srun: error: cr1-h100-p548xlarge-147: task 2: Terminated
srun: error: cr1-h100-p548xlarge-148: tasks 8-9,13-14: Terminated
srun: error: cr1-h100-p548xlarge-147: task 6: Terminated
srun: error: cr1-h100-p548xlarge-148: task 12: Terminated
srun: error: cr1-h100-p548xlarge-147: task 7: Terminated
srun: error: cr1-h100-p548xlarge-147: task 1: Terminated
srun: error: cr1-h100-p548xlarge-148: task 10: Terminated
srun: error: cr1-h100-p548xlarge-148: task 15: Terminated
srun: Force Terminated StepId=1549856.0
