/var/spool/slurmd/job1557346/slurm_script: line 24: /fsx-ram/chuanyang/miniconda3/bin/activate: No such file or directory
[08/20/25 00:39:55] INFO     fairseq2 - Log files are stored under              
                             /checkpoint/ram/chuanyang/dpo/rlhi_0819_preference_
                             pairs_0819_3273_LR7e-7_FLR1e-15_BT0.1_WP30_EPS1e-8.
                    INFO     fairseq2 - Config:                                 
                             {                                                  
                                 'model': {                                     
                                     'name': 'llama3_1_8b_instruct',            
                                     'family': None,                            
                                     'arch': None,                              
                                     'config_overrides': None,                  
                                     'path': None,                              
                                     'mmap': False,                             
                                     'compile': False,                          
                                     'compile_options': {                       
                                         'fullgraph': False,                    
                                         'dynamic': None,                       
                                         'mode': 'default',                     
                                         'backend': 'inductor',                 
                                         'backend_options': None                
                                     }                                          
                                 },                                             
                                 'dataset': {                                   
                                     'name': 'dpo_rip',                         
                                     'path':                                    
                             '/home/chuanyang/data/preference_pairs_0819_3273.js
                             onl',                                              
                                     'family': 'generic_preference',            
                                     'source_encode_mode': 'prompt',            
                                     'target_encode_mode': 'prompt_response',   
                                     'mask_source_tokens': True,                
                                     'min_seq_len': 1,                          
                                     'max_seq_len': 8192,                       
                                     'max_num_tokens': 16384,                   
                                     'batch_size': 1,                           
                                     'example_shuffle_window': 10000,           
                                     'batch_shuffle_window': 1000,              
                                     'num_prefetch': 4,                         
                                     'extras': {},                              
                                     'chat_mode': False                         
                                 },                                             
                                 'tokenizer': {'name': 'llama3_instruct'},      
                                 'gang': {'tensor_parallel_size': 1, 'timeout': 
                             15, 'high_priority': True},                        
                                 'trainer': {                                   
                                     'dtype': 'bfloat16',                       
                                     'data_parallelism': 'fsdp',                
                                     'fsdp': {                                  
                                         'version': 'v1',                       
                                         'granularity': 'layer',                
                                         'hybrid': False,                       
                                         'reshard_after_forward': True,         
                                         'fp32_reduce': True                    
                                     },                                         
                                     'mixed_precision': 'static',               
                                     'grad_accumulation': {'num_batches': 4,    
                             'no_sync': False},                                 
                                     'activation_checkpointing': {'mode':       
                             'layerwise', 'every_nth_layer': 1},                
                                     'max_grad_norm': 1,                        
                                     'fp16_loss_scale': [128.0, 0.0001],        
                                     'gc_every_n_steps': None,                  
                                     'grad_check': False,                       
                                     'anomaly_detection': False                 
                                 },                                             
                                 'criterion': {                                 
                                     'name': 'dpo',                             
                                     'config': {                                
                                         'reference_model': {                   
                                             'name': 'llama3_1_8b_instruct',    
                                             'mmap': False,                     
                                             'compile': False,                  
                                             'compile_options': {               
                                                 'fullgraph': False,            
                                                 'dynamic': None,               
                                                 'mode': 'default',             
                                                 'backend': 'inductor',         
                                                 'backend_options': None        
                                             }                                  
                                         },                                     
                                         'beta': 0.1,                           
                                         'nll_scale': 0.0,                      
                                         'nll_length_normalization': True,      
                                         'length_normalization': False          
                                     }                                          
                                 },                                             
                                 'optimizer': {                                 
                                     'name': 'adamw',                           
                                     'config': {                                
                                         'lr': 7e-07,                           
                                         'betas': [0.9, 0.95],                  
                                         'eps': 1e-08,                          
                                         'weight_decay': 0.1,                   
                                         'amsgrad': False,                      
                                         'maximize': False,                     
                                         'capturable': False,                   
                                         'differentiable': False,               
                                         'impl': 'auto'                         
                                     }                                          
                                 },                                             
                                 'lr_scheduler': {                              
                                     'name': 'cosine_annealing',                
                                     'config': {                                
                                         'cycle_len': None,                     
                                         'num_warmup_steps': 30,                
                                         'cycle_mul': 1.0,                      
                                         'lr_mul': 1.0,                         
                                         'start_lr': 0.0,                       
                                         'final_lr': 1e-15,                     
                                         'final_lr_scale': None                 
                                     }                                          
                                 },                                             
                                 'regime': {                                    
                                     'num_steps': 2000,                         
                                     'num_data_epochs': 100,                    
                                     'validate_at_start': False,                
                                     'validate_after_n_steps': 0,               
                                     'validate_every_n_steps': None,            
                                     'validate_after_n_data_epochs': 0,         
                                     'validate_every_n_data_epochs': None,      
                                     'checkpoint_after_n_steps': 1000,          
                                     'checkpoint_every_n_steps': 500,           
                                     'checkpoint_after_n_data_epochs': 0,       
                                     'checkpoint_every_n_data_epochs': 100,     
                                     'save_model_only': True,                   
                                     'save_as_hugging_face': True,              
                                     'keep_last_n_checkpoints': 2,              
                                     'keep_best_n_checkpoints': None,           
                                     'keep_checkpoint_every_n_steps': None,     
                                     'publish_metrics_after_n_steps': 0,        
                                     'publish_metrics_every_n_steps': 1,        
                                     'publish_metrics_after_n_data_epochs': 0,  
                                     'publish_metrics_every_n_data_epochs': None
                                 },                                             
                                 'common': {                                    
                                     'torch': {                                 
                                         'num_threads': None,                   
                                         'allow_tf32': True,                    
                                         'fp16_reduced_precision': True,        
                                         'bf16_reduced_precision': True,        
                                         'default_sdpa': 'torch_math',          
                                         'compiled_region_activation_memory_budg
                             et': 1.0                                           
                                     },                                         
                                     'metric_recorders': {                      
                                         'log': {'enabled': True},              
                                         'jsonl': {'enabled': True},            
                                         'tensorboard': {'enabled': True},      
                                         'wandb': {                             
                                             'enabled': True,                   
                                             'entity': None,                    
                                             'project': 'rlhi_0819',            
                                             'run_id': 'auto',                  
                                             'run_name':                        
                             'rlhi_0819_preference_pairs_0819_3273_LR7e-7_FLR1e-
                             15_BT0.1_WP30_EPS1e-8',                            
                                             'group': None,                     
                                             'job_type': None,                  
                                             'resume_mode': 'allow'             
                                         }                                      
                                     },                                         
                                     'profilers': {                             
                                         'torch': {                             
                                             'enabled': False,                  
                                             'skip_n_steps': 4,                 
                                             'wait_n_steps': 0,                 
                                             'num_warmup_steps': 1,             
                                             'num_active_steps': 4,             
                                             'repeat': 1                        
                                         }                                      
                                     },                                         
                                     'assets': {'extra_path': None,             
                             'checkpoint_dir': None},                           
                                     'seed': 2                                  
                                 }                                              
                             }                                                  
                    INFO     fairseq2 - Setting the number of threads used for  
                             intra-op parallelism to 10.                        
[08/20/25 00:39:56] INFO     fairseq2 - Default SDPA variant set to             
                             'torch_math'.                                      
[08/20/25 00:40:00] INFO     fairseq2 - Setting 'cuda:0' as the default device  
                             of the process.                                    
                    INFO     fairseq2 - Host - Name: cr1-h100-p548xlarge-255 |  
                             Platform:                                          
                             Linux-6.8.0-1033-aws-x86_64-with-glibc2.35 | Linux 
                             Distribution: Ubuntu 22.04.5 LTS | Number of CPUs: 
                             10/192 (0,48,58-60,96,144,154-156) | Memory: 1.95  
                             TiB                                                
                    INFO     fairseq2 - Device - ID: cuda:0 | Name: NVIDIA H100 
                             80GB HBM3 | Memory: 79.19 GiB | Number of SMs: 132 
                             | Compute Capability: 9.0                          
                    INFO     fairseq2 - Software - Python: 3.10.14 | PyTorch:   
                             2.6.0+cu124 | CUDA: 12.4 | NCCL: 2.21.5 | fairseq2:
                             0.5.0.dev0 | fairseq2n:                            
                             0.5.0.dev202508040151+g530716a.cu124 | Python      
                             Environment: Conda                                 
                             (/home/chuanyang/miniconda3/envs/fairseq2_2025-08-0
                             9)                                                 
                    INFO     fairseq2 - Runtime Environment - Process ID:       
                             3969966 | PyTorch Intraop Thread Count: 10         
                    INFO     fairseq2 - Environment Variables -                 
                             SLURM_GPUS_PER_NODE=8, SLURM_TRES_PER_TASK=cpu=10, 
                             OMPI_MCA_plm_slurm_args=--external-launcher,       
                             PRTE_MCA_plm_slurm_args=--external-launcher,       
                             HYDRA_BOOTSTRAP=slurm,                             
                             HYDRA_LAUNCHER_EXTRA_ARGS=--external-launcher,     
                             I_MPI_HYDRA_BOOTSTRAP=slurm,                       
                             I_MPI_HYDRA_BOOTSTRAP_EXEC_EXTRA_ARGS=--external-la
                             uncher, SHELL=/bin/bash, COLORTERM=truecolor,      
                             SLURM_JOB_USER=chuanyang,                          
                             SLURM_TASKS_PER_NODE=8(x2), SLURM_JOB_UID=694137,  
                             WANDB_BASE_URL=https://fairwandb.org,              
                             TERM_PROGRAM_VERSION=1.103.1,                      
                             SLURM_TASK_PID=3969966,                            
                             CONDA_EXE=/home/chuanyang/miniconda3/bin/conda,    
                             SLURM_JOB_GPUS=0,1,2,3,4,5,6,7, SLURM_LOCALID=0,   
                             SLURM_SUBMIT_DIR=/opt/hpcaas/.mounts/fs-072917c00f0
                             1ae1ba/home/chuanyang/dpo,                         
                             HOSTNAME=cr1-h100-p548xlarge-255,                  
                             SLURMD_NODENAME=cr1-h100-p548xlarge-255,           
                             SLURM_JOB_START_TIME=1755650330,                   
                             SSH_AUTH_SOCK=/run/user/694137/vscode-ssh-auth-sock
                             -475609388,                                        
                             CUDA_CACHE_PATH=/opt/dlami/nvme/chuanyang/.nv/Compu
                             teCache/, HISTTIMEFORMAT=%F %T ,                   
                             SLURM_CLUSTER_NAME=fair-aws-h100-1,                
                             SLURM_JOB_END_TIME=1755686330,                     
                             FI_EFA_USE_HUGE_PAGE=0, SLURM_CPUS_ON_NODE=80,     
                             SLURM_JOB_CPUS_PER_NODE=80(x2),                    
                             SLURM_GPUS_ON_NODE=8, PWD=/home/chuanyang/dpo,     
                             SLURM_GTIDS=0,1,2,3,4,5,6,7, LOGNAME=chuanyang,    
                             XDG_SESSION_TYPE=tty,                              
                             CONDA_PREFIX=/home/chuanyang/miniconda3/envs/fairse
                             q2_2025-08-09, SLURM_JOB_PARTITION=learn,          
                             MODULESHOME=/usr/share/modules, MANPATH=:,         
                             SLURM_OOM_KILL_STEP=0, SLURM_JOB_NUM_NODES=2,      
                             SLURM_OPEN_MODE=a,                                 
                             VSCODE_GIT_ASKPASS_NODE=/opt/hpcaas/.mounts/fs-0729
                             17c00f01ae1ba/home/chuanyang/.vscode-server/cli/ser
                             vers/Stable-360a4e4fd251bfce169a4ddf857c7d25d1ad40d
                             a/server/node, SLURM_JOBID=1557346,                
                             SLURM_JOB_QOS=alignment_shared, MOTD_SHOWN=pam,    
                             HOME=/home/chuanyang, LANG=C.UTF-8, SLURM_PROCID=0,
                             CLUSTER_ID=fair-aws-h100-1,                        
                             SSL_CERT_DIR=/usr/lib/ssl/certs,                   
                             CONDA_PROMPT_MODIFIER=(fairseq2_2025-08-09) ,      
                             TMPDIR=/tmp,                                       
                             GIT_ASKPASS=/opt/hpcaas/.mounts/fs-072917c00f01ae1b
                             a/home/chuanyang/.vscode-server/cli/servers/Stable-
                             360a4e4fd251bfce169a4ddf857c7d25d1ad40da/server/ext
                             ensions/git/dist/askpass.sh,                       
                             SLURM_CPUS_PER_TASK=10, SLURM_NTASKS=16,           
                             SLURM_TOPOLOGY_ADDR=cr1-h100-p548xlarge-255,       
                             SSH_CONNECTION=163.114.130.3 33480 10.200.203.89   
                             22, VSCODE_GIT_ASKPASS_EXTRA_ARGS=,                
                             SLURM_TOPOLOGY_ADDR_PATTERN=node,                  
                             CUDA_VISIBLE_DEVICES=0, LESSCLOSE=/usr/bin/lesspipe
                             %s %s, XDG_SESSION_CLASS=user,                     
                             SLURM_SCRIPT_CONTEXT=prolog_task,                  
                             TERM=xterm-256color, LESSOPEN=| /usr/bin/lesspipe  
                             %s, USER=chuanyang,                                
                             SLURM_NODELIST=cr1-h100-p548xlarge-[255,266],      
                             WANDB_API_KEY=local-94bc1b16aff0febd7d5abee21969c9e
                             b2451a048,                                         
                             VSCODE_GIT_IPC_HANDLE=/run/user/694137/vscode-git-2
                             76331c40b.sock, ENVIRONMENT=BATCH, CONDA_SHLVL=2,  
                             LOADEDMODULES=, SLURM_JOB_ACCOUNT=ram,             
                             SLURM_PRIO_PROCESS=0, SLURM_NPROCS=16, SHLVL=3,    
                             SLURM_NNODES=2, WANDB_ENTITY=chuanyang,            
                             XDG_SESSION_ID=5399, SLURM_SUBMIT_HOST=submit-1,   
                             CONDA_PYTHON_EXE=/home/chuanyang/miniconda3/bin/pyt
                             hon,                                               
                             LD_LIBRARY_PATH=/usr/local/cuda-12.8/lib:/usr/local
                             /cuda-12.8/lib64:/usr/local/cuda-12.8:/usr/local/cu
                             da-12.8/targets/x86_64-linux/lib/:/usr/local/cuda-1
                             2.8/extras/CUPTI/lib64:/opt/amazon/efa/lib:/opt/ama
                             zon/openmpi/lib:/opt/amazon/ofi-nccl/lib/x86_64-lin
                             ux-gnu:/usr/local/lib:/usr/lib:/usr/local/cuda-12.8
                             /lib:/usr/local/cuda-12.8/lib64:/usr/local/cuda-12.
                             8:/usr/local/cuda-12.8/targets/x86_64-linux/lib/:/u
                             sr/local/cuda-12.8/extras/CUPTI/lib64:/opt/amazon/e
                             fa/lib:/opt/amazon/openmpi/lib:/opt/amazon/ofi-nccl
                             /lib/x86_64-linux-gnu:/usr/local/lib:/usr/lib:/usr/
                             local/cuda-12.8/lib:/usr/local/cuda-12.8/lib64:/usr
                             /local/cuda-12.8:/usr/local/cuda-12.8/targets/x86_6
                             4-linux/lib/:/usr/local/cuda-12.8/extras/CUPTI/lib6
                             4:/opt/amazon/efa/lib:/opt/amazon/openmpi/lib:/opt/
                             amazon/ofi-nccl/lib/x86_64-linux-gnu:/usr/local/lib
                             :/usr/lib, XDG_RUNTIME_DIR=/run/user/694137,       
                             SLURM_JOB_ID=1557346,                              
                             SSL_CERT_FILE=/usr/lib/ssl/certs/ca-certificates.cr
                             t, SLURM_NODEID=0, SSH_CLIENT=163.114.130.3 33480  
                             22, CONDA_DEFAULT_ENV=fairseq2_2025-08-09,         
                             VSCODE_GIT_ASKPASS_MAIN=/opt/hpcaas/.mounts/fs-0729
                             17c00f01ae1ba/home/chuanyang/.vscode-server/cli/ser
                             vers/Stable-360a4e4fd251bfce169a4ddf857c7d25d1ad40d
                             a/server/extensions/git/dist/askpass-main.js,      
                             XDG_DATA_DIRS=/usr/local/share:/usr/share:/var/lib/
                             snapd/desktop,                                     
                             SLURM_CONF=/opt/slurm/etc/slurm.conf,              
                             BROWSER=/opt/hpcaas/.mounts/fs-072917c00f01ae1ba/ho
                             me/chuanyang/.vscode-server/cli/servers/Stable-360a
                             4e4fd251bfce169a4ddf857c7d25d1ad40da/server/bin/hel
                             pers/browser.sh,                                   
                             PATH=/home/chuanyang/miniconda3/envs/fairseq2_2025-
                             08-09/bin:/usr/local/sbin:/usr/local/bin:/usr/sbin:
                             /usr/bin:/sbin:/bin:/snap/bin:/opt/slurm/bin:/opt/s
                             lurm/sbin, SLURM_JOB_NAME=dpo_wildchat,            
                             MODULEPATH=/opt/amazon/modules/modulefiles:/opt/ama
                             zon/modules/modulefiles:/etc/environment-modules/mo
                             dules:/usr/share/modules/versions:/usr/share/module
                             s/$MODULE_VERSION/modulefiles:/usr/share/modules/mo
                             dulefiles, SLURM_NTASKS_PER_NODE=8,                
                             DBUS_SESSION_BUS_ADDRESS=unix:path=/run/user/694137
                             /bus, CONDA_PREFIX_1=/home/chuanyang/miniconda3,   
                             SLURM_JOB_GID=694137, OLDPWD=/home/chuanyang/rip,  
                             SLURM_JOB_NODELIST=cr1-h100-p548xlarge-[255,266],  
                             MODULES_CMD=/usr/lib/x86_64-linux-gnu/modulecmd.tcl
                             , TERM_PROGRAM=vscode,                             
                             VSCODE_IPC_HOOK_CLI=/run/user/694137/vscode-ipc-fcf
                             22791-9ddb-4bce-9949-75194b80e1f4.sock,            
                             _=/opt/slurm/bin/srun, SLURM_MPI_TYPE=pmi2,        
                             SRUN_DEBUG=3, SLURM_UMASK=0002,                    
                             SLURM_DISTRIBUTION=block, SLURMD_DEBUG=2,          
                             SLURM_STEP_ID=0, SLURM_STEPID=0,                   
                             SLURM_STEP_NODELIST=cr1-h100-p548xlarge-[255,266], 
                             SLURM_STEP_NUM_NODES=2, SLURM_STEP_NUM_TASKS=16,   
                             SLURM_STEP_TASKS_PER_NODE=8(x2),                   
                             SLURM_STEP_LAUNCHER_PORT=60982,                    
                             SLURM_SRUN_COMM_PORT=60982,                        
                             SLURM_SRUN_COMM_HOST=10.200.242.55,                
                             SLURM_STEP_GPUS=0,1,2,3,4,5,6,7,                   
                             SLURM_CPU_BIND=quiet,mask_cpu:0x000000001C010000000
                             00001000000001C01000000000001,0x00000003E0000000000
                             0000000000003E000000000000000,0x0000007C00000000000
                             000000000007C0000000000000000,0x00000F8000000000000
                             0000000000F800000000000000000,0x0001F00000000000000
                             000000001F0000000000000000000,0x003E000000000000000
                             00000003E00000000000000000000,0x07C0000000000000000
                             0000007C000000000000000000000,0xF800000000000000000
                             00000F80000000000000000000000,                     
                             SLURM_CPU_BIND_LIST=0x000000001C0100000000000100000
                             0001C01000000000001,0x00000003E00000000000000000000
                             003E000000000000000,0x0000007C000000000000000000000
                             07C0000000000000000,0x00000F80000000000000000000000
                             F800000000000000000,0x0001F00000000000000000000001F
                             0000000000000000000,0x003E00000000000000000000003E0
                             0000000000000000000,0x07C00000000000000000000007C00
                             0000000000000000000,0xF80000000000000000000000F8000
                             0000000000000000000, SLURM_CPU_BIND_TYPE=mask_cpu:,
                             SLURM_CPU_BIND_VERBOSE=quiet,                      
                             SLURM_LAUNCH_NODE_IPADDR=10.200.242.55, PMI_FD=17, 
                             PMI_JOBID=1557346.0, PMI_RANK=0, PMI_SIZE=16,      
                             _RJEM_MALLOC_CONF=dirty_decay_ms:500,muzzy_decay_ms
                             :-1, RAY_CLIENT_MODE=0, NCCL_CUMEM_ENABLE=0,       
                             PYTORCH_NVML_BASED_CUDA_CHECK=1,                   
                             TORCHINDUCTOR_COMPILE_THREADS=1,                   
                             TORCHINDUCTOR_CACHE_DIR=/tmp/torchinductor_chuanyan
                             g, WORLD_SIZE=16, RANK=0, LOCAL_WORLD_SIZE=8,      
                             LOCAL_RANK=0, MASTER_ADDR=cr1-h100-p548xlarge-255, 
                             MASTER_PORT=59962, TORCH_CPP_LOG_LEVEL=INFO,       
                             NCCL_DEBUG=INFO,                                   
                             NCCL_DEBUG_FILE=/checkpoint/ram/chuanyang/dpo/rlhi_
                             0819_preference_pairs_0819_3273_LR7e-7_FLR1e-15_BT0
                             .1_WP30_EPS1e-8/logs/nccl/rank_0.log,              
                             TORCH_SHOW_CPP_STACKTRACES=1,                      
                             TRITON_CACHE_DIR=/checkpoint/ram/chuanyang/dpo/rlhi
                             _0819_preference_pairs_0819_3273_LR7e-7_FLR1e-15_BT
                             0.1_WP30_EPS1e-8/cache/triton/rank_0,              
                             PYTORCH_KERNEL_CACHE_PATH=/checkpoint/ram/chuanyang
                             /dpo/rlhi_0819_preference_pairs_0819_3273_LR7e-7_FL
                             R1e-15_BT0.1_WP30_EPS1e-8/cache/torch/jit,         
                             CUDA_MODULE_LOADING=LAZY                           
                    INFO     fairseq2 - Initializing the root gang.             
[08/20/25 00:40:03] INFO     fairseq2 - Root gang initialized.                  
                    INFO     fairseq2 - Initializing parallel gangs.            
                    INFO     fairseq2 - Initializing data parallel gang with 16 
                             process(es).                                       
                    INFO     fairseq2 - Data parallel gang initialized.         
                    INFO     fairseq2 - Initializing tensor parallel gang with 1
                             process(es).                                       
                    INFO     fairseq2 - Tensor parallel gang initialized.       
                    INFO     fairseq2 - Initializing pipeline parallel gang with
                             1 process(es).                                     
                    INFO     fairseq2 - Pipeline parallel gang initialized.     
                    INFO     fairseq2 - Parallel gangs initialized.             
                    INFO     fairseq2 - Performing a collective barrier call to 
                             warm up gangs. This can take up to several minutes 
                             depending on the topology.                         
[08/20/25 00:40:07] INFO     fairseq2 - Gangs warmed up.                        
                    INFO     fairseq2 - Process Ranks - Data: 0 |               
                             Data/Replicated: 0 | Data/Sharded: 0 | Tensor: 0 | 
                             Pipeline: 0                                        
                    INFO     fairseq2 - Model Config:                           
                             LLaMAConfig(                                       
                                 model_dim=4096,                                
                                 max_seq_len=131072,                            
                                 vocab_size=128256,                             
                                 pad_idx=128004,                                
                                 tied_embeddings=False,                         
                                 num_layers=32,                                 
                                 num_attn_heads=32,                             
                                 num_key_value_heads=8,                         
                                 ffn_inner_dim=16384,                           
                                 ffn_inner_dim_scale=0.6666666666666666,        
                                 ffn_inner_dim_multiplier=1.3,                  
                                 ffn_inner_dim_multiple_of=1024,                
                                 rope_theta=500000.0,                           
                                 use_scaled_rope=True,                          
                                 rope_scale=LLaMARoPEScaleConfig(               
                                     factor=8.0,                                
                                     frequency_factors=(1.0, 4.0),              
                                     original_context_length=8192               
                                 ),                                             
                                 dropout_p=0.0,                                 
                                 init_std=None,                                 
                                 init_std_scale='layer',                        
                                 shard_embed_dim=False,                         
                                 hg_config_class='LlamaConfig',                 
                                 hg_architecture='LlamaForCausalLM'             
                             )                                                  
                    INFO     fairseq2 - Loading 'llama3_1_8b_instruct' model on 
                             data parallel rank 0.                              

[08/20/25 00:40:47] INFO     fairseq2 - Model loaded on data parallel rank 0.   
                    INFO     fairseq2 - Wrapping the model with FSDP1 and       
                             broadcasting to all processes.                     
                    INFO     fairseq2 - Model wrapped with FSDP1 and            
                             broadcasted.                                       
                    INFO     fairseq2 - Model (rank 0) - Parameter Size:        
                             501,891,328 | Parameter Size (bytes): 1.87 GiB |   
                             Trainable Parameter Size: 501,891,328 | Trainable  
                             Parameter Size (bytes): 1.87 GiB | Buffer Size:    
                             16,777,344 | Buffer Size (bytes): 64.00 MiB | Total
                             Size: 518,668,672 | Total Size (bytes): 1.93 GiB   
                             FullyShardedDataParallel(                          
                               (_fsdp_wrapped_module): TransformerLM(           
                                 model_dim=4096, pad_idx=128004,                
                             max_seq_len=131072                                 
                                 (decoder_frontend):                            
                             TransformerEmbeddingFrontend(                      
                                   (embed):                                     
                             StandardEmbedding(num_embeddings=128256,           
                             embed_dim=4096, pad_idx=128004, init_fn=init_embed)
                                   (pos_encoder): None                          
                                   (dropout): None                              
                                 )                                              
                                 (decoder): StandardTransformerLMDecoder(       
                                   (layers): ModuleList(                        
                                     (0-31): 32 x FullyShardedDataParallel(     
                                       (_fsdp_wrapped_module):                  
                             CheckpointWrapper(                                 
                                         (_checkpoint_wrapped_module):          
                             StandardTransformerLMDecoderLayer(                 
                                           norm_order=PRE                       
                                           (self_attn_layer_norm):              
                             RMSNorm(normalized_shape=(4096,), eps=1E-05,       
                             elementwise_affine=True)                           
                                           (self_attn):                         
                             StandardMultiheadAttention(                        
                                             num_heads=32,                      
                             num_key_value_heads=8, num_query_groups=4          
                                             (q_proj): Linear(input_dim=4096,   
                             output_dim=4096, bias=False,                       
                             init_fn=init_projection)                           
                                             (k_proj): Linear(input_dim=4096,   
                             output_dim=1024, bias=False,                       
                             init_fn=init_projection)                           
                                             (v_proj): Linear(input_dim=4096,   
                             output_dim=1024, bias=False,                       
                             init_fn=init_projection)                           
                                             (q_norm): None                     
                                             (k_norm): None                     
                                             (pos_encoder):                     
                             RotaryEncoder(encoding_dim=128, max_seq_len=131072,
                             theta=500000.0, freqs_init_fn=init_rope_freqs)     
                                             (sdpa):                            
                             TorchSDPA(bias=CausalAttentionBias(), dropout_p=0) 
                                             (output_proj):                     
                             Linear(input_dim=4096, output_dim=4096, bias=False,
                             init_fn=init_projection)                           
                                           )                                    
                                           (self_attn_dropout): None            
                                           (self_attn_residual):                
                             AdditiveResidualConnect()                          
                                           (ffn_layer_norm):                    
                             RMSNorm(normalized_shape=(4096,), eps=1E-05,       
                             elementwise_affine=True)                           
                                           (ffn): GLUFeedForwardNetwork(        
                                             inner_dim_scale=0.666667,          
                             inner_dim_to_multiple=1024                         
                                             (gate_proj): Linear(input_dim=4096,
                             output_dim=14336, bias=False,                      
                             init_fn=init_projection)                           
                                             (gate_activation): SiLU()          
                                             (inner_proj):                      
                             Linear(input_dim=4096, output_dim=14336,           
                             bias=False, init_fn=init_projection)               
                                             (inner_dropout): None              
                                             (output_proj):                     
                             Linear(input_dim=14336, output_dim=4096,           
                             bias=False, init_fn=init_projection)               
                                           )                                    
                                           (ffn_dropout): None                  
                                           (ffn_residual):                      
                             AdditiveResidualConnect()                          
                                         )                                      
                                       )                                        
                                     )                                          
                                   )                                            
                                   (layer_norm):                                
                             RMSNorm(normalized_shape=(4096,), eps=1E-05,       
                             elementwise_affine=True)                           
                                   (dropout): None                              
                                 )                                              
                                 (final_proj): Linear(input_dim=4096,           
                             output_dim=128256, bias=False,                     
                             init_fn=init_projection)                           
                               )                                                
                             )                                                  
                    INFO     fairseq2 - Loading the dataset.                    
                    INFO     fairseq2 - Dataset loaded.                         
                    INFO     fairseq2 - Loading 'llama3_instruct' tokenizer.    
[08/20/25 00:40:48] INFO     fairseq2 - Tokenizer loaded.                       
                    INFO     fairseq2 - Tokenizer - Size: 128,256 | UNK: None | 
                             BOS: 128000 | EOS: 128009 | PAD: 128004 | BOH:     
                             128006 | EOH: 128007                               
                    INFO     fairseq2 - Setting up DPO with reference model.    
                    INFO     fairseq2 - Loading 'llama3_1_8b_instruct' model on 
                             data parallel rank 0.                              

[08/20/25 00:41:00] INFO     fairseq2 - Model loaded on data parallel rank 0.   
                    INFO     fairseq2 - Broadcasting 'llama3_1_8b_instruct'     
                             model to all processes.                            
                    INFO     fairseq2 - Model broadcasted.                      
                    INFO     fairseq2 - Model (rank 0) - Parameter Size:        
                             8,030,261,248 | Parameter Size (bytes): 14.96 GiB |
                             Trainable Parameter Size: 8,030,261,248 | Trainable
                             Parameter Size (bytes): 14.96 GiB | Buffer Size:   
                             16,777,344 | Buffer Size (bytes): 64.00 MiB | Total
                             Size: 8,047,038,592 | Total Size (bytes): 15.02 GiB
                             TransformerLM(                                     
                               model_dim=4096, pad_idx=128004,                  
                             max_seq_len=131072                                 
                               (decoder_frontend): TransformerEmbeddingFrontend(
                                 (embed):                                       
                             StandardEmbedding(num_embeddings=128256,           
                             embed_dim=4096, pad_idx=128004, init_fn=init_embed)
                                 (pos_encoder): None                            
                                 (dropout): None                                
                               )                                                
                               (decoder): StandardTransformerLMDecoder(         
                                 (layers): ModuleList(                          
                                   (0-31): 32 x                                 
                             StandardTransformerLMDecoderLayer(                 
                                     norm_order=PRE                             
                                     (self_attn_layer_norm):                    
                             RMSNorm(normalized_shape=(4096,), eps=1E-05,       
                             elementwise_affine=True)                           
                                     (self_attn): StandardMultiheadAttention(   
                                       num_heads=32, num_key_value_heads=8,     
                             num_query_groups=4                                 
                                       (q_proj): Linear(input_dim=4096,         
                             output_dim=4096, bias=False,                       
                             init_fn=init_projection)                           
                                       (k_proj): Linear(input_dim=4096,         
                             output_dim=1024, bias=False,                       
                             init_fn=init_projection)                           
                                       (v_proj): Linear(input_dim=4096,         
                             output_dim=1024, bias=False,                       
                             init_fn=init_projection)                           
                                       (q_norm): None                           
                                       (k_norm): None                           
                                       (pos_encoder):                           
                             RotaryEncoder(encoding_dim=128, max_seq_len=131072,
                             theta=500000.0, freqs_init_fn=init_rope_freqs)     
                                       (sdpa):                                  
                             TorchSDPA(bias=CausalAttentionBias(), dropout_p=0) 
                                       (output_proj): Linear(input_dim=4096,    
                             output_dim=4096, bias=False,                       
                             init_fn=init_projection)                           
                                     )                                          
                                     (self_attn_dropout): None                  
                                     (self_attn_residual):                      
                             AdditiveResidualConnect()                          
                                     (ffn_layer_norm):                          
                             RMSNorm(normalized_shape=(4096,), eps=1E-05,       
                             elementwise_affine=True)                           
                                     (ffn): GLUFeedForwardNetwork(              
                                       inner_dim_scale=0.666667,                
                             inner_dim_to_multiple=1024                         
                                       (gate_proj): Linear(input_dim=4096,      
                             output_dim=14336, bias=False,                      
                             init_fn=init_projection)                           
                                       (gate_activation): SiLU()                
                                       (inner_proj): Linear(input_dim=4096,     
                             output_dim=14336, bias=False,                      
                             init_fn=init_projection)                           
                                       (inner_dropout): None                    
                                       (output_proj): Linear(input_dim=14336,   
                             output_dim=4096, bias=False,                       
                             init_fn=init_projection)                           
                                     )                                          
                                     (ffn_dropout): None                        
                                     (ffn_residual): AdditiveResidualConnect()  
                                   )                                            
                                 )                                              
                                 (layer_norm): RMSNorm(normalized_shape=(4096,),
                             eps=1E-05, elementwise_affine=True)                
                                 (dropout): None                                
                               )                                                
                               (final_proj): Linear(input_dim=4096,             
                             output_dim=128256, bias=False,                     
                             init_fn=init_projection)                           
                             )                                                  
                    INFO     fairseq2 - DPO setup complete.                     
wandb: Currently logged in as: chuanyang to https://fairwandb.org. Use `wandb login --relogin` to force relogin
wandb: Using wandb-core as the SDK backend.  Please refer to https://wandb.me/wandb-core for more information.
wandb: Tracking run with wandb version 0.19.6
wandb: Run data is saved locally in /checkpoint/ram/chuanyang/dpo/rlhi_0819_preference_pairs_0819_3273_LR7e-7_FLR1e-15_BT0.1_WP30_EPS1e-8/wandb/run-20250820_004100-n5yr03nr
wandb: Run `wandb offline` to turn off syncing.
wandb: Syncing run rlhi_0819_preference_pairs_0819_3273_LR7e-7_FLR1e-15_BT0.1_WP30_EPS1e-8
wandb: ⭐️ View project at https://fairwandb.org/chuanyang/rlhi_0819
wandb: 🚀 View run at https://fairwandb.org/chuanyang/rlhi_0819/runs/n5yr03nr
[08/20/25 00:41:02] INFO     fairseq2 - Running on 16 process(es).              
[08/20/25 00:41:16] INFO     fairseq2 - Train Metrics (step 1) - DPO Loss:      
                             0.700073 | Chosen Sequence Log Probabilities:      
                             -312.465 | Rejected Sequence Log Probabilities:    
                             -326.174 | Chosen Sequence Length: 435.562 |       
                             Rejected Sequence Length: 320.094 | NLL Loss:      
                             0.717344 | Gradient Norm: 80.9298 | Data Epoch: 1 |
                             Data Time: <1s | Compute Time: 13s | Lapse Time:   
                             14s | Total Time: 81s | Wall Time: 81s | Learning  
                             Rate: 0 | Batch Size: 64 | Elements per Batch:     
                             79,352 | Elements per Second: 5,612 | Number of    
                             Examples: 64 | Number of Elements: 79,352 | Number 
                             of Target Elements: 27,876 | Padding: 0 | Padding  
                             Ratio (%): 0% | Total Number of Examples: 64 |     
                             Total Number of Elements: 79,352 | Total Number of 
                             Target Elements: 27,876 | Peak Active Device       
                             Memory: 58.23 GiB | Peak Active Device Memory (%): 
                             74% | Peak Reserved Device Memory: 74.78 GiB | Peak
                             Reserved Device Memory (%): 95%                    
[08/20/25 00:41:30] INFO     fairseq2 - Train Metrics (step 2) - DPO Loss:      
                             0.694885 | Chosen Sequence Log Probabilities:      
                             -342.029 | Rejected Sequence Log Probabilities:    
                             -332.451 | Chosen Sequence Length: 426.375 |       
                             Rejected Sequence Length: 337.047 | NLL Loss:      
                             0.801857 | Gradient Norm: 86.4213 | Data Epoch: 1 |
                             Data Time: <1s | Compute Time: 13s | Lapse Time:   
                             13s | Total Time: 95s | Wall Time: 95s | Learning  
                             Rate: 2.33333e-08 | Batch Size: 64 | Elements per  
                             Batch: 79,578 | Elements per Second: 6,008 | Number
                             of Examples: 64 | Number of Elements: 79,578 |     
                             Number of Target Elements: 27,288 | Padding: 0 |   
                             Padding Ratio (%): 0% | Total Number of Examples:  
                             128 | Total Number of Elements: 158,930 | Total    
                             Number of Target Elements: 55,164 | Peak Active    
                             Device Memory: 68.27 GiB | Peak Active Device      
                             Memory (%): 87% | Peak Reserved Device Memory:     
                             73.89 GiB | Peak Reserved Device Memory (%): 94%   
[08/20/25 00:41:48] INFO     fairseq2 - Train Metrics (step 3) - DPO Loss:      
                             0.690735 | Chosen Sequence Log Probabilities:      
                             -357.959 | Rejected Sequence Log Probabilities:    
                             -362.799 | Chosen Sequence Length: 509.312 |       
                             Rejected Sequence Length: 419.734 | NLL Loss:      
                             0.702749 | Gradient Norm: 89.8883 | Data Epoch: 1 |
                             Data Time: <1s | Compute Time: 17s | Lapse Time:   
                             17s | Total Time: 112s | Wall Time: 112s | Learning
                             Rate: 4.66667e-08 | Batch Size: 64 | Elements per  
                             Batch: 86,523 | Elements per Second: 4,895 | Number
                             of Examples: 64 | Number of Elements: 86,523 |     
                             Number of Target Elements: 32,596 | Padding: 0 |   
                             Padding Ratio (%): 0% | Total Number of Examples:  
                             192 | Total Number of Elements: 245,453 | Total    
                             Number of Target Elements: 87,760 | Peak Active    
                             Device Memory: 66.37 GiB | Peak Active Device      
                             Memory (%): 84% | Peak Reserved Device Memory:     
                             73.88 GiB | Peak Reserved Device Memory (%): 94%   
[08/20/25 00:42:04] INFO     fairseq2 - Train Metrics (step 4) - DPO Loss:      
                             0.684204 | Chosen Sequence Log Probabilities:      
                             -264.666 | Rejected Sequence Log Probabilities:    
                             -313.758 | Chosen Sequence Length: 444.484 |       
                             Rejected Sequence Length: 371.5 | NLL Loss:        
                             0.595604 | Gradient Norm: 78.1512 | Data Epoch: 1 |
                             Data Time: <1s | Compute Time: 16s | Lapse Time:   
                             16s | Total Time: 129s | Wall Time: 129s | Learning
                             Rate: 7e-08 | Batch Size: 64 | Elements per Batch: 
                             85,352 | Elements per Second: 5,241 | Number of    
                             Examples: 64 | Number of Elements: 85,352 | Number 
                             of Target Elements: 28,447 | Padding: 0 | Padding  
                             Ratio (%): 0% | Total Number of Examples: 256 |    
                             Total Number of Elements: 330,805 | Total Number of
                             Target Elements: 116,207 | Peak Active Device      
                             Memory: 60.70 GiB | Peak Active Device Memory (%): 
                             77% | Peak Reserved Device Memory: 71.32 GiB | Peak
                             Reserved Device Memory (%): 91%                    
[08/20/25 00:42:18] INFO     fairseq2 - Train Metrics (step 5) - DPO Loss:      
                             0.697021 | Chosen Sequence Log Probabilities:      
                             -362.298 | Rejected Sequence Log Probabilities:    
                             -408.951 | Chosen Sequence Length: 513.234 |       
                             Rejected Sequence Length: 393.062 | NLL Loss:      
                             0.705841 | Gradient Norm: 101.97 | Data Epoch: 1 | 
                             Data Time: <1s | Compute Time: 14s | Lapse Time:   
                             14s | Total Time: 143s | Wall Time: 143s | Learning
                             Rate: 9.33333e-08 | Batch Size: 64 | Elements per  
                             Batch: 87,633 | Elements per Second: 6,093 | Number
                             of Examples: 64 | Number of Elements: 87,633 |     
                             Number of Target Elements: 32,847 | Padding: 0 |   
                             Padding Ratio (%): 0% | Total Number of Examples:  
                             320 | Total Number of Elements: 418,438 | Total    
                             Number of Target Elements: 149,054 | Peak Active   
                             Device Memory: 64.85 GiB | Peak Active Device      
                             Memory (%): 82% | Peak Reserved Device Memory:     
                             74.77 GiB | Peak Reserved Device Memory (%): 95%   
[08/20/25 00:42:31] INFO     fairseq2 - Train Metrics (step 6) - DPO Loss:      
                             0.70459 | Chosen Sequence Log Probabilities: -371.5
                             | Rejected Sequence Log Probabilities: -361.358 |  
                             Chosen Sequence Length: 470.359 | Rejected Sequence
                             Length: 368.75 | NLL Loss: 0.78948 | Gradient Norm:
                             88.5243 | Data Epoch: 1 | Data Time: <1s | Compute 
                             Time: 12s | Lapse Time: 12s | Total Time: 156s |   
                             Wall Time: 156s | Learning Rate: 1.16667e-07 |     
                             Batch Size: 64 | Elements per Batch: 78,578 |      
                             Elements per Second: 6,261 | Number of Examples: 64
                             | Number of Elements: 78,578 | Number of Target    
                             Elements: 30,103 | Padding: 0 | Padding Ratio (%): 
                             0% | Total Number of Examples: 384 | Total Number  
                             of Elements: 497,016 | Total Number of Target      
                             Elements: 179,157 | Peak Active Device Memory:     
                             59.89 GiB | Peak Active Device Memory (%): 76% |   
                             Peak Reserved Device Memory: 70.54 GiB | Peak      
                             Reserved Device Memory (%): 90%                    
[08/20/25 00:42:49] INFO     fairseq2 - Train Metrics (step 7) - DPO Loss:      
                             0.694519 | Chosen Sequence Log Probabilities:      
                             -278.674 | Rejected Sequence Log Probabilities:    
                             -294.381 | Chosen Sequence Length: 444.328 |       
                             Rejected Sequence Length: 297.078 | NLL Loss:      
                             0.627279 | Gradient Norm: 83.6561 | Data Epoch: 1 |
                             Data Time: <1s | Compute Time: 17s | Lapse Time:   
                             17s | Total Time: 173s | Wall Time: 173s | Learning
                             Rate: 1.4e-07 | Batch Size: 64 | Elements per      
                             Batch: 84,795 | Elements per Second: 4,861 | Number
                             of Examples: 64 | Number of Elements: 84,795 |     
                             Number of Target Elements: 28,437 | Padding: 0 |   
                             Padding Ratio (%): 0% | Total Number of Examples:  
                             448 | Total Number of Elements: 581,811 | Total    
                             Number of Target Elements: 207,594 | Peak Active   
                             Device Memory: 60.70 GiB | Peak Active Device      
                             Memory (%): 77% | Peak Reserved Device Memory:     
                             70.62 GiB | Peak Reserved Device Memory (%): 90%   
[08/20/25 00:43:04] INFO     fairseq2 - Train Metrics (step 8) - DPO Loss:      
                             0.689697 | Chosen Sequence Log Probabilities:      
                             -321.913 | Rejected Sequence Log Probabilities:    
                             -343.645 | Chosen Sequence Length: 438.156 |       
                             Rejected Sequence Length: 339.672 | NLL Loss:      
                             0.734651 | Gradient Norm: 79.5074 | Data Epoch: 1 |
                             Data Time: <1s | Compute Time: 15s | Lapse Time:   
                             15s | Total Time: 189s | Wall Time: 189s | Learning
                             Rate: 1.63333e-07 | Batch Size: 64 | Elements per  
                             Batch: 84,323 | Elements per Second: 5,581 | Number
                             of Examples: 64 | Number of Elements: 84,323 |     
                             Number of Target Elements: 28,042 | Padding: 0 |   
                             Padding Ratio (%): 0% | Total Number of Examples:  
                             512 | Total Number of Elements: 666,134 | Total    
                             Number of Target Elements: 235,636 | Peak Active   
                             Device Memory: 63.31 GiB | Peak Active Device      
                             Memory (%): 80% | Peak Reserved Device Memory:     
                             73.80 GiB | Peak Reserved Device Memory (%): 94%   
[08/20/25 00:43:21] INFO     fairseq2 - Train Metrics (step 9) - DPO Loss:      
                             0.678284 | Chosen Sequence Log Probabilities:      
                             -351.746 | Rejected Sequence Log Probabilities:    
                             -388.629 | Chosen Sequence Length: 511.938 |       
                             Rejected Sequence Length: 379.734 | NLL Loss:      
                             0.687053 | Gradient Norm: 88.5825 | Data Epoch: 1 |
                             Data Time: <1s | Compute Time: 16s | Lapse Time:   
                             16s | Total Time: 206s | Wall Time: 206s | Learning
                             Rate: 1.86667e-07 | Batch Size: 64 | Elements per  
                             Batch: 87,519 | Elements per Second: 5,168 | Number
                             of Examples: 64 | Number of Elements: 87,519 |     
                             Number of Target Elements: 32,764 | Padding: 0 |   
                             Padding Ratio (%): 0% | Total Number of Examples:  
                             576 | Total Number of Elements: 753,653 | Total    
                             Number of Target Elements: 268,400 | Peak Active   
                             Device Memory: 67.24 GiB | Peak Active Device      
                             Memory (%): 85% | Peak Reserved Device Memory:     
                             74.62 GiB | Peak Reserved Device Memory (%): 95%   
[08/20/25 00:43:36] INFO     fairseq2 - Train Metrics (step 10) - DPO Loss:     
                             0.703613 | Chosen Sequence Log Probabilities:      
                             -332.529 | Rejected Sequence Log Probabilities:    
                             -320.235 | Chosen Sequence Length: 488.312 |       
                             Rejected Sequence Length: 370.422 | NLL Loss:      
                             0.680688 | Gradient Norm: 80.7152 | Data Epoch: 1 |
                             Data Time: <1s | Compute Time: 15s | Lapse Time:   
                             15s | Total Time: 221s | Wall Time: 221s | Learning
                             Rate: 2.1e-07 | Batch Size: 64 | Elements per      
                             Batch: 85,075 | Elements per Second: 5,548 | Number
                             of Examples: 64 | Number of Elements: 85,075 |     
                             Number of Target Elements: 31,252 | Padding: 0 |   
                             Padding Ratio (%): 0% | Total Number of Examples:  
                             640 | Total Number of Elements: 838,728 | Total    
                             Number of Target Elements: 299,652 | Peak Active   
                             Device Memory: 62.13 GiB | Peak Active Device      
                             Memory (%): 79% | Peak Reserved Device Memory:     
                             73.75 GiB | Peak Reserved Device Memory (%): 94%   
[08/20/25 00:43:50] INFO     fairseq2 - Train Metrics (step 11) - DPO Loss:     
                             0.683411 | Chosen Sequence Log Probabilities:      
                             -268.851 | Rejected Sequence Log Probabilities:    
                             -282.938 | Chosen Sequence Length: 421.094 |       
                             Rejected Sequence Length: 328.844 | NLL Loss:      
                             0.63854 | Gradient Norm: 80.5593 | Data Epoch: 1 | 
                             Data Time: <1s | Compute Time: 13s | Lapse Time:   
                             13s | Total Time: 235s | Wall Time: 235s | Learning
                             Rate: 2.33333e-07 | Batch Size: 64 | Elements per  
                             Batch: 82,553 | Elements per Second: 6,149 | Number
                             of Examples: 64 | Number of Elements: 82,553 |     
                             Number of Target Elements: 26,950 | Padding: 0 |   
                             Padding Ratio (%): 0% | Total Number of Examples:  
                             704 | Total Number of Elements: 921,281 | Total    
                             Number of Target Elements: 326,602 | Peak Active   
                             Device Memory: 65.04 GiB | Peak Active Device      
                             Memory (%): 83% | Peak Reserved Device Memory:     
                             74.62 GiB | Peak Reserved Device Memory (%): 95%   
[08/20/25 00:44:03] INFO     fairseq2 - Train Metrics (step 12) - DPO Loss:     
                             0.677002 | Chosen Sequence Log Probabilities:      
                             -326.401 | Rejected Sequence Log Probabilities:    
                             -338.359 | Chosen Sequence Length: 444.781 |       
                             Rejected Sequence Length: 330.891 | NLL Loss:      
                             0.734214 | Gradient Norm: 84.474 | Data Epoch: 1 | 
                             Data Time: <1s | Compute Time: 13s | Lapse Time:   
                             13s | Total Time: 248s | Wall Time: 248s | Learning
                             Rate: 2.56667e-07 | Batch Size: 64 | Elements per  
                             Batch: 92,825 | Elements per Second: 6,959 | Number
                             of Examples: 64 | Number of Elements: 92,825 |     
                             Number of Target Elements: 28,466 | Padding: 0 |   
                             Padding Ratio (%): 0% | Total Number of Examples:  
                             768 | Total Number of Elements: 1,014,106 | Total  
                             Number of Target Elements: 355,068 | Peak Active   
                             Device Memory: 61.90 GiB | Peak Active Device      
                             Memory (%): 79% | Peak Reserved Device Memory:     
                             74.20 GiB | Peak Reserved Device Memory (%): 94%   
[08/20/25 00:44:16] INFO     fairseq2 - Train Metrics (step 13) - DPO Loss:     
                             0.654083 | Chosen Sequence Log Probabilities:      
                             -266.764 | Rejected Sequence Log Probabilities:    
                             -327.241 | Chosen Sequence Length: 370.438 |       
                             Rejected Sequence Length: 310.453 | NLL Loss:      
                             0.720009 | Gradient Norm: 77.0062 | Data Epoch: 1 |
                             Data Time: <1s | Compute Time: 12s | Lapse Time:   
                             12s | Total Time: 261s | Wall Time: 261s | Learning
                             Rate: 2.8e-07 | Batch Size: 64 | Elements per      
                             Batch: 78,921 | Elements per Second: 6,105 | Number
                             of Examples: 64 | Number of Elements: 78,921 |     
                             Number of Target Elements: 23,708 | Padding: 0 |   
                             Padding Ratio (%): 0% | Total Number of Examples:  
                             832 | Total Number of Elements: 1,093,027 | Total  
                             Number of Target Elements: 378,776 | Peak Active   
                             Device Memory: 63.81 GiB | Peak Active Device      
                             Memory (%): 81% | Peak Reserved Device Memory:     
                             74.24 GiB | Peak Reserved Device Memory (%): 94%   
[08/20/25 00:44:29] INFO     fairseq2 - Train Metrics (step 14) - DPO Loss:     
                             0.667664 | Chosen Sequence Log Probabilities:      
                             -350.276 | Rejected Sequence Log Probabilities:    
                             -353.145 | Chosen Sequence Length: 441.672 |       
                             Rejected Sequence Length: 360.047 | NLL Loss:      
                             0.792893 | Gradient Norm: 77.7915 | Data Epoch: 1 |
                             Data Time: <1s | Compute Time: 13s | Lapse Time:   
                             13s | Total Time: 274s | Wall Time: 274s | Learning
                             Rate: 3.03333e-07 | Batch Size: 64 | Elements per  
                             Batch: 78,632 | Elements per Second: 5,993 | Number
                             of Examples: 64 | Number of Elements: 78,632 |     
                             Number of Target Elements: 28,267 | Padding: 0 |   
                             Padding Ratio (%): 0% | Total Number of Examples:  
                             896 | Total Number of Elements: 1,171,659 | Total  
                             Number of Target Elements: 407,043 | Peak Active   
                             Device Memory: 64.07 GiB | Peak Active Device      
                             Memory (%): 81% | Peak Reserved Device Memory:     
                             74.09 GiB | Peak Reserved Device Memory (%): 94%   
[08/20/25 00:44:48] INFO     fairseq2 - Train Metrics (step 15) - DPO Loss:     
                             0.621765 | Chosen Sequence Log Probabilities:      
                             -438.479 | Rejected Sequence Log Probabilities:    
                             -423.238 | Chosen Sequence Length: 605.703 |       
                             Rejected Sequence Length: 428.016 | NLL Loss:      
                             0.724048 | Gradient Norm: 77.8954 | Data Epoch: 1 |
                             Data Time: <1s | Compute Time: 18s | Lapse Time:   
                             18s | Total Time: 293s | Wall Time: 293s | Learning
                             Rate: 3.26667e-07 | Batch Size: 64 | Elements per  
                             Batch: 91,711 | Elements per Second: 4,906 | Number
                             of Examples: 64 | Number of Elements: 91,711 |     
                             Number of Target Elements: 38,765 | Padding: 0 |   
                             Padding Ratio (%): 0% | Total Number of Examples:  
                             960 | Total Number of Elements: 1,263,370 | Total  
                             Number of Target Elements: 445,808 | Peak Active   
                             Device Memory: 59.87 GiB | Peak Active Device      
                             Memory (%): 76% | Peak Reserved Device Memory:     
                             70.72 GiB | Peak Reserved Device Memory (%): 90%   
[08/20/25 00:45:03] INFO     fairseq2 - Train Metrics (step 16) - DPO Loss:     
                             0.612061 | Chosen Sequence Log Probabilities:      
                             -329.428 | Rejected Sequence Log Probabilities:    
                             -352.299 | Chosen Sequence Length: 454.203 |       
                             Rejected Sequence Length: 375.516 | NLL Loss:      
                             0.725531 | Gradient Norm: 72.9447 | Data Epoch: 1 |
                             Data Time: <1s | Compute Time: 14s | Lapse Time:   
                             14s | Total Time: 308s | Wall Time: 308s | Learning
                             Rate: 3.5e-07 | Batch Size: 64 | Elements per      
                             Batch: 80,773 | Elements per Second: 5,580 | Number
                             of Examples: 64 | Number of Elements: 80,773 |     
                             Number of Target Elements: 29,069 | Padding: 0 |   
                             Padding Ratio (%): 0% | Total Number of Examples:  
                             1,024 | Total Number of Elements: 1,344,143 | Total
                             Number of Target Elements: 474,877 | Peak Active   
                             Device Memory: 62.55 GiB | Peak Active Device      
                             Memory (%): 79% | Peak Reserved Device Memory:     
                             74.55 GiB | Peak Reserved Device Memory (%): 95%   
[08/20/25 00:45:17] INFO     fairseq2 - Train Metrics (step 17) - DPO Loss:     
                             0.612823 | Chosen Sequence Log Probabilities:      
                             -443.899 | Rejected Sequence Log Probabilities:    
                             -425.969 | Chosen Sequence Length: 490.312 |       
                             Rejected Sequence Length: 374.016 | NLL Loss:      
                             0.905236 | Gradient Norm: 69.0239 | Data Epoch: 1 |
                             Data Time: <1s | Compute Time: 14s | Lapse Time:   
                             14s | Total Time: 322s | Wall Time: 322s | Learning
                             Rate: 3.73333e-07 | Batch Size: 64 | Elements per  
                             Batch: 80,921 | Elements per Second: 5,738 | Number
                             of Examples: 64 | Number of Elements: 80,921 |     
                             Number of Target Elements: 31,380 | Padding: 0 |   
                             Padding Ratio (%): 0% | Total Number of Examples:  
                             1,088 | Total Number of Elements: 1,425,064 | Total
                             Number of Target Elements: 506,257 | Peak Active   
                             Device Memory: 59.97 GiB | Peak Active Device      
                             Memory (%): 76% | Peak Reserved Device Memory:     
                             74.38 GiB | Peak Reserved Device Memory (%): 94%   
[08/20/25 00:45:35] INFO     fairseq2 - Train Metrics (step 18) - DPO Loss:     
                             0.585266 | Chosen Sequence Log Probabilities:      
                             -375.754 | Rejected Sequence Log Probabilities:    
                             -378.74 | Chosen Sequence Length: 546.781 |        
                             Rejected Sequence Length: 373.328 | NLL Loss:      
                             0.68687 | Gradient Norm: 74.6731 | Data Epoch: 1 | 
                             Data Time: <1s | Compute Time: 18s | Lapse Time:   
                             18s | Total Time: 340s | Wall Time: 340s | Learning
                             Rate: 3.96667e-07 | Batch Size: 64 | Elements per  
                             Batch: 103,963 | Elements per Second: 5,697 |      
                             Number of Examples: 64 | Number of Elements:       
                             103,963 | Number of Target Elements: 34,994 |      
                             Padding: 0 | Padding Ratio (%): 0% | Total Number  
                             of Examples: 1,152 | Total Number of Elements:     
                             1,529,027 | Total Number of Target Elements:       
                             541,251 | Peak Active Device Memory: 66.90 GiB |   
                             Peak Active Device Memory (%): 85% | Peak Reserved 
                             Device Memory: 74.38 GiB | Peak Reserved Device    
                             Memory (%): 94%                                    
[08/20/25 00:45:50] INFO     fairseq2 - Train Metrics (step 19) - DPO Loss:     
                             0.556824 | Chosen Sequence Log Probabilities:      
                             -397.066 | Rejected Sequence Log Probabilities:    
                             -387.566 | Chosen Sequence Length: 539.953 |       
                             Rejected Sequence Length: 417.484 | NLL Loss:      
                             0.735383 | Gradient Norm: 80.6617 | Data Epoch: 1 |
                             Data Time: <1s | Compute Time: 14s | Lapse Time:   
                             14s | Total Time: 354s | Wall Time: 354s | Learning
                             Rate: 4.2e-07 | Batch Size: 64 | Elements per      
                             Batch: 86,734 | Elements per Second: 6,138 | Number
                             of Examples: 64 | Number of Elements: 86,734 |     
                             Number of Target Elements: 34,557 | Padding: 0 |   
                             Padding Ratio (%): 0% | Total Number of Examples:  
                             1,216 | Total Number of Elements: 1,615,761 | Total
                             Number of Target Elements: 575,808 | Peak Active   
                             Device Memory: 60.51 GiB | Peak Active Device      
                             Memory (%): 77% | Peak Reserved Device Memory:     
                             74.31 GiB | Peak Reserved Device Memory (%): 94%   
[08/20/25 00:46:06] INFO     fairseq2 - Train Metrics (step 20) - DPO Loss:     
                             0.506287 | Chosen Sequence Log Probabilities:      
                             -270.402 | Rejected Sequence Log Probabilities:    
                             -331.461 | Chosen Sequence Length: 438.203 |       
                             Rejected Sequence Length: 354.859 | NLL Loss:      
                             0.617219 | Gradient Norm: 69.0553 | Data Epoch: 1 |
                             Data Time: <1s | Compute Time: 16s | Lapse Time:   
                             16s | Total Time: 371s | Wall Time: 371s | Learning
                             Rate: 4.43333e-07 | Batch Size: 64 | Elements per  
                             Batch: 92,116 | Elements per Second: 5,651 | Number
                             of Examples: 64 | Number of Elements: 92,116 |     
                             Number of Target Elements: 28,045 | Padding: 0 |   
                             Padding Ratio (%): 0% | Total Number of Examples:  
                             1,280 | Total Number of Elements: 1,707,877 | Total
                             Number of Target Elements: 603,853 | Peak Active   
                             Device Memory: 60.62 GiB | Peak Active Device      
                             Memory (%): 77% | Peak Reserved Device Memory:     
                             74.31 GiB | Peak Reserved Device Memory (%): 94%   
[08/20/25 00:46:21] INFO     fairseq2 - Train Metrics (step 21) - DPO Loss:     
                             0.519562 | Chosen Sequence Log Probabilities:      
                             -391.602 | Rejected Sequence Log Probabilities:    
                             -413.23 | Chosen Sequence Length: 489.25 | Rejected
                             Sequence Length: 411.891 | NLL Loss: 0.800068 |    
                             Gradient Norm: 59.4406 | Data Epoch: 1 | Data Time:
                             <1s | Compute Time: 15s | Lapse Time: 15s | Total  
                             Time: 386s | Wall Time: 386s | Learning Rate:      
                             4.66667e-07 | Batch Size: 64 | Elements per Batch: 
                             82,792 | Elements per Second: 5,442 | Number of    
                             Examples: 64 | Number of Elements: 82,792 | Number 
                             of Target Elements: 31,312 | Padding: 0 | Padding  
                             Ratio (%): 0% | Total Number of Examples: 1,344 |  
                             Total Number of Elements: 1,790,669 | Total Number 
                             of Target Elements: 635,165 | Peak Active Device   
                             Memory: 60.10 GiB | Peak Active Device Memory (%): 
                             76% | Peak Reserved Device Memory: 74.31 GiB | Peak
                             Reserved Device Memory (%): 94%                    
[08/20/25 00:46:34] INFO     fairseq2 - Train Metrics (step 22) - DPO Loss:     
                             0.469406 | Chosen Sequence Log Probabilities:      
                             -322.006 | Rejected Sequence Log Probabilities:    
                             -331.14 | Chosen Sequence Length: 463.969 |        
                             Rejected Sequence Length: 336.438 | NLL Loss:      
                             0.694223 | Gradient Norm: 50.4482 | Data Epoch: 1 |
                             Data Time: <1s | Compute Time: 13s | Lapse Time:   
                             13s | Total Time: 399s | Wall Time: 399s | Learning
                             Rate: 4.9e-07 | Batch Size: 64 | Elements per      
                             Batch: 81,544 | Elements per Second: 6,175 | Number
                             of Examples: 64 | Number of Elements: 81,544 |     
                             Number of Target Elements: 29,694 | Padding: 0 |   
                             Padding Ratio (%): 0% | Total Number of Examples:  
                             1,408 | Total Number of Elements: 1,872,213 | Total
                             Number of Target Elements: 664,859 | Peak Active   
                             Device Memory: 59.88 GiB | Peak Active Device      
                             Memory (%): 76% | Peak Reserved Device Memory:     
                             74.34 GiB | Peak Reserved Device Memory (%): 94%   
[08/20/25 00:46:50] INFO     fairseq2 - Train Metrics (step 23) - DPO Loss:     
                             0.423676 | Chosen Sequence Log Probabilities:      
                             -378.635 | Rejected Sequence Log Probabilities:    
                             -394.598 | Chosen Sequence Length: 526.656 |       
                             Rejected Sequence Length: 433.062 | NLL Loss:      
                             0.718853 | Gradient Norm: 46.8064 | Data Epoch: 1 |
                             Data Time: <1s | Compute Time: 15s | Lapse Time:   
                             15s | Total Time: 415s | Wall Time: 415s | Learning
                             Rate: 5.13333e-07 | Batch Size: 64 | Elements per  
                             Batch: 96,304 | Elements per Second: 6,111 | Number
                             of Examples: 64 | Number of Elements: 96,304 |     
                             Number of Target Elements: 33,706 | Padding: 0 |   
                             Padding Ratio (%): 0% | Total Number of Examples:  
                             1,472 | Total Number of Elements: 1,968,517 | Total
                             Number of Target Elements: 698,565 | Peak Active   
                             Device Memory: 62.24 GiB | Peak Active Device      
                             Memory (%): 79% | Peak Reserved Device Memory:     
                             74.34 GiB | Peak Reserved Device Memory (%): 94%   
[08/20/25 00:47:04] INFO     fairseq2 - Train Metrics (step 24) - DPO Loss:     
                             0.442741 | Chosen Sequence Log Probabilities:      
                             -310.065 | Rejected Sequence Log Probabilities:    
                             -302.388 | Chosen Sequence Length: 419.547 |       
                             Rejected Sequence Length: 343.234 | NLL Loss:      
                             0.738711 | Gradient Norm: 43.837 | Data Epoch: 1 | 
                             Data Time: <1s | Compute Time: 13s | Lapse Time:   
                             13s | Total Time: 429s | Wall Time: 429s | Learning
                             Rate: 5.36667e-07 | Batch Size: 64 | Elements per  
                             Batch: 84,446 | Elements per Second: 6,155 | Number
                             of Examples: 64 | Number of Elements: 84,446 |     
                             Number of Target Elements: 26,851 | Padding: 0 |   
                             Padding Ratio (%): 0% | Total Number of Examples:  
                             1,536 | Total Number of Elements: 2,052,963 | Total
                             Number of Target Elements: 725,416 | Peak Active   
                             Device Memory: 66.73 GiB | Peak Active Device      
                             Memory (%): 85% | Peak Reserved Device Memory:     
                             74.52 GiB | Peak Reserved Device Memory (%): 95%   
[08/20/25 00:47:18] INFO     fairseq2 - Train Metrics (step 25) - DPO Loss:     
                             0.372341 | Chosen Sequence Log Probabilities:      
                             -279.021 | Rejected Sequence Log Probabilities:    
                             -327.082 | Chosen Sequence Length: 406.188 |       
                             Rejected Sequence Length: 321.219 | NLL Loss:      
                             0.686983 | Gradient Norm: 42.3739 | Data Epoch: 1 |
                             Data Time: <1s | Compute Time: 13s | Lapse Time:   
                             13s | Total Time: 442s | Wall Time: 442s | Learning
                             Rate: 5.6e-07 | Batch Size: 64 | Elements per      
                             Batch: 84,850 | Elements per Second: 6,364 | Number
                             of Examples: 64 | Number of Elements: 84,850 |     
                             Number of Target Elements: 25,996 | Padding: 0 |   
                             Padding Ratio (%): 0% | Total Number of Examples:  
                             1,600 | Total Number of Elements: 2,137,813 | Total
                             Number of Target Elements: 751,412 | Peak Active   
                             Device Memory: 60.91 GiB | Peak Active Device      
                             Memory (%): 77% | Peak Reserved Device Memory:     
                             72.13 GiB | Peak Reserved Device Memory (%): 92%   
[08/20/25 00:47:31] INFO     fairseq2 - Train Metrics (step 26) - DPO Loss:     
                             0.39563 | Chosen Sequence Log Probabilities:       
                             -272.952 | Rejected Sequence Log Probabilities:    
                             -298.119 | Chosen Sequence Length: 381.359 |       
                             Rejected Sequence Length: 314.625 | NLL Loss:      
                             0.71555 | Gradient Norm: 38.414 | Data Epoch: 1 |  
                             Data Time: <1s | Compute Time: 13s | Lapse Time:   
                             13s | Total Time: 455s | Wall Time: 455s | Learning
                             Rate: 5.83333e-07 | Batch Size: 64 | Elements per  
                             Batch: 74,519 | Elements per Second: 5,699 | Number
                             of Examples: 64 | Number of Elements: 74,519 |     
                             Number of Target Elements: 24,407 | Padding: 0 |   
                             Padding Ratio (%): 0% | Total Number of Examples:  
                             1,664 | Total Number of Elements: 2,212,332 | Total
                             Number of Target Elements: 775,819 | Peak Active   
                             Device Memory: 60.14 GiB | Peak Active Device      
                             Memory (%): 76% | Peak Reserved Device Memory:     
                             72.13 GiB | Peak Reserved Device Memory (%): 92%   
[08/20/25 00:47:46] INFO     fairseq2 - Train Metrics (step 27) - DPO Loss:     
                             0.322317 | Chosen Sequence Log Probabilities:      
                             -289.243 | Rejected Sequence Log Probabilities:    
                             -345.121 | Chosen Sequence Length: 465.078 |       
                             Rejected Sequence Length: 342.078 | NLL Loss:      
                             0.622151 | Gradient Norm: 36.0097 | Data Epoch: 1 |
                             Data Time: <1s | Compute Time: 14s | Lapse Time:   
                             14s | Total Time: 470s | Wall Time: 470s | Learning
                             Rate: 6.06667e-07 | Batch Size: 64 | Elements per  
                             Batch: 85,539 | Elements per Second: 5,798 | Number
                             of Examples: 64 | Number of Elements: 85,539 |     
                             Number of Target Elements: 29,765 | Padding: 0 |   
                             Padding Ratio (%): 0% | Total Number of Examples:  
                             1,728 | Total Number of Elements: 2,297,871 | Total
                             Number of Target Elements: 805,584 | Peak Active   
                             Device Memory: 59.81 GiB | Peak Active Device      
                             Memory (%): 76% | Peak Reserved Device Memory:     
                             72.13 GiB | Peak Reserved Device Memory (%): 92%   
[08/20/25 00:47:58] INFO     fairseq2 - Train Metrics (step 28) - DPO Loss:     
                             0.294228 | Chosen Sequence Log Probabilities:      
                             -298.645 | Rejected Sequence Log Probabilities:    
                             -298.445 | Chosen Sequence Length: 440.781 |       
                             Rejected Sequence Length: 302.609 | NLL Loss:      
                             0.677804 | Gradient Norm: 34.8114 | Data Epoch: 1 |
                             Data Time: <1s | Compute Time: 12s | Lapse Time:   
                             12s | Total Time: 483s | Wall Time: 483s | Learning
                             Rate: 6.3e-07 | Batch Size: 64 | Elements per      
                             Batch: 81,738 | Elements per Second: 6,345 | Number
                             of Examples: 64 | Number of Elements: 81,738 |     
                             Number of Target Elements: 28,210 | Padding: 0 |   
                             Padding Ratio (%): 0% | Total Number of Examples:  
                             1,792 | Total Number of Elements: 2,379,609 | Total
                             Number of Target Elements: 833,794 | Peak Active   
                             Device Memory: 64.41 GiB | Peak Active Device      
                             Memory (%): 82% | Peak Reserved Device Memory:     
                             73.81 GiB | Peak Reserved Device Memory (%): 94%   
[08/20/25 00:48:13] INFO     fairseq2 - Train Metrics (step 29) - DPO Loss:     
                             0.30847 | Chosen Sequence Log Probabilities:       
                             -384.279 | Rejected Sequence Log Probabilities:    
                             -361.967 | Chosen Sequence Length: 490.797 |       
                             Rejected Sequence Length: 402.078 | NLL Loss:      
                             0.783214 | Gradient Norm: 34.9107 | Data Epoch: 1 |
                             Data Time: <1s | Compute Time: 14s | Lapse Time:   
                             14s | Total Time: 498s | Wall Time: 498s | Learning
                             Rate: 6.53333e-07 | Batch Size: 64 | Elements per  
                             Batch: 95,549 | Elements per Second: 6,432 | Number
                             of Examples: 64 | Number of Elements: 95,549 |     
                             Number of Target Elements: 31,411 | Padding: 0 |   
                             Padding Ratio (%): 0% | Total Number of Examples:  
                             1,856 | Total Number of Elements: 2,475,158 | Total
                             Number of Target Elements: 865,205 | Peak Active   
                             Device Memory: 62.10 GiB | Peak Active Device      
                             Memory (%): 79% | Peak Reserved Device Memory:     
                             72.89 GiB | Peak Reserved Device Memory (%): 93%   
[08/20/25 00:48:31] INFO     fairseq2 - Train Metrics (step 30) - DPO Loss:     
                             0.292664 | Chosen Sequence Log Probabilities:      
                             -286.471 | Rejected Sequence Log Probabilities:    
                             -322.269 | Chosen Sequence Length: 400.781 |       
                             Rejected Sequence Length: 315.266 | NLL Loss:      
                             0.715364 | Gradient Norm: 35.5479 | Data Epoch: 1 |
                             Data Time: <1s | Compute Time: 17s | Lapse Time:   
                             17s | Total Time: 516s | Wall Time: 516s | Learning
                             Rate: 6.76667e-07 | Batch Size: 64 | Elements per  
                             Batch: 78,170 | Elements per Second: 4,357 | Number
                             of Examples: 64 | Number of Elements: 78,170 |     
                             Number of Target Elements: 25,650 | Padding: 0 |   
                             Padding Ratio (%): 0% | Total Number of Examples:  
                             1,920 | Total Number of Elements: 2,553,328 | Total
                             Number of Target Elements: 890,855 | Peak Active   
                             Device Memory: 66.64 GiB | Peak Active Device      
                             Memory (%): 85% | Peak Reserved Device Memory:     
                             74.81 GiB | Peak Reserved Device Memory (%): 95%   
[08/20/25 00:48:45] INFO     fairseq2 - Train Metrics (step 31) - DPO Loss:     
                             0.251084 | Chosen Sequence Log Probabilities:      
                             -323.175 | Rejected Sequence Log Probabilities:    
                             -411.932 | Chosen Sequence Length: 397.781 |       
                             Rejected Sequence Length: 365.547 | NLL Loss:      
                             0.812638 | Gradient Norm: 29.581 | Data Epoch: 1 | 
                             Data Time: <1s | Compute Time: 13s | Lapse Time:   
                             13s | Total Time: 529s | Wall Time: 529s | Learning
                             Rate: 7e-07 | Batch Size: 64 | Elements per Batch: 
                             78,103 | Elements per Second: 5,954 | Number of    
                             Examples: 64 | Number of Elements: 78,103 | Number 
                             of Target Elements: 25,458 | Padding: 0 | Padding  
                             Ratio (%): 0% | Total Number of Examples: 1,984 |  
                             Total Number of Elements: 2,631,431 | Total Number 
                             of Target Elements: 916,313 | Peak Active Device   
                             Memory: 63.20 GiB | Peak Active Device Memory (%): 
                             80% | Peak Reserved Device Memory: 74.09 GiB | Peak
                             Reserved Device Memory (%): 94%                    
[08/20/25 00:48:58] INFO     fairseq2 - Train Metrics (step 32) - DPO Loss:     
                             0.364827 | Chosen Sequence Log Probabilities:      
                             -378.141 | Rejected Sequence Log Probabilities:    
                             -405.193 | Chosen Sequence Length: 485.547 |       
                             Rejected Sequence Length: 382.844 | NLL Loss:      
                             0.77879 | Gradient Norm: 48.0864 | Data Epoch: 1 | 
                             Data Time: <1s | Compute Time: 13s | Lapse Time:   
                             13s | Total Time: 543s | Wall Time: 543s | Learning
                             Rate: 7e-07 | Batch Size: 64 | Elements per Batch: 
                             90,967 | Elements per Second: 6,936 | Number of    
                             Examples: 64 | Number of Elements: 90,967 | Number 
                             of Target Elements: 31,075 | Padding: 0 | Padding  
                             Ratio (%): 0% | Total Number of Examples: 2,048 |  
                             Total Number of Elements: 2,722,398 | Total Number 
                             of Target Elements: 947,388 | Peak Active Device   
                             Memory: 64.34 GiB | Peak Active Device Memory (%): 
                             82% | Peak Reserved Device Memory: 74.56 GiB | Peak
                             Reserved Device Memory (%): 95%                    
[08/20/25 00:49:10] INFO     fairseq2 - Train Metrics (step 33) - DPO Loss:     
                             0.235204 | Chosen Sequence Log Probabilities:      
                             -288.675 | Rejected Sequence Log Probabilities:    
                             -341.953 | Chosen Sequence Length: 396.406 |       
                             Rejected Sequence Length: 273.594 | NLL Loss:      
                             0.728659 | Gradient Norm: 30.7208 | Data Epoch: 1 |
                             Data Time: <1s | Compute Time: 12s | Lapse Time:   
                             12s | Total Time: 555s | Wall Time: 555s | Learning
                             Rate: 6.99998e-07 | Batch Size: 64 | Elements per  
                             Batch: 78,146 | Elements per Second: 6,234 | Number
                             of Examples: 64 | Number of Elements: 78,146 |     
                             Number of Target Elements: 25,370 | Padding: 0 |   
                             Padding Ratio (%): 0% | Total Number of Examples:  
                             2,112 | Total Number of Elements: 2,800,544 | Total
                             Number of Target Elements: 972,758 | Peak Active   
                             Device Memory: 65.42 GiB | Peak Active Device      
                             Memory (%): 83% | Peak Reserved Device Memory:     
                             74.45 GiB | Peak Reserved Device Memory (%): 95%   
[08/20/25 00:49:28] INFO     fairseq2 - Train Metrics (step 34) - DPO Loss:     
                             0.28372 | Chosen Sequence Log Probabilities:       
                             -301.418 | Rejected Sequence Log Probabilities:    
                             -357.18 | Chosen Sequence Length: 460.875 |        
                             Rejected Sequence Length: 347.609 | NLL Loss:      
                             0.65391 | Gradient Norm: 43.4336 | Data Epoch: 1 | 
                             Data Time: <1s | Compute Time: 17s | Lapse Time:   
                             17s | Total Time: 573s | Wall Time: 573s | Learning
                             Rate: 6.99996e-07 | Batch Size: 64 | Elements per  
                             Batch: 94,206 | Elements per Second: 5,410 | Number
                             of Examples: 64 | Number of Elements: 94,206 |     
                             Number of Target Elements: 29,496 | Padding: 0 |   
                             Padding Ratio (%): 0% | Total Number of Examples:  
                             2,176 | Total Number of Elements: 2,894,750 | Total
                             Number of Target Elements: 1,002,254 | Peak Active 
                             Device Memory: 60.79 GiB | Peak Active Device      
                             Memory (%): 77% | Peak Reserved Device Memory:     
                             74.56 GiB | Peak Reserved Device Memory (%): 95%   
[08/20/25 00:49:44] INFO     fairseq2 - Train Metrics (step 35) - DPO Loss:     
                             0.306399 | Chosen Sequence Log Probabilities:      
                             -373.337 | Rejected Sequence Log Probabilities:    
                             -436.432 | Chosen Sequence Length: 397.281 |       
                             Rejected Sequence Length: 361.906 | NLL Loss:      
                             0.93984 | Gradient Norm: 57.6412 | Data Epoch: 1 | 
                             Data Time: <1s | Compute Time: 16s | Lapse Time:   
                             16s | Total Time: 589s | Wall Time: 589s | Learning
                             Rate: 6.99993e-07 | Batch Size: 64 | Elements per  
                             Batch: 76,961 | Elements per Second: 4,797 | Number
                             of Examples: 64 | Number of Elements: 76,961 |     
                             Number of Target Elements: 25,426 | Padding: 0 |   
                             Padding Ratio (%): 0% | Total Number of Examples:  
                             2,240 | Total Number of Elements: 2,971,711 | Total
                             Number of Target Elements: 1,027,680 | Peak Active 
                             Device Memory: 64.09 GiB | Peak Active Device      
                             Memory (%): 81% | Peak Reserved Device Memory:     
                             74.11 GiB | Peak Reserved Device Memory (%): 94%   
[08/20/25 00:49:57] INFO     fairseq2 - Train Metrics (step 36) - DPO Loss:     
                             0.274293 | Chosen Sequence Log Probabilities:      
                             -389.105 | Rejected Sequence Log Probabilities:    
                             -399.824 | Chosen Sequence Length: 482.109 |       
                             Rejected Sequence Length: 364.047 | NLL Loss:      
                             0.806923 | Gradient Norm: 32.6566 | Data Epoch: 1 |
                             Data Time: <1s | Compute Time: 12s | Lapse Time:   
                             12s | Total Time: 601s | Wall Time: 601s | Learning
                             Rate: 6.99989e-07 | Batch Size: 64 | Elements per  
                             Batch: 75,560 | Elements per Second: 6,096 | Number
                             of Examples: 64 | Number of Elements: 75,560 |     
                             Number of Target Elements: 30,855 | Padding: 0 |   
                             Padding Ratio (%): 0% | Total Number of Examples:  
                             2,304 | Total Number of Elements: 3,047,271 | Total
                             Number of Target Elements: 1,058,535 | Peak Active 
                             Device Memory: 66.80 GiB | Peak Active Device      
                             Memory (%): 85% | Peak Reserved Device Memory:     
                             74.55 GiB | Peak Reserved Device Memory (%): 95%   
[08/20/25 00:50:12] INFO     fairseq2 - Train Metrics (step 37) - DPO Loss:     
                             0.223901 | Chosen Sequence Log Probabilities:      
                             -395.977 | Rejected Sequence Log Probabilities:    
                             -419.688 | Chosen Sequence Length: 475.062 |       
                             Rejected Sequence Length: 384.875 | NLL Loss:      
                             0.833612 | Gradient Norm: 43.7962 | Data Epoch: 1 |
                             Data Time: <1s | Compute Time: 15s | Lapse Time:   
                             15s | Total Time: 617s | Wall Time: 617s | Learning
                             Rate: 6.99984e-07 | Batch Size: 64 | Elements per  
                             Batch: 84,721 | Elements per Second: 5,416 | Number
                             of Examples: 64 | Number of Elements: 84,721 |     
                             Number of Target Elements: 30,404 | Padding: 0 |   
                             Padding Ratio (%): 0% | Total Number of Examples:  
                             2,368 | Total Number of Elements: 3,131,992 | Total
                             Number of Target Elements: 1,088,939 | Peak Active 
                             Device Memory: 59.89 GiB | Peak Active Device      
                             Memory (%): 76% | Peak Reserved Device Memory:     
                             74.32 GiB | Peak Reserved Device Memory (%): 94%   
[08/20/25 00:50:25] INFO     fairseq2 - Train Metrics (step 38) - DPO Loss:     
                             0.171798 | Chosen Sequence Log Probabilities:      
                             -361.93 | Rejected Sequence Log Probabilities:     
                             -433.392 | Chosen Sequence Length: 437.922 |       
                             Rejected Sequence Length: 361.766 | NLL Loss:      
                             0.826314 | Gradient Norm: 32.2574 | Data Epoch: 1 |
                             Data Time: <1s | Compute Time: 12s | Lapse Time:   
                             12s | Total Time: 629s | Wall Time: 629s | Learning
                             Rate: 6.99978e-07 | Batch Size: 64 | Elements per  
                             Batch: 82,420 | Elements per Second: 6,782 | Number
                             of Examples: 64 | Number of Elements: 82,420 |     
                             Number of Target Elements: 28,027 | Padding: 0 |   
                             Padding Ratio (%): 0% | Total Number of Examples:  
                             2,432 | Total Number of Elements: 3,214,412 | Total
                             Number of Target Elements: 1,116,966 | Peak Active 
                             Device Memory: 62.00 GiB | Peak Active Device      
                             Memory (%): 79% | Peak Reserved Device Memory:     
                             74.46 GiB | Peak Reserved Device Memory (%): 95%   
[08/20/25 00:50:38] INFO     fairseq2 - Train Metrics (step 39) - DPO Loss:     
                             0.179546 | Chosen Sequence Log Probabilities:      
                             -394.828 | Rejected Sequence Log Probabilities:    
                             -479.758 | Chosen Sequence Length: 464.797 |       
                             Rejected Sequence Length: 408.141 | NLL Loss:      
                             0.849497 | Gradient Norm: 40.7937 | Data Epoch: 1 |
                             Data Time: <1s | Compute Time: 13s | Lapse Time:   
                             13s | Total Time: 643s | Wall Time: 643s | Learning
                             Rate: 6.99972e-07 | Batch Size: 64 | Elements per  
                             Batch: 75,584 | Elements per Second: 5,550 | Number
                             of Examples: 64 | Number of Elements: 75,584 |     
                             Number of Target Elements: 29,747 | Padding: 0 |   
                             Padding Ratio (%): 0% | Total Number of Examples:  
                             2,496 | Total Number of Elements: 3,289,996 | Total
                             Number of Target Elements: 1,146,713 | Peak Active 
                             Device Memory: 63.49 GiB | Peak Active Device      
                             Memory (%): 81% | Peak Reserved Device Memory:     
                             74.14 GiB | Peak Reserved Device Memory (%): 94%   
[08/20/25 00:50:54] INFO     fairseq2 - Train Metrics (step 40) - DPO Loss:     
                             0.186481 | Chosen Sequence Log Probabilities:      
                             -366.61 | Rejected Sequence Log Probabilities:     
                             -417.283 | Chosen Sequence Length: 448.766 |       
                             Rejected Sequence Length: 377.859 | NLL Loss:      
                             0.81727 | Gradient Norm: 25.9937 | Data Epoch: 1 | 
                             Data Time: <1s | Compute Time: 15s | Lapse Time:   
                             15s | Total Time: 659s | Wall Time: 659s | Learning
                             Rate: 6.99964e-07 | Batch Size: 64 | Elements per  
                             Batch: 92,757 | Elements per Second: 5,815 | Number
                             of Examples: 64 | Number of Elements: 92,757 |     
                             Number of Target Elements: 28,721 | Padding: 0 |   
                             Padding Ratio (%): 0% | Total Number of Examples:  
                             2,560 | Total Number of Elements: 3,382,753 | Total
                             Number of Target Elements: 1,175,434 | Peak Active 
                             Device Memory: 60.15 GiB | Peak Active Device      
                             Memory (%): 76% | Peak Reserved Device Memory:     
                             74.22 GiB | Peak Reserved Device Memory (%): 94%   
[08/20/25 00:51:06] INFO     fairseq2 - Train Metrics (step 41) - DPO Loss:     
                             0.19463 | Chosen Sequence Log Probabilities:       
                             -407.105 | Rejected Sequence Log Probabilities:    
                             -449.666 | Chosen Sequence Length: 518.703 |       
                             Rejected Sequence Length: 430.781 | NLL Loss:      
                             0.785044 | Gradient Norm: 26.3007 | Data Epoch: 1 |
                             Data Time: <1s | Compute Time: 11s | Lapse Time:   
                             11s | Total Time: 671s | Wall Time: 671s | Learning
                             Rate: 6.99955e-07 | Batch Size: 64 | Elements per  
                             Batch: 82,485 | Elements per Second: 7,166 | Number
                             of Examples: 64 | Number of Elements: 82,485 |     
                             Number of Target Elements: 33,197 | Padding: 0 |   
                             Padding Ratio (%): 0% | Total Number of Examples:  
                             2,624 | Total Number of Elements: 3,465,238 | Total
                             Number of Target Elements: 1,208,631 | Peak Active 
                             Device Memory: 65.94 GiB | Peak Active Device      
                             Memory (%): 84% | Peak Reserved Device Memory:     
                             74.22 GiB | Peak Reserved Device Memory (%): 94%   
[08/20/25 00:51:24] INFO     fairseq2 - Train Metrics (step 42) - DPO Loss:     
                             0.165134 | Chosen Sequence Log Probabilities:      
                             -321.943 | Rejected Sequence Log Probabilities:    
                             -416.459 | Chosen Sequence Length: 462.297 |       
                             Rejected Sequence Length: 367.438 | NLL Loss:      
                             0.696403 | Gradient Norm: 21.4838 | Data Epoch: 1 |
                             Data Time: <1s | Compute Time: 17s | Lapse Time:   
                             17s | Total Time: 688s | Wall Time: 688s | Learning
                             Rate: 6.99946e-07 | Batch Size: 64 | Elements per  
                             Batch: 87,508 | Elements per Second: 4,965 | Number
                             of Examples: 64 | Number of Elements: 87,508 |     
                             Number of Target Elements: 29,587 | Padding: 0 |   
                             Padding Ratio (%): 0% | Total Number of Examples:  
                             2,688 | Total Number of Elements: 3,552,746 | Total
                             Number of Target Elements: 1,238,218 | Peak Active 
                             Device Memory: 60.07 GiB | Peak Active Device      
                             Memory (%): 76% | Peak Reserved Device Memory:     
                             73.72 GiB | Peak Reserved Device Memory (%): 94%   
[08/20/25 00:51:40] INFO     fairseq2 - Train Metrics (step 43) - DPO Loss:     
                             0.179967 | Chosen Sequence Log Probabilities:      
                             -414.932 | Rejected Sequence Log Probabilities:    
                             -444.43 | Chosen Sequence Length: 479.547 |        
                             Rejected Sequence Length: 361.656 | NLL Loss:      
                             0.865417 | Gradient Norm: 29.3683 | Data Epoch: 1 |
                             Data Time: <1s | Compute Time: 16s | Lapse Time:   
                             16s | Total Time: 705s | Wall Time: 705s | Learning
                             Rate: 6.99936e-07 | Batch Size: 64 | Elements per  
                             Batch: 99,848 | Elements per Second: 6,011 | Number
                             of Examples: 64 | Number of Elements: 99,848 |     
                             Number of Target Elements: 30,691 | Padding: 0 |   
                             Padding Ratio (%): 0% | Total Number of Examples:  
                             2,752 | Total Number of Elements: 3,652,594 | Total
                             Number of Target Elements: 1,268,909 | Peak Active 
                             Device Memory: 65.11 GiB | Peak Active Device      
                             Memory (%): 83% | Peak Reserved Device Memory:     
                             73.72 GiB | Peak Reserved Device Memory (%): 94%   
[08/20/25 00:51:55] INFO     fairseq2 - Train Metrics (step 44) - DPO Loss:     
                             0.168326 | Chosen Sequence Log Probabilities:      
                             -377.352 | Rejected Sequence Log Probabilities:    
                             -455.295 | Chosen Sequence Length: 433.562 |       
                             Rejected Sequence Length: 357.031 | NLL Loss:      
                             0.870216 | Gradient Norm: 29.8172 | Data Epoch: 1 |
                             Data Time: <1s | Compute Time: 14s | Lapse Time:   
                             14s | Total Time: 719s | Wall Time: 719s | Learning
                             Rate: 6.99925e-07 | Batch Size: 64 | Elements per  
                             Batch: 88,741 | Elements per Second: 6,203 | Number
                             of Examples: 64 | Number of Elements: 88,741 |     
                             Number of Target Elements: 27,748 | Padding: 0 |   
                             Padding Ratio (%): 0% | Total Number of Examples:  
                             2,816 | Total Number of Elements: 3,741,335 | Total
                             Number of Target Elements: 1,296,657 | Peak Active 
                             Device Memory: 61.24 GiB | Peak Active Device      
                             Memory (%): 78% | Peak Reserved Device Memory:     
                             72.47 GiB | Peak Reserved Device Memory (%): 92%   
[08/20/25 00:52:08] INFO     fairseq2 - Train Metrics (step 45) - DPO Loss:     
                             0.159353 | Chosen Sequence Log Probabilities:      
                             -379.189 | Rejected Sequence Log Probabilities:    
                             -464.633 | Chosen Sequence Length: 489 | Rejected  
                             Sequence Length: 389.125 | NLL Loss: 0.775059 |    
                             Gradient Norm: 27.6256 | Data Epoch: 1 | Data Time:
                             <1s | Compute Time: 13s | Lapse Time: 13s | Total  
                             Time: 733s | Wall Time: 733s | Learning Rate:      
                             6.99913e-07 | Batch Size: 64 | Elements per Batch: 
                             77,238 | Elements per Second: 5,644 | Number of    
                             Examples: 64 | Number of Elements: 77,238 | Number 
                             of Target Elements: 31,296 | Padding: 0 | Padding  
                             Ratio (%): 0% | Total Number of Examples: 2,880 |  
                             Total Number of Elements: 3,818,573 | Total Number 
                             of Target Elements: 1,327,953 | Peak Active Device 
                             Memory: 59.95 GiB | Peak Active Device Memory (%): 
                             76% | Peak Reserved Device Memory: 72.47 GiB | Peak
                             Reserved Device Memory (%): 92%                    
[08/20/25 00:52:25] INFO     fairseq2 - Train Metrics (step 46) - DPO Loss:     
                             0.291043 | Chosen Sequence Log Probabilities:      
                             -422.275 | Rejected Sequence Log Probabilities:    
                             -461.695 | Chosen Sequence Length: 526.891 |       
                             Rejected Sequence Length: 378.531 | NLL Loss:      
                             0.8021 | Gradient Norm: 43.7659 | Data Epoch: 1 |  
                             Data Time: <1s | Compute Time: 16s | Lapse Time:   
                             16s | Total Time: 749s | Wall Time: 749s | Learning
                             Rate: 6.999e-07 | Batch Size: 64 | Elements per    
                             Batch: 89,483 | Elements per Second: 5,516 | Number
                             of Examples: 64 | Number of Elements: 89,483 |     
                             Number of Target Elements: 33,721 | Padding: 0 |   
                             Padding Ratio (%): 0% | Total Number of Examples:  
                             2,944 | Total Number of Elements: 3,908,056 | Total
                             Number of Target Elements: 1,361,674 | Peak Active 
                             Device Memory: 62.02 GiB | Peak Active Device      
                             Memory (%): 79% | Peak Reserved Device Memory:     
                             73.60 GiB | Peak Reserved Device Memory (%): 93%   
[08/20/25 00:52:41] INFO     fairseq2 - Train Metrics (step 47) - DPO Loss:     
                             0.209828 | Chosen Sequence Log Probabilities:      
                             -382.271 | Rejected Sequence Log Probabilities:    
                             -411.594 | Chosen Sequence Length: 493.953 |       
                             Rejected Sequence Length: 346.812 | NLL Loss:      
                             0.774167 | Gradient Norm: 35.3654 | Data Epoch: 1 |
                             Data Time: <1s | Compute Time: 15s | Lapse Time:   
                             15s | Total Time: 765s | Wall Time: 765s | Learning
                             Rate: 6.99886e-07 | Batch Size: 64 | Elements per  
                             Batch: 89,528 | Elements per Second: 5,664 | Number
                             of Examples: 64 | Number of Elements: 89,528 |     
                             Number of Target Elements: 31,613 | Padding: 0 |   
                             Padding Ratio (%): 0% | Total Number of Examples:  
                             3,008 | Total Number of Elements: 3,997,584 | Total
                             Number of Target Elements: 1,393,287 | Peak Active 
                             Device Memory: 59.91 GiB | Peak Active Device      
                             Memory (%): 76% | Peak Reserved Device Memory:     
                             73.16 GiB | Peak Reserved Device Memory (%): 93%   
[08/20/25 00:52:55] INFO     fairseq2 - Train Metrics (step 48) - DPO Loss:     
                             0.145687 | Chosen Sequence Log Probabilities:      
                             -400.395 | Rejected Sequence Log Probabilities:    
                             -459.414 | Chosen Sequence Length: 501.25 |        
                             Rejected Sequence Length: 418.156 | NLL Loss:      
                             0.79926 | Gradient Norm: 20.1787 | Data Epoch: 1 | 
                             Data Time: <1s | Compute Time: 14s | Lapse Time:   
                             14s | Total Time: 780s | Wall Time: 780s | Learning
                             Rate: 6.99871e-07 | Batch Size: 64 | Elements per  
                             Batch: 82,276 | Elements per Second: 5,592 | Number
                             of Examples: 64 | Number of Elements: 82,276 |     
                             Number of Target Elements: 32,080 | Padding: 0 |   
                             Padding Ratio (%): 0% | Total Number of Examples:  
                             3,072 | Total Number of Elements: 4,079,860 | Total
                             Number of Target Elements: 1,425,367 | Peak Active 
                             Device Memory: 60.18 GiB | Peak Active Device      
                             Memory (%): 76% | Peak Reserved Device Memory:     
                             73.16 GiB | Peak Reserved Device Memory (%): 93%   
[08/20/25 00:53:14] INFO     fairseq2 - Train Metrics (step 49) - DPO Loss:     
                             0.124602 | Chosen Sequence Log Probabilities:      
                             -381.525 | Rejected Sequence Log Probabilities:    
                             -433.535 | Chosen Sequence Length: 524.109 |       
                             Rejected Sequence Length: 379.25 | NLL Loss:       
                             0.727931 | Gradient Norm: 22.8532 | Data Epoch: 1 |
                             Data Time: <1s | Compute Time: 18s | Lapse Time:   
                             18s | Total Time: 799s | Wall Time: 799s | Learning
                             Rate: 6.99856e-07 | Batch Size: 64 | Elements per  
                             Batch: 102,007 | Elements per Second: 5,494 |      
                             Number of Examples: 64 | Number of Elements:       
                             102,007 | Number of Target Elements: 33,543 |      
                             Padding: 0 | Padding Ratio (%): 0% | Total Number  
                             of Examples: 3,136 | Total Number of Elements:     
                             4,181,867 | Total Number of Target Elements:       
                             1,458,910 | Peak Active Device Memory: 63.50 GiB | 
                             Peak Active Device Memory (%): 81% | Peak Reserved 
                             Device Memory: 74.47 GiB | Peak Reserved Device    
                             Memory (%): 95%                                    
[08/20/25 00:53:32] INFO     fairseq2 - Train Metrics (step 50) - DPO Loss:     
                             0.253008 | Chosen Sequence Log Probabilities:      
                             -355.242 | Rejected Sequence Log Probabilities:    
                             -436.574 | Chosen Sequence Length: 444.75 |        
                             Rejected Sequence Length: 377.031 | NLL Loss:      
                             0.798946 | Gradient Norm: 38.6959 | Data Epoch: 1 |
                             Data Time: <1s | Compute Time: 17s | Lapse Time:   
                             17s | Total Time: 816s | Wall Time: 816s | Learning
                             Rate: 6.99839e-07 | Batch Size: 64 | Elements per  
                             Batch: 77,093 | Elements per Second: 4,439 | Number
                             of Examples: 64 | Number of Elements: 77,093 |     
                             Number of Target Elements: 28,464 | Padding: 0 |   
                             Padding Ratio (%): 0% | Total Number of Examples:  
                             3,200 | Total Number of Elements: 4,258,960 | Total
                             Number of Target Elements: 1,487,374 | Peak Active 
                             Device Memory: 59.87 GiB | Peak Active Device      
                             Memory (%): 76% | Peak Reserved Device Memory:     
                             74.80 GiB | Peak Reserved Device Memory (%): 95%   
[08/20/25 00:53:46] INFO     fairseq2 - Train Metrics (step 51) - DPO Loss:     
                             0.171629 | Chosen Sequence Log Probabilities:      
                             -311.389 | Rejected Sequence Log Probabilities:    
                             -397.932 | Chosen Sequence Length: 409.438 |       
                             Rejected Sequence Length: 341.875 | NLL Loss:      
                             0.76018 | Gradient Norm: 25.7963 | Data Epoch: 1 | 
                             Data Time: <1s | Compute Time: 14s | Lapse Time:   
                             14s | Total Time: 830s | Wall Time: 830s | Learning
                             Rate: 6.99822e-07 | Batch Size: 64 | Elements per  
                             Batch: 78,855 | Elements per Second: 5,580 | Number
                             of Examples: 64 | Number of Elements: 78,855 |     
                             Number of Target Elements: 26,204 | Padding: 0 |   
                             Padding Ratio (%): 0% | Total Number of Examples:  
                             3,264 | Total Number of Elements: 4,337,815 | Total
                             Number of Target Elements: 1,513,578 | Peak Active 
                             Device Memory: 59.88 GiB | Peak Active Device      
                             Memory (%): 76% | Peak Reserved Device Memory:     
                             71.53 GiB | Peak Reserved Device Memory (%): 91%   
                    INFO     fairseq2 - End of epoch 1 reached after step 51.   
[08/20/25 00:54:00] INFO     fairseq2 - Train Metrics (step 52) - DPO Loss:     
                             0.161435 | Chosen Sequence Log Probabilities:      
                             -336.688 | Rejected Sequence Log Probabilities:    
                             -411.666 | Chosen Sequence Length: 434.297 |       
                             Rejected Sequence Length: 352.312 | NLL Loss:      
                             0.775508 | Gradient Norm: 34.0556 | Data Epoch: 2 |
                             Data Time: 1s | Compute Time: 13s | Lapse Time: 14s
                             | Total Time: 845s | Wall Time: 845s | Learning    
                             Rate: 6.99804e-07 | Batch Size: 64 | Elements per  
                             Batch: 81,187 | Elements per Second: 5,729 | Number
                             of Examples: 64 | Number of Elements: 81,187 |     
                             Number of Target Elements: 27,795 | Padding: 0 |   
                             Padding Ratio (%): 0% | Total Number of Examples:  
                             3,328 | Total Number of Elements: 4,419,002 | Total
                             Number of Target Elements: 1,541,373 | Peak Active 
                             Device Memory: 61.05 GiB | Peak Active Device      
                             Memory (%): 78% | Peak Reserved Device Memory:     
                             74.26 GiB | Peak Reserved Device Memory (%): 94%   
[08/20/25 00:54:14] INFO     fairseq2 - Train Metrics (step 53) - DPO Loss:     
                             0.138546 | Chosen Sequence Log Probabilities:      
                             -358.055 | Rejected Sequence Log Probabilities:    
                             -389.93 | Chosen Sequence Length: 427.703 |        
                             Rejected Sequence Length: 329.766 | NLL Loss:      
                             0.83729 | Gradient Norm: 14.2277 | Data Epoch: 2 | 
                             Data Time: <1s | Compute Time: 14s | Lapse Time:   
                             14s | Total Time: 859s | Wall Time: 859s | Learning
                             Rate: 6.99785e-07 | Batch Size: 64 | Elements per  
                             Batch: 78,442 | Elements per Second: 5,491 | Number
                             of Examples: 64 | Number of Elements: 78,442 |     
                             Number of Target Elements: 27,373 | Padding: 0 |   
                             Padding Ratio (%): 0% | Total Number of Examples:  
                             3,392 | Total Number of Elements: 4,497,444 | Total
                             Number of Target Elements: 1,568,746 | Peak Active 
                             Device Memory: 65.49 GiB | Peak Active Device      
                             Memory (%): 83% | Peak Reserved Device Memory:     
                             74.71 GiB | Peak Reserved Device Memory (%): 95%   
[08/20/25 00:54:29] INFO     fairseq2 - Train Metrics (step 54) - DPO Loss:     
                             0.123079 | Chosen Sequence Log Probabilities:      
                             -341.686 | Rejected Sequence Log Probabilities:    
                             -399.719 | Chosen Sequence Length: 410.75 |        
                             Rejected Sequence Length: 352.516 | NLL Loss:      
                             0.832155 | Gradient Norm: 15.7474 | Data Epoch: 2 |
                             Data Time: <1s | Compute Time: 14s | Lapse Time:   
                             14s | Total Time: 874s | Wall Time: 874s | Learning
                             Rate: 6.99765e-07 | Batch Size: 64 | Elements per  
                             Batch: 73,680 | Elements per Second: 4,996 | Number
                             of Examples: 64 | Number of Elements: 73,680 |     
                             Number of Target Elements: 26,288 | Padding: 0 |   
                             Padding Ratio (%): 0% | Total Number of Examples:  
                             3,456 | Total Number of Elements: 4,571,124 | Total
                             Number of Target Elements: 1,595,034 | Peak Active 
                             Device Memory: 61.31 GiB | Peak Active Device      
                             Memory (%): 78% | Peak Reserved Device Memory:     
                             72.33 GiB | Peak Reserved Device Memory (%): 92%   
[08/20/25 00:54:45] INFO     fairseq2 - Train Metrics (step 55) - DPO Loss:     
                             0.168012 | Chosen Sequence Log Probabilities:      
                             -360.324 | Rejected Sequence Log Probabilities:    
                             -404.289 | Chosen Sequence Length: 506.484 |       
                             Rejected Sequence Length: 386.016 | NLL Loss:      
                             0.711459 | Gradient Norm: 22.3381 | Data Epoch: 2 |
                             Data Time: <1s | Compute Time: 15s | Lapse Time:   
                             15s | Total Time: 889s | Wall Time: 889s | Learning
                             Rate: 6.99744e-07 | Batch Size: 64 | Elements per  
                             Batch: 91,696 | Elements per Second: 5,938 | Number
                             of Examples: 64 | Number of Elements: 91,696 |     
                             Number of Target Elements: 32,415 | Padding: 0 |   
                             Padding Ratio (%): 0% | Total Number of Examples:  
                             3,520 | Total Number of Elements: 4,662,820 | Total
                             Number of Target Elements: 1,627,449 | Peak Active 
                             Device Memory: 61.80 GiB | Peak Active Device      
                             Memory (%): 79% | Peak Reserved Device Memory:     
                             73.59 GiB | Peak Reserved Device Memory (%): 93%   
[08/20/25 00:55:04] INFO     fairseq2 - Train Metrics (step 56) - DPO Loss:     
                             0.0900816 | Chosen Sequence Log Probabilities:     
                             -353.842 | Rejected Sequence Log Probabilities:    
                             -463.504 | Chosen Sequence Length: 478.766 |       
                             Rejected Sequence Length: 422.156 | NLL Loss:      
                             0.739549 | Gradient Norm: 14.0985 | Data Epoch: 2 |
                             Data Time: <1s | Compute Time: 19s | Lapse Time:   
                             19s | Total Time: 909s | Wall Time: 909s | Learning
                             Rate: 6.99722e-07 | Batch Size: 64 | Elements per  
                             Batch: 94,113 | Elements per Second: 4,934 | Number
                             of Examples: 64 | Number of Elements: 94,113 |     
                             Number of Target Elements: 30,641 | Padding: 0 |   
                             Padding Ratio (%): 0% | Total Number of Examples:  
                             3,584 | Total Number of Elements: 4,756,933 | Total
                             Number of Target Elements: 1,658,090 | Peak Active 
                             Device Memory: 63.38 GiB | Peak Active Device      
                             Memory (%): 81% | Peak Reserved Device Memory:     
                             74.36 GiB | Peak Reserved Device Memory (%): 94%   
[08/20/25 00:55:17] INFO     fairseq2 - Train Metrics (step 57) - DPO Loss:     
                             0.093495 | Chosen Sequence Log Probabilities:      
                             -287.98 | Rejected Sequence Log Probabilities:     
                             -366.324 | Chosen Sequence Length: 436.422 |       
                             Rejected Sequence Length: 345.391 | NLL Loss:      
                             0.660078 | Gradient Norm: 18.666 | Data Epoch: 2 | 
                             Data Time: <1s | Compute Time: 13s | Lapse Time:   
                             13s | Total Time: 922s | Wall Time: 922s | Learning
                             Rate: 6.99699e-07 | Batch Size: 64 | Elements per  
                             Batch: 76,225 | Elements per Second: 5,790 | Number
                             of Examples: 64 | Number of Elements: 76,225 |     
                             Number of Target Elements: 27,931 | Padding: 0 |   
                             Padding Ratio (%): 0% | Total Number of Examples:  
                             3,648 | Total Number of Elements: 4,833,158 | Total
                             Number of Target Elements: 1,686,021 | Peak Active 
                             Device Memory: 65.09 GiB | Peak Active Device      
                             Memory (%): 83% | Peak Reserved Device Memory:     
                             74.69 GiB | Peak Reserved Device Memory (%): 95%   
[08/20/25 00:55:32] INFO     fairseq2 - Train Metrics (step 58) - DPO Loss:     
                             0.096561 | Chosen Sequence Log Probabilities:      
                             -316.503 | Rejected Sequence Log Probabilities:    
                             -408.215 | Chosen Sequence Length: 421.531 |       
                             Rejected Sequence Length: 369.703 | NLL Loss:      
                             0.750964 | Gradient Norm: 17.2312 | Data Epoch: 2 |
                             Data Time: <1s | Compute Time: 14s | Lapse Time:   
                             14s | Total Time: 936s | Wall Time: 936s | Learning
                             Rate: 6.99676e-07 | Batch Size: 64 | Elements per  
                             Batch: 81,417 | Elements per Second: 5,650 | Number
                             of Examples: 64 | Number of Elements: 81,417 |     
                             Number of Target Elements: 26,978 | Padding: 0 |   
                             Padding Ratio (%): 0% | Total Number of Examples:  
                             3,712 | Total Number of Elements: 4,914,575 | Total
                             Number of Target Elements: 1,712,999 | Peak Active 
                             Device Memory: 62.26 GiB | Peak Active Device      
                             Memory (%): 79% | Peak Reserved Device Memory:     
                             73.49 GiB | Peak Reserved Device Memory (%): 93%   
[08/20/25 00:55:46] INFO     fairseq2 - Train Metrics (step 59) - DPO Loss:     
                             0.0967894 | Chosen Sequence Log Probabilities:     
                             -362.666 | Rejected Sequence Log Probabilities:    
                             -421.065 | Chosen Sequence Length: 519.094 |       
                             Rejected Sequence Length: 390.469 | NLL Loss:      
                             0.698785 | Gradient Norm: 12.8525 | Data Epoch: 2 |
                             Data Time: <1s | Compute Time: 14s | Lapse Time:   
                             14s | Total Time: 950s | Wall Time: 950s | Learning
                             Rate: 6.99651e-07 | Batch Size: 64 | Elements per  
                             Batch: 86,806 | Elements per Second: 6,175 | Number
                             of Examples: 64 | Number of Elements: 86,806 |     
                             Number of Target Elements: 33,222 | Padding: 0 |   
                             Padding Ratio (%): 0% | Total Number of Examples:  
                             3,776 | Total Number of Elements: 5,001,381 | Total
                             Number of Target Elements: 1,746,221 | Peak Active 
                             Device Memory: 61.95 GiB | Peak Active Device      
                             Memory (%): 79% | Peak Reserved Device Memory:     
                             73.19 GiB | Peak Reserved Device Memory (%): 93%   
[08/20/25 00:56:01] INFO     fairseq2 - Train Metrics (step 60) - DPO Loss:     
                             0.050662 | Chosen Sequence Log Probabilities:      
                             -335.563 | Rejected Sequence Log Probabilities:    
                             -353.467 | Chosen Sequence Length: 467.031 |       
                             Rejected Sequence Length: 307.672 | NLL Loss:      
                             0.718629 | Gradient Norm: 11.1422 | Data Epoch: 2 |
                             Data Time: <1s | Compute Time: 15s | Lapse Time:   
                             15s | Total Time: 966s | Wall Time: 966s | Learning
                             Rate: 6.99626e-07 | Batch Size: 64 | Elements per  
                             Batch: 87,731 | Elements per Second: 5,766 | Number
                             of Examples: 64 | Number of Elements: 87,731 |     
                             Number of Target Elements: 29,890 | Padding: 0 |   
                             Padding Ratio (%): 0% | Total Number of Examples:  
                             3,840 | Total Number of Elements: 5,089,112 | Total
                             Number of Target Elements: 1,776,111 | Peak Active 
                             Device Memory: 60.24 GiB | Peak Active Device      
                             Memory (%): 77% | Peak Reserved Device Memory:     
                             73.22 GiB | Peak Reserved Device Memory (%): 93%   
[08/20/25 00:56:15] INFO     fairseq2 - Train Metrics (step 61) - DPO Loss:     
                             0.104654 | Chosen Sequence Log Probabilities:      
                             -287.174 | Rejected Sequence Log Probabilities:    
                             -399.102 | Chosen Sequence Length: 380.078 |       
                             Rejected Sequence Length: 371.375 | NLL Loss:      
                             0.755513 | Gradient Norm: 16.6322 | Data Epoch: 2 |
                             Data Time: <1s | Compute Time: 13s | Lapse Time:   
                             13s | Total Time: 979s | Wall Time: 979s | Learning
                             Rate: 6.996e-07 | Batch Size: 64 | Elements per    
                             Batch: 82,752 | Elements per Second: 6,078 | Number
                             of Examples: 64 | Number of Elements: 82,752 |     
                             Number of Target Elements: 24,325 | Padding: 0 |   
                             Padding Ratio (%): 0% | Total Number of Examples:  
                             3,904 | Total Number of Elements: 5,171,864 | Total
                             Number of Target Elements: 1,800,436 | Peak Active 
                             Device Memory: 66.71 GiB | Peak Active Device      
                             Memory (%): 85% | Peak Reserved Device Memory:     
                             74.43 GiB | Peak Reserved Device Memory (%): 94%   
[08/20/25 00:56:32] INFO     fairseq2 - Train Metrics (step 62) - DPO Loss:     
                             0.063276 | Chosen Sequence Log Probabilities:      
                             -319.639 | Rejected Sequence Log Probabilities:    
                             -420.852 | Chosen Sequence Length: 490.594 |       
                             Rejected Sequence Length: 402.594 | NLL Loss:      
                             0.651298 | Gradient Norm: 10.06 | Data Epoch: 2 |  
                             Data Time: <1s | Compute Time: 17s | Lapse Time:   
                             17s | Total Time: 997s | Wall Time: 997s | Learning
                             Rate: 6.99572e-07 | Batch Size: 64 | Elements per  
                             Batch: 94,766 | Elements per Second: 5,479 | Number
                             of Examples: 64 | Number of Elements: 94,766 |     
                             Number of Target Elements: 31,398 | Padding: 0 |   
                             Padding Ratio (%): 0% | Total Number of Examples:  
                             3,968 | Total Number of Elements: 5,266,630 | Total
                             Number of Target Elements: 1,831,834 | Peak Active 
                             Device Memory: 66.67 GiB | Peak Active Device      
                             Memory (%): 85% | Peak Reserved Device Memory:     
                             74.79 GiB | Peak Reserved Device Memory (%): 95%   
[08/20/25 00:56:47] INFO     fairseq2 - Train Metrics (step 63) - DPO Loss:     
                             0.083338 | Chosen Sequence Log Probabilities:      
                             -245.848 | Rejected Sequence Log Probabilities:    
                             -357.467 | Chosen Sequence Length: 357.594 |       
                             Rejected Sequence Length: 319.375 | NLL Loss:      
                             0.687731 | Gradient Norm: 10.7012 | Data Epoch: 2 |
                             Data Time: <1s | Compute Time: 15s | Lapse Time:   
                             15s | Total Time: 1,012s | Wall Time: 1,012s |     
                             Learning Rate: 6.99544e-07 | Batch Size: 64 |      
                             Elements per Batch: 80,880 | Elements per Second:  
                             5,370 | Number of Examples: 64 | Number of         
                             Elements: 80,880 | Number of Target Elements:      
                             22,886 | Padding: 0 | Padding Ratio (%): 0% | Total
                             Number of Examples: 4,032 | Total Number of        
                             Elements: 5,347,510 | Total Number of Target       
                             Elements: 1,854,720 | Peak Active Device Memory:   
                             60.21 GiB | Peak Active Device Memory (%): 77% |   
                             Peak Reserved Device Memory: 70.91 GiB | Peak      
                             Reserved Device Memory (%): 90%                    
[08/20/25 00:57:02] INFO     fairseq2 - Train Metrics (step 64) - DPO Loss:     
                             0.0824564 | Chosen Sequence Log Probabilities:     
                             -348.641 | Rejected Sequence Log Probabilities:    
                             -419.625 | Chosen Sequence Length: 441.422 |       
                             Rejected Sequence Length: 333.781 | NLL Loss:      
                             0.790152 | Gradient Norm: 11.9928 | Data Epoch: 2 |
                             Data Time: <1s | Compute Time: 14s | Lapse Time:   
                             14s | Total Time: 1,027s | Wall Time: 1,027s |     
                             Learning Rate: 6.99515e-07 | Batch Size: 64 |      
                             Elements per Batch: 84,368 | Elements per Second:  
                             5,637 | Number of Examples: 64 | Number of         
                             Elements: 84,368 | Number of Target Elements:      
                             28,251 | Padding: 0 | Padding Ratio (%): 0% | Total
                             Number of Examples: 4,096 | Total Number of        
                             Elements: 5,431,878 | Total Number of Target       
                             Elements: 1,882,971 | Peak Active Device Memory:   
                             65.83 GiB | Peak Active Device Memory (%): 84% |   
                             Peak Reserved Device Memory: 74.53 GiB | Peak      
                             Reserved Device Memory (%): 95%                    
[08/20/25 00:57:16] INFO     fairseq2 - Train Metrics (step 65) - DPO Loss:     
                             0.150192 | Chosen Sequence Log Probabilities:      
                             -351.465 | Rejected Sequence Log Probabilities:    
                             -407.119 | Chosen Sequence Length: 443.766 |       
                             Rejected Sequence Length: 311.75 | NLL Loss:       
                             0.79217 | Gradient Norm: 24.936 | Data Epoch: 2 |  
                             Data Time: <1s | Compute Time: 13s | Lapse Time:   
                             13s | Total Time: 1,041s | Wall Time: 1,041s |     
                             Learning Rate: 6.99486e-07 | Batch Size: 64 |      
                             Elements per Batch: 81,782 | Elements per Second:  
                             5,940 | Number of Examples: 64 | Number of         
                             Elements: 81,782 | Number of Target Elements:      
                             28,401 | Padding: 0 | Padding Ratio (%): 0% | Total
                             Number of Examples: 4,160 | Total Number of        
                             Elements: 5,513,660 | Total Number of Target       
                             Elements: 1,911,372 | Peak Active Device Memory:   
                             60.57 GiB | Peak Active Device Memory (%): 77% |   
                             Peak Reserved Device Memory: 72.02 GiB | Peak      
                             Reserved Device Memory (%): 91%                    
[08/20/25 00:57:32] INFO     fairseq2 - Train Metrics (step 66) - DPO Loss:     
                             0.0739133 | Chosen Sequence Log Probabilities:     
                             -348.381 | Rejected Sequence Log Probabilities:    
                             -428.656 | Chosen Sequence Length: 489.594 |       
                             Rejected Sequence Length: 386.656 | NLL Loss:      
                             0.711234 | Gradient Norm: 12.3939 | Data Epoch: 2 |
                             Data Time: <1s | Compute Time: 16s | Lapse Time:   
                             16s | Total Time: 1,057s | Wall Time: 1,057s |     
                             Learning Rate: 6.99455e-07 | Batch Size: 64 |      
                             Elements per Batch: 87,254 | Elements per Second:  
                             5,440 | Number of Examples: 64 | Number of         
                             Elements: 87,254 | Number of Target Elements:      
                             31,334 | Padding: 0 | Padding Ratio (%): 0% | Total
                             Number of Examples: 4,224 | Total Number of        
                             Elements: 5,600,914 | Total Number of Target       
                             Elements: 1,942,706 | Peak Active Device Memory:   
                             63.05 GiB | Peak Active Device Memory (%): 80% |   
                             Peak Reserved Device Memory: 74.73 GiB | Peak      
                             Reserved Device Memory (%): 95%                    
[08/20/25 00:57:46] INFO     fairseq2 - Train Metrics (step 67) - DPO Loss:     
                             0.094278 | Chosen Sequence Log Probabilities:      
                             -264.574 | Rejected Sequence Log Probabilities:    
                             -398.004 | Chosen Sequence Length: 416.516 |       
                             Rejected Sequence Length: 381.406 | NLL Loss:      
                             0.63523 | Gradient Norm: 16.9482 | Data Epoch: 2 | 
                             Data Time: <1s | Compute Time: 14s | Lapse Time:   
                             14s | Total Time: 1,071s | Wall Time: 1,071s |     
                             Learning Rate: 6.99423e-07 | Batch Size: 64 |      
                             Elements per Batch: 87,895 | Elements per Second:  
                             6,253 | Number of Examples: 64 | Number of         
                             Elements: 87,895 | Number of Target Elements:      
                             26,657 | Padding: 0 | Padding Ratio (%): 0% | Total
                             Number of Examples: 4,288 | Total Number of        
                             Elements: 5,688,809 | Total Number of Target       
                             Elements: 1,969,363 | Peak Active Device Memory:   
                             61.13 GiB | Peak Active Device Memory (%): 78% |   
                             Peak Reserved Device Memory: 74.31 GiB | Peak      
                             Reserved Device Memory (%): 94%                    
[08/20/25 00:58:02] INFO     fairseq2 - Train Metrics (step 68) - DPO Loss:     
                             0.0391278 | Chosen Sequence Log Probabilities:     
                             -426.826 | Rejected Sequence Log Probabilities:    
                             -525.802 | Chosen Sequence Length: 494.391 |       
                             Rejected Sequence Length: 387.344 | NLL Loss:      
                             0.863457 | Gradient Norm: 10.1632 | Data Epoch: 2 |
                             Data Time: <1s | Compute Time: 15s | Lapse Time:   
                             15s | Total Time: 1,087s | Wall Time: 1,087s |     
                             Learning Rate: 6.99391e-07 | Batch Size: 64 |      
                             Elements per Batch: 89,209 | Elements per Second:  
                             5,698 | Number of Examples: 64 | Number of         
                             Elements: 89,209 | Number of Target Elements:      
                             31,641 | Padding: 0 | Padding Ratio (%): 0% | Total
                             Number of Examples: 4,352 | Total Number of        
                             Elements: 5,778,018 | Total Number of Target       
                             Elements: 2,001,004 | Peak Active Device Memory:   
                             61.49 GiB | Peak Active Device Memory (%): 78% |   
                             Peak Reserved Device Memory: 73.75 GiB | Peak      
                             Reserved Device Memory (%): 94%                    
[08/20/25 00:58:14] INFO     fairseq2 - Train Metrics (step 69) - DPO Loss:     
                             0.106052 | Chosen Sequence Log Probabilities:      
                             -307.755 | Rejected Sequence Log Probabilities:    
                             -385.9 | Chosen Sequence Length: 407.5 | Rejected  
                             Sequence Length: 323.484 | NLL Loss: 0.755323 |    
                             Gradient Norm: 24.7426 | Data Epoch: 2 | Data Time:
                             <1s | Compute Time: 12s | Lapse Time: 12s | Total  
                             Time: 1,099s | Wall Time: 1,099s | Learning Rate:  
                             6.99358e-07 | Batch Size: 64 | Elements per Batch: 
                             76,139 | Elements per Second: 6,285 | Number of    
                             Examples: 64 | Number of Elements: 76,139 | Number 
                             of Target Elements: 26,080 | Padding: 0 | Padding  
                             Ratio (%): 0% | Total Number of Examples: 4,416 |  
                             Total Number of Elements: 5,854,157 | Total Number 
                             of Target Elements: 2,027,084 | Peak Active Device 
                             Memory: 66.36 GiB | Peak Active Device Memory (%): 
                             84% | Peak Reserved Device Memory: 74.81 GiB | Peak
                             Reserved Device Memory (%): 95%                    
[08/20/25 00:58:30] INFO     fairseq2 - Train Metrics (step 70) - DPO Loss:     
                             0.0927705 | Chosen Sequence Log Probabilities:     
                             -328.352 | Rejected Sequence Log Probabilities:    
                             -393.379 | Chosen Sequence Length: 450.875 |       
                             Rejected Sequence Length: 327.484 | NLL Loss:      
                             0.728131 | Gradient Norm: 17.6743 | Data Epoch: 2 |
                             Data Time: <1s | Compute Time: 15s | Lapse Time:   
                             15s | Total Time: 1,114s | Wall Time: 1,114s |     
                             Learning Rate: 6.99323e-07 | Batch Size: 64 |      
                             Elements per Batch: 85,017 | Elements per Second:  
                             5,608 | Number of Examples: 64 | Number of         
                             Elements: 85,017 | Number of Target Elements:      
                             28,856 | Padding: 0 | Padding Ratio (%): 0% | Total
                             Number of Examples: 4,480 | Total Number of        
                             Elements: 5,939,174 | Total Number of Target       
                             Elements: 2,055,940 | Peak Active Device Memory:   
                             61.08 GiB | Peak Active Device Memory (%): 78% |   
                             Peak Reserved Device Memory: 74.21 GiB | Peak      
                             Reserved Device Memory (%): 94%                    
[08/20/25 00:58:43] INFO     fairseq2 - Train Metrics (step 71) - DPO Loss:     
                             0.0891219 | Chosen Sequence Log Probabilities:     
                             -382.933 | Rejected Sequence Log Probabilities:    
                             -412.195 | Chosen Sequence Length: 431.641 |       
                             Rejected Sequence Length: 324.719 | NLL Loss:      
                             0.887659 | Gradient Norm: 18.0668 | Data Epoch: 2 |
                             Data Time: <1s | Compute Time: 12s | Lapse Time:   
                             12s | Total Time: 1,127s | Wall Time: 1,127s |     
                             Learning Rate: 6.99288e-07 | Batch Size: 64 |      
                             Elements per Batch: 85,326 | Elements per Second:  
                             6,621 | Number of Examples: 64 | Number of         
                             Elements: 85,326 | Number of Target Elements:      
                             27,625 | Padding: 0 | Padding Ratio (%): 0% | Total
                             Number of Examples: 4,544 | Total Number of        
                             Elements: 6,024,500 | Total Number of Target       
                             Elements: 2,083,565 | Peak Active Device Memory:   
                             61.25 GiB | Peak Active Device Memory (%): 78% |   
                             Peak Reserved Device Memory: 74.21 GiB | Peak      
                             Reserved Device Memory (%): 94%                    
[08/20/25 00:58:57] INFO     fairseq2 - Train Metrics (step 72) - DPO Loss:     
                             0.0700927 | Chosen Sequence Log Probabilities:     
                             -339.855 | Rejected Sequence Log Probabilities:    
                             -403.746 | Chosen Sequence Length: 483.078 |       
                             Rejected Sequence Length: 341.969 | NLL Loss:      
                             0.703332 | Gradient Norm: 13.0294 | Data Epoch: 2 |
                             Data Time: <1s | Compute Time: 14s | Lapse Time:   
                             14s | Total Time: 1,142s | Wall Time: 1,142s |     
                             Learning Rate: 6.99252e-07 | Batch Size: 64 |      
                             Elements per Batch: 86,868 | Elements per Second:  
                             6,078 | Number of Examples: 64 | Number of         
                             Elements: 86,868 | Number of Target Elements:      
                             30,917 | Padding: 0 | Padding Ratio (%): 0% | Total
                             Number of Examples: 4,608 | Total Number of        
                             Elements: 6,111,368 | Total Number of Target       
                             Elements: 2,114,482 | Peak Active Device Memory:   
                             61.02 GiB | Peak Active Device Memory (%): 78% |   
                             Peak Reserved Device Memory: 74.70 GiB | Peak      
                             Reserved Device Memory (%): 95%                    
[08/20/25 00:59:13] INFO     fairseq2 - Train Metrics (step 73) - DPO Loss:     
                             0.061206 | Chosen Sequence Log Probabilities:      
                             -351.842 | Rejected Sequence Log Probabilities:    
                             -399.773 | Chosen Sequence Length: 481 | Rejected  
                             Sequence Length: 354.438 | NLL Loss: 0.73097 |     
                             Gradient Norm: 10.868 | Data Epoch: 2 | Data Time: 
                             <1s | Compute Time: 16s | Lapse Time: 16s | Total  
                             Time: 1,158s | Wall Time: 1,158s | Learning Rate:  
                             6.99215e-07 | Batch Size: 64 | Elements per Batch: 
                             96,319 | Elements per Second: 5,866 | Number of    
                             Examples: 64 | Number of Elements: 96,319 | Number 
                             of Target Elements: 30,784 | Padding: 0 | Padding  
                             Ratio (%): 0% | Total Number of Examples: 4,672 |  
                             Total Number of Elements: 6,207,687 | Total Number 
                             of Target Elements: 2,145,266 | Peak Active Device 
                             Memory: 66.82 GiB | Peak Active Device Memory (%): 
                             85% | Peak Reserved Device Memory: 74.70 GiB | Peak
                             Reserved Device Memory (%): 95%                    
[08/20/25 00:59:23] INFO     fairseq2 - Train Metrics (step 74) - DPO Loss:     
                             0.0626161 | Chosen Sequence Log Probabilities:     
                             -343.643 | Rejected Sequence Log Probabilities:    
                             -412.566 | Chosen Sequence Length: 408.797 |       
                             Rejected Sequence Length: 332.656 | NLL Loss:      
                             0.840751 | Gradient Norm: 8.28726 | Data Epoch: 2 |
                             Data Time: <1s | Compute Time: 9s | Lapse Time: 9s 
                             | Total Time: 1,168s | Wall Time: 1,168s | Learning
                             Rate: 6.99177e-07 | Batch Size: 64 | Elements per  
                             Batch: 64,355 | Elements per Second: 6,557 | Number
                             of Examples: 64 | Number of Elements: 64,355 |     
                             Number of Target Elements: 26,163 | Padding: 0 |   
                             Padding Ratio (%): 0% | Total Number of Examples:  
                             4,736 | Total Number of Elements: 6,272,042 | Total
                             Number of Target Elements: 2,171,429 | Peak Active 
                             Device Memory: 60.07 GiB | Peak Active Device      
                             Memory (%): 76% | Peak Reserved Device Memory:     
                             74.80 GiB | Peak Reserved Device Memory (%): 95%   
[08/20/25 00:59:40] INFO     fairseq2 - Train Metrics (step 75) - DPO Loss:     
                             0.110657 | Chosen Sequence Log Probabilities:      
                             -398.131 | Rejected Sequence Log Probabilities:    
                             -456.561 | Chosen Sequence Length: 526.375 |       
                             Rejected Sequence Length: 382.891 | NLL Loss:      
                             0.75598 | Gradient Norm: 21.3516 | Data Epoch: 2 | 
                             Data Time: <1s | Compute Time: 16s | Lapse Time:   
                             16s | Total Time: 1,185s | Wall Time: 1,185s |     
                             Learning Rate: 6.99139e-07 | Batch Size: 64 |      
                             Elements per Batch: 87,206 | Elements per Second:  
                             5,344 | Number of Examples: 64 | Number of         
                             Elements: 87,206 | Number of Target Elements:      
                             33,688 | Padding: 0 | Padding Ratio (%): 0% | Total
                             Number of Examples: 4,800 | Total Number of        
                             Elements: 6,359,248 | Total Number of Target       
                             Elements: 2,205,117 | Peak Active Device Memory:   
                             62.53 GiB | Peak Active Device Memory (%): 79% |   
                             Peak Reserved Device Memory: 74.09 GiB | Peak      
                             Reserved Device Memory (%): 94%                    
[08/20/25 00:59:54] INFO     fairseq2 - Train Metrics (step 76) - DPO Loss:     
                             0.0970239 | Chosen Sequence Log Probabilities:     
                             -309.229 | Rejected Sequence Log Probabilities:    
                             -353.531 | Chosen Sequence Length: 383.156 |       
                             Rejected Sequence Length: 318.953 | NLL Loss:      
                             0.806865 | Gradient Norm: 15.8422 | Data Epoch: 2 |
                             Data Time: <1s | Compute Time: 14s | Lapse Time:   
                             14s | Total Time: 1,199s | Wall Time: 1,199s |     
                             Learning Rate: 6.99099e-07 | Batch Size: 64 |      
                             Elements per Batch: 70,214 | Elements per Second:  
                             4,890 | Number of Examples: 64 | Number of         
                             Elements: 70,214 | Number of Target Elements:      
                             24,522 | Padding: 0 | Padding Ratio (%): 0% | Total
                             Number of Examples: 4,864 | Total Number of        
                             Elements: 6,429,462 | Total Number of Target       
                             Elements: 2,229,639 | Peak Active Device Memory:   
                             60.16 GiB | Peak Active Device Memory (%): 76% |   
                             Peak Reserved Device Memory: 72.37 GiB | Peak      
                             Reserved Device Memory (%): 92%                    
[08/20/25 01:00:10] INFO     fairseq2 - Train Metrics (step 77) - DPO Loss:     
                             0.0464275 | Chosen Sequence Log Probabilities:     
                             -370.74 | Rejected Sequence Log Probabilities:     
                             -464.18 | Chosen Sequence Length: 450.297 |        
                             Rejected Sequence Length: 396.516 | NLL Loss:      
                             0.823434 | Gradient Norm: 9.27702 | Data Epoch: 2 |
                             Data Time: <1s | Compute Time: 16s | Lapse Time:   
                             16s | Total Time: 1,215s | Wall Time: 1,215s |     
                             Learning Rate: 6.99059e-07 | Batch Size: 64 |      
                             Elements per Batch: 92,139 | Elements per Second:  
                             5,743 | Number of Examples: 64 | Number of         
                             Elements: 92,139 | Number of Target Elements:      
                             28,819 | Padding: 0 | Padding Ratio (%): 0% | Total
                             Number of Examples: 4,928 | Total Number of        
                             Elements: 6,521,601 | Total Number of Target       
                             Elements: 2,258,458 | Peak Active Device Memory:   
                             66.82 GiB | Peak Active Device Memory (%): 85% |   
                             Peak Reserved Device Memory: 74.80 GiB | Peak      
                             Reserved Device Memory (%): 95%                    
[08/20/25 01:00:24] INFO     fairseq2 - Train Metrics (step 78) - DPO Loss:     
                             0.0597338 | Chosen Sequence Log Probabilities:     
                             -322.677 | Rejected Sequence Log Probabilities:    
                             -400.062 | Chosen Sequence Length: 384.797 |       
                             Rejected Sequence Length: 346.75 | NLL Loss:       
                             0.839046 | Gradient Norm: 19.7555 | Data Epoch: 2 |
                             Data Time: <1s | Compute Time: 13s | Lapse Time:   
                             14s | Total Time: 1,229s | Wall Time: 1,229s |     
                             Learning Rate: 6.99017e-07 | Batch Size: 64 |      
                             Elements per Batch: 81,338 | Elements per Second:  
                             5,809 | Number of Examples: 64 | Number of         
                             Elements: 81,338 | Number of Target Elements:      
                             24,627 | Padding: 0 | Padding Ratio (%): 0% | Total
                             Number of Examples: 4,992 | Total Number of        
                             Elements: 6,602,939 | Total Number of Target       
                             Elements: 2,283,085 | Peak Active Device Memory:   
                             66.80 GiB | Peak Active Device Memory (%): 85% |   
                             Peak Reserved Device Memory: 74.72 GiB | Peak      
                             Reserved Device Memory (%): 95%                    
[08/20/25 01:00:40] INFO     fairseq2 - Train Metrics (step 79) - DPO Loss:     
                             0.1003 | Chosen Sequence Log Probabilities:        
                             -317.761 | Rejected Sequence Log Probabilities:    
                             -402.475 | Chosen Sequence Length: 465.969 |       
                             Rejected Sequence Length: 378.047 | NLL Loss:      
                             0.681953 | Gradient Norm: 14.2648 | Data Epoch: 2 |
                             Data Time: <1s | Compute Time: 15s | Lapse Time:   
                             15s | Total Time: 1,245s | Wall Time: 1,245s |     
                             Learning Rate: 6.98975e-07 | Batch Size: 64 |      
                             Elements per Batch: 79,689 | Elements per Second:  
                             5,047 | Number of Examples: 64 | Number of         
                             Elements: 79,689 | Number of Target Elements:      
                             29,822 | Padding: 0 | Padding Ratio (%): 0% | Total
                             Number of Examples: 5,056 | Total Number of        
                             Elements: 6,682,628 | Total Number of Target       
                             Elements: 2,312,907 | Peak Active Device Memory:   
                             61.05 GiB | Peak Active Device Memory (%): 78% |   
                             Peak Reserved Device Memory: 74.72 GiB | Peak      
                             Reserved Device Memory (%): 95%                    
[08/20/25 01:00:57] INFO     fairseq2 - Train Metrics (step 80) - DPO Loss:     
                             0.0766482 | Chosen Sequence Log Probabilities:     
                             -350.711 | Rejected Sequence Log Probabilities:    
                             -449.445 | Chosen Sequence Length: 445.609 |       
                             Rejected Sequence Length: 394.938 | NLL Loss:      
                             0.786862 | Gradient Norm: 16.7342 | Data Epoch: 2 |
                             Data Time: <1s | Compute Time: 17s | Lapse Time:   
                             17s | Total Time: 1,262s | Wall Time: 1,262s |     
                             Learning Rate: 6.98932e-07 | Batch Size: 64 |      
                             Elements per Batch: 78,031 | Elements per Second:  
                             4,583 | Number of Examples: 64 | Number of         
                             Elements: 78,031 | Number of Target Elements:      
                             28,519 | Padding: 0 | Padding Ratio (%): 0% | Total
                             Number of Examples: 5,120 | Total Number of        
                             Elements: 6,760,659 | Total Number of Target       
                             Elements: 2,341,426 | Peak Active Device Memory:   
                             63.61 GiB | Peak Active Device Memory (%): 81% |   
                             Peak Reserved Device Memory: 74.66 GiB | Peak      
                             Reserved Device Memory (%): 95%                    
[08/20/25 01:01:13] INFO     fairseq2 - Train Metrics (step 81) - DPO Loss:     
                             0.0848516 | Chosen Sequence Log Probabilities:     
                             -366.436 | Rejected Sequence Log Probabilities:    
                             -430.723 | Chosen Sequence Length: 475.734 |       
                             Rejected Sequence Length: 359.047 | NLL Loss:      
                             0.770508 | Gradient Norm: 16.0616 | Data Epoch: 2 |
                             Data Time: <1s | Compute Time: 15s | Lapse Time:   
                             15s | Total Time: 1,278s | Wall Time: 1,278s |     
                             Learning Rate: 6.98888e-07 | Batch Size: 64 |      
                             Elements per Batch: 93,170 | Elements per Second:  
                             5,912 | Number of Examples: 64 | Number of         
                             Elements: 93,170 | Number of Target Elements:      
                             30,447 | Padding: 0 | Padding Ratio (%): 0% | Total
                             Number of Examples: 5,184 | Total Number of        
                             Elements: 6,853,829 | Total Number of Target       
                             Elements: 2,371,873 | Peak Active Device Memory:   
                             62.44 GiB | Peak Active Device Memory (%): 79% |   
                             Peak Reserved Device Memory: 74.81 GiB | Peak      
                             Reserved Device Memory (%): 95%                    
[08/20/25 01:01:29] INFO     fairseq2 - Train Metrics (step 82) - DPO Loss:     
                             0.031419 | Chosen Sequence Log Probabilities:      
                             -418.309 | Rejected Sequence Log Probabilities:    
                             -470.777 | Chosen Sequence Length: 505.812 |       
                             Rejected Sequence Length: 400.328 | NLL Loss:      
                             0.827284 | Gradient Norm: 11.7539 | Data Epoch: 2 |
                             Data Time: <1s | Compute Time: 15s | Lapse Time:   
                             15s | Total Time: 1,294s | Wall Time: 1,294s |     
                             Learning Rate: 6.98843e-07 | Batch Size: 64 |      
                             Elements per Batch: 87,780 | Elements per Second:  
                             5,696 | Number of Examples: 64 | Number of         
                             Elements: 87,780 | Number of Target Elements:      
                             32,372 | Padding: 0 | Padding Ratio (%): 0% | Total
                             Number of Examples: 5,248 | Total Number of        
                             Elements: 6,941,609 | Total Number of Target       
                             Elements: 2,404,245 | Peak Active Device Memory:   
                             66.03 GiB | Peak Active Device Memory (%): 84% |   
                             Peak Reserved Device Memory: 74.81 GiB | Peak      
                             Reserved Device Memory (%): 95%                    
[08/20/25 01:01:44] INFO     fairseq2 - Train Metrics (step 83) - DPO Loss:     
                             0.102394 | Chosen Sequence Log Probabilities:      
                             -339.756 | Rejected Sequence Log Probabilities:    
                             -422.562 | Chosen Sequence Length: 426.875 |       
                             Rejected Sequence Length: 347.906 | NLL Loss:      
                             0.795715 | Gradient Norm: 21.0917 | Data Epoch: 2 |
                             Data Time: <1s | Compute Time: 15s | Lapse Time:   
                             15s | Total Time: 1,309s | Wall Time: 1,309s |     
                             Learning Rate: 6.98797e-07 | Batch Size: 64 |      
                             Elements per Batch: 77,839 | Elements per Second:  
                             5,141 | Number of Examples: 64 | Number of         
                             Elements: 77,839 | Number of Target Elements:      
                             27,320 | Padding: 0 | Padding Ratio (%): 0% | Total
                             Number of Examples: 5,312 | Total Number of        
                             Elements: 7,019,448 | Total Number of Target       
                             Elements: 2,431,565 | Peak Active Device Memory:   
                             66.00 GiB | Peak Active Device Memory (%): 84% |   
                             Peak Reserved Device Memory: 74.24 GiB | Peak      
                             Reserved Device Memory (%): 94%                    
[08/20/25 01:02:02] INFO     fairseq2 - Train Metrics (step 84) - DPO Loss:     
                             0.0251141 | Chosen Sequence Log Probabilities:     
                             -420.471 | Rejected Sequence Log Probabilities:    
                             -532.605 | Chosen Sequence Length: 542.281 |       
                             Rejected Sequence Length: 436.547 | NLL Loss:      
                             0.775437 | Gradient Norm: 5.38769 | Data Epoch: 2 |
                             Data Time: <1s | Compute Time: 17s | Lapse Time:   
                             17s | Total Time: 1,327s | Wall Time: 1,327s |     
                             Learning Rate: 6.98751e-07 | Batch Size: 64 |      
                             Elements per Batch: 93,712 | Elements per Second:  
                             5,211 | Number of Examples: 64 | Number of         
                             Elements: 93,712 | Number of Target Elements:      
                             34,706 | Padding: 0 | Padding Ratio (%): 0% | Total
                             Number of Examples: 5,376 | Total Number of        
                             Elements: 7,113,160 | Total Number of Target       
                             Elements: 2,466,271 | Peak Active Device Memory:   
                             67.36 GiB | Peak Active Device Memory (%): 86% |   
                             Peak Reserved Device Memory: 74.65 GiB | Peak      
                             Reserved Device Memory (%): 95%                    
[08/20/25 01:02:15] INFO     fairseq2 - Train Metrics (step 85) - DPO Loss:     
                             0.10623 | Chosen Sequence Log Probabilities:       
                             -340.832 | Rejected Sequence Log Probabilities:    
                             -396.34 | Chosen Sequence Length: 429.344 |        
                             Rejected Sequence Length: 327.984 | NLL Loss:      
                             0.793425 | Gradient Norm: 16.1107 | Data Epoch: 2 |
                             Data Time: <1s | Compute Time: 12s | Lapse Time:   
                             12s | Total Time: 1,339s | Wall Time: 1,339s |     
                             Learning Rate: 6.98703e-07 | Batch Size: 64 |      
                             Elements per Batch: 81,461 | Elements per Second:  
                             6,487 | Number of Examples: 64 | Number of         
                             Elements: 81,461 | Number of Target Elements:      
                             27,478 | Padding: 0 | Padding Ratio (%): 0% | Total
                             Number of Examples: 5,440 | Total Number of        
                             Elements: 7,194,621 | Total Number of Target       
                             Elements: 2,493,749 | Peak Active Device Memory:   
                             62.21 GiB | Peak Active Device Memory (%): 79% |   
                             Peak Reserved Device Memory: 72.63 GiB | Peak      
                             Reserved Device Memory (%): 92%                    
[08/20/25 01:02:31] INFO     fairseq2 - Train Metrics (step 86) - DPO Loss:     
                             0.0533789 | Chosen Sequence Log Probabilities:     
                             -380.85 | Rejected Sequence Log Probabilities:     
                             -407.191 | Chosen Sequence Length: 466.078 |       
                             Rejected Sequence Length: 360.672 | NLL Loss:      
                             0.817436 | Gradient Norm: 10.1789 | Data Epoch: 2 |
                             Data Time: <1s | Compute Time: 15s | Lapse Time:   
                             15s | Total Time: 1,355s | Wall Time: 1,355s |     
                             Learning Rate: 6.98655e-07 | Batch Size: 64 |      
                             Elements per Batch: 86,999 | Elements per Second:  
                             5,493 | Number of Examples: 64 | Number of         
                             Elements: 86,999 | Number of Target Elements:      
                             29,829 | Padding: 0 | Padding Ratio (%): 0% | Total
                             Number of Examples: 5,504 | Total Number of        
                             Elements: 7,281,620 | Total Number of Target       
                             Elements: 2,523,578 | Peak Active Device Memory:   
                             60.41 GiB | Peak Active Device Memory (%): 77% |   
                             Peak Reserved Device Memory: 72.63 GiB | Peak      
                             Reserved Device Memory (%): 92%                    
[08/20/25 01:02:45] INFO     fairseq2 - Train Metrics (step 87) - DPO Loss:     
                             0.0691876 | Chosen Sequence Log Probabilities:     
                             -407.229 | Rejected Sequence Log Probabilities:    
                             -487.844 | Chosen Sequence Length: 539.703 |       
                             Rejected Sequence Length: 389.625 | NLL Loss:      
                             0.754788 | Gradient Norm: 23.6915 | Data Epoch: 2 |
                             Data Time: <1s | Compute Time: 14s | Lapse Time:   
                             14s | Total Time: 1,369s | Wall Time: 1,369s |     
                             Learning Rate: 6.98605e-07 | Batch Size: 64 |      
                             Elements per Batch: 86,272 | Elements per Second:  
                             6,149 | Number of Examples: 64 | Number of         
                             Elements: 86,272 | Number of Target Elements:      
                             34,541 | Padding: 0 | Padding Ratio (%): 0% | Total
                             Number of Examples: 5,568 | Total Number of        
                             Elements: 7,367,892 | Total Number of Target       
                             Elements: 2,558,119 | Peak Active Device Memory:   
                             59.91 GiB | Peak Active Device Memory (%): 76% |   
                             Peak Reserved Device Memory: 72.63 GiB | Peak      
                             Reserved Device Memory (%): 92%                    
[08/20/25 01:02:58] INFO     fairseq2 - Train Metrics (step 88) - DPO Loss:     
                             0.0882865 | Chosen Sequence Log Probabilities:     
                             -349.98 | Rejected Sequence Log Probabilities:     
                             -446.184 | Chosen Sequence Length: 518.203 |       
                             Rejected Sequence Length: 374.938 | NLL Loss:      
                             0.675814 | Gradient Norm: 22.0865 | Data Epoch: 2 |
                             Data Time: <1s | Compute Time: 13s | Lapse Time:   
                             13s | Total Time: 1,383s | Wall Time: 1,383s |     
                             Learning Rate: 6.98555e-07 | Batch Size: 64 |      
                             Elements per Batch: 86,714 | Elements per Second:  
                             6,529 | Number of Examples: 64 | Number of         
                             Elements: 86,714 | Number of Target Elements:      
                             33,165 | Padding: 0 | Padding Ratio (%): 0% | Total
                             Number of Examples: 5,632 | Total Number of        
                             Elements: 7,454,606 | Total Number of Target       
                             Elements: 2,591,284 | Peak Active Device Memory:   
                             62.37 GiB | Peak Active Device Memory (%): 79% |   
                             Peak Reserved Device Memory: 73.91 GiB | Peak      
                             Reserved Device Memory (%): 94%                    
[08/20/25 01:03:13] INFO     fairseq2 - Train Metrics (step 89) - DPO Loss:     
                             0.0673578 | Chosen Sequence Log Probabilities:     
                             -348.118 | Rejected Sequence Log Probabilities:    
                             -420.895 | Chosen Sequence Length: 454.922 |       
                             Rejected Sequence Length: 329.719 | NLL Loss:      
                             0.765152 | Gradient Norm: 13.3073 | Data Epoch: 2 |
                             Data Time: <1s | Compute Time: 14s | Lapse Time:   
                             14s | Total Time: 1,398s | Wall Time: 1,398s |     
                             Learning Rate: 6.98504e-07 | Batch Size: 64 |      
                             Elements per Batch: 76,448 | Elements per Second:  
                             5,133 | Number of Examples: 64 | Number of         
                             Elements: 76,448 | Number of Target Elements:      
                             29,115 | Padding: 0 | Padding Ratio (%): 0% | Total
                             Number of Examples: 5,696 | Total Number of        
                             Elements: 7,531,054 | Total Number of Target       
                             Elements: 2,620,399 | Peak Active Device Memory:   
                             59.89 GiB | Peak Active Device Memory (%): 76% |   
                             Peak Reserved Device Memory: 69.50 GiB | Peak      
                             Reserved Device Memory (%): 88%                    
[08/20/25 01:03:30] INFO     fairseq2 - Train Metrics (step 90) - DPO Loss:     
                             0.0811203 | Chosen Sequence Log Probabilities:     
                             -363.717 | Rejected Sequence Log Probabilities:    
                             -449.787 | Chosen Sequence Length: 527.031 |       
                             Rejected Sequence Length: 351.875 | NLL Loss:      
                             0.69001 | Gradient Norm: 23.6054 | Data Epoch: 2 | 
                             Data Time: <1s | Compute Time: 16s | Lapse Time:   
                             16s | Total Time: 1,415s | Wall Time: 1,415s |     
                             Learning Rate: 6.98452e-07 | Batch Size: 64 |      
                             Elements per Batch: 93,719 | Elements per Second:  
                             5,596 | Number of Examples: 64 | Number of         
                             Elements: 93,719 | Number of Target Elements:      
                             33,730 | Padding: 0 | Padding Ratio (%): 0% | Total
                             Number of Examples: 5,760 | Total Number of        
                             Elements: 7,624,773 | Total Number of Target       
                             Elements: 2,654,129 | Peak Active Device Memory:   
                             60.39 GiB | Peak Active Device Memory (%): 77% |   
                             Peak Reserved Device Memory: 70.76 GiB | Peak      
                             Reserved Device Memory (%): 90%                    
[08/20/25 01:03:45] INFO     fairseq2 - Train Metrics (step 91) - DPO Loss:     
                             0.0300853 | Chosen Sequence Log Probabilities:     
                             -375.404 | Rejected Sequence Log Probabilities:    
                             -474.766 | Chosen Sequence Length: 501.812 |       
                             Rejected Sequence Length: 364.938 | NLL Loss:      
                             0.748175 | Gradient Norm: 6.40616 | Data Epoch: 2 |
                             Data Time: <1s | Compute Time: 14s | Lapse Time:   
                             14s | Total Time: 1,429s | Wall Time: 1,429s |     
                             Learning Rate: 6.98399e-07 | Batch Size: 64 |      
                             Elements per Batch: 88,278 | Elements per Second:  
                             6,075 | Number of Examples: 64 | Number of         
                             Elements: 88,278 | Number of Target Elements:      
                             32,116 | Padding: 0 | Padding Ratio (%): 0% | Total
                             Number of Examples: 5,824 | Total Number of        
                             Elements: 7,713,051 | Total Number of Target       
                             Elements: 2,686,245 | Peak Active Device Memory:   
                             65.06 GiB | Peak Active Device Memory (%): 83% |   
                             Peak Reserved Device Memory: 73.53 GiB | Peak      
                             Reserved Device Memory (%): 93%                    
[08/20/25 01:03:56] INFO     fairseq2 - Train Metrics (step 92) - DPO Loss:     
                             0.0369519 | Chosen Sequence Log Probabilities:     
                             -308.777 | Rejected Sequence Log Probabilities:    
                             -402.273 | Chosen Sequence Length: 381.469 |       
                             Rejected Sequence Length: 317.609 | NLL Loss:      
                             0.809155 | Gradient Norm: 6.93009 | Data Epoch: 2 |
                             Data Time: <1s | Compute Time: 11s | Lapse Time:   
                             11s | Total Time: 1,441s | Wall Time: 1,441s |     
                             Learning Rate: 6.98345e-07 | Batch Size: 64 |      
                             Elements per Batch: 67,673 | Elements per Second:  
                             5,702 | Number of Examples: 64 | Number of         
                             Elements: 67,673 | Number of Target Elements:      
                             24,414 | Padding: 0 | Padding Ratio (%): 0% | Total
                             Number of Examples: 5,888 | Total Number of        
                             Elements: 7,780,724 | Total Number of Target       
                             Elements: 2,710,659 | Peak Active Device Memory:   
                             59.86 GiB | Peak Active Device Memory (%): 76% |   
                             Peak Reserved Device Memory: 68.92 GiB | Peak      
                             Reserved Device Memory (%): 88%                    
[08/20/25 01:04:13] INFO     fairseq2 - Train Metrics (step 93) - DPO Loss:     
                             0.103032 | Chosen Sequence Log Probabilities:      
                             -411.072 | Rejected Sequence Log Probabilities:    
                             -505.67 | Chosen Sequence Length: 447.422 |        
                             Rejected Sequence Length: 397.812 | NLL Loss:      
                             0.918447 | Gradient Norm: 14.1044 | Data Epoch: 2 |
                             Data Time: <1s | Compute Time: 16s | Lapse Time:   
                             16s | Total Time: 1,458s | Wall Time: 1,458s |     
                             Learning Rate: 6.98291e-07 | Batch Size: 64 |      
                             Elements per Batch: 83,268 | Elements per Second:  
                             5,023 | Number of Examples: 64 | Number of         
                             Elements: 83,268 | Number of Target Elements:      
                             28,635 | Padding: 0 | Padding Ratio (%): 0% | Total
                             Number of Examples: 5,952 | Total Number of        
                             Elements: 7,863,992 | Total Number of Target       
                             Elements: 2,739,294 | Peak Active Device Memory:   
                             61.73 GiB | Peak Active Device Memory (%): 78% |   
                             Peak Reserved Device Memory: 73.71 GiB | Peak      
                             Reserved Device Memory (%): 94%                    
[08/20/25 01:04:28] INFO     fairseq2 - Train Metrics (step 94) - DPO Loss:     
                             0.069561 | Chosen Sequence Log Probabilities:      
                             -375.873 | Rejected Sequence Log Probabilities:    
                             -435.84 | Chosen Sequence Length: 479.781 |        
                             Rejected Sequence Length: 359.594 | NLL Loss:      
                             0.783076 | Gradient Norm: 14.7335 | Data Epoch: 2 |
                             Data Time: <1s | Compute Time: 15s | Lapse Time:   
                             15s | Total Time: 1,473s | Wall Time: 1,473s |     
                             Learning Rate: 6.98235e-07 | Batch Size: 64 |      
                             Elements per Batch: 97,012 | Elements per Second:  
                             6,349 | Number of Examples: 64 | Number of         
                             Elements: 97,012 | Number of Target Elements:      
                             30,706 | Padding: 0 | Padding Ratio (%): 0% | Total
                             Number of Examples: 6,016 | Total Number of        
                             Elements: 7,961,004 | Total Number of Target       
                             Elements: 2,770,000 | Peak Active Device Memory:   
                             59.89 GiB | Peak Active Device Memory (%): 76% |   
                             Peak Reserved Device Memory: 73.71 GiB | Peak      
                             Reserved Device Memory (%): 94%                    
[08/20/25 01:04:44] INFO     fairseq2 - Train Metrics (step 95) - DPO Loss:     
                             0.115397 | Chosen Sequence Log Probabilities:      
                             -406.396 | Rejected Sequence Log Probabilities:    
                             -451.69 | Chosen Sequence Length: 462.547 |        
                             Rejected Sequence Length: 348.031 | NLL Loss:      
                             0.87874 | Gradient Norm: 17.1663 | Data Epoch: 2 | 
                             Data Time: <1s | Compute Time: 15s | Lapse Time:   
                             15s | Total Time: 1,489s | Wall Time: 1,489s |     
                             Learning Rate: 6.98179e-07 | Batch Size: 64 |      
                             Elements per Batch: 88,251 | Elements per Second:  
                             5,806 | Number of Examples: 64 | Number of         
                             Elements: 88,251 | Number of Target Elements:      
                             29,603 | Padding: 0 | Padding Ratio (%): 0% | Total
                             Number of Examples: 6,080 | Total Number of        
                             Elements: 8,049,255 | Total Number of Target       
                             Elements: 2,799,603 | Peak Active Device Memory:   
                             61.43 GiB | Peak Active Device Memory (%): 78% |   
                             Peak Reserved Device Memory: 73.71 GiB | Peak      
                             Reserved Device Memory (%): 94%                    
[08/20/25 01:04:58] INFO     fairseq2 - Train Metrics (step 96) - DPO Loss:     
                             0.0356494 | Chosen Sequence Log Probabilities:     
                             -383.786 | Rejected Sequence Log Probabilities:    
                             -501.523 | Chosen Sequence Length: 505.922 |       
                             Rejected Sequence Length: 404.375 | NLL Loss:      
                             0.758693 | Gradient Norm: 7.11991 | Data Epoch: 2 |
                             Data Time: <1s | Compute Time: 14s | Lapse Time:   
                             14s | Total Time: 1,503s | Wall Time: 1,503s |     
                             Learning Rate: 6.98121e-07 | Batch Size: 64 |      
                             Elements per Batch: 92,302 | Elements per Second:  
                             6,467 | Number of Examples: 64 | Number of         
                             Elements: 92,302 | Number of Target Elements:      
                             32,379 | Padding: 0 | Padding Ratio (%): 0% | Total
                             Number of Examples: 6,144 | Total Number of        
                             Elements: 8,141,557 | Total Number of Target       
                             Elements: 2,831,982 | Peak Active Device Memory:   
                             61.42 GiB | Peak Active Device Memory (%): 78% |   
                             Peak Reserved Device Memory: 73.71 GiB | Peak      
                             Reserved Device Memory (%): 94%                    
[08/20/25 01:05:15] INFO     fairseq2 - Train Metrics (step 97) - DPO Loss:     
                             0.0492591 | Chosen Sequence Log Probabilities:     
                             -359.174 | Rejected Sequence Log Probabilities:    
                             -419.129 | Chosen Sequence Length: 465.562 |       
                             Rejected Sequence Length: 352.453 | NLL Loss:      
                             0.771571 | Gradient Norm: 10.4948 | Data Epoch: 2 |
                             Data Time: <1s | Compute Time: 16s | Lapse Time:   
                             16s | Total Time: 1,520s | Wall Time: 1,520s |     
                             Learning Rate: 6.98063e-07 | Batch Size: 64 |      
                             Elements per Batch: 94,992 | Elements per Second:  
                             5,721 | Number of Examples: 64 | Number of         
                             Elements: 94,992 | Number of Target Elements:      
                             29,796 | Padding: 0 | Padding Ratio (%): 0% | Total
                             Number of Examples: 6,208 | Total Number of        
                             Elements: 8,236,549 | Total Number of Target       
                             Elements: 2,861,778 | Peak Active Device Memory:   
                             67.44 GiB | Peak Active Device Memory (%): 86% |   
                             Peak Reserved Device Memory: 74.81 GiB | Peak      
                             Reserved Device Memory (%): 95%                    
[08/20/25 01:05:29] INFO     fairseq2 - Train Metrics (step 98) - DPO Loss:     
                             0.100536 | Chosen Sequence Log Probabilities:      
                             -299.052 | Rejected Sequence Log Probabilities:    
                             -361.539 | Chosen Sequence Length: 427.516 |       
                             Rejected Sequence Length: 317.812 | NLL Loss:      
                             0.699437 | Gradient Norm: 21.7301 | Data Epoch: 2 |
                             Data Time: <1s | Compute Time: 14s | Lapse Time:   
                             14s | Total Time: 1,534s | Wall Time: 1,534s |     
                             Learning Rate: 6.98004e-07 | Batch Size: 64 |      
                             Elements per Batch: 84,152 | Elements per Second:  
                             5,891 | Number of Examples: 64 | Number of         
                             Elements: 84,152 | Number of Target Elements:      
                             27,361 | Padding: 0 | Padding Ratio (%): 0% | Total
                             Number of Examples: 6,272 | Total Number of        
                             Elements: 8,320,701 | Total Number of Target       
                             Elements: 2,889,139 | Peak Active Device Memory:   
                             61.20 GiB | Peak Active Device Memory (%): 78% |   
                             Peak Reserved Device Memory: 70.83 GiB | Peak      
                             Reserved Device Memory (%): 90%                    
[08/20/25 01:05:48] INFO     fairseq2 - Train Metrics (step 99) - DPO Loss:     
                             0.0226984 | Chosen Sequence Log Probabilities:     
                             -411.873 | Rejected Sequence Log Probabilities:    
                             -441.828 | Chosen Sequence Length: 559.25 |        
                             Rejected Sequence Length: 417.812 | NLL Loss:      
                             0.736507 | Gradient Norm: 12.1692 | Data Epoch: 2 |
                             Data Time: <1s | Compute Time: 18s | Lapse Time:   
                             18s | Total Time: 1,552s | Wall Time: 1,552s |     
                             Learning Rate: 6.97944e-07 | Batch Size: 64 |      
                             Elements per Batch: 98,747 | Elements per Second:  
                             5,371 | Number of Examples: 64 | Number of         
                             Elements: 98,747 | Number of Target Elements:      
                             35,792 | Padding: 0 | Padding Ratio (%): 0% | Total
                             Number of Examples: 6,336 | Total Number of        
                             Elements: 8,419,448 | Total Number of Target       
                             Elements: 2,924,931 | Peak Active Device Memory:   
                             59.96 GiB | Peak Active Device Memory (%): 76% |   
                             Peak Reserved Device Memory: 74.38 GiB | Peak      
                             Reserved Device Memory (%): 94%                    
[08/20/25 01:06:05] INFO     fairseq2 - Train Metrics (step 100) - DPO Loss:    
                             0.0557567 | Chosen Sequence Log Probabilities:     
                             -410.281 | Rejected Sequence Log Probabilities:    
                             -478.914 | Chosen Sequence Length: 538.812 |       
                             Rejected Sequence Length: 392.469 | NLL Loss:      
                             0.761487 | Gradient Norm: 10.9164 | Data Epoch: 2 |
                             Data Time: <1s | Compute Time: 17s | Lapse Time:   
                             17s | Total Time: 1,570s | Wall Time: 1,570s |     
                             Learning Rate: 6.97883e-07 | Batch Size: 64 |      
                             Elements per Batch: 91,453 | Elements per Second:  
                             5,373 | Number of Examples: 64 | Number of         
                             Elements: 91,453 | Number of Target Elements:      
                             34,484 | Padding: 0 | Padding Ratio (%): 0% | Total
                             Number of Examples: 6,400 | Total Number of        
                             Elements: 8,510,901 | Total Number of Target       
                             Elements: 2,959,415 | Peak Active Device Memory:   
                             60.10 GiB | Peak Active Device Memory (%): 76% |   
                             Peak Reserved Device Memory: 73.62 GiB | Peak      
                             Reserved Device Memory (%): 93%                    
[08/20/25 01:06:17] INFO     fairseq2 - Train Metrics (step 101) - DPO Loss:    
                             0.0555106 | Chosen Sequence Log Probabilities:     
                             -329.144 | Rejected Sequence Log Probabilities:    
                             -397.262 | Chosen Sequence Length: 539.531 |       
                             Rejected Sequence Length: 402.594 | NLL Loss:      
                             0.610147 | Gradient Norm: 16.3832 | Data Epoch: 2 |
                             Data Time: <1s | Compute Time: 11s | Lapse Time:   
                             11s | Total Time: 1,581s | Wall Time: 1,581s |     
                             Learning Rate: 6.97822e-07 | Batch Size: 64 |      
                             Elements per Batch: 87,908 | Elements per Second:  
                             7,398 | Number of Examples: 64 | Number of         
                             Elements: 87,908 | Number of Target Elements:      
                             34,530 | Padding: 0 | Padding Ratio (%): 0% | Total
                             Number of Examples: 6,464 | Total Number of        
                             Elements: 8,598,809 | Total Number of Target       
                             Elements: 2,993,945 | Peak Active Device Memory:   
                             61.45 GiB | Peak Active Device Memory (%): 78% |   
                             Peak Reserved Device Memory: 73.62 GiB | Peak      
                             Reserved Device Memory (%): 93%                    
[08/20/25 01:06:29] INFO     fairseq2 - Train Metrics (step 102) - DPO Loss:    
                             0.0527014 | Chosen Sequence Log Probabilities:     
                             -425.696 | Rejected Sequence Log Probabilities:    
                             -503.105 | Chosen Sequence Length: 473.031 |       
                             Rejected Sequence Length: 394.156 | NLL Loss:      
                             0.900219 | Gradient Norm: 9.24473 | Data Epoch: 2 |
                             Data Time: <1s | Compute Time: 11s | Lapse Time:   
                             11s | Total Time: 1,593s | Wall Time: 1,593s |     
                             Learning Rate: 6.97759e-07 | Batch Size: 64 |      
                             Elements per Batch: 75,538 | Elements per Second:  
                             6,423 | Number of Examples: 64 | Number of         
                             Elements: 75,538 | Number of Target Elements:      
                             30,274 | Padding: 0 | Padding Ratio (%): 0% | Total
                             Number of Examples: 6,528 | Total Number of        
                             Elements: 8,674,347 | Total Number of Target       
                             Elements: 3,024,219 | Peak Active Device Memory:   
                             61.63 GiB | Peak Active Device Memory (%): 78% |   
                             Peak Reserved Device Memory: 73.62 GiB | Peak      
                             Reserved Device Memory (%): 93%                    
                    INFO     fairseq2 - End of epoch 2 reached after step 102.  
[08/20/25 01:06:47] INFO     fairseq2 - Train Metrics (step 103) - DPO Loss:    
                             0.0110533 | Chosen Sequence Log Probabilities:     
                             -340.232 | Rejected Sequence Log Probabilities:    
                             -420.848 | Chosen Sequence Length: 438.172 |       
                             Rejected Sequence Length: 368.219 | NLL Loss:      
                             0.776645 | Gradient Norm: 2.53959 | Data Epoch: 3 |
                             Data Time: <1s | Compute Time: 16s | Lapse Time:   
                             17s | Total Time: 1,611s | Wall Time: 1,611s |     
                             Learning Rate: 6.97695e-07 | Batch Size: 64 |      
                             Elements per Batch: 87,092 | Elements per Second:  
                             4,848 | Number of Examples: 64 | Number of         
                             Elements: 87,092 | Number of Target Elements:      
                             28,043 | Padding: 0 | Padding Ratio (%): 0% | Total
                             Number of Examples: 6,592 | Total Number of        
                             Elements: 8,761,439 | Total Number of Target       
                             Elements: 3,052,262 | Peak Active Device Memory:   
                             67.35 GiB | Peak Active Device Memory (%): 86% |   
                             Peak Reserved Device Memory: 74.38 GiB | Peak      
                             Reserved Device Memory (%): 94%                    
[08/20/25 01:06:58] INFO     fairseq2 - Train Metrics (step 104) - DPO Loss:    
                             0.0143717 | Chosen Sequence Log Probabilities:     
                             -322.371 | Rejected Sequence Log Probabilities:    
                             -417.701 | Chosen Sequence Length: 408.969 |       
                             Rejected Sequence Length: 360.109 | NLL Loss:      
                             0.788684 | Gradient Norm: 2.65762 | Data Epoch: 3 |
                             Data Time: <1s | Compute Time: 11s | Lapse Time:   
                             11s | Total Time: 1,623s | Wall Time: 1,623s |     
                             Learning Rate: 6.97631e-07 | Batch Size: 64 |      
                             Elements per Batch: 76,456 | Elements per Second:  
                             6,655 | Number of Examples: 64 | Number of         
                             Elements: 76,456 | Number of Target Elements:      
                             26,174 | Padding: 0 | Padding Ratio (%): 0% | Total
                             Number of Examples: 6,656 | Total Number of        
                             Elements: 8,837,895 | Total Number of Target       
                             Elements: 3,078,436 | Peak Active Device Memory:   
                             61.73 GiB | Peak Active Device Memory (%): 78% |   
                             Peak Reserved Device Memory: 73.39 GiB | Peak      
                             Reserved Device Memory (%): 93%                    
[08/20/25 01:07:13] INFO     fairseq2 - Train Metrics (step 105) - DPO Loss:    
                             0.0171635 | Chosen Sequence Log Probabilities:     
                             -395.89 | Rejected Sequence Log Probabilities:     
                             -503.664 | Chosen Sequence Length: 532.078 |       
                             Rejected Sequence Length: 421.234 | NLL Loss:      
                             0.744047 | Gradient Norm: 5.96941 | Data Epoch: 3 |
                             Data Time: <1s | Compute Time: 14s | Lapse Time:   
                             14s | Total Time: 1,638s | Wall Time: 1,638s |     
                             Learning Rate: 6.97566e-07 | Batch Size: 64 |      
                             Elements per Batch: 90,505 | Elements per Second:  
                             6,105 | Number of Examples: 64 | Number of         
                             Elements: 90,505 | Number of Target Elements:      
                             34,053 | Padding: 0 | Padding Ratio (%): 0% | Total
                             Number of Examples: 6,720 | Total Number of        
                             Elements: 8,928,400 | Total Number of Target       
                             Elements: 3,112,489 | Peak Active Device Memory:   
                             61.97 GiB | Peak Active Device Memory (%): 79% |   
                             Peak Reserved Device Memory: 73.39 GiB | Peak      
                             Reserved Device Memory (%): 93%                    
[08/20/25 01:07:27] INFO     fairseq2 - Train Metrics (step 106) - DPO Loss:    
                             0.0264321 | Chosen Sequence Log Probabilities:     
                             -348.824 | Rejected Sequence Log Probabilities:    
                             -444.959 | Chosen Sequence Length: 438.141 |       
                             Rejected Sequence Length: 366.484 | NLL Loss:      
                             0.796383 | Gradient Norm: 2.7734 | Data Epoch: 3 | 
                             Data Time: <1s | Compute Time: 13s | Lapse Time:   
                             13s | Total Time: 1,652s | Wall Time: 1,652s |     
                             Learning Rate: 6.975e-07 | Batch Size: 64 |        
                             Elements per Batch: 79,998 | Elements per Second:  
                             5,877 | Number of Examples: 64 | Number of         
                             Elements: 79,998 | Number of Target Elements:      
                             28,041 | Padding: 0 | Padding Ratio (%): 0% | Total
                             Number of Examples: 6,784 | Total Number of        
                             Elements: 9,008,398 | Total Number of Target       
                             Elements: 3,140,530 | Peak Active Device Memory:   
                             62.17 GiB | Peak Active Device Memory (%): 79% |   
                             Peak Reserved Device Memory: 73.39 GiB | Peak      
                             Reserved Device Memory (%): 93%                    
[08/20/25 01:07:42] INFO     fairseq2 - Train Metrics (step 107) - DPO Loss:    
                             0.0173851 | Chosen Sequence Log Probabilities:     
                             -305.443 | Rejected Sequence Log Probabilities:    
                             -372.797 | Chosen Sequence Length: 376.094 |       
                             Rejected Sequence Length: 314.141 | NLL Loss:      
                             0.812169 | Gradient Norm: 3.00759 | Data Epoch: 3 |
                             Data Time: <1s | Compute Time: 15s | Lapse Time:   
                             15s | Total Time: 1,667s | Wall Time: 1,667s |     
                             Learning Rate: 6.97433e-07 | Batch Size: 64 |      
                             Elements per Batch: 79,974 | Elements per Second:  
                             5,193 | Number of Examples: 64 | Number of         
                             Elements: 79,974 | Number of Target Elements:      
                             24,070 | Padding: 0 | Padding Ratio (%): 0% | Total
                             Number of Examples: 6,848 | Total Number of        
                             Elements: 9,088,372 | Total Number of Target       
                             Elements: 3,164,600 | Peak Active Device Memory:   
                             61.49 GiB | Peak Active Device Memory (%): 78% |   
                             Peak Reserved Device Memory: 74.48 GiB | Peak      
                             Reserved Device Memory (%): 95%                    
[08/20/25 01:07:52] INFO     fairseq2 - Train Metrics (step 108) - DPO Loss:    
                             0.00647509 | Chosen Sequence Log Probabilities:    
                             -335.672 | Rejected Sequence Log Probabilities:    
                             -425.043 | Chosen Sequence Length: 419.078 |       
                             Rejected Sequence Length: 292.578 | NLL Loss:      
                             0.800907 | Gradient Norm: 1.54027 | Data Epoch: 3 |
                             Data Time: <1s | Compute Time: 10s | Lapse Time:   
                             10s | Total Time: 1,677s | Wall Time: 1,677s |     
                             Learning Rate: 6.97365e-07 | Batch Size: 64 |      
                             Elements per Batch: 65,183 | Elements per Second:  
                             6,496 | Number of Examples: 64 | Number of         
                             Elements: 65,183 | Number of Target Elements:      
                             26,821 | Padding: 0 | Padding Ratio (%): 0% | Total
                             Number of Examples: 6,912 | Total Number of        
                             Elements: 9,153,555 | Total Number of Target       
                             Elements: 3,191,421 | Peak Active Device Memory:   
                             60.01 GiB | Peak Active Device Memory (%): 76% |   
                             Peak Reserved Device Memory: 74.48 GiB | Peak      
                             Reserved Device Memory (%): 95%                    
[08/20/25 01:08:06] INFO     fairseq2 - Train Metrics (step 109) - DPO Loss:    
                             0.0135202 | Chosen Sequence Log Probabilities:     
                             -394.941 | Rejected Sequence Log Probabilities:    
                             -497.219 | Chosen Sequence Length: 493.984 |       
                             Rejected Sequence Length: 389.531 | NLL Loss:      
                             0.79953 | Gradient Norm: 3.34946 | Data Epoch: 3 | 
                             Data Time: <1s | Compute Time: 13s | Lapse Time:   
                             13s | Total Time: 1,691s | Wall Time: 1,691s |     
                             Learning Rate: 6.97296e-07 | Batch Size: 64 |      
                             Elements per Batch: 79,439 | Elements per Second:  
                             5,869 | Number of Examples: 64 | Number of         
                             Elements: 79,439 | Number of Target Elements:      
                             31,615 | Padding: 0 | Padding Ratio (%): 0% | Total
                             Number of Examples: 6,976 | Total Number of        
                             Elements: 9,232,994 | Total Number of Target       
                             Elements: 3,223,036 | Peak Active Device Memory:   
                             60.25 GiB | Peak Active Device Memory (%): 77% |   
                             Peak Reserved Device Memory: 74.48 GiB | Peak      
                             Reserved Device Memory (%): 95%                    
[08/20/25 01:08:21] INFO     fairseq2 - Train Metrics (step 110) - DPO Loss:    
                             0.013197 | Chosen Sequence Log Probabilities:      
                             -337.283 | Rejected Sequence Log Probabilities:    
                             -436.82 | Chosen Sequence Length: 414.391 |        
                             Rejected Sequence Length: 325 | NLL Loss: 0.813631 
                             | Gradient Norm: 2.73698 | Data Epoch: 3 | Data    
                             Time: <1s | Compute Time: 14s | Lapse Time: 14s |  
                             Total Time: 1,706s | Wall Time: 1,706s | Learning  
                             Rate: 6.97226e-07 | Batch Size: 64 | Elements per  
                             Batch: 88,934 | Elements per Second: 6,073 | Number
                             of Examples: 64 | Number of Elements: 88,934 |     
                             Number of Target Elements: 26,521 | Padding: 0 |   
                             Padding Ratio (%): 0% | Total Number of Examples:  
                             7,040 | Total Number of Elements: 9,321,928 | Total
                             Number of Target Elements: 3,249,557 | Peak Active 
                             Device Memory: 61.81 GiB | Peak Active Device      
                             Memory (%): 79% | Peak Reserved Device Memory:     
                             74.48 GiB | Peak Reserved Device Memory (%): 95%   
[08/20/25 01:08:34] INFO     fairseq2 - Train Metrics (step 111) - DPO Loss:    
                             0.0109546 | Chosen Sequence Log Probabilities:     
                             -380.928 | Rejected Sequence Log Probabilities:    
                             -477.703 | Chosen Sequence Length: 434.422 |       
                             Rejected Sequence Length: 377.656 | NLL Loss:      
                             0.876995 | Gradient Norm: 2.43944 | Data Epoch: 3 |
                             Data Time: <1s | Compute Time: 12s | Lapse Time:   
                             12s | Total Time: 1,718s | Wall Time: 1,718s |     
                             Learning Rate: 6.97156e-07 | Batch Size: 64 |      
                             Elements per Batch: 80,669 | Elements per Second:  
                             6,328 | Number of Examples: 64 | Number of         
                             Elements: 80,669 | Number of Target Elements:      
                             27,803 | Padding: 0 | Padding Ratio (%): 0% | Total
                             Number of Examples: 7,104 | Total Number of        
                             Elements: 9,402,597 | Total Number of Target       
                             Elements: 3,277,360 | Peak Active Device Memory:   
                             60.32 GiB | Peak Active Device Memory (%): 77% |   
                             Peak Reserved Device Memory: 74.13 GiB | Peak      
                             Reserved Device Memory (%): 94%                    
[08/20/25 01:08:48] INFO     fairseq2 - Train Metrics (step 112) - DPO Loss:    
                             0.0140043 | Chosen Sequence Log Probabilities:     
                             -409.822 | Rejected Sequence Log Probabilities:    
                             -537.75 | Chosen Sequence Length: 430.312 |        
                             Rejected Sequence Length: 363.906 | NLL Loss:      
                             0.952082 | Gradient Norm: 2.50247 | Data Epoch: 3 |
                             Data Time: <1s | Compute Time: 14s | Lapse Time:   
                             14s | Total Time: 1,733s | Wall Time: 1,733s |     
                             Learning Rate: 6.97084e-07 | Batch Size: 64 |      
                             Elements per Batch: 83,184 | Elements per Second:  
                             5,767 | Number of Examples: 64 | Number of         
                             Elements: 83,184 | Number of Target Elements:      
                             27,540 | Padding: 0 | Padding Ratio (%): 0% | Total
                             Number of Examples: 7,168 | Total Number of        
                             Elements: 9,485,781 | Total Number of Target       
                             Elements: 3,304,900 | Peak Active Device Memory:   
                             59.90 GiB | Peak Active Device Memory (%): 76% |   
                             Peak Reserved Device Memory: 74.16 GiB | Peak      
                             Reserved Device Memory (%): 94%                    
[08/20/25 01:09:03] INFO     fairseq2 - Train Metrics (step 113) - DPO Loss:    
                             0.0130076 | Chosen Sequence Log Probabilities:     
                             -303.261 | Rejected Sequence Log Probabilities:    
                             -460.453 | Chosen Sequence Length: 415.375 |       
                             Rejected Sequence Length: 349.406 | NLL Loss:      
                             0.730369 | Gradient Norm: 3.81818 | Data Epoch: 3 |
                             Data Time: <1s | Compute Time: 15s | Lapse Time:   
                             15s | Total Time: 1,748s | Wall Time: 1,748s |     
                             Learning Rate: 6.97012e-07 | Batch Size: 64 |      
                             Elements per Batch: 81,716 | Elements per Second:  
                             5,420 | Number of Examples: 64 | Number of         
                             Elements: 81,716 | Number of Target Elements:      
                             26,584 | Padding: 0 | Padding Ratio (%): 0% | Total
                             Number of Examples: 7,232 | Total Number of        
                             Elements: 9,567,497 | Total Number of Target       
                             Elements: 3,331,484 | Peak Active Device Memory:   
                             61.46 GiB | Peak Active Device Memory (%): 78% |   
                             Peak Reserved Device Memory: 74.19 GiB | Peak      
                             Reserved Device Memory (%): 94%                    
[08/20/25 01:09:17] INFO     fairseq2 - Train Metrics (step 114) - DPO Loss:    
                             0.0214986 | Chosen Sequence Log Probabilities:     
                             -529.691 | Rejected Sequence Log Probabilities:    
                             -623.035 | Chosen Sequence Length: 550.797 |       
                             Rejected Sequence Length: 413.344 | NLL Loss:      
                             0.961553 | Gradient Norm: 3.4689 | Data Epoch: 3 | 
                             Data Time: <1s | Compute Time: 13s | Lapse Time:   
                             14s | Total Time: 1,762s | Wall Time: 1,762s |     
                             Learning Rate: 6.96939e-07 | Batch Size: 64 |      
                             Elements per Batch: 90,181 | Elements per Second:  
                             6,440 | Number of Examples: 64 | Number of         
                             Elements: 90,181 | Number of Target Elements:      
                             35,251 | Padding: 0 | Padding Ratio (%): 0% | Total
                             Number of Examples: 7,296 | Total Number of        
                             Elements: 9,657,678 | Total Number of Target       
                             Elements: 3,366,735 | Peak Active Device Memory:   
                             63.11 GiB | Peak Active Device Memory (%): 80% |   
                             Peak Reserved Device Memory: 74.19 GiB | Peak      
                             Reserved Device Memory (%): 94%                    
[08/20/25 01:09:35] INFO     fairseq2 - Train Metrics (step 115) - DPO Loss:    
                             0.00707656 | Chosen Sequence Log Probabilities:    
                             -426.551 | Rejected Sequence Log Probabilities:    
                             -544.109 | Chosen Sequence Length: 564.625 |       
                             Rejected Sequence Length: 458.859 | NLL Loss:      
                             0.755613 | Gradient Norm: 5.20254 | Data Epoch: 3 |
                             Data Time: <1s | Compute Time: 17s | Lapse Time:   
                             17s | Total Time: 1,780s | Wall Time: 1,780s |     
                             Learning Rate: 6.96864e-07 | Batch Size: 64 |      
                             Elements per Batch: 101,051 | Elements per Second: 
                             5,760 | Number of Examples: 64 | Number of         
                             Elements: 101,051 | Number of Target Elements:     
                             36,136 | Padding: 0 | Padding Ratio (%): 0% | Total
                             Number of Examples: 7,360 | Total Number of        
                             Elements: 9,758,729 | Total Number of Target       
                             Elements: 3,402,871 | Peak Active Device Memory:   
                             65.07 GiB | Peak Active Device Memory (%): 83% |   
                             Peak Reserved Device Memory: 73.93 GiB | Peak      
                             Reserved Device Memory (%): 94%                    
[08/20/25 01:09:50] INFO     fairseq2 - Train Metrics (step 116) - DPO Loss:    
                             0.0162034 | Chosen Sequence Log Probabilities:     
                             -427.539 | Rejected Sequence Log Probabilities:    
                             -507.113 | Chosen Sequence Length: 595.25 |        
                             Rejected Sequence Length: 399.594 | NLL Loss:      
                             0.718199 | Gradient Norm: 9.18949 | Data Epoch: 3 |
                             Data Time: <1s | Compute Time: 14s | Lapse Time:   
                             14s | Total Time: 1,795s | Wall Time: 1,795s |     
                             Learning Rate: 6.96789e-07 | Batch Size: 64 |      
                             Elements per Batch: 95,691 | Elements per Second:  
                             6,473 | Number of Examples: 64 | Number of         
                             Elements: 95,691 | Number of Target Elements:      
                             38,096 | Padding: 0 | Padding Ratio (%): 0% | Total
                             Number of Examples: 7,424 | Total Number of        
                             Elements: 9,854,420 | Total Number of Target       
                             Elements: 3,440,967 | Peak Active Device Memory:   
                             61.48 GiB | Peak Active Device Memory (%): 78% |   
                             Peak Reserved Device Memory: 72.37 GiB | Peak      
                             Reserved Device Memory (%): 92%                    
[08/20/25 01:10:07] INFO     fairseq2 - Train Metrics (step 117) - DPO Loss:    
                             0.00934951 | Chosen Sequence Log Probabilities:    
                             -403.805 | Rejected Sequence Log Probabilities:    
                             -508.273 | Chosen Sequence Length: 532.938 |       
                             Rejected Sequence Length: 385.375 | NLL Loss:      
                             0.758107 | Gradient Norm: 2.99362 | Data Epoch: 3 |
                             Data Time: <1s | Compute Time: 17s | Lapse Time:   
                             17s | Total Time: 1,812s | Wall Time: 1,812s |     
                             Learning Rate: 6.96714e-07 | Batch Size: 64 |      
                             Elements per Batch: 90,605 | Elements per Second:  
                             5,307 | Number of Examples: 64 | Number of         
                             Elements: 90,605 | Number of Target Elements:      
                             34,108 | Padding: 0 | Padding Ratio (%): 0% | Total
                             Number of Examples: 7,488 | Total Number of        
                             Elements: 9,945,025 | Total Number of Target       
                             Elements: 3,475,075 | Peak Active Device Memory:   
                             61.35 GiB | Peak Active Device Memory (%): 78% |   
                             Peak Reserved Device Memory: 72.37 GiB | Peak      
                             Reserved Device Memory (%): 92%                    
[08/20/25 01:10:21] INFO     fairseq2 - Train Metrics (step 118) - DPO Loss:    
                             0.0252703 | Chosen Sequence Log Probabilities:     
                             -349.341 | Rejected Sequence Log Probabilities:    
                             -451.633 | Chosen Sequence Length: 399.703 |       
                             Rejected Sequence Length: 279.609 | NLL Loss:      
                             0.874065 | Gradient Norm: 4.21189 | Data Epoch: 3 |
                             Data Time: <1s | Compute Time: 13s | Lapse Time:   
                             13s | Total Time: 1,826s | Wall Time: 1,826s |     
                             Learning Rate: 6.96637e-07 | Batch Size: 64 |      
                             Elements per Batch: 73,125 | Elements per Second:  
                             5,258 | Number of Examples: 64 | Number of         
                             Elements: 73,125 | Number of Target Elements:      
                             25,581 | Padding: 0 | Padding Ratio (%): 0% | Total
                             Number of Examples: 7,552 | Total Number of        
                             Elements: 10,018,150 | Total Number of Target      
                             Elements: 3,500,656 | Peak Active Device Memory:   
                             64.32 GiB | Peak Active Device Memory (%): 82% |   
                             Peak Reserved Device Memory: 73.90 GiB | Peak      
                             Reserved Device Memory (%): 94%                    
[08/20/25 01:10:34] INFO     fairseq2 - Train Metrics (step 119) - DPO Loss:    
                             0.00819659 | Chosen Sequence Log Probabilities:    
                             -463.054 | Rejected Sequence Log Probabilities:    
                             -555.43 | Chosen Sequence Length: 477.266 |        
                             Rejected Sequence Length: 352.703 | NLL Loss:      
                             0.970508 | Gradient Norm: 4.49348 | Data Epoch: 3 |
                             Data Time: <1s | Compute Time: 12s | Lapse Time:   
                             12s | Total Time: 1,839s | Wall Time: 1,839s |     
                             Learning Rate: 6.96559e-07 | Batch Size: 64 |      
                             Elements per Batch: 82,715 | Elements per Second:  
                             6,485 | Number of Examples: 64 | Number of         
                             Elements: 82,715 | Number of Target Elements:      
                             30,545 | Padding: 0 | Padding Ratio (%): 0% | Total
                             Number of Examples: 7,616 | Total Number of        
                             Elements: 10,100,865 | Total Number of Target      
                             Elements: 3,531,201 | Peak Active Device Memory:   
                             60.68 GiB | Peak Active Device Memory (%): 77% |   
                             Peak Reserved Device Memory: 74.14 GiB | Peak      
                             Reserved Device Memory (%): 94%                    
[08/20/25 01:10:49] INFO     fairseq2 - Train Metrics (step 120) - DPO Loss:    
                             0.010716 | Chosen Sequence Log Probabilities:      
                             -333.061 | Rejected Sequence Log Probabilities:    
                             -485.891 | Chosen Sequence Length: 381.844 |       
                             Rejected Sequence Length: 307.875 | NLL Loss:      
                             0.872166 | Gradient Norm: 2.50865 | Data Epoch: 3 |
                             Data Time: <1s | Compute Time: 14s | Lapse Time:   
                             14s | Total Time: 1,853s | Wall Time: 1,853s |     
                             Learning Rate: 6.96481e-07 | Batch Size: 64 |      
                             Elements per Batch: 83,053 | Elements per Second:  
                             5,641 | Number of Examples: 64 | Number of         
                             Elements: 83,053 | Number of Target Elements:      
                             24,438 | Padding: 0 | Padding Ratio (%): 0% | Total
                             Number of Examples: 7,680 | Total Number of        
                             Elements: 10,183,918 | Total Number of Target      
                             Elements: 3,555,639 | Peak Active Device Memory:   
                             61.00 GiB | Peak Active Device Memory (%): 78% |   
                             Peak Reserved Device Memory: 73.48 GiB | Peak      
                             Reserved Device Memory (%): 93%                    
[08/20/25 01:11:05] INFO     fairseq2 - Train Metrics (step 121) - DPO Loss:    
                             0.0254799 | Chosen Sequence Log Probabilities:     
                             -379.882 | Rejected Sequence Log Probabilities:    
                             -494.227 | Chosen Sequence Length: 489.344 |       
                             Rejected Sequence Length: 351.188 | NLL Loss:      
                             0.776395 | Gradient Norm: 6.45245 | Data Epoch: 3 |
                             Data Time: <1s | Compute Time: 16s | Lapse Time:   
                             16s | Total Time: 1,870s | Wall Time: 1,870s |     
                             Learning Rate: 6.96401e-07 | Batch Size: 64 |      
                             Elements per Batch: 91,503 | Elements per Second:  
                             5,472 | Number of Examples: 64 | Number of         
                             Elements: 91,503 | Number of Target Elements:      
                             31,318 | Padding: 0 | Padding Ratio (%): 0% | Total
                             Number of Examples: 7,744 | Total Number of        
                             Elements: 10,275,421 | Total Number of Target      
                             Elements: 3,586,957 | Peak Active Device Memory:   
                             59.86 GiB | Peak Active Device Memory (%): 76% |   
                             Peak Reserved Device Memory: 73.51 GiB | Peak      
                             Reserved Device Memory (%): 93%                    
[08/20/25 01:11:21] INFO     fairseq2 - Train Metrics (step 122) - DPO Loss:    
                             0.00984322 | Chosen Sequence Log Probabilities:    
                             -375.585 | Rejected Sequence Log Probabilities:    
                             -540.734 | Chosen Sequence Length: 465.391 |       
                             Rejected Sequence Length: 382.422 | NLL Loss:      
                             0.807339 | Gradient Norm: 3.52769 | Data Epoch: 3 |
                             Data Time: <1s | Compute Time: 15s | Lapse Time:   
                             15s | Total Time: 1,886s | Wall Time: 1,886s |     
                             Learning Rate: 6.96321e-07 | Batch Size: 64 |      
                             Elements per Batch: 89,817 | Elements per Second:  
                             5,858 | Number of Examples: 64 | Number of         
                             Elements: 89,817 | Number of Target Elements:      
                             29,785 | Padding: 0 | Padding Ratio (%): 0% | Total
                             Number of Examples: 7,808 | Total Number of        
                             Elements: 10,365,238 | Total Number of Target      
                             Elements: 3,616,742 | Peak Active Device Memory:   
                             60.70 GiB | Peak Active Device Memory (%): 77% |   
                             Peak Reserved Device Memory: 73.51 GiB | Peak      
                             Reserved Device Memory (%): 93%                    
[08/20/25 01:11:35] INFO     fairseq2 - Train Metrics (step 123) - DPO Loss:    
                             0.00780894 | Chosen Sequence Log Probabilities:    
                             -414.365 | Rejected Sequence Log Probabilities:    
                             -532.273 | Chosen Sequence Length: 475.766 |       
                             Rejected Sequence Length: 404.094 | NLL Loss:      
                             0.870868 | Gradient Norm: 1.88331 | Data Epoch: 3 |
                             Data Time: <1s | Compute Time: 13s | Lapse Time:   
                             13s | Total Time: 1,900s | Wall Time: 1,900s |     
                             Learning Rate: 6.9624e-07 | Batch Size: 64 |       
                             Elements per Batch: 83,656 | Elements per Second:  
                             6,061 | Number of Examples: 64 | Number of         
                             Elements: 83,656 | Number of Target Elements:      
                             30,449 | Padding: 0 | Padding Ratio (%): 0% | Total
                             Number of Examples: 7,872 | Total Number of        
                             Elements: 10,448,894 | Total Number of Target      
                             Elements: 3,647,191 | Peak Active Device Memory:   
                             59.99 GiB | Peak Active Device Memory (%): 76% |   
                             Peak Reserved Device Memory: 73.51 GiB | Peak      
                             Reserved Device Memory (%): 93%                    
[08/20/25 01:11:50] INFO     fairseq2 - Train Metrics (step 124) - DPO Loss:    
                             0.0147805 | Chosen Sequence Log Probabilities:     
                             -350.336 | Rejected Sequence Log Probabilities:    
                             -480.41 | Chosen Sequence Length: 437.484 |        
                             Rejected Sequence Length: 334.594 | NLL Loss:      
                             0.80124 | Gradient Norm: 3.6176 | Data Epoch: 3 |  
                             Data Time: <1s | Compute Time: 15s | Lapse Time:   
                             15s | Total Time: 1,915s | Wall Time: 1,915s |     
                             Learning Rate: 6.96158e-07 | Batch Size: 64 |      
                             Elements per Batch: 86,244 | Elements per Second:  
                             5,741 | Number of Examples: 64 | Number of         
                             Elements: 86,244 | Number of Target Elements:      
                             27,999 | Padding: 0 | Padding Ratio (%): 0% | Total
                             Number of Examples: 7,936 | Total Number of        
                             Elements: 10,535,138 | Total Number of Target      
                             Elements: 3,675,190 | Peak Active Device Memory:   
                             67.22 GiB | Peak Active Device Memory (%): 85% |   
                             Peak Reserved Device Memory: 74.61 GiB | Peak      
                             Reserved Device Memory (%): 95%                    
[08/20/25 01:12:06] INFO     fairseq2 - Train Metrics (step 125) - DPO Loss:    
                             0.00982981 | Chosen Sequence Log Probabilities:    
                             -381.676 | Rejected Sequence Log Probabilities:    
                             -527.215 | Chosen Sequence Length: 484.969 |       
                             Rejected Sequence Length: 401.844 | NLL Loss:      
                             0.787159 | Gradient Norm: 4.4222 | Data Epoch: 3 | 
                             Data Time: <1s | Compute Time: 15s | Lapse Time:   
                             15s | Total Time: 1,930s | Wall Time: 1,930s |     
                             Learning Rate: 6.96075e-07 | Batch Size: 64 |      
                             Elements per Batch: 88,959 | Elements per Second:  
                             5,671 | Number of Examples: 64 | Number of         
                             Elements: 88,959 | Number of Target Elements:      
                             31,038 | Padding: 0 | Padding Ratio (%): 0% | Total
                             Number of Examples: 8,000 | Total Number of        
                             Elements: 10,624,097 | Total Number of Target      
                             Elements: 3,706,228 | Peak Active Device Memory:   
                             60.49 GiB | Peak Active Device Memory (%): 77% |   
                             Peak Reserved Device Memory: 71.34 GiB | Peak      
                             Reserved Device Memory (%): 91%                    
[08/20/25 01:12:19] INFO     fairseq2 - Train Metrics (step 126) - DPO Loss:    
                             0.00611899 | Chosen Sequence Log Probabilities:    
                             -494.154 | Rejected Sequence Log Probabilities:    
                             -622.234 | Chosen Sequence Length: 511.531 |       
                             Rejected Sequence Length: 423.734 | NLL Loss:      
                             0.965748 | Gradient Norm: 1.52656 | Data Epoch: 3 |
                             Data Time: <1s | Compute Time: 12s | Lapse Time:   
                             12s | Total Time: 1,943s | Wall Time: 1,943s |     
                             Learning Rate: 6.95991e-07 | Batch Size: 64 |      
                             Elements per Batch: 80,509 | Elements per Second:  
                             6,253 | Number of Examples: 64 | Number of         
                             Elements: 80,509 | Number of Target Elements:      
                             32,738 | Padding: 0 | Padding Ratio (%): 0% | Total
                             Number of Examples: 8,064 | Total Number of        
                             Elements: 10,704,606 | Total Number of Target      
                             Elements: 3,738,966 | Peak Active Device Memory:   
                             61.82 GiB | Peak Active Device Memory (%): 79% |   
                             Peak Reserved Device Memory: 74.31 GiB | Peak      
                             Reserved Device Memory (%): 94%                    
[08/20/25 01:12:33] INFO     fairseq2 - Train Metrics (step 127) - DPO Loss:    
                             0.048214 | Chosen Sequence Log Probabilities:      
                             -475.918 | Rejected Sequence Log Probabilities:    
                             -608.812 | Chosen Sequence Length: 543.75 |        
                             Rejected Sequence Length: 409.578 | NLL Loss:      
                             0.875683 | Gradient Norm: 53.7791 | Data Epoch: 3 |
                             Data Time: <1s | Compute Time: 14s | Lapse Time:   
                             14s | Total Time: 1,958s | Wall Time: 1,958s |     
                             Learning Rate: 6.95906e-07 | Batch Size: 64 |      
                             Elements per Batch: 85,353 | Elements per Second:  
                             5,857 | Number of Examples: 64 | Number of         
                             Elements: 85,353 | Number of Target Elements:      
                             34,800 | Padding: 0 | Padding Ratio (%): 0% | Total
                             Number of Examples: 8,128 | Total Number of        
                             Elements: 10,789,959 | Total Number of Target      
                             Elements: 3,773,766 | Peak Active Device Memory:   
                             59.97 GiB | Peak Active Device Memory (%): 76% |   
                             Peak Reserved Device Memory: 73.16 GiB | Peak      
                             Reserved Device Memory (%): 93%                    
[08/20/25 01:12:49] INFO     fairseq2 - Train Metrics (step 128) - DPO Loss:    
                             0.00422636 | Chosen Sequence Log Probabilities:    
                             -368.069 | Rejected Sequence Log Probabilities:    
                             -522.426 | Chosen Sequence Length: 514.703 |       
                             Rejected Sequence Length: 387.938 | NLL Loss:      
                             0.714902 | Gradient Norm: 1.93214 | Data Epoch: 3 |
                             Data Time: <1s | Compute Time: 15s | Lapse Time:   
                             15s | Total Time: 1,974s | Wall Time: 1,974s |     
                             Learning Rate: 6.95821e-07 | Batch Size: 64 |      
                             Elements per Batch: 92,800 | Elements per Second:  
                             5,809 | Number of Examples: 64 | Number of         
                             Elements: 92,800 | Number of Target Elements:      
                             32,941 | Padding: 0 | Padding Ratio (%): 0% | Total
                             Number of Examples: 8,192 | Total Number of        
                             Elements: 10,882,759 | Total Number of Target      
                             Elements: 3,806,707 | Peak Active Device Memory:   
                             62.55 GiB | Peak Active Device Memory (%): 79% |   
                             Peak Reserved Device Memory: 74.37 GiB | Peak      
                             Reserved Device Memory (%): 94%                    
[08/20/25 01:13:04] INFO     fairseq2 - Train Metrics (step 129) - DPO Loss:    
                             0.0135897 | Chosen Sequence Log Probabilities:     
                             -430.406 | Rejected Sequence Log Probabilities:    
                             -527.598 | Chosen Sequence Length: 492.312 |       
                             Rejected Sequence Length: 356.188 | NLL Loss:      
                             0.8741 | Gradient Norm: 4.6442 | Data Epoch: 3 |   
                             Data Time: <1s | Compute Time: 14s | Lapse Time:   
                             14s | Total Time: 1,989s | Wall Time: 1,989s |     
                             Learning Rate: 6.95734e-07 | Batch Size: 64 |      
                             Elements per Batch: 95,391 | Elements per Second:  
                             6,597 | Number of Examples: 64 | Number of         
                             Elements: 95,391 | Number of Target Elements:      
                             31,508 | Padding: 0 | Padding Ratio (%): 0% | Total
                             Number of Examples: 8,256 | Total Number of        
                             Elements: 10,978,150 | Total Number of Target      
                             Elements: 3,838,215 | Peak Active Device Memory:   
                             61.41 GiB | Peak Active Device Memory (%): 78% |   
                             Peak Reserved Device Memory: 74.37 GiB | Peak      
                             Reserved Device Memory (%): 94%                    
[08/20/25 01:13:23] INFO     fairseq2 - Train Metrics (step 130) - DPO Loss:    
                             0.0116598 | Chosen Sequence Log Probabilities:     
                             -313.574 | Rejected Sequence Log Probabilities:    
                             -437.168 | Chosen Sequence Length: 406.828 |       
                             Rejected Sequence Length: 306.891 | NLL Loss:      
                             0.770714 | Gradient Norm: 3.33557 | Data Epoch: 3 |
                             Data Time: <1s | Compute Time: 18s | Lapse Time:   
                             18s | Total Time: 2,007s | Wall Time: 2,007s |     
                             Learning Rate: 6.95647e-07 | Batch Size: 64 |      
                             Elements per Batch: 96,344 | Elements per Second:  
                             5,158 | Number of Examples: 64 | Number of         
                             Elements: 96,344 | Number of Target Elements:      
                             26,037 | Padding: 0 | Padding Ratio (%): 0% | Total
                             Number of Examples: 8,320 | Total Number of        
                             Elements: 11,074,494 | Total Number of Target      
                             Elements: 3,864,252 | Peak Active Device Memory:   
                             59.92 GiB | Peak Active Device Memory (%): 76% |   
                             Peak Reserved Device Memory: 74.37 GiB | Peak      
                             Reserved Device Memory (%): 94%                    
[08/20/25 01:13:37] INFO     fairseq2 - Train Metrics (step 131) - DPO Loss:    
                             0.0174449 | Chosen Sequence Log Probabilities:     
                             -411.158 | Rejected Sequence Log Probabilities:    
                             -557.727 | Chosen Sequence Length: 528.656 |       
                             Rejected Sequence Length: 417.203 | NLL Loss:      
                             0.777616 | Gradient Norm: 12.8957 | Data Epoch: 3 |
                             Data Time: <1s | Compute Time: 14s | Lapse Time:   
                             14s | Total Time: 2,022s | Wall Time: 2,022s |     
                             Learning Rate: 6.95559e-07 | Batch Size: 64 |      
                             Elements per Batch: 86,651 | Elements per Second:  
                             5,874 | Number of Examples: 64 | Number of         
                             Elements: 86,651 | Number of Target Elements:      
                             33,834 | Padding: 0 | Padding Ratio (%): 0% | Total
                             Number of Examples: 8,384 | Total Number of        
                             Elements: 11,161,145 | Total Number of Target      
                             Elements: 3,898,086 | Peak Active Device Memory:   
                             60.33 GiB | Peak Active Device Memory (%): 77% |   
                             Peak Reserved Device Memory: 74.37 GiB | Peak      
                             Reserved Device Memory (%): 94%                    
[08/20/25 01:13:54] INFO     fairseq2 - Train Metrics (step 132) - DPO Loss:    
                             0.00828989 | Chosen Sequence Log Probabilities:    
                             -362.025 | Rejected Sequence Log Probabilities:    
                             -462.477 | Chosen Sequence Length: 425.812 |       
                             Rejected Sequence Length: 340.125 | NLL Loss:      
                             0.85024 | Gradient Norm: 2.33896 | Data Epoch: 3 | 
                             Data Time: <1s | Compute Time: 16s | Lapse Time:   
                             16s | Total Time: 2,039s | Wall Time: 2,039s |     
                             Learning Rate: 6.9547e-07 | Batch Size: 64 |       
                             Elements per Batch: 86,048 | Elements per Second:  
                             5,125 | Number of Examples: 64 | Number of         
                             Elements: 86,048 | Number of Target Elements:      
                             27,252 | Padding: 0 | Padding Ratio (%): 0% | Total
                             Number of Examples: 8,448 | Total Number of        
                             Elements: 11,247,193 | Total Number of Target      
                             Elements: 3,925,338 | Peak Active Device Memory:   
                             61.78 GiB | Peak Active Device Memory (%): 79% |   
                             Peak Reserved Device Memory: 74.37 GiB | Peak      
                             Reserved Device Memory (%): 94%                    
[08/20/25 01:14:11] INFO     fairseq2 - Train Metrics (step 133) - DPO Loss:    
                             0.0213197 | Chosen Sequence Log Probabilities:     
                             -414.719 | Rejected Sequence Log Probabilities:    
                             -512.59 | Chosen Sequence Length: 418.625 |        
                             Rejected Sequence Length: 341.891 | NLL Loss:      
                             0.990626 | Gradient Norm: 4.17172 | Data Epoch: 3 |
                             Data Time: <1s | Compute Time: 16s | Lapse Time:   
                             16s | Total Time: 2,055s | Wall Time: 2,055s |     
                             Learning Rate: 6.9538e-07 | Batch Size: 64 |       
                             Elements per Batch: 80,506 | Elements per Second:  
                             4,979 | Number of Examples: 64 | Number of         
                             Elements: 80,506 | Number of Target Elements:      
                             26,792 | Padding: 0 | Padding Ratio (%): 0% | Total
                             Number of Examples: 8,512 | Total Number of        
                             Elements: 11,327,699 | Total Number of Target      
                             Elements: 3,952,130 | Peak Active Device Memory:   
                             65.40 GiB | Peak Active Device Memory (%): 83% |   
                             Peak Reserved Device Memory: 73.89 GiB | Peak      
                             Reserved Device Memory (%): 94%                    
[08/20/25 01:14:26] INFO     fairseq2 - Train Metrics (step 134) - DPO Loss:    
                             0.00712403 | Chosen Sequence Log Probabilities:    
                             -323.023 | Rejected Sequence Log Probabilities:    
                             -443.195 | Chosen Sequence Length: 401.828 |       
                             Rejected Sequence Length: 322.484 | NLL Loss:      
                             0.80416 | Gradient Norm: 1.91694 | Data Epoch: 3 | 
                             Data Time: <1s | Compute Time: 15s | Lapse Time:   
                             15s | Total Time: 2,070s | Wall Time: 2,070s |     
                             Learning Rate: 6.95289e-07 | Batch Size: 64 |      
                             Elements per Batch: 82,329 | Elements per Second:  
                             5,479 | Number of Examples: 64 | Number of         
                             Elements: 82,329 | Number of Target Elements:      
                             25,717 | Padding: 0 | Padding Ratio (%): 0% | Total
                             Number of Examples: 8,576 | Total Number of        
                             Elements: 11,410,028 | Total Number of Target      
                             Elements: 3,977,847 | Peak Active Device Memory:   
                             60.89 GiB | Peak Active Device Memory (%): 77% |   
                             Peak Reserved Device Memory: 73.64 GiB | Peak      
                             Reserved Device Memory (%): 93%                    
[08/20/25 01:14:41] INFO     fairseq2 - Train Metrics (step 135) - DPO Loss:    
                             0.00774966 | Chosen Sequence Log Probabilities:    
                             -377.812 | Rejected Sequence Log Probabilities:    
                             -485.578 | Chosen Sequence Length: 473.406 |       
                             Rejected Sequence Length: 352.078 | NLL Loss:      
                             0.798057 | Gradient Norm: 1.86033 | Data Epoch: 3 |
                             Data Time: <1s | Compute Time: 15s | Lapse Time:   
                             15s | Total Time: 2,086s | Wall Time: 2,086s |     
                             Learning Rate: 6.95197e-07 | Batch Size: 64 |      
                             Elements per Batch: 86,025 | Elements per Second:  
                             5,646 | Number of Examples: 64 | Number of         
                             Elements: 86,025 | Number of Target Elements:      
                             30,298 | Padding: 0 | Padding Ratio (%): 0% | Total
                             Number of Examples: 8,640 | Total Number of        
                             Elements: 11,496,053 | Total Number of Target      
                             Elements: 4,008,145 | Peak Active Device Memory:   
                             61.27 GiB | Peak Active Device Memory (%): 78% |   
                             Peak Reserved Device Memory: 74.59 GiB | Peak      
                             Reserved Device Memory (%): 95%                    
[08/20/25 01:14:55] INFO     fairseq2 - Train Metrics (step 136) - DPO Loss:    
                             0.0107184 | Chosen Sequence Log Probabilities:     
                             -370.383 | Rejected Sequence Log Probabilities:    
                             -506.297 | Chosen Sequence Length: 479.969 |       
                             Rejected Sequence Length: 387.656 | NLL Loss:      
                             0.77174 | Gradient Norm: 4.72869 | Data Epoch: 3 | 
                             Data Time: <1s | Compute Time: 13s | Lapse Time:   
                             13s | Total Time: 2,099s | Wall Time: 2,099s |     
                             Learning Rate: 6.95105e-07 | Batch Size: 64 |      
                             Elements per Batch: 85,088 | Elements per Second:  
                             6,295 | Number of Examples: 64 | Number of         
                             Elements: 85,088 | Number of Target Elements:      
                             30,718 | Padding: 0 | Padding Ratio (%): 0% | Total
                             Number of Examples: 8,704 | Total Number of        
                             Elements: 11,581,141 | Total Number of Target      
                             Elements: 4,038,863 | Peak Active Device Memory:   
                             60.35 GiB | Peak Active Device Memory (%): 77% |   
                             Peak Reserved Device Memory: 74.59 GiB | Peak      
                             Reserved Device Memory (%): 95%                    
[08/20/25 01:15:11] INFO     fairseq2 - Train Metrics (step 137) - DPO Loss:    
                             0.0176937 | Chosen Sequence Log Probabilities:     
                             -390.927 | Rejected Sequence Log Probabilities:    
                             -515.043 | Chosen Sequence Length: 450 | Rejected  
                             Sequence Length: 373.219 | NLL Loss: 0.868799 |    
                             Gradient Norm: 7.73561 | Data Epoch: 3 | Data Time:
                             <1s | Compute Time: 16s | Lapse Time: 16s | Total  
                             Time: 2,116s | Wall Time: 2,116s | Learning Rate:  
                             6.95011e-07 | Batch Size: 64 | Elements per Batch: 
                             83,811 | Elements per Second: 5,042 | Number of    
                             Examples: 64 | Number of Elements: 83,811 | Number 
                             of Target Elements: 28,800 | Padding: 0 | Padding  
                             Ratio (%): 0% | Total Number of Examples: 8,768 |  
                             Total Number of Elements: 11,664,952 | Total Number
                             of Target Elements: 4,067,663 | Peak Active Device 
                             Memory: 59.91 GiB | Peak Active Device Memory (%): 
                             76% | Peak Reserved Device Memory: 74.59 GiB | Peak
                             Reserved Device Memory (%): 95%                    
[08/20/25 01:15:27] INFO     fairseq2 - Train Metrics (step 138) - DPO Loss:    
                             0.0161062 | Chosen Sequence Log Probabilities:     
                             -457.812 | Rejected Sequence Log Probabilities:    
                             -573.699 | Chosen Sequence Length: 493.172 |       
                             Rejected Sequence Length: 398.375 | NLL Loss:      
                             0.928622 | Gradient Norm: 4.09976 | Data Epoch: 3 |
                             Data Time: <1s | Compute Time: 15s | Lapse Time:   
                             15s | Total Time: 2,132s | Wall Time: 2,132s |     
                             Learning Rate: 6.94917e-07 | Batch Size: 64 |      
                             Elements per Batch: 85,446 | Elements per Second:  
                             5,404 | Number of Examples: 64 | Number of         
                             Elements: 85,446 | Number of Target Elements:      
                             31,563 | Padding: 0 | Padding Ratio (%): 0% | Total
                             Number of Examples: 8,832 | Total Number of        
                             Elements: 11,750,398 | Total Number of Target      
                             Elements: 4,099,226 | Peak Active Device Memory:   
                             61.28 GiB | Peak Active Device Memory (%): 78% |   
                             Peak Reserved Device Memory: 74.59 GiB | Peak      
                             Reserved Device Memory (%): 95%                    
[08/20/25 01:15:44] INFO     fairseq2 - Train Metrics (step 139) - DPO Loss:    
                             0.00363775 | Chosen Sequence Log Probabilities:    
                             -377.709 | Rejected Sequence Log Probabilities:    
                             -502.219 | Chosen Sequence Length: 487.953 |       
                             Rejected Sequence Length: 370.578 | NLL Loss:      
                             0.774243 | Gradient Norm: 1.08253 | Data Epoch: 3 |
                             Data Time: <1s | Compute Time: 16s | Lapse Time:   
                             16s | Total Time: 2,149s | Wall Time: 2,149s |     
                             Learning Rate: 6.94822e-07 | Batch Size: 64 |      
                             Elements per Batch: 89,443 | Elements per Second:  
                             5,418 | Number of Examples: 64 | Number of         
                             Elements: 89,443 | Number of Target Elements:      
                             31,229 | Padding: 0 | Padding Ratio (%): 0% | Total
                             Number of Examples: 8,896 | Total Number of        
                             Elements: 11,839,841 | Total Number of Target      
                             Elements: 4,130,455 | Peak Active Device Memory:   
                             60.83 GiB | Peak Active Device Memory (%): 77% |   
                             Peak Reserved Device Memory: 74.59 GiB | Peak      
                             Reserved Device Memory (%): 95%                    
[08/20/25 01:16:00] INFO     fairseq2 - Train Metrics (step 140) - DPO Loss:    
                             0.021399 | Chosen Sequence Log Probabilities:      
                             -434.351 | Rejected Sequence Log Probabilities:    
                             -514.398 | Chosen Sequence Length: 474.016 |       
                             Rejected Sequence Length: 365.844 | NLL Loss:      
                             0.915911 | Gradient Norm: 5.13553 | Data Epoch: 3 |
                             Data Time: <1s | Compute Time: 16s | Lapse Time:   
                             16s | Total Time: 2,165s | Wall Time: 2,165s |     
                             Learning Rate: 6.94726e-07 | Batch Size: 64 |      
                             Elements per Batch: 87,188 | Elements per Second:  
                             5,319 | Number of Examples: 64 | Number of         
                             Elements: 87,188 | Number of Target Elements:      
                             30,337 | Padding: 0 | Padding Ratio (%): 0% | Total
                             Number of Examples: 8,960 | Total Number of        
                             Elements: 11,927,029 | Total Number of Target      
                             Elements: 4,160,792 | Peak Active Device Memory:   
                             61.09 GiB | Peak Active Device Memory (%): 78% |   
                             Peak Reserved Device Memory: 73.07 GiB | Peak      
                             Reserved Device Memory (%): 93%                    
[08/20/25 01:16:13] INFO     fairseq2 - Train Metrics (step 141) - DPO Loss:    
                             0.00448431 | Chosen Sequence Log Probabilities:    
                             -343.846 | Rejected Sequence Log Probabilities:    
                             -502.508 | Chosen Sequence Length: 411.219 |       
                             Rejected Sequence Length: 316.938 | NLL Loss:      
                             0.836337 | Gradient Norm: 1.51491 | Data Epoch: 3 |
                             Data Time: <1s | Compute Time: 12s | Lapse Time:   
                             12s | Total Time: 2,178s | Wall Time: 2,178s |     
                             Learning Rate: 6.94629e-07 | Batch Size: 64 |      
                             Elements per Batch: 77,276 | Elements per Second:  
                             6,103 | Number of Examples: 64 | Number of         
                             Elements: 77,276 | Number of Target Elements:      
                             26,318 | Padding: 0 | Padding Ratio (%): 0% | Total
                             Number of Examples: 9,024 | Total Number of        
                             Elements: 12,004,305 | Total Number of Target      
                             Elements: 4,187,110 | Peak Active Device Memory:   
                             64.91 GiB | Peak Active Device Memory (%): 82% |   
                             Peak Reserved Device Memory: 74.68 GiB | Peak      
                             Reserved Device Memory (%): 95%                    
[08/20/25 01:16:24] INFO     fairseq2 - Train Metrics (step 142) - DPO Loss:    
                             0.010506 | Chosen Sequence Log Probabilities:      
                             -387.129 | Rejected Sequence Log Probabilities:    
                             -488.066 | Chosen Sequence Length: 441.453 |       
                             Rejected Sequence Length: 311.984 | NLL Loss:      
                             0.877029 | Gradient Norm: 4.78913 | Data Epoch: 3 |
                             Data Time: <1s | Compute Time: 11s | Lapse Time:   
                             11s | Total Time: 2,189s | Wall Time: 2,189s |     
                             Learning Rate: 6.94531e-07 | Batch Size: 64 |      
                             Elements per Batch: 74,238 | Elements per Second:  
                             6,578 | Number of Examples: 64 | Number of         
                             Elements: 74,238 | Number of Target Elements:      
                             28,253 | Padding: 0 | Padding Ratio (%): 0% | Total
                             Number of Examples: 9,088 | Total Number of        
                             Elements: 12,078,543 | Total Number of Target      
                             Elements: 4,215,363 | Peak Active Device Memory:   
                             59.98 GiB | Peak Active Device Memory (%): 76% |   
                             Peak Reserved Device Memory: 70.88 GiB | Peak      
                             Reserved Device Memory (%): 90%                    
[08/20/25 01:16:41] INFO     fairseq2 - Train Metrics (step 143) - DPO Loss:    
                             0.00224201 | Chosen Sequence Log Probabilities:    
                             -389.139 | Rejected Sequence Log Probabilities:    
                             -509.195 | Chosen Sequence Length: 525.766 |       
                             Rejected Sequence Length: 386.516 | NLL Loss:      
                             0.740056 | Gradient Norm: 0.708258 | Data Epoch: 3 
                             | Data Time: <1s | Compute Time: 16s | Lapse Time: 
                             16s | Total Time: 2,206s | Wall Time: 2,206s |     
                             Learning Rate: 6.94432e-07 | Batch Size: 64 |      
                             Elements per Batch: 96,241 | Elements per Second:  
                             5,884 | Number of Examples: 64 | Number of         
                             Elements: 96,241 | Number of Target Elements:      
                             33,649 | Padding: 0 | Padding Ratio (%): 0% | Total
                             Number of Examples: 9,152 | Total Number of        
                             Elements: 12,174,784 | Total Number of Target      
                             Elements: 4,249,012 | Peak Active Device Memory:   
                             60.67 GiB | Peak Active Device Memory (%): 77% |   
                             Peak Reserved Device Memory: 73.41 GiB | Peak      
                             Reserved Device Memory (%): 93%                    
[08/20/25 01:16:59] INFO     fairseq2 - Train Metrics (step 144) - DPO Loss:    
                             0.00955596 | Chosen Sequence Log Probabilities:    
                             -365.625 | Rejected Sequence Log Probabilities:    
                             -483.75 | Chosen Sequence Length: 407.234 |        
                             Rejected Sequence Length: 332.031 | NLL Loss:      
                             0.897734 | Gradient Norm: 3.79827 | Data Epoch: 3 |
                             Data Time: <1s | Compute Time: 17s | Lapse Time:   
                             17s | Total Time: 2,223s | Wall Time: 2,223s |     
                             Learning Rate: 6.94333e-07 | Batch Size: 64 |      
                             Elements per Batch: 79,261 | Elements per Second:  
                             4,502 | Number of Examples: 64 | Number of         
                             Elements: 79,261 | Number of Target Elements:      
                             26,063 | Padding: 0 | Padding Ratio (%): 0% | Total
                             Number of Examples: 9,216 | Total Number of        
                             Elements: 12,254,045 | Total Number of Target      
                             Elements: 4,275,075 | Peak Active Device Memory:   
                             62.92 GiB | Peak Active Device Memory (%): 80% |   
                             Peak Reserved Device Memory: 74.74 GiB | Peak      
                             Reserved Device Memory (%): 95%                    
[08/20/25 01:17:15] INFO     fairseq2 - Train Metrics (step 145) - DPO Loss:    
                             0.00864556 | Chosen Sequence Log Probabilities:    
                             -362.655 | Rejected Sequence Log Probabilities:    
                             -493.812 | Chosen Sequence Length: 446.188 |       
                             Rejected Sequence Length: 365.172 | NLL Loss:      
                             0.812823 | Gradient Norm: 6.44336 | Data Epoch: 3 |
                             Data Time: <1s | Compute Time: 15s | Lapse Time:   
                             15s | Total Time: 2,239s | Wall Time: 2,239s |     
                             Learning Rate: 6.94232e-07 | Batch Size: 64 |      
                             Elements per Batch: 88,282 | Elements per Second:  
                             5,560 | Number of Examples: 64 | Number of         
                             Elements: 88,282 | Number of Target Elements:      
                             28,556 | Padding: 0 | Padding Ratio (%): 0% | Total
                             Number of Examples: 9,280 | Total Number of        
                             Elements: 12,342,327 | Total Number of Target      
                             Elements: 4,303,631 | Peak Active Device Memory:   
                             64.77 GiB | Peak Active Device Memory (%): 82% |   
                             Peak Reserved Device Memory: 74.63 GiB | Peak      
                             Reserved Device Memory (%): 95%                    
[08/20/25 01:17:30] INFO     fairseq2 - Train Metrics (step 146) - DPO Loss:    
                             0.0227467 | Chosen Sequence Log Probabilities:     
                             -517.578 | Rejected Sequence Log Probabilities:    
                             -542.84 | Chosen Sequence Length: 506.484 |        
                             Rejected Sequence Length: 377.266 | NLL Loss:      
                             1.02226 | Gradient Norm: 4.04741 | Data Epoch: 3 | 
                             Data Time: <1s | Compute Time: 14s | Lapse Time:   
                             15s | Total Time: 2,254s | Wall Time: 2,254s |     
                             Learning Rate: 6.94131e-07 | Batch Size: 64 |      
                             Elements per Batch: 93,102 | Elements per Second:  
                             6,211 | Number of Examples: 64 | Number of         
                             Elements: 93,102 | Number of Target Elements:      
                             32,415 | Padding: 0 | Padding Ratio (%): 0% | Total
                             Number of Examples: 9,344 | Total Number of        
                             Elements: 12,435,429 | Total Number of Target      
                             Elements: 4,336,046 | Peak Active Device Memory:   
                             61.43 GiB | Peak Active Device Memory (%): 78% |   
                             Peak Reserved Device Memory: 74.26 GiB | Peak      
                             Reserved Device Memory (%): 94%                    
[08/20/25 01:17:44] INFO     fairseq2 - Train Metrics (step 147) - DPO Loss:    
                             0.0129025 | Chosen Sequence Log Probabilities:     
                             -445.754 | Rejected Sequence Log Probabilities:    
                             -552.199 | Chosen Sequence Length: 467.812 |       
                             Rejected Sequence Length: 369.562 | NLL Loss:      
                             0.952229 | Gradient Norm: 3.86236 | Data Epoch: 3 |
                             Data Time: <1s | Compute Time: 14s | Lapse Time:   
                             14s | Total Time: 2,269s | Wall Time: 2,269s |     
                             Learning Rate: 6.94029e-07 | Batch Size: 64 |      
                             Elements per Batch: 86,808 | Elements per Second:  
                             6,126 | Number of Examples: 64 | Number of         
                             Elements: 86,808 | Number of Target Elements:      
                             29,940 | Padding: 0 | Padding Ratio (%): 0% | Total
                             Number of Examples: 9,408 | Total Number of        
                             Elements: 12,522,237 | Total Number of Target      
                             Elements: 4,365,986 | Peak Active Device Memory:   
                             62.46 GiB | Peak Active Device Memory (%): 79% |   
                             Peak Reserved Device Memory: 74.32 GiB | Peak      
                             Reserved Device Memory (%): 94%                    
[08/20/25 01:18:01] INFO     fairseq2 - Train Metrics (step 148) - DPO Loss:    
                             0.00349411 | Chosen Sequence Log Probabilities:    
                             -354.117 | Rejected Sequence Log Probabilities:    
                             -508.5 | Chosen Sequence Length: 469.25 | Rejected 
                             Sequence Length: 352.641 | NLL Loss: 0.754685 |    
                             Gradient Norm: 1.26963 | Data Epoch: 3 | Data Time:
                             <1s | Compute Time: 17s | Lapse Time: 17s | Total  
                             Time: 2,286s | Wall Time: 2,286s | Learning Rate:  
                             6.93925e-07 | Batch Size: 64 | Elements per Batch: 
                             94,253 | Elements per Second: 5,539 | Number of    
                             Examples: 64 | Number of Elements: 94,253 | Number 
                             of Target Elements: 30,032 | Padding: 0 | Padding  
                             Ratio (%): 0% | Total Number of Examples: 9,472 |  
                             Total Number of Elements: 12,616,490 | Total Number
                             of Target Elements: 4,396,018 | Peak Active Device 
                             Memory: 66.72 GiB | Peak Active Device Memory (%): 
                             85% | Peak Reserved Device Memory: 74.78 GiB | Peak
                             Reserved Device Memory (%): 95%                    
[08/20/25 01:18:19] INFO     fairseq2 - Train Metrics (step 149) - DPO Loss:    
                             0.0106438 | Chosen Sequence Log Probabilities:     
                             -386.792 | Rejected Sequence Log Probabilities:    
                             -504.483 | Chosen Sequence Length: 494.656 |       
                             Rejected Sequence Length: 378.094 | NLL Loss:      
                             0.781622 | Gradient Norm: 3.01338 | Data Epoch: 3 |
                             Data Time: <1s | Compute Time: 18s | Lapse Time:   
                             18s | Total Time: 2,304s | Wall Time: 2,304s |     
                             Learning Rate: 6.93821e-07 | Batch Size: 64 |      
                             Elements per Batch: 85,423 | Elements per Second:  
                             4,715 | Number of Examples: 64 | Number of         
                             Elements: 85,423 | Number of Target Elements:      
                             31,658 | Padding: 0 | Padding Ratio (%): 0% | Total
                             Number of Examples: 9,536 | Total Number of        
                             Elements: 12,701,913 | Total Number of Target      
                             Elements: 4,427,676 | Peak Active Device Memory:   
                             60.42 GiB | Peak Active Device Memory (%): 77% |   
                             Peak Reserved Device Memory: 74.46 GiB | Peak      
                             Reserved Device Memory (%): 95%                    
[08/20/25 01:18:37] INFO     fairseq2 - Train Metrics (step 150) - DPO Loss:    
                             0.0115588 | Chosen Sequence Log Probabilities:     
                             -457.73 | Rejected Sequence Log Probabilities:     
                             -591.875 | Chosen Sequence Length: 523.391 |       
                             Rejected Sequence Length: 397.844 | NLL Loss:      
                             0.874485 | Gradient Norm: 4.08806 | Data Epoch: 3 |
                             Data Time: <1s | Compute Time: 18s | Lapse Time:   
                             18s | Total Time: 2,322s | Wall Time: 2,322s |     
                             Learning Rate: 6.93717e-07 | Batch Size: 64 |      
                             Elements per Batch: 83,408 | Elements per Second:  
                             4,589 | Number of Examples: 64 | Number of         
                             Elements: 83,408 | Number of Target Elements:      
                             33,497 | Padding: 0 | Padding Ratio (%): 0% | Total
                             Number of Examples: 9,600 | Total Number of        
                             Elements: 12,785,321 | Total Number of Target      
                             Elements: 4,461,173 | Peak Active Device Memory:   
                             60.95 GiB | Peak Active Device Memory (%): 77% |   
                             Peak Reserved Device Memory: 74.46 GiB | Peak      
                             Reserved Device Memory (%): 95%                    
[08/20/25 01:18:50] INFO     fairseq2 - Train Metrics (step 151) - DPO Loss:    
                             0.0226302 | Chosen Sequence Log Probabilities:     
                             -405.446 | Rejected Sequence Log Probabilities:    
                             -564.906 | Chosen Sequence Length: 398.797 |       
                             Rejected Sequence Length: 348.078 | NLL Loss:      
                             1.01634 | Gradient Norm: 18.0429 | Data Epoch: 3 | 
                             Data Time: <1s | Compute Time: 12s | Lapse Time:   
                             12s | Total Time: 2,335s | Wall Time: 2,335s |     
                             Learning Rate: 6.93611e-07 | Batch Size: 64 |      
                             Elements per Batch: 77,024 | Elements per Second:  
                             5,984 | Number of Examples: 64 | Number of         
                             Elements: 77,024 | Number of Target Elements:      
                             25,523 | Padding: 0 | Padding Ratio (%): 0% | Total
                             Number of Examples: 9,664 | Total Number of        
                             Elements: 12,862,345 | Total Number of Target      
                             Elements: 4,486,696 | Peak Active Device Memory:   
                             61.44 GiB | Peak Active Device Memory (%): 78% |   
                             Peak Reserved Device Memory: 74.46 GiB | Peak      
                             Reserved Device Memory (%): 95%                    
[08/20/25 01:19:02] INFO     fairseq2 - Train Metrics (step 152) - DPO Loss:    
                             0.00376418 | Chosen Sequence Log Probabilities:    
                             -398.681 | Rejected Sequence Log Probabilities:    
                             -544.805 | Chosen Sequence Length: 410.438 |       
                             Rejected Sequence Length: 347.406 | NLL Loss:      
                             0.97143 | Gradient Norm: 1.63726 | Data Epoch: 3 | 
                             Data Time: <1s | Compute Time: 11s | Lapse Time:   
                             11s | Total Time: 2,347s | Wall Time: 2,347s |     
                             Learning Rate: 6.93504e-07 | Batch Size: 64 |      
                             Elements per Batch: 76,880 | Elements per Second:  
                             6,762 | Number of Examples: 64 | Number of         
                             Elements: 76,880 | Number of Target Elements:      
                             26,268 | Padding: 0 | Padding Ratio (%): 0% | Total
                             Number of Examples: 9,728 | Total Number of        
                             Elements: 12,939,225 | Total Number of Target      
                             Elements: 4,512,964 | Peak Active Device Memory:   
                             62.45 GiB | Peak Active Device Memory (%): 79% |   
                             Peak Reserved Device Memory: 74.46 GiB | Peak      
                             Reserved Device Memory (%): 95%                    
[08/20/25 01:19:18] INFO     fairseq2 - Train Metrics (step 153) - DPO Loss:    
                             0.00400121 | Chosen Sequence Log Probabilities:    
                             -319.803 | Rejected Sequence Log Probabilities:    
                             -470.047 | Chosen Sequence Length: 380.594 |       
                             Rejected Sequence Length: 311.938 | NLL Loss:      
                             0.840365 | Gradient Norm: 2.19295 | Data Epoch: 3 |
                             Data Time: <1s | Compute Time: 16s | Lapse Time:   
                             16s | Total Time: 2,363s | Wall Time: 2,363s |     
                             Learning Rate: 6.93397e-07 | Batch Size: 64 |      
                             Elements per Batch: 78,751 | Elements per Second:  
                             4,863 | Number of Examples: 64 | Number of         
                             Elements: 78,751 | Number of Target Elements:      
                             24,358 | Padding: 0 | Padding Ratio (%): 0% | Total
                             Number of Examples: 9,792 | Total Number of        
                             Elements: 13,017,976 | Total Number of Target      
                             Elements: 4,537,322 | Peak Active Device Memory:   
                             61.45 GiB | Peak Active Device Memory (%): 78% |   
                             Peak Reserved Device Memory: 74.46 GiB | Peak      
                             Reserved Device Memory (%): 95%                    
                    INFO     fairseq2 - End of epoch 3 reached after step 153.  
[08/20/25 01:19:33] INFO     fairseq2 - Train Metrics (step 154) - DPO Loss:    
                             0.00636883 | Chosen Sequence Log Probabilities:    
                             -388.774 | Rejected Sequence Log Probabilities:    
                             -552.965 | Chosen Sequence Length: 483.703 |       
                             Rejected Sequence Length: 394.531 | NLL Loss:      
                             0.803505 | Gradient Norm: 1.11939 | Data Epoch: 4 |
                             Data Time: <1s | Compute Time: 14s | Lapse Time:   
                             15s | Total Time: 2,378s | Wall Time: 2,378s |     
                             Learning Rate: 6.93288e-07 | Batch Size: 64 |      
                             Elements per Batch: 84,889 | Elements per Second:  
                             5,593 | Number of Examples: 64 | Number of         
                             Elements: 84,889 | Number of Target Elements:      
                             30,957 | Padding: 0 | Padding Ratio (%): 0% | Total
                             Number of Examples: 9,856 | Total Number of        
                             Elements: 13,102,865 | Total Number of Target      
                             Elements: 4,568,279 | Peak Active Device Memory:   
                             59.93 GiB | Peak Active Device Memory (%): 76% |   
                             Peak Reserved Device Memory: 74.46 GiB | Peak      
                             Reserved Device Memory (%): 95%                    
[08/20/25 01:19:48] INFO     fairseq2 - Train Metrics (step 155) - DPO Loss:    
                             0.00136914 | Chosen Sequence Log Probabilities:    
                             -331.77 | Rejected Sequence Log Probabilities:     
                             -475.551 | Chosen Sequence Length: 408.328 |       
                             Rejected Sequence Length: 301.266 | NLL Loss:      
                             0.812277 | Gradient Norm: 0.399748 | Data Epoch: 4 
                             | Data Time: <1s | Compute Time: 14s | Lapse Time: 
                             14s | Total Time: 2,393s | Wall Time: 2,393s |     
                             Learning Rate: 6.93179e-07 | Batch Size: 64 |      
                             Elements per Batch: 80,627 | Elements per Second:  
                             5,493 | Number of Examples: 64 | Number of         
                             Elements: 80,627 | Number of Target Elements:      
                             26,133 | Padding: 0 | Padding Ratio (%): 0% | Total
                             Number of Examples: 9,920 | Total Number of        
                             Elements: 13,183,492 | Total Number of Target      
                             Elements: 4,594,412 | Peak Active Device Memory:   
                             59.82 GiB | Peak Active Device Memory (%): 76% |   
                             Peak Reserved Device Memory: 74.46 GiB | Peak      
                             Reserved Device Memory (%): 95%                    
[08/20/25 01:20:00] INFO     fairseq2 - Train Metrics (step 156) - DPO Loss:    
                             0.00182713 | Chosen Sequence Log Probabilities:    
                             -480.188 | Rejected Sequence Log Probabilities:    
                             -581.898 | Chosen Sequence Length: 482.938 |       
                             Rejected Sequence Length: 363.953 | NLL Loss:      
                             0.994624 | Gradient Norm: 0.542565 | Data Epoch: 4 
                             | Data Time: <1s | Compute Time: 12s | Lapse Time: 
                             12s | Total Time: 2,405s | Wall Time: 2,405s |     
                             Learning Rate: 6.93069e-07 | Batch Size: 64 |      
                             Elements per Batch: 84,470 | Elements per Second:  
                             6,981 | Number of Examples: 64 | Number of         
                             Elements: 84,470 | Number of Target Elements:      
                             30,908 | Padding: 0 | Padding Ratio (%): 0% | Total
                             Number of Examples: 9,984 | Total Number of        
                             Elements: 13,267,962 | Total Number of Target      
                             Elements: 4,625,320 | Peak Active Device Memory:   
                             60.76 GiB | Peak Active Device Memory (%): 77% |   
                             Peak Reserved Device Memory: 74.46 GiB | Peak      
                             Reserved Device Memory (%): 95%                    
[08/20/25 01:20:15] INFO     fairseq2 - Train Metrics (step 157) - DPO Loss:    
                             0.000828259 | Chosen Sequence Log Probabilities:   
                             -436.535 | Rejected Sequence Log Probabilities:    
                             -594.875 | Chosen Sequence Length: 524.734 |       
                             Rejected Sequence Length: 390.438 | NLL Loss:      
                             0.831478 | Gradient Norm: 0.294161 | Data Epoch: 4 
                             | Data Time: <1s | Compute Time: 14s | Lapse Time: 
                             14s | Total Time: 2,420s | Wall Time: 2,420s |     
                             Learning Rate: 6.92958e-07 | Batch Size: 64 |      
                             Elements per Batch: 87,403 | Elements per Second:  
                             5,920 | Number of Examples: 64 | Number of         
                             Elements: 87,403 | Number of Target Elements:      
                             33,583 | Padding: 0 | Padding Ratio (%): 0% | Total
                             Number of Examples: 10,048 | Total Number of       
                             Elements: 13,355,365 | Total Number of Target      
                             Elements: 4,658,903 | Peak Active Device Memory:   
                             61.09 GiB | Peak Active Device Memory (%): 78% |   
                             Peak Reserved Device Memory: 74.46 GiB | Peak      
                             Reserved Device Memory (%): 95%                    
[08/20/25 01:20:29] INFO     fairseq2 - Train Metrics (step 158) - DPO Loss:    
                             0.00158163 | Chosen Sequence Log Probabilities:    
                             -423.555 | Rejected Sequence Log Probabilities:    
                             -551.148 | Chosen Sequence Length: 459.422 |       
                             Rejected Sequence Length: 352.359 | NLL Loss:      
                             0.921939 | Gradient Norm: 0.450228 | Data Epoch: 4 
                             | Data Time: <1s | Compute Time: 14s | Lapse Time: 
                             14s | Total Time: 2,434s | Wall Time: 2,434s |     
                             Learning Rate: 6.92846e-07 | Batch Size: 64 |      
                             Elements per Batch: 81,836 | Elements per Second:  
                             5,810 | Number of Examples: 64 | Number of         
                             Elements: 81,836 | Number of Target Elements:      
                             29,403 | Padding: 0 | Padding Ratio (%): 0% | Total
                             Number of Examples: 10,112 | Total Number of       
                             Elements: 13,437,201 | Total Number of Target      
                             Elements: 4,688,306 | Peak Active Device Memory:   
                             61.81 GiB | Peak Active Device Memory (%): 79% |   
                             Peak Reserved Device Memory: 74.46 GiB | Peak      
                             Reserved Device Memory (%): 95%                    
[08/20/25 01:20:45] INFO     fairseq2 - Train Metrics (step 159) - DPO Loss:    
                             0.00158147 | Chosen Sequence Log Probabilities:    
                             -419.425 | Rejected Sequence Log Probabilities:    
                             -567.152 | Chosen Sequence Length: 457.516 |       
                             Rejected Sequence Length: 353.406 | NLL Loss:      
                             0.917299 | Gradient Norm: 1.14028 | Data Epoch: 4 |
                             Data Time: <1s | Compute Time: 15s | Lapse Time:   
                             15s | Total Time: 2,450s | Wall Time: 2,450s |     
                             Learning Rate: 6.92734e-07 | Batch Size: 64 |      
                             Elements per Batch: 86,526 | Elements per Second:  
                             5,479 | Number of Examples: 64 | Number of         
                             Elements: 86,526 | Number of Target Elements:      
                             29,281 | Padding: 0 | Padding Ratio (%): 0% | Total
                             Number of Examples: 10,176 | Total Number of       
                             Elements: 13,523,727 | Total Number of Target      
                             Elements: 4,717,587 | Peak Active Device Memory:   
                             59.91 GiB | Peak Active Device Memory (%): 76% |   
                             Peak Reserved Device Memory: 74.46 GiB | Peak      
                             Reserved Device Memory (%): 95%                    
[08/20/25 01:20:59] INFO     fairseq2 - Train Metrics (step 160) - DPO Loss:    
                             0.000354314 | Chosen Sequence Log Probabilities:   
                             -517.789 | Rejected Sequence Log Probabilities:    
                             -650.031 | Chosen Sequence Length: 496.062 |       
                             Rejected Sequence Length: 362.453 | NLL Loss:      
                             1.04409 | Gradient Norm: 0.165117 | Data Epoch: 4 |
                             Data Time: <1s | Compute Time: 13s | Lapse Time:   
                             13s | Total Time: 2,464s | Wall Time: 2,464s |     
                             Learning Rate: 6.9262e-07 | Batch Size: 64 |       
                             Elements per Batch: 85,354 | Elements per Second:  
                             6,160 | Number of Examples: 64 | Number of         
                             Elements: 85,354 | Number of Target Elements:      
                             31,748 | Padding: 0 | Padding Ratio (%): 0% | Total
                             Number of Examples: 10,240 | Total Number of       
                             Elements: 13,609,081 | Total Number of Target      
                             Elements: 4,749,335 | Peak Active Device Memory:   
                             59.92 GiB | Peak Active Device Memory (%): 76% |   
                             Peak Reserved Device Memory: 74.46 GiB | Peak      
                             Reserved Device Memory (%): 95%                    
[08/20/25 01:21:11] INFO     fairseq2 - Train Metrics (step 161) - DPO Loss:    
                             0.00104642 | Chosen Sequence Log Probabilities:    
                             -361.141 | Rejected Sequence Log Probabilities:    
                             -485.617 | Chosen Sequence Length: 399.578 |       
                             Rejected Sequence Length: 308.547 | NLL Loss:      
                             0.90352 | Gradient Norm: 0.508447 | Data Epoch: 4 |
                             Data Time: <1s | Compute Time: 12s | Lapse Time:   
                             12s | Total Time: 2,476s | Wall Time: 2,476s |     
                             Learning Rate: 6.92506e-07 | Batch Size: 64 |      
                             Elements per Batch: 70,644 | Elements per Second:  
                             5,833 | Number of Examples: 64 | Number of         
                             Elements: 70,644 | Number of Target Elements:      
                             25,573 | Padding: 0 | Padding Ratio (%): 0% | Total
                             Number of Examples: 10,304 | Total Number of       
                             Elements: 13,679,725 | Total Number of Target      
                             Elements: 4,774,908 | Peak Active Device Memory:   
                             60.73 GiB | Peak Active Device Memory (%): 77% |   
                             Peak Reserved Device Memory: 74.46 GiB | Peak      
                             Reserved Device Memory (%): 95%                    
[08/20/25 01:21:26] INFO     fairseq2 - Train Metrics (step 162) - DPO Loss:    
                             0.00987361 | Chosen Sequence Log Probabilities:    
                             -468.042 | Rejected Sequence Log Probabilities:    
                             -651.867 | Chosen Sequence Length: 484.922 |       
                             Rejected Sequence Length: 391.469 | NLL Loss:      
                             0.965718 | Gradient Norm: 7.53698 | Data Epoch: 4 |
                             Data Time: <1s | Compute Time: 14s | Lapse Time:   
                             14s | Total Time: 2,490s | Wall Time: 2,490s |     
                             Learning Rate: 6.9239e-07 | Batch Size: 64 |       
                             Elements per Batch: 94,003 | Elements per Second:  
                             6,675 | Number of Examples: 64 | Number of         
                             Elements: 94,003 | Number of Target Elements:      
                             31,035 | Padding: 0 | Padding Ratio (%): 0% | Total
                             Number of Examples: 10,368 | Total Number of       
                             Elements: 13,773,728 | Total Number of Target      
                             Elements: 4,805,943 | Peak Active Device Memory:   
                             61.10 GiB | Peak Active Device Memory (%): 78% |   
                             Peak Reserved Device Memory: 74.46 GiB | Peak      
                             Reserved Device Memory (%): 95%                    
[08/20/25 01:21:40] INFO     fairseq2 - Train Metrics (step 163) - DPO Loss:    
                             0.00221827 | Chosen Sequence Log Probabilities:    
                             -549.607 | Rejected Sequence Log Probabilities:    
                             -699.26 | Chosen Sequence Length: 590.938 |        
                             Rejected Sequence Length: 460.703 | NLL Loss:      
                             0.930245 | Gradient Norm: 0.734717 | Data Epoch: 4 
                             | Data Time: <1s | Compute Time: 14s | Lapse Time: 
                             14s | Total Time: 2,505s | Wall Time: 2,505s |     
                             Learning Rate: 6.92274e-07 | Batch Size: 64 |      
                             Elements per Batch: 88,239 | Elements per Second:  
                             6,192 | Number of Examples: 64 | Number of         
                             Elements: 88,239 | Number of Target Elements:      
                             37,820 | Padding: 0 | Padding Ratio (%): 0% | Total
                             Number of Examples: 10,432 | Total Number of       
                             Elements: 13,861,967 | Total Number of Target      
                             Elements: 4,843,763 | Peak Active Device Memory:   
                             65.23 GiB | Peak Active Device Memory (%): 83% |   
                             Peak Reserved Device Memory: 74.46 GiB | Peak      
                             Reserved Device Memory (%): 95%                    
[08/20/25 01:21:55] INFO     fairseq2 - Train Metrics (step 164) - DPO Loss:    
                             0.000608113 | Chosen Sequence Log Probabilities:   
                             -410.734 | Rejected Sequence Log Probabilities:    
                             -569.453 | Chosen Sequence Length: 490.578 |       
                             Rejected Sequence Length: 410 | NLL Loss: 0.837667 
                             | Gradient Norm: 0.24846 | Data Epoch: 4 | Data    
                             Time: <1s | Compute Time: 15s | Lapse Time: 15s |  
                             Total Time: 2,520s | Wall Time: 2,520s | Learning  
                             Rate: 6.92157e-07 | Batch Size: 64 | Elements per  
                             Batch: 82,564 | Elements per Second: 5,388 | Number
                             of Examples: 64 | Number of Elements: 82,564 |     
                             Number of Target Elements: 31,397 | Padding: 0 |   
                             Padding Ratio (%): 0% | Total Number of Examples:  
                             10,496 | Total Number of Elements: 13,944,531 |    
                             Total Number of Target Elements: 4,875,160 | Peak  
                             Active Device Memory: 59.94 GiB | Peak Active      
                             Device Memory (%): 76% | Peak Reserved Device      
                             Memory: 73.96 GiB | Peak Reserved Device Memory    
                             (%): 94%                                           
[08/20/25 01:22:11] INFO     fairseq2 - Train Metrics (step 165) - DPO Loss:    
                             0.00083045 | Chosen Sequence Log Probabilities:    
                             -450.08 | Rejected Sequence Log Probabilities:     
                             -591.969 | Chosen Sequence Length: 435.953 |       
                             Rejected Sequence Length: 373.047 | NLL Loss:      
                             1.03229 | Gradient Norm: 0.482313 | Data Epoch: 4 |
                             Data Time: <1s | Compute Time: 15s | Lapse Time:   
                             15s | Total Time: 2,536s | Wall Time: 2,536s |     
                             Learning Rate: 6.92039e-07 | Batch Size: 64 |      
                             Elements per Batch: 78,117 | Elements per Second:  
                             5,099 | Number of Examples: 64 | Number of         
                             Elements: 78,117 | Number of Target Elements:      
                             27,901 | Padding: 0 | Padding Ratio (%): 0% | Total
                             Number of Examples: 10,560 | Total Number of       
                             Elements: 14,022,648 | Total Number of Target      
                             Elements: 4,903,061 | Peak Active Device Memory:   
                             59.90 GiB | Peak Active Device Memory (%): 76% |   
                             Peak Reserved Device Memory: 73.96 GiB | Peak      
                             Reserved Device Memory (%): 94%                    
[08/20/25 01:22:24] INFO     fairseq2 - Train Metrics (step 166) - DPO Loss:    
                             0.00273403 | Chosen Sequence Log Probabilities:    
                             -390.307 | Rejected Sequence Log Probabilities:    
                             -525.039 | Chosen Sequence Length: 377.219 |       
                             Rejected Sequence Length: 326.359 | NLL Loss:      
                             1.0344 | Gradient Norm: 5.05979 | Data Epoch: 4 |  
                             Data Time: <1s | Compute Time: 13s | Lapse Time:   
                             13s | Total Time: 2,549s | Wall Time: 2,549s |     
                             Learning Rate: 6.9192e-07 | Batch Size: 64 |       
                             Elements per Batch: 77,805 | Elements per Second:  
                             5,742 | Number of Examples: 64 | Number of         
                             Elements: 77,805 | Number of Target Elements:      
                             24,142 | Padding: 0 | Padding Ratio (%): 0% | Total
                             Number of Examples: 10,624 | Total Number of       
                             Elements: 14,100,453 | Total Number of Target      
                             Elements: 4,927,203 | Peak Active Device Memory:   
                             60.52 GiB | Peak Active Device Memory (%): 77% |   
                             Peak Reserved Device Memory: 73.96 GiB | Peak      
                             Reserved Device Memory (%): 94%                    
[08/20/25 01:22:39] INFO     fairseq2 - Train Metrics (step 167) - DPO Loss:    
                             0.000292902 | Chosen Sequence Log Probabilities:   
                             -412.66 | Rejected Sequence Log Probabilities:     
                             -572.633 | Chosen Sequence Length: 481.797 |       
                             Rejected Sequence Length: 359.797 | NLL Loss:      
                             0.856002 | Gradient Norm: 0.141661 | Data Epoch: 4 
                             | Data Time: <1s | Compute Time: 14s | Lapse Time: 
                             14s | Total Time: 2,563s | Wall Time: 2,563s |     
                             Learning Rate: 6.91801e-07 | Batch Size: 64 |      
                             Elements per Batch: 81,444 | Elements per Second:  
                             5,747 | Number of Examples: 64 | Number of         
                             Elements: 81,444 | Number of Target Elements:      
                             30,835 | Padding: 0 | Padding Ratio (%): 0% | Total
                             Number of Examples: 10,688 | Total Number of       
                             Elements: 14,181,897 | Total Number of Target      
                             Elements: 4,958,038 | Peak Active Device Memory:   
                             60.64 GiB | Peak Active Device Memory (%): 77% |   
                             Peak Reserved Device Memory: 72.98 GiB | Peak      
                             Reserved Device Memory (%): 93%                    
[08/20/25 01:22:52] INFO     fairseq2 - Train Metrics (step 168) - DPO Loss:    
                             0.00468393 | Chosen Sequence Log Probabilities:    
                             -433.816 | Rejected Sequence Log Probabilities:    
                             -631.363 | Chosen Sequence Length: 504.562 |       
                             Rejected Sequence Length: 355.266 | NLL Loss:      
                             0.859702 | Gradient Norm: 4.13721 | Data Epoch: 4 |
                             Data Time: <1s | Compute Time: 12s | Lapse Time:   
                             13s | Total Time: 2,576s | Wall Time: 2,576s |     
                             Learning Rate: 6.9168e-07 | Batch Size: 64 |       
                             Elements per Batch: 86,920 | Elements per Second:  
                             6,688 | Number of Examples: 64 | Number of         
                             Elements: 86,920 | Number of Target Elements:      
                             32,292 | Padding: 0 | Padding Ratio (%): 0% | Total
                             Number of Examples: 10,752 | Total Number of       
                             Elements: 14,268,817 | Total Number of Target      
                             Elements: 4,990,330 | Peak Active Device Memory:   
                             62.43 GiB | Peak Active Device Memory (%): 79% |   
                             Peak Reserved Device Memory: 74.25 GiB | Peak      
                             Reserved Device Memory (%): 94%                    
[08/20/25 01:23:07] INFO     fairseq2 - Train Metrics (step 169) - DPO Loss:    
                             0.00367254 | Chosen Sequence Log Probabilities:    
                             -476.127 | Rejected Sequence Log Probabilities:    
                             -632.891 | Chosen Sequence Length: 436.828 |       
                             Rejected Sequence Length: 376.094 | NLL Loss:      
                             1.08961 | Gradient Norm: 3.51194 | Data Epoch: 4 | 
                             Data Time: <1s | Compute Time: 14s | Lapse Time:   
                             14s | Total Time: 2,591s | Wall Time: 2,591s |     
                             Learning Rate: 6.91559e-07 | Batch Size: 64 |      
                             Elements per Batch: 83,809 | Elements per Second:  
                             5,768 | Number of Examples: 64 | Number of         
                             Elements: 83,809 | Number of Target Elements:      
                             27,957 | Padding: 0 | Padding Ratio (%): 0% | Total
                             Number of Examples: 10,816 | Total Number of       
                             Elements: 14,352,626 | Total Number of Target      
                             Elements: 5,018,287 | Peak Active Device Memory:   
                             63.09 GiB | Peak Active Device Memory (%): 80% |   
                             Peak Reserved Device Memory: 74.44 GiB | Peak      
                             Reserved Device Memory (%): 95%                    
[08/20/25 01:23:23] INFO     fairseq2 - Train Metrics (step 170) - DPO Loss:    
                             0.00827624 | Chosen Sequence Log Probabilities:    
                             -450.744 | Rejected Sequence Log Probabilities:    
                             -561.266 | Chosen Sequence Length: 477.625 |       
                             Rejected Sequence Length: 371.688 | NLL Loss:      
                             0.943659 | Gradient Norm: 4.6232 | Data Epoch: 4 | 
                             Data Time: <1s | Compute Time: 15s | Lapse Time:   
                             15s | Total Time: 2,607s | Wall Time: 2,607s |     
                             Learning Rate: 6.91436e-07 | Batch Size: 64 |      
                             Elements per Batch: 82,912 | Elements per Second:  
                             5,206 | Number of Examples: 64 | Number of         
                             Elements: 82,912 | Number of Target Elements:      
                             30,568 | Padding: 0 | Padding Ratio (%): 0% | Total
                             Number of Examples: 10,880 | Total Number of       
                             Elements: 14,435,538 | Total Number of Target      
                             Elements: 5,048,855 | Peak Active Device Memory:   
                             67.36 GiB | Peak Active Device Memory (%): 86% |   
                             Peak Reserved Device Memory: 74.81 GiB | Peak      
                             Reserved Device Memory (%): 95%                    
[08/20/25 01:23:37] INFO     fairseq2 - Train Metrics (step 171) - DPO Loss:    
                             0.00386084 | Chosen Sequence Log Probabilities:    
                             -376.326 | Rejected Sequence Log Probabilities:    
                             -511.18 | Chosen Sequence Length: 401.984 |        
                             Rejected Sequence Length: 282.859 | NLL Loss:      
                             0.936109 | Gradient Norm: 1.4877 | Data Epoch: 4 | 
                             Data Time: <1s | Compute Time: 14s | Lapse Time:   
                             14s | Total Time: 2,622s | Wall Time: 2,622s |     
                             Learning Rate: 6.91313e-07 | Batch Size: 64 |      
                             Elements per Batch: 77,458 | Elements per Second:  
                             5,300 | Number of Examples: 64 | Number of         
                             Elements: 77,458 | Number of Target Elements:      
                             25,727 | Padding: 0 | Padding Ratio (%): 0% | Total
                             Number of Examples: 10,944 | Total Number of       
                             Elements: 14,512,996 | Total Number of Target      
                             Elements: 5,074,582 | Peak Active Device Memory:   
                             60.64 GiB | Peak Active Device Memory (%): 77% |   
                             Peak Reserved Device Memory: 73.97 GiB | Peak      
                             Reserved Device Memory (%): 94%                    
[08/20/25 01:23:53] INFO     fairseq2 - Train Metrics (step 172) - DPO Loss:    
                             0.0014 | Chosen Sequence Log Probabilities:        
                             -377.469 | Rejected Sequence Log Probabilities:    
                             -544.625 | Chosen Sequence Length: 429.75 |        
                             Rejected Sequence Length: 335.406 | NLL Loss:      
                             0.878642 | Gradient Norm: 0.422157 | Data Epoch: 4 
                             | Data Time: <1s | Compute Time: 15s | Lapse Time: 
                             15s | Total Time: 2,638s | Wall Time: 2,638s |     
                             Learning Rate: 6.91189e-07 | Batch Size: 64 |      
                             Elements per Batch: 91,567 | Elements per Second:  
                             5,761 | Number of Examples: 64 | Number of         
                             Elements: 91,567 | Number of Target Elements:      
                             27,504 | Padding: 0 | Padding Ratio (%): 0% | Total
                             Number of Examples: 11,008 | Total Number of       
                             Elements: 14,604,563 | Total Number of Target      
                             Elements: 5,102,086 | Peak Active Device Memory:   
                             61.82 GiB | Peak Active Device Memory (%): 79% |   
                             Peak Reserved Device Memory: 73.97 GiB | Peak      
                             Reserved Device Memory (%): 94%                    
[08/20/25 01:24:06] INFO     fairseq2 - Train Metrics (step 173) - DPO Loss:    
                             0.000551951 | Chosen Sequence Log Probabilities:   
                             -500.922 | Rejected Sequence Log Probabilities:    
                             -653.641 | Chosen Sequence Length: 517.297 |       
                             Rejected Sequence Length: 380.141 | NLL Loss:      
                             0.967896 | Gradient Norm: 0.434885 | Data Epoch: 4 
                             | Data Time: <1s | Compute Time: 12s | Lapse Time: 
                             12s | Total Time: 2,651s | Wall Time: 2,651s |     
                             Learning Rate: 6.91064e-07 | Batch Size: 64 |      
                             Elements per Batch: 85,181 | Elements per Second:  
                             6,666 | Number of Examples: 64 | Number of         
                             Elements: 85,181 | Number of Target Elements:      
                             33,107 | Padding: 0 | Padding Ratio (%): 0% | Total
                             Number of Examples: 11,072 | Total Number of       
                             Elements: 14,689,744 | Total Number of Target      
                             Elements: 5,135,193 | Peak Active Device Memory:   
                             64.50 GiB | Peak Active Device Memory (%): 82% |   
                             Peak Reserved Device Memory: 74.62 GiB | Peak      
                             Reserved Device Memory (%): 95%                    
[08/20/25 01:24:22] INFO     fairseq2 - Train Metrics (step 174) - DPO Loss:    
                             0.000247235 | Chosen Sequence Log Probabilities:   
                             -386 | Rejected Sequence Log Probabilities:        
                             -564.172 | Chosen Sequence Length: 435.672 |       
                             Rejected Sequence Length: 358.734 | NLL Loss:      
                             0.886118 | Gradient Norm: 0.154991 | Data Epoch: 4 
                             | Data Time: <1s | Compute Time: 15s | Lapse Time: 
                             15s | Total Time: 2,666s | Wall Time: 2,666s |     
                             Learning Rate: 6.90939e-07 | Batch Size: 64 |      
                             Elements per Batch: 89,829 | Elements per Second:  
                             5,906 | Number of Examples: 64 | Number of         
                             Elements: 89,829 | Number of Target Elements:      
                             27,883 | Padding: 0 | Padding Ratio (%): 0% | Total
                             Number of Examples: 11,136 | Total Number of       
                             Elements: 14,779,573 | Total Number of Target      
                             Elements: 5,163,076 | Peak Active Device Memory:   
                             60.08 GiB | Peak Active Device Memory (%): 76% |   
                             Peak Reserved Device Memory: 74.39 GiB | Peak      
                             Reserved Device Memory (%): 94%                    
[08/20/25 01:24:38] INFO     fairseq2 - Train Metrics (step 175) - DPO Loss:    
                             0.000695217 | Chosen Sequence Log Probabilities:   
                             -464.262 | Rejected Sequence Log Probabilities:    
                             -651.711 | Chosen Sequence Length: 501.812 |       
                             Rejected Sequence Length: 401.719 | NLL Loss:      
                             0.925467 | Gradient Norm: 0.243296 | Data Epoch: 4 
                             | Data Time: <1s | Compute Time: 16s | Lapse Time: 
                             16s | Total Time: 2,682s | Wall Time: 2,682s |     
                             Learning Rate: 6.90812e-07 | Batch Size: 64 |      
                             Elements per Batch: 96,615 | Elements per Second:  
                             6,033 | Number of Examples: 64 | Number of         
                             Elements: 96,615 | Number of Target Elements:      
                             32,116 | Padding: 0 | Padding Ratio (%): 0% | Total
                             Number of Examples: 11,200 | Total Number of       
                             Elements: 14,876,188 | Total Number of Target      
                             Elements: 5,195,192 | Peak Active Device Memory:   
                             60.80 GiB | Peak Active Device Memory (%): 77% |   
                             Peak Reserved Device Memory: 71.25 GiB | Peak      
                             Reserved Device Memory (%): 90%                    
[08/20/25 01:24:53] INFO     fairseq2 - Train Metrics (step 176) - DPO Loss:    
                             0.000772869 | Chosen Sequence Log Probabilities:   
                             -385.699 | Rejected Sequence Log Probabilities:    
                             -527.801 | Chosen Sequence Length: 483.25 |        
                             Rejected Sequence Length: 364.641 | NLL Loss:      
                             0.798086 | Gradient Norm: 0.416463 | Data Epoch: 4 
                             | Data Time: <1s | Compute Time: 15s | Lapse Time: 
                             15s | Total Time: 2,698s | Wall Time: 2,698s |     
                             Learning Rate: 6.90685e-07 | Batch Size: 64 |      
                             Elements per Batch: 89,072 | Elements per Second:  
                             5,804 | Number of Examples: 64 | Number of         
                             Elements: 89,072 | Number of Target Elements:      
                             30,928 | Padding: 0 | Padding Ratio (%): 0% | Total
                             Number of Examples: 11,264 | Total Number of       
                             Elements: 14,965,260 | Total Number of Target      
                             Elements: 5,226,120 | Peak Active Device Memory:   
                             61.52 GiB | Peak Active Device Memory (%): 78% |   
                             Peak Reserved Device Memory: 74.30 GiB | Peak      
                             Reserved Device Memory (%): 94%                    
[08/20/25 01:25:08] INFO     fairseq2 - Train Metrics (step 177) - DPO Loss:    
                             0.000587763 | Chosen Sequence Log Probabilities:   
                             -304.527 | Rejected Sequence Log Probabilities:    
                             -478.445 | Chosen Sequence Length: 322.344 |       
                             Rejected Sequence Length: 290.062 | NLL Loss:      
                             0.944574 | Gradient Norm: 0.30929 | Data Epoch: 4 |
                             Data Time: <1s | Compute Time: 14s | Lapse Time:   
                             14s | Total Time: 2,713s | Wall Time: 2,713s |     
                             Learning Rate: 6.90556e-07 | Batch Size: 64 |      
                             Elements per Batch: 82,813 | Elements per Second:  
                             5,581 | Number of Examples: 64 | Number of         
                             Elements: 82,813 | Number of Target Elements:      
                             20,630 | Padding: 0 | Padding Ratio (%): 0% | Total
                             Number of Examples: 11,328 | Total Number of       
                             Elements: 15,048,073 | Total Number of Target      
                             Elements: 5,246,750 | Peak Active Device Memory:   
                             63.64 GiB | Peak Active Device Memory (%): 81% |   
                             Peak Reserved Device Memory: 74.53 GiB | Peak      
                             Reserved Device Memory (%): 95%                    
[08/20/25 01:25:23] INFO     fairseq2 - Train Metrics (step 178) - DPO Loss:    
                             0.000662255 | Chosen Sequence Log Probabilities:   
                             -372.695 | Rejected Sequence Log Probabilities:    
                             -534.977 | Chosen Sequence Length: 390.672 |       
                             Rejected Sequence Length: 295.594 | NLL Loss:      
                             0.954048 | Gradient Norm: 0.782619 | Data Epoch: 4 
                             | Data Time: <1s | Compute Time: 14s | Lapse Time: 
                             15s | Total Time: 2,728s | Wall Time: 2,728s |     
                             Learning Rate: 6.90427e-07 | Batch Size: 64 |      
                             Elements per Batch: 79,956 | Elements per Second:  
                             5,335 | Number of Examples: 64 | Number of         
                             Elements: 79,956 | Number of Target Elements:      
                             25,003 | Padding: 0 | Padding Ratio (%): 0% | Total
                             Number of Examples: 11,392 | Total Number of       
                             Elements: 15,128,029 | Total Number of Target      
                             Elements: 5,271,753 | Peak Active Device Memory:   
                             66.28 GiB | Peak Active Device Memory (%): 84% |   
                             Peak Reserved Device Memory: 74.46 GiB | Peak      
                             Reserved Device Memory (%): 95%                    
[08/20/25 01:25:37] INFO     fairseq2 - Train Metrics (step 179) - DPO Loss:    
                             0.000564543 | Chosen Sequence Log Probabilities:   
                             -373.729 | Rejected Sequence Log Probabilities:    
                             -575.695 | Chosen Sequence Length: 443.188 |       
                             Rejected Sequence Length: 340.75 | NLL Loss:       
                             0.843137 | Gradient Norm: 0.22166 | Data Epoch: 4 |
                             Data Time: <1s | Compute Time: 13s | Lapse Time:   
                             13s | Total Time: 2,742s | Wall Time: 2,742s |     
                             Learning Rate: 6.90297e-07 | Batch Size: 64 |      
                             Elements per Batch: 81,656 | Elements per Second:  
                             5,902 | Number of Examples: 64 | Number of         
                             Elements: 81,656 | Number of Target Elements:      
                             28,364 | Padding: 0 | Padding Ratio (%): 0% | Total
                             Number of Examples: 11,456 | Total Number of       
                             Elements: 15,209,685 | Total Number of Target      
                             Elements: 5,300,117 | Peak Active Device Memory:   
                             64.06 GiB | Peak Active Device Memory (%): 81% |   
                             Peak Reserved Device Memory: 74.64 GiB | Peak      
                             Reserved Device Memory (%): 95%                    
[08/20/25 01:25:50] INFO     fairseq2 - Train Metrics (step 180) - DPO Loss:    
                             0.00294656 | Chosen Sequence Log Probabilities:    
                             -487.5 | Rejected Sequence Log Probabilities:      
                             -644.219 | Chosen Sequence Length: 519.047 |       
                             Rejected Sequence Length: 394.219 | NLL Loss:      
                             0.939257 | Gradient Norm: 1.37312 | Data Epoch: 4 |
                             Data Time: <1s | Compute Time: 12s | Lapse Time:   
                             12s | Total Time: 2,755s | Wall Time: 2,755s |     
                             Learning Rate: 6.90166e-07 | Batch Size: 64 |      
                             Elements per Batch: 87,176 | Elements per Second:  
                             6,833 | Number of Examples: 64 | Number of         
                             Elements: 87,176 | Number of Target Elements:      
                             33,219 | Padding: 0 | Padding Ratio (%): 0% | Total
                             Number of Examples: 11,520 | Total Number of       
                             Elements: 15,296,861 | Total Number of Target      
                             Elements: 5,333,336 | Peak Active Device Memory:   
                             60.87 GiB | Peak Active Device Memory (%): 77% |   
                             Peak Reserved Device Memory: 72.74 GiB | Peak      
                             Reserved Device Memory (%): 92%                    
[08/20/25 01:26:07] INFO     fairseq2 - Train Metrics (step 181) - DPO Loss:    
                             0.00101836 | Chosen Sequence Log Probabilities:    
                             -519.031 | Rejected Sequence Log Probabilities:    
                             -696.055 | Chosen Sequence Length: 492.984 |       
                             Rejected Sequence Length: 363.062 | NLL Loss:      
                             1.05271 | Gradient Norm: 0.544604 | Data Epoch: 4 |
                             Data Time: <1s | Compute Time: 16s | Lapse Time:   
                             16s | Total Time: 2,771s | Wall Time: 2,771s |     
                             Learning Rate: 6.90034e-07 | Batch Size: 64 |      
                             Elements per Batch: 99,668 | Elements per Second:  
                             5,946 | Number of Examples: 64 | Number of         
                             Elements: 99,668 | Number of Target Elements:      
                             31,551 | Padding: 0 | Padding Ratio (%): 0% | Total
                             Number of Examples: 11,584 | Total Number of       
                             Elements: 15,396,529 | Total Number of Target      
                             Elements: 5,364,887 | Peak Active Device Memory:   
                             62.01 GiB | Peak Active Device Memory (%): 79% |   
                             Peak Reserved Device Memory: 73.82 GiB | Peak      
                             Reserved Device Memory (%): 94%                    
[08/20/25 01:26:24] INFO     fairseq2 - Train Metrics (step 182) - DPO Loss:    
                             0.000531309 | Chosen Sequence Log Probabilities:   
                             -444.176 | Rejected Sequence Log Probabilities:    
                             -566.773 | Chosen Sequence Length: 466.969 |       
                             Rejected Sequence Length: 352.719 | NLL Loss:      
                             0.951164 | Gradient Norm: 0.401539 | Data Epoch: 4 
                             | Data Time: <1s | Compute Time: 17s | Lapse Time: 
                             17s | Total Time: 2,789s | Wall Time: 2,789s |     
                             Learning Rate: 6.89901e-07 | Batch Size: 64 |      
                             Elements per Batch: 89,560 | Elements per Second:  
                             5,169 | Number of Examples: 64 | Number of         
                             Elements: 89,560 | Number of Target Elements:      
                             29,886 | Padding: 0 | Padding Ratio (%): 0% | Total
                             Number of Examples: 11,648 | Total Number of       
                             Elements: 15,486,089 | Total Number of Target      
                             Elements: 5,394,773 | Peak Active Device Memory:   
                             60.01 GiB | Peak Active Device Memory (%): 76% |   
                             Peak Reserved Device Memory: 73.25 GiB | Peak      
                             Reserved Device Memory (%): 93%                    
[08/20/25 01:26:40] INFO     fairseq2 - Train Metrics (step 183) - DPO Loss:    
                             0.000896369 | Chosen Sequence Log Probabilities:   
                             -538.764 | Rejected Sequence Log Probabilities:    
                             -654.344 | Chosen Sequence Length: 571.75 |        
                             Rejected Sequence Length: 416.953 | NLL Loss:      
                             0.942179 | Gradient Norm: 0.497167 | Data Epoch: 4 
                             | Data Time: <1s | Compute Time: 16s | Lapse Time: 
                             16s | Total Time: 2,805s | Wall Time: 2,805s |     
                             Learning Rate: 6.89768e-07 | Batch Size: 64 |      
                             Elements per Batch: 98,692 | Elements per Second:  
                             6,156 | Number of Examples: 64 | Number of         
                             Elements: 98,692 | Number of Target Elements:      
                             36,592 | Padding: 0 | Padding Ratio (%): 0% | Total
                             Number of Examples: 11,712 | Total Number of       
                             Elements: 15,584,781 | Total Number of Target      
                             Elements: 5,431,365 | Peak Active Device Memory:   
                             61.19 GiB | Peak Active Device Memory (%): 78% |   
                             Peak Reserved Device Memory: 73.28 GiB | Peak      
                             Reserved Device Memory (%): 93%                    
[08/20/25 01:26:57] INFO     fairseq2 - Train Metrics (step 184) - DPO Loss:    
                             0.00343564 | Chosen Sequence Log Probabilities:    
                             -396.063 | Rejected Sequence Log Probabilities:    
                             -569.93 | Chosen Sequence Length: 421.812 |        
                             Rejected Sequence Length: 359.078 | NLL Loss:      
                             0.939143 | Gradient Norm: 7.02619 | Data Epoch: 4 |
                             Data Time: <1s | Compute Time: 16s | Lapse Time:   
                             16s | Total Time: 2,821s | Wall Time: 2,821s |     
                             Learning Rate: 6.89633e-07 | Batch Size: 64 |      
                             Elements per Batch: 83,763 | Elements per Second:  
                             5,144 | Number of Examples: 64 | Number of         
                             Elements: 83,763 | Number of Target Elements:      
                             26,996 | Padding: 0 | Padding Ratio (%): 0% | Total
                             Number of Examples: 11,776 | Total Number of       
                             Elements: 15,668,544 | Total Number of Target      
                             Elements: 5,458,361 | Peak Active Device Memory:   
                             64.60 GiB | Peak Active Device Memory (%): 82% |   
                             Peak Reserved Device Memory: 74.44 GiB | Peak      
                             Reserved Device Memory (%): 95%                    
[08/20/25 01:27:12] INFO     fairseq2 - Train Metrics (step 185) - DPO Loss:    
                             0.00151489 | Chosen Sequence Log Probabilities:    
                             -458.744 | Rejected Sequence Log Probabilities:    
                             -693.336 | Chosen Sequence Length: 470.297 |       
                             Rejected Sequence Length: 393.203 | NLL Loss:      
                             0.975659 | Gradient Norm: 2.46015 | Data Epoch: 4 |
                             Data Time: <1s | Compute Time: 14s | Lapse Time:   
                             14s | Total Time: 2,836s | Wall Time: 2,836s |     
                             Learning Rate: 6.89498e-07 | Batch Size: 64 |      
                             Elements per Batch: 91,839 | Elements per Second:  
                             6,150 | Number of Examples: 64 | Number of         
                             Elements: 91,839 | Number of Target Elements:      
                             30,099 | Padding: 0 | Padding Ratio (%): 0% | Total
                             Number of Examples: 11,840 | Total Number of       
                             Elements: 15,760,383 | Total Number of Target      
                             Elements: 5,488,460 | Peak Active Device Memory:   
                             59.96 GiB | Peak Active Device Memory (%): 76% |   
                             Peak Reserved Device Memory: 69.46 GiB | Peak      
                             Reserved Device Memory (%): 88%                    
[08/20/25 01:27:29] INFO     fairseq2 - Train Metrics (step 186) - DPO Loss:    
                             0.00092509 | Chosen Sequence Log Probabilities:    
                             -428.58 | Rejected Sequence Log Probabilities:     
                             -581.32 | Chosen Sequence Length: 450.453 |        
                             Rejected Sequence Length: 352.156 | NLL Loss:      
                             0.951614 | Gradient Norm: 0.771354 | Data Epoch: 4 
                             | Data Time: <1s | Compute Time: 17s | Lapse Time: 
                             17s | Total Time: 2,854s | Wall Time: 2,854s |     
                             Learning Rate: 6.89362e-07 | Batch Size: 64 |      
                             Elements per Batch: 81,339 | Elements per Second:  
                             4,705 | Number of Examples: 64 | Number of         
                             Elements: 81,339 | Number of Target Elements:      
                             28,829 | Padding: 0 | Padding Ratio (%): 0% | Total
                             Number of Examples: 11,904 | Total Number of       
                             Elements: 15,841,722 | Total Number of Target      
                             Elements: 5,517,289 | Peak Active Device Memory:   
                             60.75 GiB | Peak Active Device Memory (%): 77% |   
                             Peak Reserved Device Memory: 69.49 GiB | Peak      
                             Reserved Device Memory (%): 88%                    
[08/20/25 01:27:44] INFO     fairseq2 - Train Metrics (step 187) - DPO Loss:    
                             0.00320218 | Chosen Sequence Log Probabilities:    
                             -435.738 | Rejected Sequence Log Probabilities:    
                             -562.914 | Chosen Sequence Length: 424.609 |       
                             Rejected Sequence Length: 326.312 | NLL Loss:      
                             1.02588 | Gradient Norm: 1.98453 | Data Epoch: 4 | 
                             Data Time: <1s | Compute Time: 15s | Lapse Time:   
                             15s | Total Time: 2,869s | Wall Time: 2,869s |     
                             Learning Rate: 6.89225e-07 | Batch Size: 64 |      
                             Elements per Batch: 84,320 | Elements per Second:  
                             5,457 | Number of Examples: 64 | Number of         
                             Elements: 84,320 | Number of Target Elements:      
                             27,175 | Padding: 0 | Padding Ratio (%): 0% | Total
                             Number of Examples: 11,968 | Total Number of       
                             Elements: 15,926,042 | Total Number of Target      
                             Elements: 5,544,464 | Peak Active Device Memory:   
                             65.76 GiB | Peak Active Device Memory (%): 84% |   
                             Peak Reserved Device Memory: 73.43 GiB | Peak      
                             Reserved Device Memory (%): 93%                    
[08/20/25 01:28:01] INFO     fairseq2 - Train Metrics (step 188) - DPO Loss:    
                             0.00132524 | Chosen Sequence Log Probabilities:    
                             -316.117 | Rejected Sequence Log Probabilities:    
                             -474.898 | Chosen Sequence Length: 338.453 |       
                             Rejected Sequence Length: 265.531 | NLL Loss:      
                             0.933966 | Gradient Norm: 2.41231 | Data Epoch: 4 |
                             Data Time: <1s | Compute Time: 16s | Lapse Time:   
                             16s | Total Time: 2,886s | Wall Time: 2,886s |     
                             Learning Rate: 6.89087e-07 | Batch Size: 64 |      
                             Elements per Batch: 73,869 | Elements per Second:  
                             4,518 | Number of Examples: 64 | Number of         
                             Elements: 73,869 | Number of Target Elements:      
                             21,661 | Padding: 0 | Padding Ratio (%): 0% | Total
                             Number of Examples: 12,032 | Total Number of       
                             Elements: 15,999,911 | Total Number of Target      
                             Elements: 5,566,125 | Peak Active Device Memory:   
                             65.84 GiB | Peak Active Device Memory (%): 84% |   
                             Peak Reserved Device Memory: 74.34 GiB | Peak      
                             Reserved Device Memory (%): 94%                    
[08/20/25 01:28:18] INFO     fairseq2 - Train Metrics (step 189) - DPO Loss:    
                             0.000697683 | Chosen Sequence Log Probabilities:   
                             -403.938 | Rejected Sequence Log Probabilities:    
                             -555.406 | Chosen Sequence Length: 481.266 |       
                             Rejected Sequence Length: 349.297 | NLL Loss:      
                             0.839225 | Gradient Norm: 0.379055 | Data Epoch: 4 
                             | Data Time: <1s | Compute Time: 16s | Lapse Time: 
                             16s | Total Time: 2,902s | Wall Time: 2,902s |     
                             Learning Rate: 6.88949e-07 | Batch Size: 64 |      
                             Elements per Batch: 80,775 | Elements per Second:  
                             4,846 | Number of Examples: 64 | Number of         
                             Elements: 80,775 | Number of Target Elements:      
                             30,801 | Padding: 0 | Padding Ratio (%): 0% | Total
                             Number of Examples: 12,096 | Total Number of       
                             Elements: 16,080,686 | Total Number of Target      
                             Elements: 5,596,926 | Peak Active Device Memory:   
                             60.39 GiB | Peak Active Device Memory (%): 77% |   
                             Peak Reserved Device Memory: 73.13 GiB | Peak      
                             Reserved Device Memory (%): 93%                    
[08/20/25 01:28:35] INFO     fairseq2 - Train Metrics (step 190) - DPO Loss:    
                             0.000607287 | Chosen Sequence Log Probabilities:   
                             -397.512 | Rejected Sequence Log Probabilities:    
                             -504.586 | Chosen Sequence Length: 385 | Rejected  
                             Sequence Length: 342.844 | NLL Loss: 1.0327 |      
                             Gradient Norm: 0.190656 | Data Epoch: 4 | Data     
                             Time: <1s | Compute Time: 16s | Lapse Time: 16s |  
                             Total Time: 2,919s | Wall Time: 2,919s | Learning  
                             Rate: 6.88809e-07 | Batch Size: 64 | Elements per  
                             Batch: 77,889 | Elements per Second: 4,643 | Number
                             of Examples: 64 | Number of Elements: 77,889 |     
                             Number of Target Elements: 24,640 | Padding: 0 |   
                             Padding Ratio (%): 0% | Total Number of Examples:  
                             12,160 | Total Number of Elements: 16,158,575 |    
                             Total Number of Target Elements: 5,621,566 | Peak  
                             Active Device Memory: 61.10 GiB | Peak Active      
                             Device Memory (%): 78% | Peak Reserved Device      
                             Memory: 73.83 GiB | Peak Reserved Device Memory    
                             (%): 94%                                           
[08/20/25 01:28:51] INFO     fairseq2 - Train Metrics (step 191) - DPO Loss:    
                             0.000776663 | Chosen Sequence Log Probabilities:   
                             -389.826 | Rejected Sequence Log Probabilities:    
                             -511.023 | Chosen Sequence Length: 436.688 |       
                             Rejected Sequence Length: 376.547 | NLL Loss:      
                             0.892576 | Gradient Norm: 0.259743 | Data Epoch: 4 
                             | Data Time: <1s | Compute Time: 16s | Lapse Time: 
                             16s | Total Time: 2,936s | Wall Time: 2,936s |     
                             Learning Rate: 6.88668e-07 | Batch Size: 64 |      
                             Elements per Batch: 83,224 | Elements per Second:  
                             4,978 | Number of Examples: 64 | Number of         
                             Elements: 83,224 | Number of Target Elements:      
                             27,948 | Padding: 0 | Padding Ratio (%): 0% | Total
                             Number of Examples: 12,224 | Total Number of       
                             Elements: 16,241,799 | Total Number of Target      
                             Elements: 5,649,514 | Peak Active Device Memory:   
                             60.96 GiB | Peak Active Device Memory (%): 77% |   
                             Peak Reserved Device Memory: 74.50 GiB | Peak      
                             Reserved Device Memory (%): 95%                    
[08/20/25 01:29:09] INFO     fairseq2 - Train Metrics (step 192) - DPO Loss:    
                             0.000150941 | Chosen Sequence Log Probabilities:   
                             -402.18 | Rejected Sequence Log Probabilities:     
                             -621.086 | Chosen Sequence Length: 510.328 |       
                             Rejected Sequence Length: 422.375 | NLL Loss:      
                             0.787924 | Gradient Norm: 0.0659902 | Data Epoch: 4
                             | Data Time: <1s | Compute Time: 17s | Lapse Time: 
                             17s | Total Time: 2,953s | Wall Time: 2,953s |     
                             Learning Rate: 6.88527e-07 | Batch Size: 64 |      
                             Elements per Batch: 85,947 | Elements per Second:  
                             4,997 | Number of Examples: 64 | Number of         
                             Elements: 85,947 | Number of Target Elements:      
                             32,661 | Padding: 0 | Padding Ratio (%): 0% | Total
                             Number of Examples: 12,288 | Total Number of       
                             Elements: 16,327,746 | Total Number of Target      
                             Elements: 5,682,175 | Peak Active Device Memory:   
                             63.88 GiB | Peak Active Device Memory (%): 81% |   
                             Peak Reserved Device Memory: 74.62 GiB | Peak      
                             Reserved Device Memory (%): 95%                    
[08/20/25 01:29:23] INFO     fairseq2 - Train Metrics (step 193) - DPO Loss:    
                             0.000412961 | Chosen Sequence Log Probabilities:   
                             -343.791 | Rejected Sequence Log Probabilities:    
                             -493.406 | Chosen Sequence Length: 419.5 | Rejected
                             Sequence Length: 322.641 | NLL Loss: 0.819463 |    
                             Gradient Norm: 0.212844 | Data Epoch: 4 | Data     
                             Time: <1s | Compute Time: 14s | Lapse Time: 14s |  
                             Total Time: 2,968s | Wall Time: 2,968s | Learning  
                             Rate: 6.88385e-07 | Batch Size: 64 | Elements per  
                             Batch: 86,198 | Elements per Second: 6,125 | Number
                             of Examples: 64 | Number of Elements: 86,198 |     
                             Number of Target Elements: 26,848 | Padding: 0 |   
                             Padding Ratio (%): 0% | Total Number of Examples:  
                             12,352 | Total Number of Elements: 16,413,944 |    
                             Total Number of Target Elements: 5,709,023 | Peak  
                             Active Device Memory: 62.16 GiB | Peak Active      
                             Device Memory (%): 79% | Peak Reserved Device      
                             Memory: 73.91 GiB | Peak Reserved Device Memory    
                             (%): 94%                                           
[08/20/25 01:29:38] INFO     fairseq2 - Train Metrics (step 194) - DPO Loss:    
                             0.00152262 | Chosen Sequence Log Probabilities:    
                             -397.711 | Rejected Sequence Log Probabilities:    
                             -538.234 | Chosen Sequence Length: 501.438 |       
                             Rejected Sequence Length: 388.172 | NLL Loss:      
                             0.793144 | Gradient Norm: 0.906206 | Data Epoch: 4 
                             | Data Time: <1s | Compute Time: 15s | Lapse Time: 
                             15s | Total Time: 2,983s | Wall Time: 2,983s |     
                             Learning Rate: 6.88242e-07 | Batch Size: 64 |      
                             Elements per Batch: 84,536 | Elements per Second:  
                             5,601 | Number of Examples: 64 | Number of         
                             Elements: 84,536 | Number of Target Elements:      
                             32,092 | Padding: 0 | Padding Ratio (%): 0% | Total
                             Number of Examples: 12,416 | Total Number of       
                             Elements: 16,498,480 | Total Number of Target      
                             Elements: 5,741,115 | Peak Active Device Memory:   
                             67.18 GiB | Peak Active Device Memory (%): 85% |   
                             Peak Reserved Device Memory: 74.53 GiB | Peak      
                             Reserved Device Memory (%): 95%                    
[08/20/25 01:29:55] INFO     fairseq2 - Train Metrics (step 195) - DPO Loss:    
                             0.000435649 | Chosen Sequence Log Probabilities:   
                             -521.604 | Rejected Sequence Log Probabilities:    
                             -629.523 | Chosen Sequence Length: 570.859 |       
                             Rejected Sequence Length: 417.781 | NLL Loss:      
                             0.914405 | Gradient Norm: 0.234679 | Data Epoch: 4 
                             | Data Time: <1s | Compute Time: 16s | Lapse Time: 
                             16s | Total Time: 2,999s | Wall Time: 2,999s |     
                             Learning Rate: 6.88098e-07 | Batch Size: 64 |      
                             Elements per Batch: 97,679 | Elements per Second:  
                             5,887 | Number of Examples: 64 | Number of         
                             Elements: 97,679 | Number of Target Elements:      
                             36,535 | Padding: 0 | Padding Ratio (%): 0% | Total
                             Number of Examples: 12,480 | Total Number of       
                             Elements: 16,596,159 | Total Number of Target      
                             Elements: 5,777,650 | Peak Active Device Memory:   
                             59.91 GiB | Peak Active Device Memory (%): 76% |   
                             Peak Reserved Device Memory: 72.99 GiB | Peak      
                             Reserved Device Memory (%): 93%                    
[08/20/25 01:30:06] INFO     fairseq2 - Train Metrics (step 196) - DPO Loss:    
                             0.0010958 | Chosen Sequence Log Probabilities:     
                             -422.348 | Rejected Sequence Log Probabilities:    
                             -587.328 | Chosen Sequence Length: 436.625 |       
                             Rejected Sequence Length: 325.016 | NLL Loss:      
                             0.967218 | Gradient Norm: 0.589448 | Data Epoch: 4 
                             | Data Time: <1s | Compute Time: 11s | Lapse Time: 
                             11s | Total Time: 3,011s | Wall Time: 3,011s |     
                             Learning Rate: 6.87953e-07 | Batch Size: 64 |      
                             Elements per Batch: 74,833 | Elements per Second:  
                             6,468 | Number of Examples: 64 | Number of         
                             Elements: 74,833 | Number of Target Elements:      
                             27,944 | Padding: 0 | Padding Ratio (%): 0% | Total
                             Number of Examples: 12,544 | Total Number of       
                             Elements: 16,670,992 | Total Number of Target      
                             Elements: 5,805,594 | Peak Active Device Memory:   
                             59.86 GiB | Peak Active Device Memory (%): 76% |   
                             Peak Reserved Device Memory: 73.02 GiB | Peak      
                             Reserved Device Memory (%): 93%                    
[08/20/25 01:30:22] INFO     fairseq2 - Train Metrics (step 197) - DPO Loss:    
                             0.00013662 | Chosen Sequence Log Probabilities:    
                             -420.857 | Rejected Sequence Log Probabilities:    
                             -592.562 | Chosen Sequence Length: 488.484 |       
                             Rejected Sequence Length: 377.141 | NLL Loss:      
                             0.861641 | Gradient Norm: 0.0840045 | Data Epoch: 4
                             | Data Time: <1s | Compute Time: 15s | Lapse Time: 
                             15s | Total Time: 3,027s | Wall Time: 3,027s |     
                             Learning Rate: 6.87808e-07 | Batch Size: 64 |      
                             Elements per Batch: 96,025 | Elements per Second:  
                             6,033 | Number of Examples: 64 | Number of         
                             Elements: 96,025 | Number of Target Elements:      
                             31,263 | Padding: 0 | Padding Ratio (%): 0% | Total
                             Number of Examples: 12,608 | Total Number of       
                             Elements: 16,767,017 | Total Number of Target      
                             Elements: 5,836,857 | Peak Active Device Memory:   
                             63.36 GiB | Peak Active Device Memory (%): 81% |   
                             Peak Reserved Device Memory: 74.45 GiB | Peak      
                             Reserved Device Memory (%): 95%                    
[08/20/25 01:30:38] INFO     fairseq2 - Train Metrics (step 198) - DPO Loss:    
                             0.00752484 | Chosen Sequence Log Probabilities:    
                             -408.945 | Rejected Sequence Log Probabilities:    
                             -562.289 | Chosen Sequence Length: 478.484 |       
                             Rejected Sequence Length: 367.375 | NLL Loss:      
                             0.854665 | Gradient Norm: 6.5782 | Data Epoch: 4 | 
                             Data Time: <1s | Compute Time: 15s | Lapse Time:   
                             15s | Total Time: 3,042s | Wall Time: 3,042s |     
                             Learning Rate: 6.87661e-07 | Batch Size: 64 |      
                             Elements per Batch: 89,341 | Elements per Second:  
                             5,851 | Number of Examples: 64 | Number of         
                             Elements: 89,341 | Number of Target Elements:      
                             30,623 | Padding: 0 | Padding Ratio (%): 0% | Total
                             Number of Examples: 12,672 | Total Number of       
                             Elements: 16,856,358 | Total Number of Target      
                             Elements: 5,867,480 | Peak Active Device Memory:   
                             65.04 GiB | Peak Active Device Memory (%): 83% |   
                             Peak Reserved Device Memory: 74.58 GiB | Peak      
                             Reserved Device Memory (%): 95%                    
[08/20/25 01:30:51] INFO     fairseq2 - Train Metrics (step 199) - DPO Loss:    
                             0.000931245 | Chosen Sequence Log Probabilities:   
                             -424.416 | Rejected Sequence Log Probabilities:    
                             -638.766 | Chosen Sequence Length: 488.219 |       
                             Rejected Sequence Length: 420.094 | NLL Loss:      
                             0.869512 | Gradient Norm: 0.447083 | Data Epoch: 4 
                             | Data Time: <1s | Compute Time: 13s | Lapse Time: 
                             13s | Total Time: 3,056s | Wall Time: 3,056s |     
                             Learning Rate: 6.87514e-07 | Batch Size: 64 |      
                             Elements per Batch: 87,609 | Elements per Second:  
                             6,651 | Number of Examples: 64 | Number of         
                             Elements: 87,609 | Number of Target Elements:      
                             31,246 | Padding: 0 | Padding Ratio (%): 0% | Total
                             Number of Examples: 12,736 | Total Number of       
                             Elements: 16,943,967 | Total Number of Target      
                             Elements: 5,898,726 | Peak Active Device Memory:   
                             61.70 GiB | Peak Active Device Memory (%): 78% |   
                             Peak Reserved Device Memory: 73.36 GiB | Peak      
                             Reserved Device Memory (%): 93%                    
[08/20/25 01:31:04] INFO     fairseq2 - Train Metrics (step 200) - DPO Loss:    
                             0.00260941 | Chosen Sequence Log Probabilities:    
                             -420.12 | Rejected Sequence Log Probabilities:     
                             -597.938 | Chosen Sequence Length: 475.156 |       
                             Rejected Sequence Length: 372.422 | NLL Loss:      
                             0.883922 | Gradient Norm: 1.26757 | Data Epoch: 4 |
                             Data Time: <1s | Compute Time: 12s | Lapse Time:   
                             12s | Total Time: 3,068s | Wall Time: 3,068s |     
                             Learning Rate: 6.87366e-07 | Batch Size: 64 |      
                             Elements per Batch: 89,575 | Elements per Second:  
                             7,012 | Number of Examples: 64 | Number of         
                             Elements: 89,575 | Number of Target Elements:      
                             30,410 | Padding: 0 | Padding Ratio (%): 0% | Total
                             Number of Examples: 12,800 | Total Number of       
                             Elements: 17,033,542 | Total Number of Target      
                             Elements: 5,929,136 | Peak Active Device Memory:   
                             59.99 GiB | Peak Active Device Memory (%): 76% |   
                             Peak Reserved Device Memory: 73.44 GiB | Peak      
                             Reserved Device Memory (%): 93%                    
[08/20/25 01:31:22] INFO     fairseq2 - Train Metrics (step 201) - DPO Loss:    
                             0.00106418 | Chosen Sequence Log Probabilities:    
                             -441.061 | Rejected Sequence Log Probabilities:    
                             -589.332 | Chosen Sequence Length: 509 | Rejected  
                             Sequence Length: 355.922 | NLL Loss: 0.866731 |    
                             Gradient Norm: 0.653371 | Data Epoch: 4 | Data     
                             Time: <1s | Compute Time: 17s | Lapse Time: 17s |  
                             Total Time: 3,086s | Wall Time: 3,086s | Learning  
                             Rate: 6.87217e-07 | Batch Size: 64 | Elements per  
                             Batch: 84,440 | Elements per Second: 4,731 | Number
                             of Examples: 64 | Number of Elements: 84,440 |     
                             Number of Target Elements: 32,576 | Padding: 0 |   
                             Padding Ratio (%): 0% | Total Number of Examples:  
                             12,864 | Total Number of Elements: 17,117,982 |    
                             Total Number of Target Elements: 5,961,712 | Peak  
                             Active Device Memory: 61.80 GiB | Peak Active      
                             Device Memory (%): 79% | Peak Reserved Device      
                             Memory: 73.44 GiB | Peak Reserved Device Memory    
                             (%): 93%                                           
[08/20/25 01:31:35] INFO     fairseq2 - Train Metrics (step 202) - DPO Loss:    
                             0.00109888 | Chosen Sequence Log Probabilities:    
                             -437.02 | Rejected Sequence Log Probabilities:     
                             -599.492 | Chosen Sequence Length: 421.594 |       
                             Rejected Sequence Length: 361.938 | NLL Loss:      
                             1.03685 | Gradient Norm: 2.4773 | Data Epoch: 4 |  
                             Data Time: <1s | Compute Time: 12s | Lapse Time:   
                             12s | Total Time: 3,099s | Wall Time: 3,099s |     
                             Learning Rate: 6.87067e-07 | Batch Size: 64 |      
                             Elements per Batch: 66,293 | Elements per Second:  
                             5,154 | Number of Examples: 64 | Number of         
                             Elements: 66,293 | Number of Target Elements:      
                             26,982 | Padding: 0 | Padding Ratio (%): 0% | Total
                             Number of Examples: 12,928 | Total Number of       
                             Elements: 17,184,275 | Total Number of Target      
                             Elements: 5,988,694 | Peak Active Device Memory:   
                             60.71 GiB | Peak Active Device Memory (%): 77% |   
                             Peak Reserved Device Memory: 74.36 GiB | Peak      
                             Reserved Device Memory (%): 94%                    
[08/20/25 01:31:49] INFO     fairseq2 - Train Metrics (step 203) - DPO Loss:    
                             0.000589528 | Chosen Sequence Log Probabilities:   
                             -424.531 | Rejected Sequence Log Probabilities:    
                             -563.422 | Chosen Sequence Length: 474.625 |       
                             Rejected Sequence Length: 392.297 | NLL Loss:      
                             0.894596 | Gradient Norm: 0.245142 | Data Epoch: 4 
                             | Data Time: <1s | Compute Time: 13s | Lapse Time: 
                             13s | Total Time: 3,113s | Wall Time: 3,113s |     
                             Learning Rate: 6.86916e-07 | Batch Size: 64 |      
                             Elements per Batch: 77,677 | Elements per Second:  
                             5,567 | Number of Examples: 64 | Number of         
                             Elements: 77,677 | Number of Target Elements:      
                             30,376 | Padding: 0 | Padding Ratio (%): 0% | Total
                             Number of Examples: 12,992 | Total Number of       
                             Elements: 17,261,952 | Total Number of Target      
                             Elements: 6,019,070 | Peak Active Device Memory:   
                             66.74 GiB | Peak Active Device Memory (%): 85% |   
                             Peak Reserved Device Memory: 74.29 GiB | Peak      
                             Reserved Device Memory (%): 94%                    
[08/20/25 01:32:04] INFO     fairseq2 - Train Metrics (step 204) - DPO Loss:    
                             0.000618047 | Chosen Sequence Log Probabilities:   
                             -429.465 | Rejected Sequence Log Probabilities:    
                             -631.695 | Chosen Sequence Length: 466.625 |       
                             Rejected Sequence Length: 416.062 | NLL Loss:      
                             0.920799 | Gradient Norm: 0.560309 | Data Epoch: 4 
                             | Data Time: <1s | Compute Time: 15s | Lapse Time: 
                             15s | Total Time: 3,129s | Wall Time: 3,129s |     
                             Learning Rate: 6.86764e-07 | Batch Size: 64 |      
                             Elements per Batch: 95,781 | Elements per Second:  
                             6,100 | Number of Examples: 64 | Number of         
                             Elements: 95,781 | Number of Target Elements:      
                             29,864 | Padding: 0 | Padding Ratio (%): 0% | Total
                             Number of Examples: 13,056 | Total Number of       
                             Elements: 17,357,733 | Total Number of Target      
                             Elements: 6,048,934 | Peak Active Device Memory:   
                             61.70 GiB | Peak Active Device Memory (%): 78% |   
                             Peak Reserved Device Memory: 74.82 GiB | Peak      
                             Reserved Device Memory (%): 95%                    
[08/20/25 01:32:05] INFO     fairseq2 - End of epoch 4 reached after step 204.  
[08/20/25 01:32:21] INFO     fairseq2 - Train Metrics (step 205) - DPO Loss:    
                             9.79105e-05 | Chosen Sequence Log Probabilities:   
                             -504.824 | Rejected Sequence Log Probabilities:    
                             -647.031 | Chosen Sequence Length: 577.578 |       
                             Rejected Sequence Length: 448.812 | NLL Loss:      
                             0.874161 | Gradient Norm: 0.045927 | Data Epoch: 5 
                             | Data Time: 1s | Compute Time: 15s | Lapse Time:  
                             16s | Total Time: 3,146s | Wall Time: 3,146s |     
                             Learning Rate: 6.86612e-07 | Batch Size: 64 |      
                             Elements per Batch: 91,251 | Elements per Second:  
                             5,540 | Number of Examples: 64 | Number of         
                             Elements: 91,251 | Number of Target Elements:      
                             36,965 | Padding: 0 | Padding Ratio (%): 0% | Total
                             Number of Examples: 13,120 | Total Number of       
                             Elements: 17,448,984 | Total Number of Target      
                             Elements: 6,085,899 | Peak Active Device Memory:   
                             63.61 GiB | Peak Active Device Memory (%): 81% |   
                             Peak Reserved Device Memory: 74.42 GiB | Peak      
                             Reserved Device Memory (%): 94%                    
[08/20/25 01:32:36] INFO     fairseq2 - Train Metrics (step 206) - DPO Loss:    
                             3.85614e-05 | Chosen Sequence Log Probabilities:   
                             -447.094 | Rejected Sequence Log Probabilities:    
                             -591.062 | Chosen Sequence Length: 516.375 |       
                             Rejected Sequence Length: 351.734 | NLL Loss:      
                             0.865579 | Gradient Norm: 0.0193902 | Data Epoch: 5
                             | Data Time: <1s | Compute Time: 15s | Lapse Time: 
                             15s | Total Time: 3,161s | Wall Time: 3,161s |     
                             Learning Rate: 6.86459e-07 | Batch Size: 64 |      
                             Elements per Batch: 86,335 | Elements per Second:  
                             5,609 | Number of Examples: 64 | Number of         
                             Elements: 86,335 | Number of Target Elements:      
                             33,048 | Padding: 0 | Padding Ratio (%): 0% | Total
                             Number of Examples: 13,184 | Total Number of       
                             Elements: 17,535,319 | Total Number of Target      
                             Elements: 6,118,947 | Peak Active Device Memory:   
                             61.02 GiB | Peak Active Device Memory (%): 78% |   
                             Peak Reserved Device Memory: 72.66 GiB | Peak      
                             Reserved Device Memory (%): 92%                    
[08/20/25 01:32:53] INFO     fairseq2 - Train Metrics (step 207) - DPO Loss:    
                             0.000159443 | Chosen Sequence Log Probabilities:   
                             -458.648 | Rejected Sequence Log Probabilities:    
                             -632.562 | Chosen Sequence Length: 417 | Rejected  
                             Sequence Length: 330.234 | NLL Loss: 1.09958 |     
                             Gradient Norm: 0.0642487 | Data Epoch: 5 | Data    
                             Time: <1s | Compute Time: 16s | Lapse Time: 16s |  
                             Total Time: 3,178s | Wall Time: 3,178s | Learning  
                             Rate: 6.86305e-07 | Batch Size: 64 | Elements per  
                             Batch: 76,003 | Elements per Second: 4,589 | Number
                             of Examples: 64 | Number of Elements: 76,003 |     
                             Number of Target Elements: 26,688 | Padding: 0 |   
                             Padding Ratio (%): 0% | Total Number of Examples:  
                             13,248 | Total Number of Elements: 17,611,322 |    
                             Total Number of Target Elements: 6,145,635 | Peak  
                             Active Device Memory: 62.75 GiB | Peak Active      
                             Device Memory (%): 80% | Peak Reserved Device      
                             Memory: 73.87 GiB | Peak Reserved Device Memory    
                             (%): 94%                                           
[08/20/25 01:33:09] INFO     fairseq2 - Train Metrics (step 208) - DPO Loss:    
                             9.04189e-05 | Chosen Sequence Log Probabilities:   
                             -527.844 | Rejected Sequence Log Probabilities:    
                             -676.328 | Chosen Sequence Length: 541.109 |       
                             Rejected Sequence Length: 399.641 | NLL Loss:      
                             0.975544 | Gradient Norm: 0.0344767 | Data Epoch: 5
                             | Data Time: <1s | Compute Time: 15s | Lapse Time: 
                             15s | Total Time: 3,194s | Wall Time: 3,194s |     
                             Learning Rate: 6.86149e-07 | Batch Size: 64 |      
                             Elements per Batch: 92,975 | Elements per Second:  
                             5,970 | Number of Examples: 64 | Number of         
                             Elements: 92,975 | Number of Target Elements:      
                             34,631 | Padding: 0 | Padding Ratio (%): 0% | Total
                             Number of Examples: 13,312 | Total Number of       
                             Elements: 17,704,297 | Total Number of Target      
                             Elements: 6,180,266 | Peak Active Device Memory:   
                             61.71 GiB | Peak Active Device Memory (%): 78% |   
                             Peak Reserved Device Memory: 73.45 GiB | Peak      
                             Reserved Device Memory (%): 93%                    
[08/20/25 01:33:21] INFO     fairseq2 - Train Metrics (step 209) - DPO Loss:    
                             6.62732e-05 | Chosen Sequence Log Probabilities:   
                             -445.465 | Rejected Sequence Log Probabilities:    
                             -678.656 | Chosen Sequence Length: 412.391 |       
                             Rejected Sequence Length: 352.344 | NLL Loss:      
                             1.08052 | Gradient Norm: 0.0285408 | Data Epoch: 5 
                             | Data Time: <1s | Compute Time: 11s | Lapse Time: 
                             12s | Total Time: 3,206s | Wall Time: 3,206s |     
                             Learning Rate: 6.85994e-07 | Batch Size: 64 |      
                             Elements per Batch: 75,441 | Elements per Second:  
                             6,294 | Number of Examples: 64 | Number of         
                             Elements: 75,441 | Number of Target Elements:      
                             26,393 | Padding: 0 | Padding Ratio (%): 0% | Total
                             Number of Examples: 13,376 | Total Number of       
                             Elements: 17,779,738 | Total Number of Target      
                             Elements: 6,206,659 | Peak Active Device Memory:   
                             61.72 GiB | Peak Active Device Memory (%): 78% |   
                             Peak Reserved Device Memory: 74.77 GiB | Peak      
                             Reserved Device Memory (%): 95%                    
[08/20/25 01:33:37] INFO     fairseq2 - Train Metrics (step 210) - DPO Loss:    
                             0.000196421 | Chosen Sequence Log Probabilities:   
                             -396.448 | Rejected Sequence Log Probabilities:    
                             -587.875 | Chosen Sequence Length: 481.203 |       
                             Rejected Sequence Length: 345.094 | NLL Loss:      
                             0.823808 | Gradient Norm: 0.119957 | Data Epoch: 5 
                             | Data Time: <1s | Compute Time: 15s | Lapse Time: 
                             16s | Total Time: 3,222s | Wall Time: 3,222s |     
                             Learning Rate: 6.85837e-07 | Batch Size: 64 |      
                             Elements per Batch: 89,504 | Elements per Second:  
                             5,596 | Number of Examples: 64 | Number of         
                             Elements: 89,504 | Number of Target Elements:      
                             30,797 | Padding: 0 | Padding Ratio (%): 0% | Total
                             Number of Examples: 13,440 | Total Number of       
                             Elements: 17,869,242 | Total Number of Target      
                             Elements: 6,237,456 | Peak Active Device Memory:   
                             60.24 GiB | Peak Active Device Memory (%): 77% |   
                             Peak Reserved Device Memory: 74.77 GiB | Peak      
                             Reserved Device Memory (%): 95%                    
[08/20/25 01:33:51] INFO     fairseq2 - Train Metrics (step 211) - DPO Loss:    
                             9.85389e-05 | Chosen Sequence Log Probabilities:   
                             -477.545 | Rejected Sequence Log Probabilities:    
                             -728.625 | Chosen Sequence Length: 490.281 |       
                             Rejected Sequence Length: 391 | NLL Loss: 0.973839 
                             | Gradient Norm: 0.0757078 | Data Epoch: 5 | Data  
                             Time: <1s | Compute Time: 14s | Lapse Time: 14s |  
                             Total Time: 3,236s | Wall Time: 3,236s | Learning  
                             Rate: 6.85679e-07 | Batch Size: 64 | Elements per  
                             Batch: 80,237 | Elements per Second: 5,623 | Number
                             of Examples: 64 | Number of Elements: 80,237 |     
                             Number of Target Elements: 31,378 | Padding: 0 |   
                             Padding Ratio (%): 0% | Total Number of Examples:  
                             13,504 | Total Number of Elements: 17,949,479 |    
                             Total Number of Target Elements: 6,268,834 | Peak  
                             Active Device Memory: 60.26 GiB | Peak Active      
                             Device Memory (%): 77% | Peak Reserved Device      
                             Memory: 74.77 GiB | Peak Reserved Device Memory    
                             (%): 95%                                           
[08/20/25 01:34:04] INFO     fairseq2 - Train Metrics (step 212) - DPO Loss:    
                             6.1939e-05 | Chosen Sequence Log Probabilities:    
                             -481.096 | Rejected Sequence Log Probabilities:    
                             -680.883 | Chosen Sequence Length: 531.875 |       
                             Rejected Sequence Length: 400.609 | NLL Loss:      
                             0.904791 | Gradient Norm: 0.0354817 | Data Epoch: 5
                             | Data Time: <1s | Compute Time: 12s | Lapse Time: 
                             12s | Total Time: 3,248s | Wall Time: 3,248s |     
                             Learning Rate: 6.85521e-07 | Batch Size: 64 |      
                             Elements per Batch: 90,427 | Elements per Second:  
                             7,372 | Number of Examples: 64 | Number of         
                             Elements: 90,427 | Number of Target Elements:      
                             34,040 | Padding: 0 | Padding Ratio (%): 0% | Total
                             Number of Examples: 13,568 | Total Number of       
                             Elements: 18,039,906 | Total Number of Target      
                             Elements: 6,302,874 | Peak Active Device Memory:   
                             62.99 GiB | Peak Active Device Memory (%): 80% |   
                             Peak Reserved Device Memory: 74.77 GiB | Peak      
                             Reserved Device Memory (%): 95%                    
[08/20/25 01:34:16] INFO     fairseq2 - Train Metrics (step 213) - DPO Loss:    
                             0.00010119 | Chosen Sequence Log Probabilities:    
                             -412.333 | Rejected Sequence Log Probabilities:    
                             -635.234 | Chosen Sequence Length: 381.109 |       
                             Rejected Sequence Length: 299.516 | NLL Loss:      
                             1.08155 | Gradient Norm: 0.0574055 | Data Epoch: 5 
                             | Data Time: <1s | Compute Time: 12s | Lapse Time: 
                             12s | Total Time: 3,261s | Wall Time: 3,261s |     
                             Learning Rate: 6.85361e-07 | Batch Size: 64 |      
                             Elements per Batch: 76,137 | Elements per Second:  
                             6,048 | Number of Examples: 64 | Number of         
                             Elements: 76,137 | Number of Target Elements:      
                             24,391 | Padding: 0 | Padding Ratio (%): 0% | Total
                             Number of Examples: 13,632 | Total Number of       
                             Elements: 18,116,043 | Total Number of Target      
                             Elements: 6,327,265 | Peak Active Device Memory:   
                             63.32 GiB | Peak Active Device Memory (%): 80% |   
                             Peak Reserved Device Memory: 74.26 GiB | Peak      
                             Reserved Device Memory (%): 94%                    
[08/20/25 01:34:30] INFO     fairseq2 - Train Metrics (step 214) - DPO Loss:    
                             0.000230609 | Chosen Sequence Log Probabilities:   
                             -501.541 | Rejected Sequence Log Probabilities:    
                             -713.633 | Chosen Sequence Length: 480.25 |        
                             Rejected Sequence Length: 371.734 | NLL Loss:      
                             1.04417 | Gradient Norm: 0.171131 | Data Epoch: 5 |
                             Data Time: <1s | Compute Time: 13s | Lapse Time:   
                             13s | Total Time: 3,274s | Wall Time: 3,274s |     
                             Learning Rate: 6.85201e-07 | Batch Size: 64 |      
                             Elements per Batch: 75,521 | Elements per Second:  
                             5,686 | Number of Examples: 64 | Number of         
                             Elements: 75,521 | Number of Target Elements:      
                             30,736 | Padding: 0 | Padding Ratio (%): 0% | Total
                             Number of Examples: 13,696 | Total Number of       
                             Elements: 18,191,564 | Total Number of Target      
                             Elements: 6,358,001 | Peak Active Device Memory:   
                             60.90 GiB | Peak Active Device Memory (%): 77% |   
                             Peak Reserved Device Memory: 72.56 GiB | Peak      
                             Reserved Device Memory (%): 92%                    
[08/20/25 01:34:44] INFO     fairseq2 - Train Metrics (step 215) - DPO Loss:    
                             0.000193751 | Chosen Sequence Log Probabilities:   
                             -535.488 | Rejected Sequence Log Probabilities:    
                             -694.062 | Chosen Sequence Length: 512.922 |       
                             Rejected Sequence Length: 384.109 | NLL Loss:      
                             1.04374 | Gradient Norm: 0.172712 | Data Epoch: 5 |
                             Data Time: <1s | Compute Time: 13s | Lapse Time:   
                             14s | Total Time: 3,288s | Wall Time: 3,288s |     
                             Learning Rate: 6.8504e-07 | Batch Size: 64 |       
                             Elements per Batch: 91,079 | Elements per Second:  
                             6,507 | Number of Examples: 64 | Number of         
                             Elements: 91,079 | Number of Target Elements:      
                             32,827 | Padding: 0 | Padding Ratio (%): 0% | Total
                             Number of Examples: 13,760 | Total Number of       
                             Elements: 18,282,643 | Total Number of Target      
                             Elements: 6,390,828 | Peak Active Device Memory:   
                             64.80 GiB | Peak Active Device Memory (%): 82% |   
                             Peak Reserved Device Memory: 74.73 GiB | Peak      
                             Reserved Device Memory (%): 95%                    
[08/20/25 01:35:02] INFO     fairseq2 - Train Metrics (step 216) - DPO Loss:    
                             0.000157643 | Chosen Sequence Log Probabilities:   
                             -488.793 | Rejected Sequence Log Probabilities:    
                             -716.312 | Chosen Sequence Length: 396.812 |       
                             Rejected Sequence Length: 323.562 | NLL Loss:      
                             1.23172 | Gradient Norm: 0.155183 | Data Epoch: 5 |
                             Data Time: <1s | Compute Time: 18s | Lapse Time:   
                             18s | Total Time: 3,307s | Wall Time: 3,307s |     
                             Learning Rate: 6.84878e-07 | Batch Size: 64 |      
                             Elements per Batch: 81,261 | Elements per Second:  
                             4,506 | Number of Examples: 64 | Number of         
                             Elements: 81,261 | Number of Target Elements:      
                             25,396 | Padding: 0 | Padding Ratio (%): 0% | Total
                             Number of Examples: 13,824 | Total Number of       
                             Elements: 18,363,904 | Total Number of Target      
                             Elements: 6,416,224 | Peak Active Device Memory:   
                             65.25 GiB | Peak Active Device Memory (%): 83% |   
                             Peak Reserved Device Memory: 74.72 GiB | Peak      
                             Reserved Device Memory (%): 95%                    
[08/20/25 01:35:15] INFO     fairseq2 - Train Metrics (step 217) - DPO Loss:    
                             0.000145327 | Chosen Sequence Log Probabilities:   
                             -473.192 | Rejected Sequence Log Probabilities:    
                             -672.547 | Chosen Sequence Length: 421.422 |       
                             Rejected Sequence Length: 315.156 | NLL Loss:      
                             1.12235 | Gradient Norm: 0.065018 | Data Epoch: 5 |
                             Data Time: <1s | Compute Time: 13s | Lapse Time:   
                             13s | Total Time: 3,320s | Wall Time: 3,320s |     
                             Learning Rate: 6.84716e-07 | Batch Size: 64 |      
                             Elements per Batch: 76,133 | Elements per Second:  
                             5,713 | Number of Examples: 64 | Number of         
                             Elements: 76,133 | Number of Target Elements:      
                             26,971 | Padding: 0 | Padding Ratio (%): 0% | Total
                             Number of Examples: 13,888 | Total Number of       
                             Elements: 18,440,037 | Total Number of Target      
                             Elements: 6,443,195 | Peak Active Device Memory:   
                             65.93 GiB | Peak Active Device Memory (%): 84% |   
                             Peak Reserved Device Memory: 74.62 GiB | Peak      
                             Reserved Device Memory (%): 95%                    
[08/20/25 01:35:27] INFO     fairseq2 - Train Metrics (step 218) - DPO Loss:    
                             0.000643124 | Chosen Sequence Log Probabilities:   
                             -430.486 | Rejected Sequence Log Probabilities:    
                             -643.547 | Chosen Sequence Length: 403.359 |       
                             Rejected Sequence Length: 326.797 | NLL Loss:      
                             1.06779 | Gradient Norm: 0.53358 | Data Epoch: 5 | 
                             Data Time: <1s | Compute Time: 11s | Lapse Time:   
                             11s | Total Time: 3,332s | Wall Time: 3,332s |     
                             Learning Rate: 6.84552e-07 | Batch Size: 64 |      
                             Elements per Batch: 73,762 | Elements per Second:  
                             6,169 | Number of Examples: 64 | Number of         
                             Elements: 73,762 | Number of Target Elements:      
                             25,815 | Padding: 0 | Padding Ratio (%): 0% | Total
                             Number of Examples: 13,952 | Total Number of       
                             Elements: 18,513,799 | Total Number of Target      
                             Elements: 6,469,010 | Peak Active Device Memory:   
                             64.54 GiB | Peak Active Device Memory (%): 82% |   
                             Peak Reserved Device Memory: 73.88 GiB | Peak      
                             Reserved Device Memory (%): 94%                    
[08/20/25 01:35:43] INFO     fairseq2 - Train Metrics (step 219) - DPO Loss:    
                             4.55068e-05 | Chosen Sequence Log Probabilities:   
                             -359.984 | Rejected Sequence Log Probabilities:    
                             -598.172 | Chosen Sequence Length: 376.875 |       
                             Rejected Sequence Length: 296.438 | NLL Loss:      
                             0.955002 | Gradient Norm: 0.103285 | Data Epoch: 5 
                             | Data Time: <1s | Compute Time: 15s | Lapse Time: 
                             15s | Total Time: 3,348s | Wall Time: 3,348s |     
                             Learning Rate: 6.84388e-07 | Batch Size: 64 |      
                             Elements per Batch: 84,505 | Elements per Second:  
                             5,316 | Number of Examples: 64 | Number of         
                             Elements: 84,505 | Number of Target Elements:      
                             24,120 | Padding: 0 | Padding Ratio (%): 0% | Total
                             Number of Examples: 14,016 | Total Number of       
                             Elements: 18,598,304 | Total Number of Target      
                             Elements: 6,493,130 | Peak Active Device Memory:   
                             66.61 GiB | Peak Active Device Memory (%): 85% |   
                             Peak Reserved Device Memory: 74.59 GiB | Peak      
                             Reserved Device Memory (%): 95%                    
[08/20/25 01:35:58] INFO     fairseq2 - Train Metrics (step 220) - DPO Loss:    
                             4.1397e-05 | Chosen Sequence Log Probabilities:    
                             -488.186 | Rejected Sequence Log Probabilities:    
                             -701.641 | Chosen Sequence Length: 438.406 |       
                             Rejected Sequence Length: 363.266 | NLL Loss:      
                             1.11403 | Gradient Norm: 0.0296547 | Data Epoch: 5 
                             | Data Time: <1s | Compute Time: 14s | Lapse Time: 
                             14s | Total Time: 3,363s | Wall Time: 3,363s |     
                             Learning Rate: 6.84222e-07 | Batch Size: 64 |      
                             Elements per Batch: 85,894 | Elements per Second:  
                             5,983 | Number of Examples: 64 | Number of         
                             Elements: 85,894 | Number of Target Elements:      
                             28,058 | Padding: 0 | Padding Ratio (%): 0% | Total
                             Number of Examples: 14,080 | Total Number of       
                             Elements: 18,684,198 | Total Number of Target      
                             Elements: 6,521,188 | Peak Active Device Memory:   
                             61.14 GiB | Peak Active Device Memory (%): 78% |   
                             Peak Reserved Device Memory: 74.43 GiB | Peak      
                             Reserved Device Memory (%): 94%                    
[08/20/25 01:36:15] INFO     fairseq2 - Train Metrics (step 221) - DPO Loss:    
                             7.87676e-05 | Chosen Sequence Log Probabilities:   
                             -568.031 | Rejected Sequence Log Probabilities:    
                             -738.109 | Chosen Sequence Length: 576.359 |       
                             Rejected Sequence Length: 450.609 | NLL Loss:      
                             0.985472 | Gradient Norm: 0.0430124 | Data Epoch: 5
                             | Data Time: <1s | Compute Time: 16s | Lapse Time: 
                             16s | Total Time: 3,379s | Wall Time: 3,379s |     
                             Learning Rate: 6.84056e-07 | Batch Size: 64 |      
                             Elements per Batch: 99,606 | Elements per Second:  
                             5,945 | Number of Examples: 64 | Number of         
                             Elements: 99,606 | Number of Target Elements:      
                             36,887 | Padding: 0 | Padding Ratio (%): 0% | Total
                             Number of Examples: 14,144 | Total Number of       
                             Elements: 18,783,804 | Total Number of Target      
                             Elements: 6,558,075 | Peak Active Device Memory:   
                             63.78 GiB | Peak Active Device Memory (%): 81% |   
                             Peak Reserved Device Memory: 74.43 GiB | Peak      
                             Reserved Device Memory (%): 94%                    
[08/20/25 01:36:29] INFO     fairseq2 - Train Metrics (step 222) - DPO Loss:    
                             0.000127454 | Chosen Sequence Log Probabilities:   
                             -443.736 | Rejected Sequence Log Probabilities:    
                             -605.234 | Chosen Sequence Length: 450.219 |       
                             Rejected Sequence Length: 344.031 | NLL Loss:      
                             0.985331 | Gradient Norm: 0.0695988 | Data Epoch: 5
                             | Data Time: <1s | Compute Time: 13s | Lapse Time: 
                             13s | Total Time: 3,393s | Wall Time: 3,393s |     
                             Learning Rate: 6.83889e-07 | Batch Size: 64 |      
                             Elements per Batch: 79,756 | Elements per Second:  
                             5,789 | Number of Examples: 64 | Number of         
                             Elements: 79,756 | Number of Target Elements:      
                             28,814 | Padding: 0 | Padding Ratio (%): 0% | Total
                             Number of Examples: 14,208 | Total Number of       
                             Elements: 18,863,560 | Total Number of Target      
                             Elements: 6,586,889 | Peak Active Device Memory:   
                             64.59 GiB | Peak Active Device Memory (%): 82% |   
                             Peak Reserved Device Memory: 74.53 GiB | Peak      
                             Reserved Device Memory (%): 95%                    
[08/20/25 01:36:45] INFO     fairseq2 - Train Metrics (step 223) - DPO Loss:    
                             0.0003334 | Chosen Sequence Log Probabilities:     
                             -410.303 | Rejected Sequence Log Probabilities:    
                             -562.602 | Chosen Sequence Length: 384.234 |       
                             Rejected Sequence Length: 297.516 | NLL Loss:      
                             1.0679 | Gradient Norm: 0.455987 | Data Epoch: 5 | 
                             Data Time: <1s | Compute Time: 16s | Lapse Time:   
                             16s | Total Time: 3,410s | Wall Time: 3,410s |     
                             Learning Rate: 6.83722e-07 | Batch Size: 64 |      
                             Elements per Batch: 74,746 | Elements per Second:  
                             4,467 | Number of Examples: 64 | Number of         
                             Elements: 74,746 | Number of Target Elements:      
                             24,591 | Padding: 0 | Padding Ratio (%): 0% | Total
                             Number of Examples: 14,272 | Total Number of       
                             Elements: 18,938,306 | Total Number of Target      
                             Elements: 6,611,480 | Peak Active Device Memory:   
                             66.75 GiB | Peak Active Device Memory (%): 85% |   
                             Peak Reserved Device Memory: 74.65 GiB | Peak      
                             Reserved Device Memory (%): 95%                    
[08/20/25 01:37:00] INFO     fairseq2 - Train Metrics (step 224) - DPO Loss:    
                             0.000128783 | Chosen Sequence Log Probabilities:   
                             -472.184 | Rejected Sequence Log Probabilities:    
                             -682.562 | Chosen Sequence Length: 481.906 |       
                             Rejected Sequence Length: 374.031 | NLL Loss:      
                             0.979841 | Gradient Norm: 0.182238 | Data Epoch: 5 
                             | Data Time: <1s | Compute Time: 14s | Lapse Time: 
                             14s | Total Time: 3,425s | Wall Time: 3,425s |     
                             Learning Rate: 6.83553e-07 | Batch Size: 64 |      
                             Elements per Batch: 95,965 | Elements per Second:  
                             6,458 | Number of Examples: 64 | Number of         
                             Elements: 95,965 | Number of Target Elements:      
                             30,842 | Padding: 0 | Padding Ratio (%): 0% | Total
                             Number of Examples: 14,336 | Total Number of       
                             Elements: 19,034,271 | Total Number of Target      
                             Elements: 6,642,322 | Peak Active Device Memory:   
                             61.73 GiB | Peak Active Device Memory (%): 78% |   
                             Peak Reserved Device Memory: 73.61 GiB | Peak      
                             Reserved Device Memory (%): 93%                    
[08/20/25 01:37:16] INFO     fairseq2 - Train Metrics (step 225) - DPO Loss:    
                             8.69773e-05 | Chosen Sequence Log Probabilities:   
                             -464.312 | Rejected Sequence Log Probabilities:    
                             -686.547 | Chosen Sequence Length: 454.188 |       
                             Rejected Sequence Length: 371.109 | NLL Loss:      
                             1.02195 | Gradient Norm: 0.0415969 | Data Epoch: 5 
                             | Data Time: <1s | Compute Time: 15s | Lapse Time: 
                             15s | Total Time: 3,441s | Wall Time: 3,441s |     
                             Learning Rate: 6.83383e-07 | Batch Size: 64 |      
                             Elements per Batch: 91,859 | Elements per Second:  
                             5,832 | Number of Examples: 64 | Number of         
                             Elements: 91,859 | Number of Target Elements:      
                             29,068 | Padding: 0 | Padding Ratio (%): 0% | Total
                             Number of Examples: 14,400 | Total Number of       
                             Elements: 19,126,130 | Total Number of Target      
                             Elements: 6,671,390 | Peak Active Device Memory:   
                             59.93 GiB | Peak Active Device Memory (%): 76% |   
                             Peak Reserved Device Memory: 73.64 GiB | Peak      
                             Reserved Device Memory (%): 93%                    
[08/20/25 01:37:27] INFO     fairseq2 - Train Metrics (step 226) - DPO Loss:    
                             0.000322344 | Chosen Sequence Log Probabilities:   
                             -448.064 | Rejected Sequence Log Probabilities:    
                             -599.312 | Chosen Sequence Length: 373 | Rejected  
                             Sequence Length: 313.031 | NLL Loss: 1.20143 |     
                             Gradient Norm: 0.140746 | Data Epoch: 5 | Data     
                             Time: <1s | Compute Time: 10s | Lapse Time: 10s |  
                             Total Time: 3,452s | Wall Time: 3,452s | Learning  
                             Rate: 6.83213e-07 | Batch Size: 64 | Elements per  
                             Batch: 64,774 | Elements per Second: 6,148 | Number
                             of Examples: 64 | Number of Elements: 64,774 |     
                             Number of Target Elements: 23,872 | Padding: 0 |   
                             Padding Ratio (%): 0% | Total Number of Examples:  
                             14,464 | Total Number of Elements: 19,190,904 |    
                             Total Number of Target Elements: 6,695,262 | Peak  
                             Active Device Memory: 62.91 GiB | Peak Active      
                             Device Memory (%): 80% | Peak Reserved Device      
                             Memory: 73.64 GiB | Peak Reserved Device Memory    
                             (%): 93%                                           
[08/20/25 01:37:41] INFO     fairseq2 - Train Metrics (step 227) - DPO Loss:    
                             0.000169706 | Chosen Sequence Log Probabilities:   
                             -551.191 | Rejected Sequence Log Probabilities:    
                             -715.906 | Chosen Sequence Length: 563.766 |       
                             Rejected Sequence Length: 391.984 | NLL Loss:      
                             0.977944 | Gradient Norm: 0.0571859 | Data Epoch: 5
                             | Data Time: <1s | Compute Time: 14s | Lapse Time: 
                             14s | Total Time: 3,466s | Wall Time: 3,466s |     
                             Learning Rate: 6.83042e-07 | Batch Size: 64 |      
                             Elements per Batch: 94,821 | Elements per Second:  
                             6,497 | Number of Examples: 64 | Number of         
                             Elements: 94,821 | Number of Target Elements:      
                             36,081 | Padding: 0 | Padding Ratio (%): 0% | Total
                             Number of Examples: 14,528 | Total Number of       
                             Elements: 19,285,725 | Total Number of Target      
                             Elements: 6,731,343 | Peak Active Device Memory:   
                             60.14 GiB | Peak Active Device Memory (%): 76% |   
                             Peak Reserved Device Memory: 71.82 GiB | Peak      
                             Reserved Device Memory (%): 91%                    
[08/20/25 01:37:59] INFO     fairseq2 - Train Metrics (step 228) - DPO Loss:    
                             6.29144e-05 | Chosen Sequence Log Probabilities:   
                             -500.105 | Rejected Sequence Log Probabilities:    
                             -687.578 | Chosen Sequence Length: 526.25 |        
                             Rejected Sequence Length: 381.719 | NLL Loss:      
                             0.950088 | Gradient Norm: 0.024548 | Data Epoch: 5 
                             | Data Time: <1s | Compute Time: 17s | Lapse Time: 
                             17s | Total Time: 3,483s | Wall Time: 3,483s |     
                             Learning Rate: 6.8287e-07 | Batch Size: 64 |       
                             Elements per Batch: 89,683 | Elements per Second:  
                             5,248 | Number of Examples: 64 | Number of         
                             Elements: 89,683 | Number of Target Elements:      
                             33,680 | Padding: 0 | Padding Ratio (%): 0% | Total
                             Number of Examples: 14,592 | Total Number of       
                             Elements: 19,375,408 | Total Number of Target      
                             Elements: 6,765,023 | Peak Active Device Memory:   
                             60.29 GiB | Peak Active Device Memory (%): 77% |   
                             Peak Reserved Device Memory: 72.51 GiB | Peak      
                             Reserved Device Memory (%): 92%                    
[08/20/25 01:38:13] INFO     fairseq2 - Train Metrics (step 229) - DPO Loss:    
                             0.000134043 | Chosen Sequence Log Probabilities:   
                             -516.824 | Rejected Sequence Log Probabilities:    
                             -634.781 | Chosen Sequence Length: 464.812 |       
                             Rejected Sequence Length: 338.281 | NLL Loss:      
                             1.11167 | Gradient Norm: 0.0657259 | Data Epoch: 5 
                             | Data Time: <1s | Compute Time: 14s | Lapse Time: 
                             14s | Total Time: 3,498s | Wall Time: 3,498s |     
                             Learning Rate: 6.82697e-07 | Batch Size: 64 |      
                             Elements per Batch: 80,493 | Elements per Second:  
                             5,641 | Number of Examples: 64 | Number of         
                             Elements: 80,493 | Number of Target Elements:      
                             29,748 | Padding: 0 | Padding Ratio (%): 0% | Total
                             Number of Examples: 14,656 | Total Number of       
                             Elements: 19,455,901 | Total Number of Target      
                             Elements: 6,794,771 | Peak Active Device Memory:   
                             60.94 GiB | Peak Active Device Memory (%): 77% |   
                             Peak Reserved Device Memory: 74.76 GiB | Peak      
                             Reserved Device Memory (%): 95%                    
[08/20/25 01:38:27] INFO     fairseq2 - Train Metrics (step 230) - DPO Loss:    
                             0.000137437 | Chosen Sequence Log Probabilities:   
                             -430.035 | Rejected Sequence Log Probabilities:    
                             -599.188 | Chosen Sequence Length: 447.531 |       
                             Rejected Sequence Length: 346.516 | NLL Loss:      
                             0.961237 | Gradient Norm: 0.0523002 | Data Epoch: 5
                             | Data Time: <1s | Compute Time: 14s | Lapse Time: 
                             14s | Total Time: 3,512s | Wall Time: 3,512s |     
                             Learning Rate: 6.82523e-07 | Batch Size: 64 |      
                             Elements per Batch: 83,531 | Elements per Second:  
                             5,804 | Number of Examples: 64 | Number of         
                             Elements: 83,531 | Number of Target Elements:      
                             28,642 | Padding: 0 | Padding Ratio (%): 0% | Total
                             Number of Examples: 14,720 | Total Number of       
                             Elements: 19,539,432 | Total Number of Target      
                             Elements: 6,823,413 | Peak Active Device Memory:   
                             62.07 GiB | Peak Active Device Memory (%): 79% |   
                             Peak Reserved Device Memory: 74.48 GiB | Peak      
                             Reserved Device Memory (%): 95%                    
[08/20/25 01:38:43] INFO     fairseq2 - Train Metrics (step 231) - DPO Loss:    
                             3.03677e-05 | Chosen Sequence Log Probabilities:   
                             -421.973 | Rejected Sequence Log Probabilities:    
                             -639.656 | Chosen Sequence Length: 539.797 |       
                             Rejected Sequence Length: 433.453 | NLL Loss:      
                             0.78173 | Gradient Norm: 0.0159477 | Data Epoch: 5 
                             | Data Time: <1s | Compute Time: 15s | Lapse Time: 
                             15s | Total Time: 3,528s | Wall Time: 3,528s |     
                             Learning Rate: 6.82349e-07 | Batch Size: 64 |      
                             Elements per Batch: 98,858 | Elements per Second:  
                             6,363 | Number of Examples: 64 | Number of         
                             Elements: 98,858 | Number of Target Elements:      
                             34,547 | Padding: 0 | Padding Ratio (%): 0% | Total
                             Number of Examples: 14,784 | Total Number of       
                             Elements: 19,638,290 | Total Number of Target      
                             Elements: 6,857,960 | Peak Active Device Memory:   
                             63.04 GiB | Peak Active Device Memory (%): 80% |   
                             Peak Reserved Device Memory: 74.48 GiB | Peak      
                             Reserved Device Memory (%): 95%                    
[08/20/25 01:39:02] INFO     fairseq2 - Train Metrics (step 232) - DPO Loss:    
                             0.000177445 | Chosen Sequence Log Probabilities:   
                             -602.901 | Rejected Sequence Log Probabilities:    
                             -819.969 | Chosen Sequence Length: 548.969 |       
                             Rejected Sequence Length: 452.844 | NLL Loss:      
                             1.09811 | Gradient Norm: 0.0705986 | Data Epoch: 5 
                             | Data Time: <1s | Compute Time: 18s | Lapse Time: 
                             18s | Total Time: 3,546s | Wall Time: 3,546s |     
                             Learning Rate: 6.82173e-07 | Batch Size: 64 |      
                             Elements per Batch: 90,226 | Elements per Second:  
                             4,904 | Number of Examples: 64 | Number of         
                             Elements: 90,226 | Number of Target Elements:      
                             35,134 | Padding: 0 | Padding Ratio (%): 0% | Total
                             Number of Examples: 14,848 | Total Number of       
                             Elements: 19,728,516 | Total Number of Target      
                             Elements: 6,893,094 | Peak Active Device Memory:   
                             60.61 GiB | Peak Active Device Memory (%): 77% |   
                             Peak Reserved Device Memory: 70.97 GiB | Peak      
                             Reserved Device Memory (%): 90%                    
[08/20/25 01:39:16] INFO     fairseq2 - Train Metrics (step 233) - DPO Loss:    
                             0.00107351 | Chosen Sequence Log Probabilities:    
                             -487.166 | Rejected Sequence Log Probabilities:    
                             -647.203 | Chosen Sequence Length: 489.203 |       
                             Rejected Sequence Length: 362.016 | NLL Loss:      
                             0.995964 | Gradient Norm: 0.274828 | Data Epoch: 5 
                             | Data Time: <1s | Compute Time: 13s | Lapse Time: 
                             13s | Total Time: 3,560s | Wall Time: 3,560s |     
                             Learning Rate: 6.81997e-07 | Batch Size: 64 |      
                             Elements per Batch: 85,196 | Elements per Second:  
                             6,156 | Number of Examples: 64 | Number of         
                             Elements: 85,196 | Number of Target Elements:      
                             31,309 | Padding: 0 | Padding Ratio (%): 0% | Total
                             Number of Examples: 14,912 | Total Number of       
                             Elements: 19,813,712 | Total Number of Target      
                             Elements: 6,924,403 | Peak Active Device Memory:   
                             65.85 GiB | Peak Active Device Memory (%): 84% |   
                             Peak Reserved Device Memory: 74.13 GiB | Peak      
                             Reserved Device Memory (%): 94%                    
[08/20/25 01:39:29] INFO     fairseq2 - Train Metrics (step 234) - DPO Loss:    
                             0.000450336 | Chosen Sequence Log Probabilities:   
                             -458.803 | Rejected Sequence Log Probabilities:    
                             -626.117 | Chosen Sequence Length: 459.656 |       
                             Rejected Sequence Length: 334.156 | NLL Loss:      
                             0.998078 | Gradient Norm: 0.206601 | Data Epoch: 5 
                             | Data Time: <1s | Compute Time: 13s | Lapse Time: 
                             13s | Total Time: 3,574s | Wall Time: 3,574s |     
                             Learning Rate: 6.8182e-07 | Batch Size: 64 |       
                             Elements per Batch: 79,102 | Elements per Second:  
                             5,823 | Number of Examples: 64 | Number of         
                             Elements: 79,102 | Number of Target Elements:      
                             29,418 | Padding: 0 | Padding Ratio (%): 0% | Total
                             Number of Examples: 14,976 | Total Number of       
                             Elements: 19,892,814 | Total Number of Target      
                             Elements: 6,953,821 | Peak Active Device Memory:   
                             61.37 GiB | Peak Active Device Memory (%): 78% |   
                             Peak Reserved Device Memory: 72.81 GiB | Peak      
                             Reserved Device Memory (%): 92%                    
[08/20/25 01:39:42] INFO     fairseq2 - Train Metrics (step 235) - DPO Loss:    
                             8.70294e-05 | Chosen Sequence Log Probabilities:   
                             -437.938 | Rejected Sequence Log Probabilities:    
                             -634.117 | Chosen Sequence Length: 474.578 |       
                             Rejected Sequence Length: 360.969 | NLL Loss:      
                             0.922811 | Gradient Norm: 0.0441194 | Data Epoch: 5
                             | Data Time: <1s | Compute Time: 12s | Lapse Time: 
                             12s | Total Time: 3,587s | Wall Time: 3,587s |     
                             Learning Rate: 6.81642e-07 | Batch Size: 64 |      
                             Elements per Batch: 86,213 | Elements per Second:  
                             6,673 | Number of Examples: 64 | Number of         
                             Elements: 86,213 | Number of Target Elements:      
                             30,373 | Padding: 0 | Padding Ratio (%): 0% | Total
                             Number of Examples: 15,040 | Total Number of       
                             Elements: 19,979,027 | Total Number of Target      
                             Elements: 6,984,194 | Peak Active Device Memory:   
                             59.86 GiB | Peak Active Device Memory (%): 76% |   
                             Peak Reserved Device Memory: 72.86 GiB | Peak      
                             Reserved Device Memory (%): 93%                    
[08/20/25 01:39:55] INFO     fairseq2 - Train Metrics (step 236) - DPO Loss:    
                             0.000314748 | Chosen Sequence Log Probabilities:   
                             -435.895 | Rejected Sequence Log Probabilities:    
                             -601.961 | Chosen Sequence Length: 396.594 |       
                             Rejected Sequence Length: 341.406 | NLL Loss:      
                             1.09908 | Gradient Norm: 0.142734 | Data Epoch: 5 |
                             Data Time: <1s | Compute Time: 12s | Lapse Time:   
                             12s | Total Time: 3,599s | Wall Time: 3,599s |     
                             Learning Rate: 6.81463e-07 | Batch Size: 64 |      
                             Elements per Batch: 72,641 | Elements per Second:  
                             5,891 | Number of Examples: 64 | Number of         
                             Elements: 72,641 | Number of Target Elements:      
                             25,382 | Padding: 0 | Padding Ratio (%): 0% | Total
                             Number of Examples: 15,104 | Total Number of       
                             Elements: 20,051,668 | Total Number of Target      
                             Elements: 7,009,576 | Peak Active Device Memory:   
                             61.89 GiB | Peak Active Device Memory (%): 79% |   
                             Peak Reserved Device Memory: 74.55 GiB | Peak      
                             Reserved Device Memory (%): 95%                    
[08/20/25 01:40:13] INFO     fairseq2 - Train Metrics (step 237) - DPO Loss:    
                             0.000295855 | Chosen Sequence Log Probabilities:   
                             -458.309 | Rejected Sequence Log Probabilities:    
                             -671.578 | Chosen Sequence Length: 480.125 |       
                             Rejected Sequence Length: 429.625 | NLL Loss:      
                             0.954263 | Gradient Norm: 0.254304 | Data Epoch: 5 
                             | Data Time: <1s | Compute Time: 18s | Lapse Time: 
                             18s | Total Time: 3,618s | Wall Time: 3,618s |     
                             Learning Rate: 6.81283e-07 | Batch Size: 64 |      
                             Elements per Batch: 89,813 | Elements per Second:  
                             4,888 | Number of Examples: 64 | Number of         
                             Elements: 89,813 | Number of Target Elements:      
                             30,728 | Padding: 0 | Padding Ratio (%): 0% | Total
                             Number of Examples: 15,168 | Total Number of       
                             Elements: 20,141,481 | Total Number of Target      
                             Elements: 7,040,304 | Peak Active Device Memory:   
                             59.90 GiB | Peak Active Device Memory (%): 76% |   
                             Peak Reserved Device Memory: 74.55 GiB | Peak      
                             Reserved Device Memory (%): 95%                    
[08/20/25 01:40:33] INFO     fairseq2 - Train Metrics (step 238) - DPO Loss:    
                             5.40422e-05 | Chosen Sequence Log Probabilities:   
                             -474.961 | Rejected Sequence Log Probabilities:    
                             -703.344 | Chosen Sequence Length: 501.875 |       
                             Rejected Sequence Length: 413.219 | NLL Loss:      
                             0.946199 | Gradient Norm: 0.0369466 | Data Epoch: 5
                             | Data Time: <1s | Compute Time: 19s | Lapse Time: 
                             19s | Total Time: 3,638s | Wall Time: 3,638s |     
                             Learning Rate: 6.81103e-07 | Batch Size: 64 |      
                             Elements per Batch: 91,348 | Elements per Second:  
                             4,650 | Number of Examples: 64 | Number of         
                             Elements: 91,348 | Number of Target Elements:      
                             32,120 | Padding: 0 | Padding Ratio (%): 0% | Total
                             Number of Examples: 15,232 | Total Number of       
                             Elements: 20,232,829 | Total Number of Target      
                             Elements: 7,072,424 | Peak Active Device Memory:   
                             65.38 GiB | Peak Active Device Memory (%): 83% |   
                             Peak Reserved Device Memory: 74.74 GiB | Peak      
                             Reserved Device Memory (%): 95%                    
[08/20/25 01:40:50] INFO     fairseq2 - Train Metrics (step 239) - DPO Loss:    
                             9.22569e-05 | Chosen Sequence Log Probabilities:   
                             -421.054 | Rejected Sequence Log Probabilities:    
                             -608.891 | Chosen Sequence Length: 430.875 |       
                             Rejected Sequence Length: 336.672 | NLL Loss:      
                             0.976775 | Gradient Norm: 0.0917965 | Data Epoch: 5
                             | Data Time: <1s | Compute Time: 17s | Lapse Time: 
                             17s | Total Time: 3,655s | Wall Time: 3,655s |     
                             Learning Rate: 6.80921e-07 | Batch Size: 64 |      
                             Elements per Batch: 80,615 | Elements per Second:  
                             4,717 | Number of Examples: 64 | Number of         
                             Elements: 80,615 | Number of Target Elements:      
                             27,576 | Padding: 0 | Padding Ratio (%): 0% | Total
                             Number of Examples: 15,296 | Total Number of       
                             Elements: 20,313,444 | Total Number of Target      
                             Elements: 7,100,000 | Peak Active Device Memory:   
                             62.22 GiB | Peak Active Device Memory (%): 79% |   
                             Peak Reserved Device Memory: 74.72 GiB | Peak      
                             Reserved Device Memory (%): 95%                    
[08/20/25 01:41:03] INFO     fairseq2 - Train Metrics (step 240) - DPO Loss:    
                             0.000183444 | Chosen Sequence Log Probabilities:   
                             -442.195 | Rejected Sequence Log Probabilities:    
                             -655.742 | Chosen Sequence Length: 436.047 |       
                             Rejected Sequence Length: 339.938 | NLL Loss:      
                             1.01411 | Gradient Norm: 0.0845376 | Data Epoch: 5 
                             | Data Time: <1s | Compute Time: 12s | Lapse Time: 
                             12s | Total Time: 3,668s | Wall Time: 3,668s |     
                             Learning Rate: 6.80739e-07 | Batch Size: 64 |      
                             Elements per Batch: 73,154 | Elements per Second:  
                             5,670 | Number of Examples: 64 | Number of         
                             Elements: 73,154 | Number of Target Elements:      
                             27,907 | Padding: 0 | Padding Ratio (%): 0% | Total
                             Number of Examples: 15,360 | Total Number of       
                             Elements: 20,386,598 | Total Number of Target      
                             Elements: 7,127,907 | Peak Active Device Memory:   
                             63.28 GiB | Peak Active Device Memory (%): 80% |   
                             Peak Reserved Device Memory: 74.47 GiB | Peak      
                             Reserved Device Memory (%): 95%                    
[08/20/25 01:41:18] INFO     fairseq2 - Train Metrics (step 241) - DPO Loss:    
                             0.000124413 | Chosen Sequence Log Probabilities:   
                             -398.355 | Rejected Sequence Log Probabilities:    
                             -626.984 | Chosen Sequence Length: 421.984 |       
                             Rejected Sequence Length: 347.453 | NLL Loss:      
                             0.944211 | Gradient Norm: 0.254646 | Data Epoch: 5 
                             | Data Time: <1s | Compute Time: 14s | Lapse Time: 
                             14s | Total Time: 3,683s | Wall Time: 3,683s |     
                             Learning Rate: 6.80556e-07 | Batch Size: 64 |      
                             Elements per Batch: 84,454 | Elements per Second:  
                             5,649 | Number of Examples: 64 | Number of         
                             Elements: 84,454 | Number of Target Elements:      
                             27,007 | Padding: 0 | Padding Ratio (%): 0% | Total
                             Number of Examples: 15,424 | Total Number of       
                             Elements: 20,471,052 | Total Number of Target      
                             Elements: 7,154,914 | Peak Active Device Memory:   
                             60.38 GiB | Peak Active Device Memory (%): 77% |   
                             Peak Reserved Device Memory: 74.12 GiB | Peak      
                             Reserved Device Memory (%): 94%                    
[08/20/25 01:41:33] INFO     fairseq2 - Train Metrics (step 242) - DPO Loss:    
                             7.42403e-05 | Chosen Sequence Log Probabilities:   
                             -430.969 | Rejected Sequence Log Probabilities:    
                             -648.047 | Chosen Sequence Length: 458.188 |       
                             Rejected Sequence Length: 389.547 | NLL Loss:      
                             0.940294 | Gradient Norm: 0.0393365 | Data Epoch: 5
                             | Data Time: <1s | Compute Time: 14s | Lapse Time: 
                             14s | Total Time: 3,697s | Wall Time: 3,697s |     
                             Learning Rate: 6.80372e-07 | Batch Size: 64 |      
                             Elements per Batch: 84,317 | Elements per Second:  
                             5,783 | Number of Examples: 64 | Number of         
                             Elements: 84,317 | Number of Target Elements:      
                             29,324 | Padding: 0 | Padding Ratio (%): 0% | Total
                             Number of Examples: 15,488 | Total Number of       
                             Elements: 20,555,369 | Total Number of Target      
                             Elements: 7,184,238 | Peak Active Device Memory:   
                             65.41 GiB | Peak Active Device Memory (%): 83% |   
                             Peak Reserved Device Memory: 74.41 GiB | Peak      
                             Reserved Device Memory (%): 94%                    
[08/20/25 01:41:47] INFO     fairseq2 - Train Metrics (step 243) - DPO Loss:    
                             0.000143083 | Chosen Sequence Log Probabilities:   
                             -494.675 | Rejected Sequence Log Probabilities:    
                             -658.578 | Chosen Sequence Length: 518.906 |       
                             Rejected Sequence Length: 379.953 | NLL Loss:      
                             0.953497 | Gradient Norm: 0.121822 | Data Epoch: 5 
                             | Data Time: <1s | Compute Time: 14s | Lapse Time: 
                             14s | Total Time: 3,712s | Wall Time: 3,712s |     
                             Learning Rate: 6.80188e-07 | Batch Size: 64 |      
                             Elements per Batch: 103,008 | Elements per Second: 
                             7,026 | Number of Examples: 64 | Number of         
                             Elements: 103,008 | Number of Target Elements:     
                             33,210 | Padding: 0 | Padding Ratio (%): 0% | Total
                             Number of Examples: 15,552 | Total Number of       
                             Elements: 20,658,377 | Total Number of Target      
                             Elements: 7,217,448 | Peak Active Device Memory:   
                             66.65 GiB | Peak Active Device Memory (%): 85% |   
                             Peak Reserved Device Memory: 74.59 GiB | Peak      
                             Reserved Device Memory (%): 95%                    
[08/20/25 01:42:00] INFO     fairseq2 - Train Metrics (step 244) - DPO Loss:    
                             0.000521552 | Chosen Sequence Log Probabilities:   
                             -516.965 | Rejected Sequence Log Probabilities:    
                             -673.023 | Chosen Sequence Length: 455.656 |       
                             Rejected Sequence Length: 319.109 | NLL Loss:      
                             1.13471 | Gradient Norm: 1.09221 | Data Epoch: 5 | 
                             Data Time: <1s | Compute Time: 12s | Lapse Time:   
                             12s | Total Time: 3,725s | Wall Time: 3,725s |     
                             Learning Rate: 6.80002e-07 | Batch Size: 64 |      
                             Elements per Batch: 81,507 | Elements per Second:  
                             6,487 | Number of Examples: 64 | Number of         
                             Elements: 81,507 | Number of Target Elements:      
                             29,162 | Padding: 0 | Padding Ratio (%): 0% | Total
                             Number of Examples: 15,616 | Total Number of       
                             Elements: 20,739,884 | Total Number of Target      
                             Elements: 7,246,610 | Peak Active Device Memory:   
                             61.16 GiB | Peak Active Device Memory (%): 78% |   
                             Peak Reserved Device Memory: 71.14 GiB | Peak      
                             Reserved Device Memory (%): 90%                    
[08/20/25 01:42:14] INFO     fairseq2 - Train Metrics (step 245) - DPO Loss:    
                             8.6756e-05 | Chosen Sequence Log Probabilities:    
                             -423.348 | Rejected Sequence Log Probabilities:    
                             -634.773 | Chosen Sequence Length: 366.5 | Rejected
                             Sequence Length: 316.859 | NLL Loss: 1.15493 |     
                             Gradient Norm: 0.123647 | Data Epoch: 5 | Data     
                             Time: <1s | Compute Time: 13s | Lapse Time: 13s |  
                             Total Time: 3,738s | Wall Time: 3,738s | Learning  
                             Rate: 6.79816e-07 | Batch Size: 64 | Elements per  
                             Batch: 77,449 | Elements per Second: 5,670 | Number
                             of Examples: 64 | Number of Elements: 77,449 |     
                             Number of Target Elements: 23,456 | Padding: 0 |   
                             Padding Ratio (%): 0% | Total Number of Examples:  
                             15,680 | Total Number of Elements: 20,817,333 |    
                             Total Number of Target Elements: 7,270,066 | Peak  
                             Active Device Memory: 65.41 GiB | Peak Active      
                             Device Memory (%): 83% | Peak Reserved Device      
                             Memory: 74.24 GiB | Peak Reserved Device Memory    
                             (%): 94%                                           
[08/20/25 01:42:30] INFO     fairseq2 - Train Metrics (step 246) - DPO Loss:    
                             7.4925e-05 | Chosen Sequence Log Probabilities:    
                             -500.941 | Rejected Sequence Log Probabilities:    
                             -661.297 | Chosen Sequence Length: 478.469 |       
                             Rejected Sequence Length: 376.781 | NLL Loss:      
                             1.04644 | Gradient Norm: 0.0429248 | Data Epoch: 5 
                             | Data Time: <1s | Compute Time: 16s | Lapse Time: 
                             16s | Total Time: 3,755s | Wall Time: 3,755s |     
                             Learning Rate: 6.79628e-07 | Batch Size: 64 |      
                             Elements per Batch: 94,215 | Elements per Second:  
                             5,738 | Number of Examples: 64 | Number of         
                             Elements: 94,215 | Number of Target Elements:      
                             30,622 | Padding: 0 | Padding Ratio (%): 0% | Total
                             Number of Examples: 15,744 | Total Number of       
                             Elements: 20,911,548 | Total Number of Target      
                             Elements: 7,300,688 | Peak Active Device Memory:   
                             61.10 GiB | Peak Active Device Memory (%): 78% |   
                             Peak Reserved Device Memory: 73.29 GiB | Peak      
                             Reserved Device Memory (%): 93%                    
[08/20/25 01:42:48] INFO     fairseq2 - Train Metrics (step 247) - DPO Loss:    
                             0.00166269 | Chosen Sequence Log Probabilities:    
                             -441.664 | Rejected Sequence Log Probabilities:    
                             -691.852 | Chosen Sequence Length: 446.031 |       
                             Rejected Sequence Length: 394.094 | NLL Loss:      
                             0.990471 | Gradient Norm: 5.01709 | Data Epoch: 5 |
                             Data Time: <1s | Compute Time: 17s | Lapse Time:   
                             17s | Total Time: 3,773s | Wall Time: 3,773s |     
                             Learning Rate: 6.7944e-07 | Batch Size: 64 |       
                             Elements per Batch: 92,718 | Elements per Second:  
                             5,199 | Number of Examples: 64 | Number of         
                             Elements: 92,718 | Number of Target Elements:      
                             28,546 | Padding: 0 | Padding Ratio (%): 0% | Total
                             Number of Examples: 15,808 | Total Number of       
                             Elements: 21,004,266 | Total Number of Target      
                             Elements: 7,329,234 | Peak Active Device Memory:   
                             65.49 GiB | Peak Active Device Memory (%): 83% |   
                             Peak Reserved Device Memory: 74.80 GiB | Peak      
                             Reserved Device Memory (%): 95%                    
[08/20/25 01:43:04] INFO     fairseq2 - Train Metrics (step 248) - DPO Loss:    
                             0.000833209 | Chosen Sequence Log Probabilities:   
                             -419.191 | Rejected Sequence Log Probabilities:    
                             -638.156 | Chosen Sequence Length: 396.312 |       
                             Rejected Sequence Length: 358.953 | NLL Loss:      
                             1.05862 | Gradient Norm: 0.590621 | Data Epoch: 5 |
                             Data Time: <1s | Compute Time: 15s | Lapse Time:   
                             15s | Total Time: 3,789s | Wall Time: 3,789s |     
                             Learning Rate: 6.79252e-07 | Batch Size: 64 |      
                             Elements per Batch: 85,078 | Elements per Second:  
                             5,458 | Number of Examples: 64 | Number of         
                             Elements: 85,078 | Number of Target Elements:      
                             25,364 | Padding: 0 | Padding Ratio (%): 0% | Total
                             Number of Examples: 15,872 | Total Number of       
                             Elements: 21,089,344 | Total Number of Target      
                             Elements: 7,354,598 | Peak Active Device Memory:   
                             66.32 GiB | Peak Active Device Memory (%): 84% |   
                             Peak Reserved Device Memory: 74.51 GiB | Peak      
                             Reserved Device Memory (%): 95%                    
[08/20/25 01:43:17] INFO     fairseq2 - Train Metrics (step 249) - DPO Loss:    
                             0.000500216 | Chosen Sequence Log Probabilities:   
                             -456.293 | Rejected Sequence Log Probabilities:    
                             -637.617 | Chosen Sequence Length: 484.234 |       
                             Rejected Sequence Length: 346.531 | NLL Loss:      
                             0.942019 | Gradient Norm: 0.387344 | Data Epoch: 5 
                             | Data Time: <1s | Compute Time: 13s | Lapse Time: 
                             13s | Total Time: 3,802s | Wall Time: 3,802s |     
                             Learning Rate: 6.79062e-07 | Batch Size: 64 |      
                             Elements per Batch: 100,336 | Elements per Second: 
                             7,441 | Number of Examples: 64 | Number of         
                             Elements: 100,336 | Number of Target Elements:     
                             30,991 | Padding: 0 | Padding Ratio (%): 0% | Total
                             Number of Examples: 15,936 | Total Number of       
                             Elements: 21,189,680 | Total Number of Target      
                             Elements: 7,385,589 | Peak Active Device Memory:   
                             63.87 GiB | Peak Active Device Memory (%): 81% |   
                             Peak Reserved Device Memory: 74.35 GiB | Peak      
                             Reserved Device Memory (%): 94%                    
[08/20/25 01:43:36] INFO     fairseq2 - Train Metrics (step 250) - DPO Loss:    
                             7.58438e-05 | Chosen Sequence Log Probabilities:   
                             -443.602 | Rejected Sequence Log Probabilities:    
                             -633.203 | Chosen Sequence Length: 433.953 |       
                             Rejected Sequence Length: 342.547 | NLL Loss:      
                             1.02275 | Gradient Norm: 0.0414558 | Data Epoch: 5 
                             | Data Time: <1s | Compute Time: 18s | Lapse Time: 
                             18s | Total Time: 3,820s | Wall Time: 3,820s |     
                             Learning Rate: 6.78871e-07 | Batch Size: 64 |      
                             Elements per Batch: 85,232 | Elements per Second:  
                             4,723 | Number of Examples: 64 | Number of         
                             Elements: 85,232 | Number of Target Elements:      
                             27,773 | Padding: 0 | Padding Ratio (%): 0% | Total
                             Number of Examples: 16,000 | Total Number of       
                             Elements: 21,274,912 | Total Number of Target      
                             Elements: 7,413,362 | Peak Active Device Memory:   
                             64.82 GiB | Peak Active Device Memory (%): 82% |   
                             Peak Reserved Device Memory: 74.62 GiB | Peak      
                             Reserved Device Memory (%): 95%                    
[08/20/25 01:43:49] INFO     fairseq2 - Train Metrics (step 251) - DPO Loss:    
                             0.000497867 | Chosen Sequence Log Probabilities:   
                             -447.914 | Rejected Sequence Log Probabilities:    
                             -613.375 | Chosen Sequence Length: 418.984 |       
                             Rejected Sequence Length: 310.688 | NLL Loss:      
                             1.06941 | Gradient Norm: 0.894689 | Data Epoch: 5 |
                             Data Time: <1s | Compute Time: 13s | Lapse Time:   
                             13s | Total Time: 3,833s | Wall Time: 3,833s |     
                             Learning Rate: 6.7868e-07 | Batch Size: 64 |       
                             Elements per Batch: 79,813 | Elements per Second:  
                             6,100 | Number of Examples: 64 | Number of         
                             Elements: 79,813 | Number of Target Elements:      
                             26,815 | Padding: 0 | Padding Ratio (%): 0% | Total
                             Number of Examples: 16,064 | Total Number of       
                             Elements: 21,354,725 | Total Number of Target      
                             Elements: 7,440,177 | Peak Active Device Memory:   
                             61.87 GiB | Peak Active Device Memory (%): 79% |   
                             Peak Reserved Device Memory: 74.35 GiB | Peak      
                             Reserved Device Memory (%): 94%                    
[08/20/25 01:44:04] INFO     fairseq2 - Train Metrics (step 252) - DPO Loss:    
                             9.32785e-05 | Chosen Sequence Log Probabilities:   
                             -466.965 | Rejected Sequence Log Probabilities:    
                             -624.852 | Chosen Sequence Length: 545 | Rejected  
                             Sequence Length: 465.703 | NLL Loss: 0.857017 |    
                             Gradient Norm: 0.0385391 | Data Epoch: 5 | Data    
                             Time: <1s | Compute Time: 15s | Lapse Time: 15s |  
                             Total Time: 3,849s | Wall Time: 3,849s | Learning  
                             Rate: 6.78488e-07 | Batch Size: 64 | Elements per  
                             Batch: 85,896 | Elements per Second: 5,509 | Number
                             of Examples: 64 | Number of Elements: 85,896 |     
                             Number of Target Elements: 34,880 | Padding: 0 |   
                             Padding Ratio (%): 0% | Total Number of Examples:  
                             16,128 | Total Number of Elements: 21,440,621 |    
                             Total Number of Target Elements: 7,475,057 | Peak  
                             Active Device Memory: 61.80 GiB | Peak Active      
                             Device Memory (%): 79% | Peak Reserved Device      
                             Memory: 72.78 GiB | Peak Reserved Device Memory    
                             (%): 92%                                           
[08/20/25 01:44:19] INFO     fairseq2 - Train Metrics (step 253) - DPO Loss:    
                             0.000230613 | Chosen Sequence Log Probabilities:   
                             -448.648 | Rejected Sequence Log Probabilities:    
                             -614.859 | Chosen Sequence Length: 501.922 |       
                             Rejected Sequence Length: 387.266 | NLL Loss:      
                             0.893983 | Gradient Norm: 0.0644233 | Data Epoch: 5
                             | Data Time: <1s | Compute Time: 14s | Lapse Time: 
                             14s | Total Time: 3,864s | Wall Time: 3,864s |     
                             Learning Rate: 6.78294e-07 | Batch Size: 64 |      
                             Elements per Batch: 85,245 | Elements per Second:  
                             5,757 | Number of Examples: 64 | Number of         
                             Elements: 85,245 | Number of Target Elements:      
                             32,123 | Padding: 0 | Padding Ratio (%): 0% | Total
                             Number of Examples: 16,192 | Total Number of       
                             Elements: 21,525,866 | Total Number of Target      
                             Elements: 7,507,180 | Peak Active Device Memory:   
                             65.38 GiB | Peak Active Device Memory (%): 83% |   
                             Peak Reserved Device Memory: 74.78 GiB | Peak      
                             Reserved Device Memory (%): 95%                    
[08/20/25 01:44:32] INFO     fairseq2 - Train Metrics (step 254) - DPO Loss:    
                             0.000143648 | Chosen Sequence Log Probabilities:   
                             -442.787 | Rejected Sequence Log Probabilities:    
                             -600.328 | Chosen Sequence Length: 431.781 |       
                             Rejected Sequence Length: 349.031 | NLL Loss:      
                             1.0258 | Gradient Norm: 0.0657594 | Data Epoch: 5 |
                             Data Time: <1s | Compute Time: 12s | Lapse Time:   
                             12s | Total Time: 3,877s | Wall Time: 3,877s |     
                             Learning Rate: 6.78101e-07 | Batch Size: 64 |      
                             Elements per Batch: 79,480 | Elements per Second:  
                             6,379 | Number of Examples: 64 | Number of         
                             Elements: 79,480 | Number of Target Elements:      
                             27,634 | Padding: 0 | Padding Ratio (%): 0% | Total
                             Number of Examples: 16,256 | Total Number of       
                             Elements: 21,605,346 | Total Number of Target      
                             Elements: 7,534,814 | Peak Active Device Memory:   
                             59.92 GiB | Peak Active Device Memory (%): 76% |   
                             Peak Reserved Device Memory: 73.34 GiB | Peak      
                             Reserved Device Memory (%): 93%                    
[08/20/25 01:44:49] INFO     fairseq2 - Train Metrics (step 255) - DPO Loss:    
                             0.000182425 | Chosen Sequence Log Probabilities:   
                             -420.356 | Rejected Sequence Log Probabilities:    
                             -575.906 | Chosen Sequence Length: 416.359 |       
                             Rejected Sequence Length: 341.484 | NLL Loss:      
                             1.00934 | Gradient Norm: 0.0708985 | Data Epoch: 5 
                             | Data Time: <1s | Compute Time: 16s | Lapse Time: 
                             16s | Total Time: 3,893s | Wall Time: 3,893s |     
                             Learning Rate: 6.77906e-07 | Batch Size: 64 |      
                             Elements per Batch: 92,122 | Elements per Second:  
                             5,513 | Number of Examples: 64 | Number of         
                             Elements: 92,122 | Number of Target Elements:      
                             26,647 | Padding: 0 | Padding Ratio (%): 0% | Total
                             Number of Examples: 16,320 | Total Number of       
                             Elements: 21,697,468 | Total Number of Target      
                             Elements: 7,561,461 | Peak Active Device Memory:   
                             61.82 GiB | Peak Active Device Memory (%): 79% |   
                             Peak Reserved Device Memory: 73.34 GiB | Peak      
                             Reserved Device Memory (%): 93%                    
                    INFO     fairseq2 - End of epoch 5 reached after step 255.  
[08/20/25 01:45:05] INFO     fairseq2 - Train Metrics (step 256) - DPO Loss:    
                             0.000150221 | Chosen Sequence Log Probabilities:   
                             -351.746 | Rejected Sequence Log Probabilities:    
                             -551.938 | Chosen Sequence Length: 412.906 |       
                             Rejected Sequence Length: 333.5 | NLL Loss:        
                             0.851611 | Gradient Norm: 0.0505856 | Data Epoch: 6
                             | Data Time: 1s | Compute Time: 15s | Lapse Time:  
                             16s | Total Time: 3,910s | Wall Time: 3,910s |     
                             Learning Rate: 6.7771e-07 | Batch Size: 64 |       
                             Elements per Batch: 84,053 | Elements per Second:  
                             4,996 | Number of Examples: 64 | Number of         
                             Elements: 84,053 | Number of Target Elements:      
                             26,426 | Padding: 0 | Padding Ratio (%): 0% | Total
                             Number of Examples: 16,384 | Total Number of       
                             Elements: 21,781,521 | Total Number of Target      
                             Elements: 7,587,887 | Peak Active Device Memory:   
                             60.13 GiB | Peak Active Device Memory (%): 76% |   
                             Peak Reserved Device Memory: 73.34 GiB | Peak      
                             Reserved Device Memory (%): 93%                    
[08/20/25 01:45:18] INFO     fairseq2 - Train Metrics (step 257) - DPO Loss:    
                             0.000171975 | Chosen Sequence Log Probabilities:   
                             -453.668 | Rejected Sequence Log Probabilities:    
                             -599.508 | Chosen Sequence Length: 471.438 |       
                             Rejected Sequence Length: 374.312 | NLL Loss:      
                             0.962431 | Gradient Norm: 0.0834104 | Data Epoch: 6
                             | Data Time: <1s | Compute Time: 12s | Lapse Time: 
                             12s | Total Time: 3,922s | Wall Time: 3,922s |     
                             Learning Rate: 6.77514e-07 | Batch Size: 64 |      
                             Elements per Batch: 75,280 | Elements per Second:  
                             6,189 | Number of Examples: 64 | Number of         
                             Elements: 75,280 | Number of Target Elements:      
                             30,172 | Padding: 0 | Padding Ratio (%): 0% | Total
                             Number of Examples: 16,448 | Total Number of       
                             Elements: 21,856,801 | Total Number of Target      
                             Elements: 7,618,059 | Peak Active Device Memory:   
                             62.62 GiB | Peak Active Device Memory (%): 80% |   
                             Peak Reserved Device Memory: 74.63 GiB | Peak      
                             Reserved Device Memory (%): 95%                    
[08/20/25 01:45:31] INFO     fairseq2 - Train Metrics (step 258) - DPO Loss:    
                             0.00016153 | Chosen Sequence Log Probabilities:    
                             -368.348 | Rejected Sequence Log Probabilities:    
                             -539.359 | Chosen Sequence Length: 361.328 |       
                             Rejected Sequence Length: 308.156 | NLL Loss:      
                             1.01982 | Gradient Norm: 0.0870979 | Data Epoch: 6 
                             | Data Time: <1s | Compute Time: 12s | Lapse Time: 
                             12s | Total Time: 3,935s | Wall Time: 3,935s |     
                             Learning Rate: 6.77317e-07 | Batch Size: 64 |      
                             Elements per Batch: 79,892 | Elements per Second:  
                             6,199 | Number of Examples: 64 | Number of         
                             Elements: 79,892 | Number of Target Elements:      
                             23,125 | Padding: 0 | Padding Ratio (%): 0% | Total
                             Number of Examples: 16,512 | Total Number of       
                             Elements: 21,936,693 | Total Number of Target      
                             Elements: 7,641,184 | Peak Active Device Memory:   
                             63.40 GiB | Peak Active Device Memory (%): 81% |   
                             Peak Reserved Device Memory: 74.63 GiB | Peak      
                             Reserved Device Memory (%): 95%                    
[08/20/25 01:45:48] INFO     fairseq2 - Train Metrics (step 259) - DPO Loss:    
                             7.67919e-05 | Chosen Sequence Log Probabilities:   
                             -454.262 | Rejected Sequence Log Probabilities:    
                             -609.055 | Chosen Sequence Length: 528.25 |        
                             Rejected Sequence Length: 401.219 | NLL Loss:      
                             0.859843 | Gradient Norm: 0.0336045 | Data Epoch: 6
                             | Data Time: <1s | Compute Time: 17s | Lapse Time: 
                             17s | Total Time: 3,953s | Wall Time: 3,953s |     
                             Learning Rate: 6.77118e-07 | Batch Size: 64 |      
                             Elements per Batch: 93,306 | Elements per Second:  
                             5,366 | Number of Examples: 64 | Number of         
                             Elements: 93,306 | Number of Target Elements:      
                             33,808 | Padding: 0 | Padding Ratio (%): 0% | Total
                             Number of Examples: 16,576 | Total Number of       
                             Elements: 22,029,999 | Total Number of Target      
                             Elements: 7,674,992 | Peak Active Device Memory:   
                             63.89 GiB | Peak Active Device Memory (%): 81% |   
                             Peak Reserved Device Memory: 74.32 GiB | Peak      
                             Reserved Device Memory (%): 94%                    
[08/20/25 01:46:06] INFO     fairseq2 - Train Metrics (step 260) - DPO Loss:    
                             0.000307701 | Chosen Sequence Log Probabilities:   
                             -387.385 | Rejected Sequence Log Probabilities:    
                             -569.406 | Chosen Sequence Length: 375 | Rejected  
                             Sequence Length: 322.859 | NLL Loss: 1.03323 |     
                             Gradient Norm: 0.124507 | Data Epoch: 6 | Data     
                             Time: <1s | Compute Time: 18s | Lapse Time: 18s |  
                             Total Time: 3,971s | Wall Time: 3,971s | Learning  
                             Rate: 6.7692e-07 | Batch Size: 64 | Elements per   
                             Batch: 86,903 | Elements per Second: 4,821 | Number
                             of Examples: 64 | Number of Elements: 86,903 |     
                             Number of Target Elements: 24,000 | Padding: 0 |   
                             Padding Ratio (%): 0% | Total Number of Examples:  
                             16,640 | Total Number of Elements: 22,116,902 |    
                             Total Number of Target Elements: 7,698,992 | Peak  
                             Active Device Memory: 64.82 GiB | Peak Active      
                             Device Memory (%): 82% | Peak Reserved Device      
                             Memory: 74.37 GiB | Peak Reserved Device Memory    
                             (%): 94%                                           
[08/20/25 01:46:21] INFO     fairseq2 - Train Metrics (step 261) - DPO Loss:    
                             0.000118707 | Chosen Sequence Log Probabilities:   
                             -401.903 | Rejected Sequence Log Probabilities:    
                             -596.289 | Chosen Sequence Length: 434.781 |       
                             Rejected Sequence Length: 366.484 | NLL Loss:      
                             0.924253 | Gradient Norm: 0.0471185 | Data Epoch: 6
                             | Data Time: <1s | Compute Time: 14s | Lapse Time: 
                             14s | Total Time: 3,986s | Wall Time: 3,986s |     
                             Learning Rate: 6.7672e-07 | Batch Size: 64 |       
                             Elements per Batch: 79,942 | Elements per Second:  
                             5,536 | Number of Examples: 64 | Number of         
                             Elements: 79,942 | Number of Target Elements:      
                             27,826 | Padding: 0 | Padding Ratio (%): 0% | Total
                             Number of Examples: 16,704 | Total Number of       
                             Elements: 22,196,844 | Total Number of Target      
                             Elements: 7,726,818 | Peak Active Device Memory:   
                             59.94 GiB | Peak Active Device Memory (%): 76% |   
                             Peak Reserved Device Memory: 73.26 GiB | Peak      
                             Reserved Device Memory (%): 93%                    
[08/20/25 01:46:35] INFO     fairseq2 - Train Metrics (step 262) - DPO Loss:    
                             0.000142613 | Chosen Sequence Log Probabilities:   
                             -379.012 | Rejected Sequence Log Probabilities:    
                             -521.211 | Chosen Sequence Length: 455.969 |       
                             Rejected Sequence Length: 330.578 | NLL Loss:      
                             0.831722 | Gradient Norm: 0.094105 | Data Epoch: 6 
                             | Data Time: <1s | Compute Time: 13s | Lapse Time: 
                             13s | Total Time: 4,000s | Wall Time: 4,000s |     
                             Learning Rate: 6.76519e-07 | Batch Size: 64 |      
                             Elements per Batch: 86,674 | Elements per Second:  
                             6,238 | Number of Examples: 64 | Number of         
                             Elements: 86,674 | Number of Target Elements:      
                             29,182 | Padding: 0 | Padding Ratio (%): 0% | Total
                             Number of Examples: 16,768 | Total Number of       
                             Elements: 22,283,518 | Total Number of Target      
                             Elements: 7,756,000 | Peak Active Device Memory:   
                             59.93 GiB | Peak Active Device Memory (%): 76% |   
                             Peak Reserved Device Memory: 73.26 GiB | Peak      
                             Reserved Device Memory (%): 93%                    
[08/20/25 01:46:48] INFO     fairseq2 - Train Metrics (step 263) - DPO Loss:    
                             0.000167861 | Chosen Sequence Log Probabilities:   
                             -447.963 | Rejected Sequence Log Probabilities:    
                             -630.031 | Chosen Sequence Length: 513.359 |       
                             Rejected Sequence Length: 387.281 | NLL Loss:      
                             0.873019 | Gradient Norm: 0.0831134 | Data Epoch: 6
                             | Data Time: <1s | Compute Time: 12s | Lapse Time: 
                             12s | Total Time: 4,013s | Wall Time: 4,013s |     
                             Learning Rate: 6.76318e-07 | Batch Size: 64 |      
                             Elements per Batch: 85,387 | Elements per Second:  
                             6,596 | Number of Examples: 64 | Number of         
                             Elements: 85,387 | Number of Target Elements:      
                             32,855 | Padding: 0 | Padding Ratio (%): 0% | Total
                             Number of Examples: 16,832 | Total Number of       
                             Elements: 22,368,905 | Total Number of Target      
                             Elements: 7,788,855 | Peak Active Device Memory:   
                             62.83 GiB | Peak Active Device Memory (%): 80% |   
                             Peak Reserved Device Memory: 74.57 GiB | Peak      
                             Reserved Device Memory (%): 95%                    
[08/20/25 01:47:04] INFO     fairseq2 - Train Metrics (step 264) - DPO Loss:    
                             0.000122224 | Chosen Sequence Log Probabilities:   
                             -453.848 | Rejected Sequence Log Probabilities:    
                             -609.852 | Chosen Sequence Length: 503.719 |       
                             Rejected Sequence Length: 391.641 | NLL Loss:      
                             0.900639 | Gradient Norm: 0.0586293 | Data Epoch: 6
                             | Data Time: <1s | Compute Time: 16s | Lapse Time: 
                             16s | Total Time: 4,029s | Wall Time: 4,029s |     
                             Learning Rate: 6.76116e-07 | Batch Size: 64 |      
                             Elements per Batch: 94,646 | Elements per Second:  
                             5,818 | Number of Examples: 64 | Number of         
                             Elements: 94,646 | Number of Target Elements:      
                             32,238 | Padding: 0 | Padding Ratio (%): 0% | Total
                             Number of Examples: 16,896 | Total Number of       
                             Elements: 22,463,551 | Total Number of Target      
                             Elements: 7,821,093 | Peak Active Device Memory:   
                             71.21 GiB | Peak Active Device Memory (%): 90% |   
                             Peak Reserved Device Memory: 74.57 GiB | Peak      
                             Reserved Device Memory (%): 95%                    
[08/20/25 01:47:19] INFO     fairseq2 - Train Metrics (step 265) - DPO Loss:    
                             0.000617945 | Chosen Sequence Log Probabilities:   
                             -385.938 | Rejected Sequence Log Probabilities:    
                             -595.758 | Chosen Sequence Length: 414.453 |       
                             Rejected Sequence Length: 369.406 | NLL Loss:      
                             0.931056 | Gradient Norm: 0.281399 | Data Epoch: 6 
                             | Data Time: <1s | Compute Time: 14s | Lapse Time: 
                             14s | Total Time: 4,044s | Wall Time: 4,044s |     
                             Learning Rate: 6.75913e-07 | Batch Size: 64 |      
                             Elements per Batch: 90,074 | Elements per Second:  
                             6,212 | Number of Examples: 64 | Number of         
                             Elements: 90,074 | Number of Target Elements:      
                             26,525 | Padding: 0 | Padding Ratio (%): 0% | Total
                             Number of Examples: 16,960 | Total Number of       
                             Elements: 22,553,625 | Total Number of Target      
                             Elements: 7,847,618 | Peak Active Device Memory:   
                             61.98 GiB | Peak Active Device Memory (%): 79% |   
                             Peak Reserved Device Memory: 74.60 GiB | Peak      
                             Reserved Device Memory (%): 95%                    
[08/20/25 01:47:31] INFO     fairseq2 - Train Metrics (step 266) - DPO Loss:    
                             0.000178359 | Chosen Sequence Log Probabilities:   
                             -352.477 | Rejected Sequence Log Probabilities:    
                             -512 | Chosen Sequence Length: 446.016 | Rejected  
                             Sequence Length: 339.953 | NLL Loss: 0.789799 |    
                             Gradient Norm: 0.0711824 | Data Epoch: 6 | Data    
                             Time: <1s | Compute Time: 12s | Lapse Time: 12s |  
                             Total Time: 4,056s | Wall Time: 4,056s | Learning  
                             Rate: 6.75709e-07 | Batch Size: 64 | Elements per  
                             Batch: 90,888 | Elements per Second: 7,517 | Number
                             of Examples: 64 | Number of Elements: 90,888 |     
                             Number of Target Elements: 28,545 | Padding: 0 |   
                             Padding Ratio (%): 0% | Total Number of Examples:  
                             17,024 | Total Number of Elements: 22,644,513 |    
                             Total Number of Target Elements: 7,876,163 | Peak  
                             Active Device Memory: 60.22 GiB | Peak Active      
                             Device Memory (%): 77% | Peak Reserved Device      
                             Memory: 73.76 GiB | Peak Reserved Device Memory    
                             (%): 94%                                           
[08/20/25 01:47:46] INFO     fairseq2 - Train Metrics (step 267) - DPO Loss:    
                             0.000114337 | Chosen Sequence Log Probabilities:   
                             -447.342 | Rejected Sequence Log Probabilities:    
                             -611.359 | Chosen Sequence Length: 526.391 |       
                             Rejected Sequence Length: 380.891 | NLL Loss:      
                             0.849647 | Gradient Norm: 0.0322287 | Data Epoch: 6
                             | Data Time: <1s | Compute Time: 14s | Lapse Time: 
                             14s | Total Time: 4,071s | Wall Time: 4,071s |     
                             Learning Rate: 6.75504e-07 | Batch Size: 64 |      
                             Elements per Batch: 94,253 | Elements per Second:  
                             6,375 | Number of Examples: 64 | Number of         
                             Elements: 94,253 | Number of Target Elements:      
                             33,689 | Padding: 0 | Padding Ratio (%): 0% | Total
                             Number of Examples: 17,088 | Total Number of       
                             Elements: 22,738,766 | Total Number of Target      
                             Elements: 7,909,852 | Peak Active Device Memory:   
                             65.41 GiB | Peak Active Device Memory (%): 83% |   
                             Peak Reserved Device Memory: 74.45 GiB | Peak      
                             Reserved Device Memory (%): 95%                    
[08/20/25 01:47:59] INFO     fairseq2 - Train Metrics (step 268) - DPO Loss:    
                             0.000104578 | Chosen Sequence Log Probabilities:   
                             -364.561 | Rejected Sequence Log Probabilities:    
                             -534.141 | Chosen Sequence Length: 504.797 |       
                             Rejected Sequence Length: 345.984 | NLL Loss:      
                             0.722359 | Gradient Norm: 0.0336514 | Data Epoch: 6
                             | Data Time: <1s | Compute Time: 13s | Lapse Time: 
                             13s | Total Time: 4,084s | Wall Time: 4,084s |     
                             Learning Rate: 6.75298e-07 | Batch Size: 64 |      
                             Elements per Batch: 87,571 | Elements per Second:  
                             6,449 | Number of Examples: 64 | Number of         
                             Elements: 87,571 | Number of Target Elements:      
                             32,307 | Padding: 0 | Padding Ratio (%): 0% | Total
                             Number of Examples: 17,152 | Total Number of       
                             Elements: 22,826,337 | Total Number of Target      
                             Elements: 7,942,159 | Peak Active Device Memory:   
                             61.44 GiB | Peak Active Device Memory (%): 78% |   
                             Peak Reserved Device Memory: 73.91 GiB | Peak      
                             Reserved Device Memory (%): 94%                    
[08/20/25 01:48:16] INFO     fairseq2 - Train Metrics (step 269) - DPO Loss:    
                             4.08921e-05 | Chosen Sequence Log Probabilities:   
                             -491.847 | Rejected Sequence Log Probabilities:    
                             -641.766 | Chosen Sequence Length: 469.094 |       
                             Rejected Sequence Length: 380.719 | NLL Loss:      
                             1.04899 | Gradient Norm: 0.0181698 | Data Epoch: 6 
                             | Data Time: <1s | Compute Time: 16s | Lapse Time: 
                             16s | Total Time: 4,101s | Wall Time: 4,101s |     
                             Learning Rate: 6.75092e-07 | Batch Size: 64 |      
                             Elements per Batch: 82,150 | Elements per Second:  
                             4,964 | Number of Examples: 64 | Number of         
                             Elements: 82,150 | Number of Target Elements:      
                             30,022 | Padding: 0 | Padding Ratio (%): 0% | Total
                             Number of Examples: 17,216 | Total Number of       
                             Elements: 22,908,487 | Total Number of Target      
                             Elements: 7,972,181 | Peak Active Device Memory:   
                             66.08 GiB | Peak Active Device Memory (%): 84% |   
                             Peak Reserved Device Memory: 74.24 GiB | Peak      
                             Reserved Device Memory (%): 94%                    
[08/20/25 01:48:35] INFO     fairseq2 - Train Metrics (step 270) - DPO Loss:    
                             6.5552e-05 | Chosen Sequence Log Probabilities:    
                             -435.57 | Rejected Sequence Log Probabilities:     
                             -664.195 | Chosen Sequence Length: 474.547 |       
                             Rejected Sequence Length: 432.016 | NLL Loss:      
                             0.917669 | Gradient Norm: 0.0600674 | Data Epoch: 6
                             | Data Time: <1s | Compute Time: 18s | Lapse Time: 
                             18s | Total Time: 4,119s | Wall Time: 4,119s |     
                             Learning Rate: 6.74885e-07 | Batch Size: 64 |      
                             Elements per Batch: 87,321 | Elements per Second:  
                             4,756 | Number of Examples: 64 | Number of         
                             Elements: 87,321 | Number of Target Elements:      
                             30,371 | Padding: 0 | Padding Ratio (%): 0% | Total
                             Number of Examples: 17,280 | Total Number of       
                             Elements: 22,995,808 | Total Number of Target      
                             Elements: 8,002,552 | Peak Active Device Memory:   
                             67.61 GiB | Peak Active Device Memory (%): 86% |   
                             Peak Reserved Device Memory: 74.61 GiB | Peak      
                             Reserved Device Memory (%): 95%                    
[08/20/25 01:48:51] INFO     fairseq2 - Train Metrics (step 271) - DPO Loss:    
                             6.88878e-05 | Chosen Sequence Log Probabilities:   
                             -434.57 | Rejected Sequence Log Probabilities:     
                             -627.586 | Chosen Sequence Length: 446.094 |       
                             Rejected Sequence Length: 366.328 | NLL Loss:      
                             0.974396 | Gradient Norm: 0.0457166 | Data Epoch: 6
                             | Data Time: <1s | Compute Time: 16s | Lapse Time: 
                             16s | Total Time: 4,136s | Wall Time: 4,136s |     
                             Learning Rate: 6.74677e-07 | Batch Size: 64 |      
                             Elements per Batch: 92,330 | Elements per Second:  
                             5,478 | Number of Examples: 64 | Number of         
                             Elements: 92,330 | Number of Target Elements:      
                             28,550 | Padding: 0 | Padding Ratio (%): 0% | Total
                             Number of Examples: 17,344 | Total Number of       
                             Elements: 23,088,138 | Total Number of Target      
                             Elements: 8,031,102 | Peak Active Device Memory:   
                             61.03 GiB | Peak Active Device Memory (%): 78% |   
                             Peak Reserved Device Memory: 74.45 GiB | Peak      
                             Reserved Device Memory (%): 95%                    
[08/20/25 01:49:06] INFO     fairseq2 - Train Metrics (step 272) - DPO Loss:    
                             5.81507e-05 | Chosen Sequence Log Probabilities:   
                             -406.571 | Rejected Sequence Log Probabilities:    
                             -582.133 | Chosen Sequence Length: 465.344 |       
                             Rejected Sequence Length: 344.969 | NLL Loss:      
                             0.87353 | Gradient Norm: 0.0264965 | Data Epoch: 6 
                             | Data Time: <1s | Compute Time: 14s | Lapse Time: 
                             14s | Total Time: 4,151s | Wall Time: 4,151s |     
                             Learning Rate: 6.74468e-07 | Batch Size: 64 |      
                             Elements per Batch: 83,508 | Elements per Second:  
                             5,618 | Number of Examples: 64 | Number of         
                             Elements: 83,508 | Number of Target Elements:      
                             29,782 | Padding: 0 | Padding Ratio (%): 0% | Total
                             Number of Examples: 17,408 | Total Number of       
                             Elements: 23,171,646 | Total Number of Target      
                             Elements: 8,060,884 | Peak Active Device Memory:   
                             61.96 GiB | Peak Active Device Memory (%): 79% |   
                             Peak Reserved Device Memory: 74.70 GiB | Peak      
                             Reserved Device Memory (%): 95%                    
[08/20/25 01:49:23] INFO     fairseq2 - Train Metrics (step 273) - DPO Loss:    
                             5.69056e-05 | Chosen Sequence Log Probabilities:   
                             -468.102 | Rejected Sequence Log Probabilities:    
                             -641.102 | Chosen Sequence Length: 518.016 |       
                             Rejected Sequence Length: 415.703 | NLL Loss:      
                             0.904112 | Gradient Norm: 0.0320944 | Data Epoch: 6
                             | Data Time: <1s | Compute Time: 16s | Lapse Time: 
                             16s | Total Time: 4,168s | Wall Time: 4,168s |     
                             Learning Rate: 6.74258e-07 | Batch Size: 64 |      
                             Elements per Batch: 94,444 | Elements per Second:  
                             5,732 | Number of Examples: 64 | Number of         
                             Elements: 94,444 | Number of Target Elements:      
                             33,153 | Padding: 0 | Padding Ratio (%): 0% | Total
                             Number of Examples: 17,472 | Total Number of       
                             Elements: 23,266,090 | Total Number of Target      
                             Elements: 8,094,037 | Peak Active Device Memory:   
                             65.53 GiB | Peak Active Device Memory (%): 83% |   
                             Peak Reserved Device Memory: 74.74 GiB | Peak      
                             Reserved Device Memory (%): 95%                    
[08/20/25 01:49:39] INFO     fairseq2 - Train Metrics (step 274) - DPO Loss:    
                             0.000143236 | Chosen Sequence Log Probabilities:   
                             -459.152 | Rejected Sequence Log Probabilities:    
                             -676.875 | Chosen Sequence Length: 393.188 |       
                             Rejected Sequence Length: 355.734 | NLL Loss:      
                             1.16788 | Gradient Norm: 0.0417903 | Data Epoch: 6 
                             | Data Time: <1s | Compute Time: 15s | Lapse Time: 
                             15s | Total Time: 4,184s | Wall Time: 4,184s |     
                             Learning Rate: 6.74048e-07 | Batch Size: 64 |      
                             Elements per Batch: 87,564 | Elements per Second:  
                             5,532 | Number of Examples: 64 | Number of         
                             Elements: 87,564 | Number of Target Elements:      
                             25,164 | Padding: 0 | Padding Ratio (%): 0% | Total
                             Number of Examples: 17,536 | Total Number of       
                             Elements: 23,353,654 | Total Number of Target      
                             Elements: 8,119,201 | Peak Active Device Memory:   
                             59.98 GiB | Peak Active Device Memory (%): 76% |   
                             Peak Reserved Device Memory: 71.02 GiB | Peak      
                             Reserved Device Memory (%): 90%                    
[08/20/25 01:49:55] INFO     fairseq2 - Train Metrics (step 275) - DPO Loss:    
                             5.4112e-05 | Chosen Sequence Log Probabilities:    
                             -497.088 | Rejected Sequence Log Probabilities:    
                             -728.695 | Chosen Sequence Length: 543.578 |       
                             Rejected Sequence Length: 451.062 | NLL Loss:      
                             0.914796 | Gradient Norm: 0.0369092 | Data Epoch: 6
                             | Data Time: <1s | Compute Time: 15s | Lapse Time: 
                             16s | Total Time: 4,200s | Wall Time: 4,200s |     
                             Learning Rate: 6.73836e-07 | Batch Size: 64 |      
                             Elements per Batch: 96,109 | Elements per Second:  
                             6,012 | Number of Examples: 64 | Number of         
                             Elements: 96,109 | Number of Target Elements:      
                             34,789 | Padding: 0 | Padding Ratio (%): 0% | Total
                             Number of Examples: 17,600 | Total Number of       
                             Elements: 23,449,763 | Total Number of Target      
                             Elements: 8,153,990 | Peak Active Device Memory:   
                             62.96 GiB | Peak Active Device Memory (%): 80% |   
                             Peak Reserved Device Memory: 74.13 GiB | Peak      
                             Reserved Device Memory (%): 94%                    
[08/20/25 01:50:09] INFO     fairseq2 - Train Metrics (step 276) - DPO Loss:    
                             8.80336e-05 | Chosen Sequence Log Probabilities:   
                             -411.086 | Rejected Sequence Log Probabilities:    
                             -639.211 | Chosen Sequence Length: 422.578 |       
                             Rejected Sequence Length: 323.812 | NLL Loss:      
                             0.97261 | Gradient Norm: 0.05002 | Data Epoch: 6 | 
                             Data Time: <1s | Compute Time: 13s | Lapse Time:   
                             13s | Total Time: 4,213s | Wall Time: 4,213s |     
                             Learning Rate: 6.73624e-07 | Batch Size: 64 |      
                             Elements per Batch: 84,089 | Elements per Second:  
                             6,171 | Number of Examples: 64 | Number of         
                             Elements: 84,089 | Number of Target Elements:      
                             27,045 | Padding: 0 | Padding Ratio (%): 0% | Total
                             Number of Examples: 17,664 | Total Number of       
                             Elements: 23,533,852 | Total Number of Target      
                             Elements: 8,181,035 | Peak Active Device Memory:   
                             60.60 GiB | Peak Active Device Memory (%): 77% |   
                             Peak Reserved Device Memory: 73.45 GiB | Peak      
                             Reserved Device Memory (%): 93%                    
[08/20/25 01:50:25] INFO     fairseq2 - Train Metrics (step 277) - DPO Loss:    
                             2.50519e-05 | Chosen Sequence Log Probabilities:   
                             -498.178 | Rejected Sequence Log Probabilities:    
                             -688.852 | Chosen Sequence Length: 517.25 |        
                             Rejected Sequence Length: 384.656 | NLL Loss:      
                             0.963079 | Gradient Norm: 0.0130941 | Data Epoch: 6
                             | Data Time: <1s | Compute Time: 16s | Lapse Time: 
                             16s | Total Time: 4,230s | Wall Time: 4,230s |     
                             Learning Rate: 6.73411e-07 | Batch Size: 64 |      
                             Elements per Batch: 98,481 | Elements per Second:  
                             6,004 | Number of Examples: 64 | Number of         
                             Elements: 98,481 | Number of Target Elements:      
                             33,104 | Padding: 0 | Padding Ratio (%): 0% | Total
                             Number of Examples: 17,728 | Total Number of       
                             Elements: 23,632,333 | Total Number of Target      
                             Elements: 8,214,139 | Peak Active Device Memory:   
                             65.74 GiB | Peak Active Device Memory (%): 84% |   
                             Peak Reserved Device Memory: 74.35 GiB | Peak      
                             Reserved Device Memory (%): 94%                    
[08/20/25 01:50:39] INFO     fairseq2 - Train Metrics (step 278) - DPO Loss:    
                             3.38692e-05 | Chosen Sequence Log Probabilities:   
                             -373.674 | Rejected Sequence Log Probabilities:    
                             -573.906 | Chosen Sequence Length: 439.734 |       
                             Rejected Sequence Length: 303.938 | NLL Loss:      
                             0.849666 | Gradient Norm: 0.0192202 | Data Epoch: 6
                             | Data Time: <1s | Compute Time: 13s | Lapse Time: 
                             13s | Total Time: 4,244s | Wall Time: 4,244s |     
                             Learning Rate: 6.73197e-07 | Batch Size: 64 |      
                             Elements per Batch: 74,207 | Elements per Second:  
                             5,310 | Number of Examples: 64 | Number of         
                             Elements: 74,207 | Number of Target Elements:      
                             28,143 | Padding: 0 | Padding Ratio (%): 0% | Total
                             Number of Examples: 17,792 | Total Number of       
                             Elements: 23,706,540 | Total Number of Target      
                             Elements: 8,242,282 | Peak Active Device Memory:   
                             62.75 GiB | Peak Active Device Memory (%): 80% |   
                             Peak Reserved Device Memory: 74.81 GiB | Peak      
                             Reserved Device Memory (%): 95%                    
[08/20/25 01:50:55] INFO     fairseq2 - Train Metrics (step 279) - DPO Loss:    
                             0.000123219 | Chosen Sequence Log Probabilities:   
                             -491.004 | Rejected Sequence Log Probabilities:    
                             -714.461 | Chosen Sequence Length: 465.812 |       
                             Rejected Sequence Length: 349.812 | NLL Loss:      
                             1.05425 | Gradient Norm: 0.0706205 | Data Epoch: 6 
                             | Data Time: <1s | Compute Time: 15s | Lapse Time: 
                             15s | Total Time: 4,260s | Wall Time: 4,260s |     
                             Learning Rate: 6.72983e-07 | Batch Size: 64 |      
                             Elements per Batch: 88,447 | Elements per Second:  
                             5,591 | Number of Examples: 64 | Number of         
                             Elements: 88,447 | Number of Target Elements:      
                             29,812 | Padding: 0 | Padding Ratio (%): 0% | Total
                             Number of Examples: 17,856 | Total Number of       
                             Elements: 23,794,987 | Total Number of Target      
                             Elements: 8,272,094 | Peak Active Device Memory:   
                             59.89 GiB | Peak Active Device Memory (%): 76% |   
                             Peak Reserved Device Memory: 72.79 GiB | Peak      
                             Reserved Device Memory (%): 92%                    
[08/20/25 01:51:07] INFO     fairseq2 - Train Metrics (step 280) - DPO Loss:    
                             3.33533e-05 | Chosen Sequence Log Probabilities:   
                             -483.324 | Rejected Sequence Log Probabilities:    
                             -727.641 | Chosen Sequence Length: 442.906 |       
                             Rejected Sequence Length: 364.266 | NLL Loss:      
                             1.09153 | Gradient Norm: 0.0158321 | Data Epoch: 6 
                             | Data Time: <1s | Compute Time: 11s | Lapse Time: 
                             11s | Total Time: 4,272s | Wall Time: 4,272s |     
                             Learning Rate: 6.72767e-07 | Batch Size: 64 |      
                             Elements per Batch: 73,857 | Elements per Second:  
                             6,356 | Number of Examples: 64 | Number of         
                             Elements: 73,857 | Number of Target Elements:      
                             28,346 | Padding: 0 | Padding Ratio (%): 0% | Total
                             Number of Examples: 17,920 | Total Number of       
                             Elements: 23,868,844 | Total Number of Target      
                             Elements: 8,300,440 | Peak Active Device Memory:   
                             60.04 GiB | Peak Active Device Memory (%): 76% |   
                             Peak Reserved Device Memory: 73.86 GiB | Peak      
                             Reserved Device Memory (%): 94%                    
[08/20/25 01:51:20] INFO     fairseq2 - Train Metrics (step 281) - DPO Loss:    
                             3.60356e-05 | Chosen Sequence Log Probabilities:   
                             -495.828 | Rejected Sequence Log Probabilities:    
                             -661.281 | Chosen Sequence Length: 465.578 |       
                             Rejected Sequence Length: 335.094 | NLL Loss:      
                             1.06533 | Gradient Norm: 0.020613 | Data Epoch: 6 |
                             Data Time: <1s | Compute Time: 12s | Lapse Time:   
                             12s | Total Time: 4,284s | Wall Time: 4,284s |     
                             Learning Rate: 6.72551e-07 | Batch Size: 64 |      
                             Elements per Batch: 80,161 | Elements per Second:  
                             6,347 | Number of Examples: 64 | Number of         
                             Elements: 80,161 | Number of Target Elements:      
                             29,797 | Padding: 0 | Padding Ratio (%): 0% | Total
                             Number of Examples: 17,984 | Total Number of       
                             Elements: 23,949,005 | Total Number of Target      
                             Elements: 8,330,237 | Peak Active Device Memory:   
                             61.10 GiB | Peak Active Device Memory (%): 78% |   
                             Peak Reserved Device Memory: 73.86 GiB | Peak      
                             Reserved Device Memory (%): 94%                    
[08/20/25 01:51:34] INFO     fairseq2 - Train Metrics (step 282) - DPO Loss:    
                             8.6133e-05 | Chosen Sequence Log Probabilities:    
                             -436.43 | Rejected Sequence Log Probabilities:     
                             -645.867 | Chosen Sequence Length: 439.391 |       
                             Rejected Sequence Length: 316.328 | NLL Loss:      
                             0.993493 | Gradient Norm: 0.218259 | Data Epoch: 6 
                             | Data Time: <1s | Compute Time: 14s | Lapse Time: 
                             14s | Total Time: 4,298s | Wall Time: 4,298s |     
                             Learning Rate: 6.72334e-07 | Batch Size: 64 |      
                             Elements per Batch: 86,578 | Elements per Second:  
                             6,148 | Number of Examples: 64 | Number of         
                             Elements: 86,578 | Number of Target Elements:      
                             28,121 | Padding: 0 | Padding Ratio (%): 0% | Total
                             Number of Examples: 18,048 | Total Number of       
                             Elements: 24,035,583 | Total Number of Target      
                             Elements: 8,358,358 | Peak Active Device Memory:   
                             65.12 GiB | Peak Active Device Memory (%): 83% |   
                             Peak Reserved Device Memory: 74.55 GiB | Peak      
                             Reserved Device Memory (%): 95%                    
[08/20/25 01:51:47] INFO     fairseq2 - Train Metrics (step 283) - DPO Loss:    
                             5.93257e-05 | Chosen Sequence Log Probabilities:   
                             -580.606 | Rejected Sequence Log Probabilities:    
                             -798.109 | Chosen Sequence Length: 446.109 |       
                             Rejected Sequence Length: 353.172 | NLL Loss:      
                             1.3011 | Gradient Norm: 0.0308819 | Data Epoch: 6 |
                             Data Time: <1s | Compute Time: 13s | Lapse Time:   
                             13s | Total Time: 4,312s | Wall Time: 4,312s |     
                             Learning Rate: 6.72116e-07 | Batch Size: 64 |      
                             Elements per Batch: 74,314 | Elements per Second:  
                             5,683 | Number of Examples: 64 | Number of         
                             Elements: 74,314 | Number of Target Elements:      
                             28,551 | Padding: 0 | Padding Ratio (%): 0% | Total
                             Number of Examples: 18,112 | Total Number of       
                             Elements: 24,109,897 | Total Number of Target      
                             Elements: 8,386,909 | Peak Active Device Memory:   
                             60.70 GiB | Peak Active Device Memory (%): 77% |   
                             Peak Reserved Device Memory: 74.12 GiB | Peak      
                             Reserved Device Memory (%): 94%                    
[08/20/25 01:52:01] INFO     fairseq2 - Train Metrics (step 284) - DPO Loss:    
                             2.38043e-05 | Chosen Sequence Log Probabilities:   
                             -440.579 | Rejected Sequence Log Probabilities:    
                             -624.602 | Chosen Sequence Length: 430.969 |       
                             Rejected Sequence Length: 363.688 | NLL Loss:      
                             1.02237 | Gradient Norm: 0.0276925 | Data Epoch: 6 
                             | Data Time: <1s | Compute Time: 13s | Lapse Time: 
                             13s | Total Time: 4,326s | Wall Time: 4,326s |     
                             Learning Rate: 6.71897e-07 | Batch Size: 64 |      
                             Elements per Batch: 83,808 | Elements per Second:  
                             6,044 | Number of Examples: 64 | Number of         
                             Elements: 83,808 | Number of Target Elements:      
                             27,582 | Padding: 0 | Padding Ratio (%): 0% | Total
                             Number of Examples: 18,176 | Total Number of       
                             Elements: 24,193,705 | Total Number of Target      
                             Elements: 8,414,491 | Peak Active Device Memory:   
                             61.82 GiB | Peak Active Device Memory (%): 79% |   
                             Peak Reserved Device Memory: 74.60 GiB | Peak      
                             Reserved Device Memory (%): 95%                    
[08/20/25 01:52:15] INFO     fairseq2 - Train Metrics (step 285) - DPO Loss:    
                             0.000589708 | Chosen Sequence Log Probabilities:   
                             -523.279 | Rejected Sequence Log Probabilities:    
                             -713.281 | Chosen Sequence Length: 497.828 |       
                             Rejected Sequence Length: 361.375 | NLL Loss:      
                             1.05075 | Gradient Norm: 0.305167 | Data Epoch: 6 |
                             Data Time: <1s | Compute Time: 14s | Lapse Time:   
                             14s | Total Time: 4,340s | Wall Time: 4,340s |     
                             Learning Rate: 6.71678e-07 | Batch Size: 64 |      
                             Elements per Batch: 82,767 | Elements per Second:  
                             5,865 | Number of Examples: 64 | Number of         
                             Elements: 82,767 | Number of Target Elements:      
                             31,861 | Padding: 0 | Padding Ratio (%): 0% | Total
                             Number of Examples: 18,240 | Total Number of       
                             Elements: 24,276,472 | Total Number of Target      
                             Elements: 8,446,352 | Peak Active Device Memory:   
                             62.94 GiB | Peak Active Device Memory (%): 80% |   
                             Peak Reserved Device Memory: 74.72 GiB | Peak      
                             Reserved Device Memory (%): 95%                    
[08/20/25 01:52:30] INFO     fairseq2 - Train Metrics (step 286) - DPO Loss:    
                             4.28683e-05 | Chosen Sequence Log Probabilities:   
                             -543.113 | Rejected Sequence Log Probabilities:    
                             -696.812 | Chosen Sequence Length: 452.438 |       
                             Rejected Sequence Length: 335.172 | NLL Loss:      
                             1.20014 | Gradient Norm: 0.0241799 | Data Epoch: 6 
                             | Data Time: <1s | Compute Time: 15s | Lapse Time: 
                             15s | Total Time: 4,355s | Wall Time: 4,355s |     
                             Learning Rate: 6.71457e-07 | Batch Size: 64 |      
                             Elements per Batch: 85,375 | Elements per Second:  
                             5,574 | Number of Examples: 64 | Number of         
                             Elements: 85,375 | Number of Target Elements:      
                             28,956 | Padding: 0 | Padding Ratio (%): 0% | Total
                             Number of Examples: 18,304 | Total Number of       
                             Elements: 24,361,847 | Total Number of Target      
                             Elements: 8,475,308 | Peak Active Device Memory:   
                             66.47 GiB | Peak Active Device Memory (%): 84% |   
                             Peak Reserved Device Memory: 74.46 GiB | Peak      
                             Reserved Device Memory (%): 95%                    
[08/20/25 01:52:45] INFO     fairseq2 - Train Metrics (step 287) - DPO Loss:    
                             4.08139e-05 | Chosen Sequence Log Probabilities:   
                             -466.188 | Rejected Sequence Log Probabilities:    
                             -741.047 | Chosen Sequence Length: 416.031 |       
                             Rejected Sequence Length: 339.656 | NLL Loss:      
                             1.12067 | Gradient Norm: 0.0992153 | Data Epoch: 6 
                             | Data Time: <1s | Compute Time: 14s | Lapse Time: 
                             14s | Total Time: 4,369s | Wall Time: 4,369s |     
                             Learning Rate: 6.71236e-07 | Batch Size: 64 |      
                             Elements per Batch: 81,478 | Elements per Second:  
                             5,764 | Number of Examples: 64 | Number of         
                             Elements: 81,478 | Number of Target Elements:      
                             26,626 | Padding: 0 | Padding Ratio (%): 0% | Total
                             Number of Examples: 18,368 | Total Number of       
                             Elements: 24,443,325 | Total Number of Target      
                             Elements: 8,501,934 | Peak Active Device Memory:   
                             60.13 GiB | Peak Active Device Memory (%): 76% |   
                             Peak Reserved Device Memory: 71.70 GiB | Peak      
                             Reserved Device Memory (%): 91%                    
[08/20/25 01:52:58] INFO     fairseq2 - Train Metrics (step 288) - DPO Loss:    
                             1.92952e-05 | Chosen Sequence Log Probabilities:   
                             -459.508 | Rejected Sequence Log Probabilities:    
                             -704.203 | Chosen Sequence Length: 447.875 |       
                             Rejected Sequence Length: 344.328 | NLL Loss:      
                             1.02582 | Gradient Norm: 0.0167371 | Data Epoch: 6 
                             | Data Time: <1s | Compute Time: 13s | Lapse Time: 
                             13s | Total Time: 4,383s | Wall Time: 4,383s |     
                             Learning Rate: 6.71014e-07 | Batch Size: 64 |      
                             Elements per Batch: 86,029 | Elements per Second:  
                             6,581 | Number of Examples: 64 | Number of         
                             Elements: 86,029 | Number of Target Elements:      
                             28,664 | Padding: 0 | Padding Ratio (%): 0% | Total
                             Number of Examples: 18,432 | Total Number of       
                             Elements: 24,529,354 | Total Number of Target      
                             Elements: 8,530,598 | Peak Active Device Memory:   
                             65.86 GiB | Peak Active Device Memory (%): 84% |   
                             Peak Reserved Device Memory: 74.82 GiB | Peak      
                             Reserved Device Memory (%): 95%                    
[08/20/25 01:53:13] INFO     fairseq2 - Train Metrics (step 289) - DPO Loss:    
                             5.78322e-05 | Chosen Sequence Log Probabilities:   
                             -506.117 | Rejected Sequence Log Probabilities:    
                             -739.828 | Chosen Sequence Length: 469.734 |       
                             Rejected Sequence Length: 383.438 | NLL Loss:      
                             1.07751 | Gradient Norm: 0.0829329 | Data Epoch: 6 
                             | Data Time: <1s | Compute Time: 14s | Lapse Time: 
                             14s | Total Time: 4,397s | Wall Time: 4,397s |     
                             Learning Rate: 6.70791e-07 | Batch Size: 64 |      
                             Elements per Batch: 84,499 | Elements per Second:  
                             5,765 | Number of Examples: 64 | Number of         
                             Elements: 84,499 | Number of Target Elements:      
                             30,063 | Padding: 0 | Padding Ratio (%): 0% | Total
                             Number of Examples: 18,496 | Total Number of       
                             Elements: 24,613,853 | Total Number of Target      
                             Elements: 8,560,661 | Peak Active Device Memory:   
                             66.35 GiB | Peak Active Device Memory (%): 84% |   
                             Peak Reserved Device Memory: 74.71 GiB | Peak      
                             Reserved Device Memory (%): 95%                    
[08/20/25 01:53:33] INFO     fairseq2 - Train Metrics (step 290) - DPO Loss:    
                             1.72238e-05 | Chosen Sequence Log Probabilities:   
                             -470.146 | Rejected Sequence Log Probabilities:    
                             -677.484 | Chosen Sequence Length: 447.453 |       
                             Rejected Sequence Length: 391.344 | NLL Loss:      
                             1.05107 | Gradient Norm: 0.0375671 | Data Epoch: 6 
                             | Data Time: <1s | Compute Time: 19s | Lapse Time: 
                             19s | Total Time: 4,417s | Wall Time: 4,417s |     
                             Learning Rate: 6.70568e-07 | Batch Size: 64 |      
                             Elements per Batch: 93,932 | Elements per Second:  
                             4,744 | Number of Examples: 64 | Number of         
                             Elements: 93,932 | Number of Target Elements:      
                             28,637 | Padding: 0 | Padding Ratio (%): 0% | Total
                             Number of Examples: 18,560 | Total Number of       
                             Elements: 24,707,785 | Total Number of Target      
                             Elements: 8,589,298 | Peak Active Device Memory:   
                             61.23 GiB | Peak Active Device Memory (%): 78% |   
                             Peak Reserved Device Memory: 73.30 GiB | Peak      
                             Reserved Device Memory (%): 93%                    
[08/20/25 01:53:50] INFO     fairseq2 - Train Metrics (step 291) - DPO Loss:    
                             1.63913e-05 | Chosen Sequence Log Probabilities:   
                             -534.705 | Rejected Sequence Log Probabilities:    
                             -710.117 | Chosen Sequence Length: 539.25 |        
                             Rejected Sequence Length: 405.375 | NLL Loss:      
                             0.991169 | Gradient Norm: 0.00721858 | Data Epoch: 
                             6 | Data Time: <1s | Compute Time: 17s | Lapse     
                             Time: 17s | Total Time: 4,434s | Wall Time: 4,434s 
                             | Learning Rate: 6.70343e-07 | Batch Size: 64 |    
                             Elements per Batch: 104,352 | Elements per Second: 
                             6,102 | Number of Examples: 64 | Number of         
                             Elements: 104,352 | Number of Target Elements:     
                             34,512 | Padding: 0 | Padding Ratio (%): 0% | Total
                             Number of Examples: 18,624 | Total Number of       
                             Elements: 24,812,137 | Total Number of Target      
                             Elements: 8,623,810 | Peak Active Device Memory:   
                             66.10 GiB | Peak Active Device Memory (%): 84% |   
                             Peak Reserved Device Memory: 74.69 GiB | Peak      
                             Reserved Device Memory (%): 95%                    
[08/20/25 01:54:04] INFO     fairseq2 - Train Metrics (step 292) - DPO Loss:    
                             2.50031e-05 | Chosen Sequence Log Probabilities:   
                             -558.59 | Rejected Sequence Log Probabilities:     
                             -759.969 | Chosen Sequence Length: 478.344 |       
                             Rejected Sequence Length: 382.422 | NLL Loss:      
                             1.16754 | Gradient Norm: 0.0615679 | Data Epoch: 6 
                             | Data Time: <1s | Compute Time: 14s | Lapse Time: 
                             14s | Total Time: 4,449s | Wall Time: 4,449s |     
                             Learning Rate: 6.70118e-07 | Batch Size: 64 |      
                             Elements per Batch: 77,861 | Elements per Second:  
                             5,445 | Number of Examples: 64 | Number of         
                             Elements: 77,861 | Number of Target Elements:      
                             30,614 | Padding: 0 | Padding Ratio (%): 0% | Total
                             Number of Examples: 18,688 | Total Number of       
                             Elements: 24,889,998 | Total Number of Target      
                             Elements: 8,654,424 | Peak Active Device Memory:   
                             64.30 GiB | Peak Active Device Memory (%): 82% |   
                             Peak Reserved Device Memory: 74.52 GiB | Peak      
                             Reserved Device Memory (%): 95%                    
[08/20/25 01:54:19] INFO     fairseq2 - Train Metrics (step 293) - DPO Loss:    
                             2.19403e-05 | Chosen Sequence Log Probabilities:   
                             -537.832 | Rejected Sequence Log Probabilities:    
                             -783.25 | Chosen Sequence Length: 510.047 |        
                             Rejected Sequence Length: 420.109 | NLL Loss:      
                             1.05468 | Gradient Norm: 0.0105838 | Data Epoch: 6 
                             | Data Time: <1s | Compute Time: 14s | Lapse Time: 
                             14s | Total Time: 4,464s | Wall Time: 4,464s |     
                             Learning Rate: 6.69892e-07 | Batch Size: 64 |      
                             Elements per Batch: 83,691 | Elements per Second:  
                             5,652 | Number of Examples: 64 | Number of         
                             Elements: 83,691 | Number of Target Elements:      
                             32,643 | Padding: 0 | Padding Ratio (%): 0% | Total
                             Number of Examples: 18,752 | Total Number of       
                             Elements: 24,973,689 | Total Number of Target      
                             Elements: 8,687,067 | Peak Active Device Memory:   
                             60.87 GiB | Peak Active Device Memory (%): 77% |   
                             Peak Reserved Device Memory: 72.78 GiB | Peak      
                             Reserved Device Memory (%): 92%                    
[08/20/25 01:54:32] INFO     fairseq2 - Train Metrics (step 294) - DPO Loss:    
                             9.49312e-06 | Chosen Sequence Log Probabilities:   
                             -575.291 | Rejected Sequence Log Probabilities:    
                             -854.703 | Chosen Sequence Length: 556.672 |       
                             Rejected Sequence Length: 451.375 | NLL Loss:      
                             1.03309 | Gradient Norm: 0.00566562 | Data Epoch: 6
                             | Data Time: <1s | Compute Time: 12s | Lapse Time: 
                             12s | Total Time: 4,477s | Wall Time: 4,477s |     
                             Learning Rate: 6.69665e-07 | Batch Size: 64 |      
                             Elements per Batch: 92,254 | Elements per Second:  
                             7,163 | Number of Examples: 64 | Number of         
                             Elements: 92,254 | Number of Target Elements:      
                             35,627 | Padding: 0 | Padding Ratio (%): 0% | Total
                             Number of Examples: 18,816 | Total Number of       
                             Elements: 25,065,943 | Total Number of Target      
                             Elements: 8,722,694 | Peak Active Device Memory:   
                             60.27 GiB | Peak Active Device Memory (%): 77% |   
                             Peak Reserved Device Memory: 72.81 GiB | Peak      
                             Reserved Device Memory (%): 92%                    
[08/20/25 01:54:43] INFO     fairseq2 - Train Metrics (step 295) - DPO Loss:    
                             3.65907e-05 | Chosen Sequence Log Probabilities:   
                             -471.459 | Rejected Sequence Log Probabilities:    
                             -657.203 | Chosen Sequence Length: 324.531 |       
                             Rejected Sequence Length: 255.766 | NLL Loss:      
                             1.45302 | Gradient Norm: 0.0347623 | Data Epoch: 6 
                             | Data Time: <1s | Compute Time: 10s | Lapse Time: 
                             10s | Total Time: 4,488s | Wall Time: 4,488s |     
                             Learning Rate: 6.69437e-07 | Batch Size: 64 |      
                             Elements per Batch: 60,727 | Elements per Second:  
                             5,645 | Number of Examples: 64 | Number of         
                             Elements: 60,727 | Number of Target Elements:      
                             20,770 | Padding: 0 | Padding Ratio (%): 0% | Total
                             Number of Examples: 18,880 | Total Number of       
                             Elements: 25,126,670 | Total Number of Target      
                             Elements: 8,743,464 | Peak Active Device Memory:   
                             60.11 GiB | Peak Active Device Memory (%): 76% |   
                             Peak Reserved Device Memory: 72.81 GiB | Peak      
                             Reserved Device Memory (%): 92%                    
[08/20/25 01:54:56] INFO     fairseq2 - Train Metrics (step 296) - DPO Loss:    
                             3.15999e-05 | Chosen Sequence Log Probabilities:   
                             -524.051 | Rejected Sequence Log Probabilities:    
                             -715.078 | Chosen Sequence Length: 445.172 |       
                             Rejected Sequence Length: 320.828 | NLL Loss:      
                             1.17721 | Gradient Norm: 0.0237284 | Data Epoch: 6 
                             | Data Time: <1s | Compute Time: 13s | Lapse Time: 
                             13s | Total Time: 4,501s | Wall Time: 4,501s |     
                             Learning Rate: 6.69209e-07 | Batch Size: 64 |      
                             Elements per Batch: 84,071 | Elements per Second:  
                             6,418 | Number of Examples: 64 | Number of         
                             Elements: 84,071 | Number of Target Elements:      
                             28,491 | Padding: 0 | Padding Ratio (%): 0% | Total
                             Number of Examples: 18,944 | Total Number of       
                             Elements: 25,210,741 | Total Number of Target      
                             Elements: 8,771,955 | Peak Active Device Memory:   
                             63.03 GiB | Peak Active Device Memory (%): 80% |   
                             Peak Reserved Device Memory: 74.14 GiB | Peak      
                             Reserved Device Memory (%): 94%                    
[08/20/25 01:55:14] INFO     fairseq2 - Train Metrics (step 297) - DPO Loss:    
                             2.60163e-05 | Chosen Sequence Log Probabilities:   
                             -596.199 | Rejected Sequence Log Probabilities:    
                             -787.547 | Chosen Sequence Length: 472.562 |       
                             Rejected Sequence Length: 369.062 | NLL Loss:      
                             1.26164 | Gradient Norm: 0.018483 | Data Epoch: 6 |
                             Data Time: <1s | Compute Time: 18s | Lapse Time:   
                             18s | Total Time: 4,519s | Wall Time: 4,519s |     
                             Learning Rate: 6.6898e-07 | Batch Size: 64 |       
                             Elements per Batch: 92,373 | Elements per Second:  
                             5,019 | Number of Examples: 64 | Number of         
                             Elements: 92,373 | Number of Target Elements:      
                             30,244 | Padding: 0 | Padding Ratio (%): 0% | Total
                             Number of Examples: 19,008 | Total Number of       
                             Elements: 25,303,114 | Total Number of Target      
                             Elements: 8,802,199 | Peak Active Device Memory:   
                             65.93 GiB | Peak Active Device Memory (%): 84% |   
                             Peak Reserved Device Memory: 73.63 GiB | Peak      
                             Reserved Device Memory (%): 93%                    
[08/20/25 01:55:28] INFO     fairseq2 - Train Metrics (step 298) - DPO Loss:    
                             0.00027516 | Chosen Sequence Log Probabilities:    
                             -538.369 | Rejected Sequence Log Probabilities:    
                             -789.629 | Chosen Sequence Length: 494.469 |       
                             Rejected Sequence Length: 389.047 | NLL Loss:      
                             1.08833 | Gradient Norm: 0.181167 | Data Epoch: 6 |
                             Data Time: <1s | Compute Time: 13s | Lapse Time:   
                             13s | Total Time: 4,532s | Wall Time: 4,532s |     
                             Learning Rate: 6.6875e-07 | Batch Size: 64 |       
                             Elements per Batch: 80,515 | Elements per Second:  
                             6,183 | Number of Examples: 64 | Number of         
                             Elements: 80,515 | Number of Target Elements:      
                             31,646 | Padding: 0 | Padding Ratio (%): 0% | Total
                             Number of Examples: 19,072 | Total Number of       
                             Elements: 25,383,629 | Total Number of Target      
                             Elements: 8,833,845 | Peak Active Device Memory:   
                             62.35 GiB | Peak Active Device Memory (%): 79% |   
                             Peak Reserved Device Memory: 74.11 GiB | Peak      
                             Reserved Device Memory (%): 94%                    
[08/20/25 01:55:44] INFO     fairseq2 - Train Metrics (step 299) - DPO Loss:    
                             4.25437e-06 | Chosen Sequence Log Probabilities:   
                             -485.541 | Rejected Sequence Log Probabilities:    
                             -714.125 | Chosen Sequence Length: 461.875 |       
                             Rejected Sequence Length: 365.906 | NLL Loss:      
                             1.0515 | Gradient Norm: 0.00577752 | Data Epoch: 6 
                             | Data Time: <1s | Compute Time: 16s | Lapse Time: 
                             16s | Total Time: 4,549s | Wall Time: 4,549s |     
                             Learning Rate: 6.68519e-07 | Batch Size: 64 |      
                             Elements per Batch: 89,031 | Elements per Second:  
                             5,394 | Number of Examples: 64 | Number of         
                             Elements: 89,031 | Number of Target Elements:      
                             29,560 | Padding: 0 | Padding Ratio (%): 0% | Total
                             Number of Examples: 19,136 | Total Number of       
                             Elements: 25,472,660 | Total Number of Target      
                             Elements: 8,863,405 | Peak Active Device Memory:   
                             62.37 GiB | Peak Active Device Memory (%): 79% |   
                             Peak Reserved Device Memory: 74.11 GiB | Peak      
                             Reserved Device Memory (%): 94%                    
[08/20/25 01:55:58] INFO     fairseq2 - Train Metrics (step 300) - DPO Loss:    
                             0.000687783 | Chosen Sequence Log Probabilities:   
                             -627.232 | Rejected Sequence Log Probabilities:    
                             -893.891 | Chosen Sequence Length: 514.531 |       
                             Rejected Sequence Length: 410.234 | NLL Loss:      
                             1.21889 | Gradient Norm: 3.38263 | Data Epoch: 6 | 
                             Data Time: <1s | Compute Time: 13s | Lapse Time:   
                             13s | Total Time: 4,563s | Wall Time: 4,563s |     
                             Learning Rate: 6.68287e-07 | Batch Size: 64 |      
                             Elements per Batch: 85,258 | Elements per Second:  
                             6,225 | Number of Examples: 64 | Number of         
                             Elements: 85,258 | Number of Target Elements:      
                             32,930 | Padding: 0 | Padding Ratio (%): 0% | Total
                             Number of Examples: 19,200 | Total Number of       
                             Elements: 25,557,918 | Total Number of Target      
                             Elements: 8,896,335 | Peak Active Device Memory:   
                             61.82 GiB | Peak Active Device Memory (%): 79% |   
                             Peak Reserved Device Memory: 73.41 GiB | Peak      
                             Reserved Device Memory (%): 93%                    
[08/20/25 01:56:11] INFO     fairseq2 - Train Metrics (step 301) - DPO Loss:    
                             9.60949e-06 | Chosen Sequence Log Probabilities:   
                             -433.105 | Rejected Sequence Log Probabilities:    
                             -705.438 | Chosen Sequence Length: 428.688 |       
                             Rejected Sequence Length: 311.672 | NLL Loss:      
                             1.01025 | Gradient Norm: 0.015373 | Data Epoch: 6 |
                             Data Time: <1s | Compute Time: 12s | Lapse Time:   
                             12s | Total Time: 4,576s | Wall Time: 4,576s |     
                             Learning Rate: 6.68054e-07 | Batch Size: 64 |      
                             Elements per Batch: 71,570 | Elements per Second:  
                             5,523 | Number of Examples: 64 | Number of         
                             Elements: 71,570 | Number of Target Elements:      
                             27,436 | Padding: 0 | Padding Ratio (%): 0% | Total
                             Number of Examples: 19,264 | Total Number of       
                             Elements: 25,629,488 | Total Number of Target      
                             Elements: 8,923,771 | Peak Active Device Memory:   
                             59.86 GiB | Peak Active Device Memory (%): 76% |   
                             Peak Reserved Device Memory: 73.43 GiB | Peak      
                             Reserved Device Memory (%): 93%                    
[08/20/25 01:56:22] INFO     fairseq2 - Train Metrics (step 302) - DPO Loss:    
                             2.98454e-05 | Chosen Sequence Log Probabilities:   
                             -509.829 | Rejected Sequence Log Probabilities:    
                             -690.516 | Chosen Sequence Length: 445.859 |       
                             Rejected Sequence Length: 325.562 | NLL Loss:      
                             1.14356 | Gradient Norm: 0.0264581 | Data Epoch: 6 
                             | Data Time: <1s | Compute Time: 10s | Lapse Time: 
                             10s | Total Time: 4,586s | Wall Time: 4,586s |     
                             Learning Rate: 6.67821e-07 | Batch Size: 64 |      
                             Elements per Batch: 71,630 | Elements per Second:  
                             6,787 | Number of Examples: 64 | Number of         
                             Elements: 71,630 | Number of Target Elements:      
                             28,535 | Padding: 0 | Padding Ratio (%): 0% | Total
                             Number of Examples: 19,328 | Total Number of       
                             Elements: 25,701,118 | Total Number of Target      
                             Elements: 8,952,306 | Peak Active Device Memory:   
                             60.38 GiB | Peak Active Device Memory (%): 77% |   
                             Peak Reserved Device Memory: 73.43 GiB | Peak      
                             Reserved Device Memory (%): 93%                    
[08/20/25 01:56:36] INFO     fairseq2 - Train Metrics (step 303) - DPO Loss:    
                             5.30066e-05 | Chosen Sequence Log Probabilities:   
                             -544.094 | Rejected Sequence Log Probabilities:    
                             -781.047 | Chosen Sequence Length: 504.672 |       
                             Rejected Sequence Length: 411.156 | NLL Loss:      
                             1.07779 | Gradient Norm: 0.0175285 | Data Epoch: 6 
                             | Data Time: <1s | Compute Time: 14s | Lapse Time: 
                             14s | Total Time: 4,601s | Wall Time: 4,601s |     
                             Learning Rate: 6.67587e-07 | Batch Size: 64 |      
                             Elements per Batch: 91,100 | Elements per Second:  
                             6,225 | Number of Examples: 64 | Number of         
                             Elements: 91,100 | Number of Target Elements:      
                             32,299 | Padding: 0 | Padding Ratio (%): 0% | Total
                             Number of Examples: 19,392 | Total Number of       
                             Elements: 25,792,218 | Total Number of Target      
                             Elements: 8,984,605 | Peak Active Device Memory:   
                             60.09 GiB | Peak Active Device Memory (%): 76% |   
                             Peak Reserved Device Memory: 73.43 GiB | Peak      
                             Reserved Device Memory (%): 93%                    
[08/20/25 01:56:51] INFO     fairseq2 - Train Metrics (step 304) - DPO Loss:    
                             2.13174e-05 | Chosen Sequence Log Probabilities:   
                             -578.945 | Rejected Sequence Log Probabilities:    
                             -787.219 | Chosen Sequence Length: 539.438 |       
                             Rejected Sequence Length: 384.516 | NLL Loss:      
                             1.07342 | Gradient Norm: 0.0141927 | Data Epoch: 6 
                             | Data Time: <1s | Compute Time: 14s | Lapse Time: 
                             14s | Total Time: 4,616s | Wall Time: 4,616s |     
                             Learning Rate: 6.67352e-07 | Batch Size: 64 |      
                             Elements per Batch: 90,277 | Elements per Second:  
                             6,143 | Number of Examples: 64 | Number of         
                             Elements: 90,277 | Number of Target Elements:      
                             34,524 | Padding: 0 | Padding Ratio (%): 0% | Total
                             Number of Examples: 19,456 | Total Number of       
                             Elements: 25,882,495 | Total Number of Target      
                             Elements: 9,019,129 | Peak Active Device Memory:   
                             61.06 GiB | Peak Active Device Memory (%): 78% |   
                             Peak Reserved Device Memory: 73.43 GiB | Peak      
                             Reserved Device Memory (%): 93%                    
[08/20/25 01:57:04] INFO     fairseq2 - Train Metrics (step 305) - DPO Loss:    
                             4.09346e-05 | Chosen Sequence Log Probabilities:   
                             -451.684 | Rejected Sequence Log Probabilities:    
                             -630.484 | Chosen Sequence Length: 442.156 |       
                             Rejected Sequence Length: 338.203 | NLL Loss:      
                             1.02118 | Gradient Norm: 0.0162683 | Data Epoch: 6 
                             | Data Time: <1s | Compute Time: 12s | Lapse Time: 
                             12s | Total Time: 4,628s | Wall Time: 4,628s |     
                             Learning Rate: 6.67116e-07 | Batch Size: 64 |      
                             Elements per Batch: 78,516 | Elements per Second:  
                             6,289 | Number of Examples: 64 | Number of         
                             Elements: 78,516 | Number of Target Elements:      
                             28,298 | Padding: 0 | Padding Ratio (%): 0% | Total
                             Number of Examples: 19,520 | Total Number of       
                             Elements: 25,961,011 | Total Number of Target      
                             Elements: 9,047,427 | Peak Active Device Memory:   
                             59.95 GiB | Peak Active Device Memory (%): 76% |   
                             Peak Reserved Device Memory: 73.43 GiB | Peak      
                             Reserved Device Memory (%): 93%                    
[08/20/25 01:57:19] INFO     fairseq2 - Train Metrics (step 306) - DPO Loss:    
                             1.98655e-05 | Chosen Sequence Log Probabilities:   
                             -424.794 | Rejected Sequence Log Probabilities:    
                             -674.016 | Chosen Sequence Length: 395.234 |       
                             Rejected Sequence Length: 339.797 | NLL Loss:      
                             1.07438 | Gradient Norm: 0.00691186 | Data Epoch: 6
                             | Data Time: <1s | Compute Time: 15s | Lapse Time: 
                             15s | Total Time: 4,644s | Wall Time: 4,644s |     
                             Learning Rate: 6.66879e-07 | Batch Size: 64 |      
                             Elements per Batch: 74,563 | Elements per Second:  
                             4,802 | Number of Examples: 64 | Number of         
                             Elements: 74,563 | Number of Target Elements:      
                             25,295 | Padding: 0 | Padding Ratio (%): 0% | Total
                             Number of Examples: 19,584 | Total Number of       
                             Elements: 26,035,574 | Total Number of Target      
                             Elements: 9,072,722 | Peak Active Device Memory:   
                             60.99 GiB | Peak Active Device Memory (%): 78% |   
                             Peak Reserved Device Memory: 73.43 GiB | Peak      
                             Reserved Device Memory (%): 93%                    
                    INFO     fairseq2 - End of epoch 6 reached after step 306.  
[08/20/25 01:57:38] INFO     fairseq2 - Train Metrics (step 307) - DPO Loss:    
                             3.38287e-05 | Chosen Sequence Log Probabilities:   
                             -496.156 | Rejected Sequence Log Probabilities:    
                             -723.555 | Chosen Sequence Length: 519.312 |       
                             Rejected Sequence Length: 430.422 | NLL Loss:      
                             0.955298 | Gradient Norm: 0.018198 | Data Epoch: 7 
                             | Data Time: <1s | Compute Time: 17s | Lapse Time: 
                             18s | Total Time: 4,662s | Wall Time: 4,662s |     
                             Learning Rate: 6.66642e-07 | Batch Size: 64 |      
                             Elements per Batch: 100,801 | Elements per Second: 
                             5,563 | Number of Examples: 64 | Number of         
                             Elements: 100,801 | Number of Target Elements:     
                             33,236 | Padding: 0 | Padding Ratio (%): 0% | Total
                             Number of Examples: 19,648 | Total Number of       
                             Elements: 26,136,375 | Total Number of Target      
                             Elements: 9,105,958 | Peak Active Device Memory:   
                             64.43 GiB | Peak Active Device Memory (%): 82% |   
                             Peak Reserved Device Memory: 74.68 GiB | Peak      
                             Reserved Device Memory (%): 95%                    
[08/20/25 01:57:50] INFO     fairseq2 - Train Metrics (step 308) - DPO Loss:    
                             1.9146e-05 | Chosen Sequence Log Probabilities:    
                             -509.448 | Rejected Sequence Log Probabilities:    
                             -697.805 | Chosen Sequence Length: 560.781 |       
                             Rejected Sequence Length: 401.672 | NLL Loss:      
                             0.909024 | Gradient Norm: 0.0100268 | Data Epoch: 7
                             | Data Time: <1s | Compute Time: 12s | Lapse Time: 
                             12s | Total Time: 4,675s | Wall Time: 4,675s |     
                             Learning Rate: 6.66404e-07 | Batch Size: 64 |      
                             Elements per Batch: 78,837 | Elements per Second:  
                             6,422 | Number of Examples: 64 | Number of         
                             Elements: 78,837 | Number of Target Elements:      
                             35,890 | Padding: 0 | Padding Ratio (%): 0% | Total
                             Number of Examples: 19,712 | Total Number of       
                             Elements: 26,215,212 | Total Number of Target      
                             Elements: 9,141,848 | Peak Active Device Memory:   
                             59.76 GiB | Peak Active Device Memory (%): 76% |   
                             Peak Reserved Device Memory: 69.69 GiB | Peak      
                             Reserved Device Memory (%): 89%                    
[08/20/25 01:58:04] INFO     fairseq2 - Train Metrics (step 309) - DPO Loss:    
                             5.74659e-05 | Chosen Sequence Log Probabilities:   
                             -474.199 | Rejected Sequence Log Probabilities:    
                             -721.672 | Chosen Sequence Length: 447.375 |       
                             Rejected Sequence Length: 399.625 | NLL Loss:      
                             1.05953 | Gradient Norm: 0.0383076 | Data Epoch: 7 
                             | Data Time: <1s | Compute Time: 13s | Lapse Time: 
                             13s | Total Time: 4,688s | Wall Time: 4,688s |     
                             Learning Rate: 6.66165e-07 | Batch Size: 64 |      
                             Elements per Batch: 80,937 | Elements per Second:  
                             5,885 | Number of Examples: 64 | Number of         
                             Elements: 80,937 | Number of Target Elements:      
                             28,632 | Padding: 0 | Padding Ratio (%): 0% | Total
                             Number of Examples: 19,776 | Total Number of       
                             Elements: 26,296,149 | Total Number of Target      
                             Elements: 9,170,480 | Peak Active Device Memory:   
                             61.05 GiB | Peak Active Device Memory (%): 78% |   
                             Peak Reserved Device Memory: 71.44 GiB | Peak      
                             Reserved Device Memory (%): 91%                    
[08/20/25 01:58:21] INFO     fairseq2 - Train Metrics (step 310) - DPO Loss:    
                             2.32265e-05 | Chosen Sequence Log Probabilities:   
                             -543.934 | Rejected Sequence Log Probabilities:    
                             -764.828 | Chosen Sequence Length: 481.469 |       
                             Rejected Sequence Length: 422.312 | NLL Loss:      
                             1.12978 | Gradient Norm: 0.0105558 | Data Epoch: 7 
                             | Data Time: <1s | Compute Time: 17s | Lapse Time: 
                             17s | Total Time: 4,706s | Wall Time: 4,706s |     
                             Learning Rate: 6.65925e-07 | Batch Size: 64 |      
                             Elements per Batch: 81,733 | Elements per Second:  
                             4,775 | Number of Examples: 64 | Number of         
                             Elements: 81,733 | Number of Target Elements:      
                             30,814 | Padding: 0 | Padding Ratio (%): 0% | Total
                             Number of Examples: 19,840 | Total Number of       
                             Elements: 26,377,882 | Total Number of Target      
                             Elements: 9,201,294 | Peak Active Device Memory:   
                             60.53 GiB | Peak Active Device Memory (%): 77% |   
                             Peak Reserved Device Memory: 71.44 GiB | Peak      
                             Reserved Device Memory (%): 91%                    
[08/20/25 01:58:37] INFO     fairseq2 - Train Metrics (step 311) - DPO Loss:    
                             2.12439e-05 | Chosen Sequence Log Probabilities:   
                             -457.263 | Rejected Sequence Log Probabilities:    
                             -650.211 | Chosen Sequence Length: 548.328 |       
                             Rejected Sequence Length: 359.938 | NLL Loss:      
                             0.83378 | Gradient Norm: 0.00957405 | Data Epoch: 7
                             | Data Time: <1s | Compute Time: 15s | Lapse Time: 
                             15s | Total Time: 4,722s | Wall Time: 4,722s |     
                             Learning Rate: 6.65684e-07 | Batch Size: 64 |      
                             Elements per Batch: 102,286 | Elements per Second: 
                             6,453 | Number of Examples: 64 | Number of         
                             Elements: 102,286 | Number of Target Elements:     
                             35,093 | Padding: 0 | Padding Ratio (%): 0% | Total
                             Number of Examples: 19,904 | Total Number of       
                             Elements: 26,480,168 | Total Number of Target      
                             Elements: 9,236,387 | Peak Active Device Memory:   
                             63.60 GiB | Peak Active Device Memory (%): 81% |   
                             Peak Reserved Device Memory: 74.30 GiB | Peak      
                             Reserved Device Memory (%): 94%                    
[08/20/25 01:58:52] INFO     fairseq2 - Train Metrics (step 312) - DPO Loss:    
                             4.37738e-05 | Chosen Sequence Log Probabilities:   
                             -503.973 | Rejected Sequence Log Probabilities:    
                             -694.703 | Chosen Sequence Length: 461.859 |       
                             Rejected Sequence Length: 352.469 | NLL Loss:      
                             1.0913 | Gradient Norm: 0.108494 | Data Epoch: 7 | 
                             Data Time: <1s | Compute Time: 14s | Lapse Time:   
                             14s | Total Time: 4,737s | Wall Time: 4,737s |     
                             Learning Rate: 6.65443e-07 | Batch Size: 64 |      
                             Elements per Batch: 85,233 | Elements per Second:  
                             5,779 | Number of Examples: 64 | Number of         
                             Elements: 85,233 | Number of Target Elements:      
                             29,559 | Padding: 0 | Padding Ratio (%): 0% | Total
                             Number of Examples: 19,968 | Total Number of       
                             Elements: 26,565,401 | Total Number of Target      
                             Elements: 9,265,946 | Peak Active Device Memory:   
                             66.63 GiB | Peak Active Device Memory (%): 85% |   
                             Peak Reserved Device Memory: 74.40 GiB | Peak      
                             Reserved Device Memory (%): 94%                    
[08/20/25 01:59:07] INFO     fairseq2 - Train Metrics (step 313) - DPO Loss:    
                             9.97977e-06 | Chosen Sequence Log Probabilities:   
                             -446.789 | Rejected Sequence Log Probabilities:    
                             -692.719 | Chosen Sequence Length: 540.531 |       
                             Rejected Sequence Length: 466.922 | NLL Loss:      
                             0.826651 | Gradient Norm: 0.00518306 | Data Epoch: 
                             7 | Data Time: <1s | Compute Time: 14s | Lapse     
                             Time: 14s | Total Time: 4,751s | Wall Time: 4,751s 
                             | Learning Rate: 6.65201e-07 | Batch Size: 64 |    
                             Elements per Batch: 95,309 | Elements per Second:  
                             6,423 | Number of Examples: 64 | Number of         
                             Elements: 95,309 | Number of Target Elements:      
                             34,594 | Padding: 0 | Padding Ratio (%): 0% | Total
                             Number of Examples: 20,032 | Total Number of       
                             Elements: 26,660,710 | Total Number of Target      
                             Elements: 9,300,540 | Peak Active Device Memory:   
                             62.45 GiB | Peak Active Device Memory (%): 79% |   
                             Peak Reserved Device Memory: 74.60 GiB | Peak      
                             Reserved Device Memory (%): 95%                    
[08/20/25 01:59:22] INFO     fairseq2 - Train Metrics (step 314) - DPO Loss:    
                             3.66509e-05 | Chosen Sequence Log Probabilities:   
                             -491.449 | Rejected Sequence Log Probabilities:    
                             -679.023 | Chosen Sequence Length: 445.156 |       
                             Rejected Sequence Length: 362.469 | NLL Loss:      
                             1.10358 | Gradient Norm: 0.0136618 | Data Epoch: 7 
                             | Data Time: <1s | Compute Time: 14s | Lapse Time: 
                             14s | Total Time: 4,766s | Wall Time: 4,766s |     
                             Learning Rate: 6.64958e-07 | Batch Size: 64 |      
                             Elements per Batch: 77,485 | Elements per Second:  
                             5,195 | Number of Examples: 64 | Number of         
                             Elements: 77,485 | Number of Target Elements:      
                             28,490 | Padding: 0 | Padding Ratio (%): 0% | Total
                             Number of Examples: 20,096 | Total Number of       
                             Elements: 26,738,195 | Total Number of Target      
                             Elements: 9,329,030 | Peak Active Device Memory:   
                             60.18 GiB | Peak Active Device Memory (%): 76% |   
                             Peak Reserved Device Memory: 70.33 GiB | Peak      
                             Reserved Device Memory (%): 89%                    
[08/20/25 01:59:39] INFO     fairseq2 - Train Metrics (step 315) - DPO Loss:    
                             1.61307e-05 | Chosen Sequence Log Probabilities:   
                             -489.918 | Rejected Sequence Log Probabilities:    
                             -696.047 | Chosen Sequence Length: 466.234 |       
                             Rejected Sequence Length: 409.328 | NLL Loss:      
                             1.05094 | Gradient Norm: 0.00732098 | Data Epoch: 7
                             | Data Time: <1s | Compute Time: 17s | Lapse Time: 
                             17s | Total Time: 4,784s | Wall Time: 4,784s |     
                             Learning Rate: 6.64714e-07 | Batch Size: 64 |      
                             Elements per Batch: 89,237 | Elements per Second:  
                             5,081 | Number of Examples: 64 | Number of         
                             Elements: 89,237 | Number of Target Elements:      
                             29,839 | Padding: 0 | Padding Ratio (%): 0% | Total
                             Number of Examples: 20,160 | Total Number of       
                             Elements: 26,827,432 | Total Number of Target      
                             Elements: 9,358,869 | Peak Active Device Memory:   
                             61.55 GiB | Peak Active Device Memory (%): 78% |   
                             Peak Reserved Device Memory: 73.96 GiB | Peak      
                             Reserved Device Memory (%): 94%                    
[08/20/25 01:59:53] INFO     fairseq2 - Train Metrics (step 316) - DPO Loss:    
                             1.67202e-05 | Chosen Sequence Log Probabilities:   
                             -469.164 | Rejected Sequence Log Probabilities:    
                             -681.344 | Chosen Sequence Length: 545.594 |       
                             Rejected Sequence Length: 404 | NLL Loss: 0.860081 
                             | Gradient Norm: 0.00830788 | Data Epoch: 7 | Data 
                             Time: <1s | Compute Time: 13s | Lapse Time: 13s |  
                             Total Time: 4,797s | Wall Time: 4,797s | Learning  
                             Rate: 6.64469e-07 | Batch Size: 64 | Elements per  
                             Batch: 90,818 | Elements per Second: 6,936 | Number
                             of Examples: 64 | Number of Elements: 90,818 |     
                             Number of Target Elements: 34,918 | Padding: 0 |   
                             Padding Ratio (%): 0% | Total Number of Examples:  
                             20,224 | Total Number of Elements: 26,918,250 |    
                             Total Number of Target Elements: 9,393,787 | Peak  
                             Active Device Memory: 65.37 GiB | Peak Active      
                             Device Memory (%): 83% | Peak Reserved Device      
                             Memory: 74.04 GiB | Peak Reserved Device Memory    
                             (%): 94%                                           
[08/20/25 02:00:06] INFO     fairseq2 - Train Metrics (step 317) - DPO Loss:    
                             2.89671e-05 | Chosen Sequence Log Probabilities:   
                             -433.092 | Rejected Sequence Log Probabilities:    
                             -583.672 | Chosen Sequence Length: 424.5 | Rejected
                             Sequence Length: 308.938 | NLL Loss: 1.01969 |     
                             Gradient Norm: 0.0124731 | Data Epoch: 7 | Data    
                             Time: <1s | Compute Time: 13s | Lapse Time: 13s |  
                             Total Time: 4,811s | Wall Time: 4,811s | Learning  
                             Rate: 6.64224e-07 | Batch Size: 64 | Elements per  
                             Batch: 74,780 | Elements per Second: 5,519 | Number
                             of Examples: 64 | Number of Elements: 74,780 |     
                             Number of Target Elements: 27,168 | Padding: 0 |   
                             Padding Ratio (%): 0% | Total Number of Examples:  
                             20,288 | Total Number of Elements: 26,993,030 |    
                             Total Number of Target Elements: 9,420,955 | Peak  
                             Active Device Memory: 59.98 GiB | Peak Active      
                             Device Memory (%): 76% | Peak Reserved Device      
                             Memory: 70.57 GiB | Peak Reserved Device Memory    
                             (%): 90%                                           
[08/20/25 02:00:20] INFO     fairseq2 - Train Metrics (step 318) - DPO Loss:    
                             2.91149e-05 | Chosen Sequence Log Probabilities:   
                             -477.551 | Rejected Sequence Log Probabilities:    
                             -686.484 | Chosen Sequence Length: 497.016 |       
                             Rejected Sequence Length: 404.047 | NLL Loss:      
                             0.960785 | Gradient Norm: 0.014516 | Data Epoch: 7 
                             | Data Time: <1s | Compute Time: 14s | Lapse Time: 
                             14s | Total Time: 4,825s | Wall Time: 4,825s |     
                             Learning Rate: 6.63977e-07 | Batch Size: 64 |      
                             Elements per Batch: 88,196 | Elements per Second:  
                             6,275 | Number of Examples: 64 | Number of         
                             Elements: 88,196 | Number of Target Elements:      
                             31,809 | Padding: 0 | Padding Ratio (%): 0% | Total
                             Number of Examples: 20,352 | Total Number of       
                             Elements: 27,081,226 | Total Number of Target      
                             Elements: 9,452,764 | Peak Active Device Memory:   
                             62.95 GiB | Peak Active Device Memory (%): 80% |   
                             Peak Reserved Device Memory: 74.30 GiB | Peak      
                             Reserved Device Memory (%): 94%                    
[08/20/25 02:00:33] INFO     fairseq2 - Train Metrics (step 319) - DPO Loss:    
                             1.45434e-05 | Chosen Sequence Log Probabilities:   
                             -340.75 | Rejected Sequence Log Probabilities:     
                             -539.484 | Chosen Sequence Length: 333.812 |       
                             Rejected Sequence Length: 290.938 | NLL Loss:      
                             1.02049 | Gradient Norm: 0.00733197 | Data Epoch: 7
                             | Data Time: <1s | Compute Time: 12s | Lapse Time: 
                             12s | Total Time: 4,838s | Wall Time: 4,838s |     
                             Learning Rate: 6.6373e-07 | Batch Size: 64 |       
                             Elements per Batch: 82,190 | Elements per Second:  
                             6,485 | Number of Examples: 64 | Number of         
                             Elements: 82,190 | Number of Target Elements:      
                             21,364 | Padding: 0 | Padding Ratio (%): 0% | Total
                             Number of Examples: 20,416 | Total Number of       
                             Elements: 27,163,416 | Total Number of Target      
                             Elements: 9,474,128 | Peak Active Device Memory:   
                             61.02 GiB | Peak Active Device Memory (%): 78% |   
                             Peak Reserved Device Memory: 74.50 GiB | Peak      
                             Reserved Device Memory (%): 95%                    
[08/20/25 02:00:53] INFO     fairseq2 - Train Metrics (step 320) - DPO Loss:    
                             4.46574e-05 | Chosen Sequence Log Probabilities:   
                             -461.939 | Rejected Sequence Log Probabilities:    
                             -636.852 | Chosen Sequence Length: 472.969 |       
                             Rejected Sequence Length: 410.766 | NLL Loss:      
                             0.976602 | Gradient Norm: 0.0365344 | Data Epoch: 7
                             | Data Time: <1s | Compute Time: 19s | Lapse Time: 
                             19s | Total Time: 4,857s | Wall Time: 4,857s |     
                             Learning Rate: 6.63483e-07 | Batch Size: 64 |      
                             Elements per Batch: 98,793 | Elements per Second:  
                             5,119 | Number of Examples: 64 | Number of         
                             Elements: 98,793 | Number of Target Elements:      
                             30,270 | Padding: 0 | Padding Ratio (%): 0% | Total
                             Number of Examples: 20,480 | Total Number of       
                             Elements: 27,262,209 | Total Number of Target      
                             Elements: 9,504,398 | Peak Active Device Memory:   
                             65.95 GiB | Peak Active Device Memory (%): 84% |   
                             Peak Reserved Device Memory: 74.60 GiB | Peak      
                             Reserved Device Memory (%): 95%                    
[08/20/25 02:01:09] INFO     fairseq2 - Train Metrics (step 321) - DPO Loss:    
                             7.30397e-06 | Chosen Sequence Log Probabilities:   
                             -382.016 | Rejected Sequence Log Probabilities:    
                             -639.906 | Chosen Sequence Length: 423.297 |       
                             Rejected Sequence Length: 390 | NLL Loss: 0.902501 
                             | Gradient Norm: 0.00459071 | Data Epoch: 7 | Data 
                             Time: <1s | Compute Time: 16s | Lapse Time: 16s |  
                             Total Time: 4,874s | Wall Time: 4,874s | Learning  
                             Rate: 6.63234e-07 | Batch Size: 64 | Elements per  
                             Batch: 93,323 | Elements per Second: 5,736 | Number
                             of Examples: 64 | Number of Elements: 93,323 |     
                             Number of Target Elements: 27,091 | Padding: 0 |   
                             Padding Ratio (%): 0% | Total Number of Examples:  
                             20,544 | Total Number of Elements: 27,355,532 |    
                             Total Number of Target Elements: 9,531,489 | Peak  
                             Active Device Memory: 66.83 GiB | Peak Active      
                             Device Memory (%): 85% | Peak Reserved Device      
                             Memory: 74.40 GiB | Peak Reserved Device Memory    
                             (%): 94%                                           
[08/20/25 02:01:27] INFO     fairseq2 - Train Metrics (step 322) - DPO Loss:    
                             1.27915e-05 | Chosen Sequence Log Probabilities:   
                             -450.968 | Rejected Sequence Log Probabilities:    
                             -686.188 | Chosen Sequence Length: 473.516 |       
                             Rejected Sequence Length: 406.656 | NLL Loss:      
                             0.952364 | Gradient Norm: 0.00604814 | Data Epoch: 
                             7 | Data Time: <1s | Compute Time: 17s | Lapse     
                             Time: 17s | Total Time: 4,891s | Wall Time: 4,891s 
                             | Learning Rate: 6.62985e-07 | Batch Size: 64 |    
                             Elements per Batch: 91,511 | Elements per Second:  
                             5,195 | Number of Examples: 64 | Number of         
                             Elements: 91,511 | Number of Target Elements:      
                             30,305 | Padding: 0 | Padding Ratio (%): 0% | Total
                             Number of Examples: 20,608 | Total Number of       
                             Elements: 27,447,043 | Total Number of Target      
                             Elements: 9,561,794 | Peak Active Device Memory:   
                             63.55 GiB | Peak Active Device Memory (%): 81% |   
                             Peak Reserved Device Memory: 74.77 GiB | Peak      
                             Reserved Device Memory (%): 95%                    
[08/20/25 02:01:37] INFO     fairseq2 - Train Metrics (step 323) - DPO Loss:    
                             1.57703e-05 | Chosen Sequence Log Probabilities:   
                             -385.401 | Rejected Sequence Log Probabilities:    
                             -590.125 | Chosen Sequence Length: 404.938 |       
                             Rejected Sequence Length: 310.453 | NLL Loss:      
                             0.951358 | Gradient Norm: 0.0142133 | Data Epoch: 7
                             | Data Time: <1s | Compute Time: 10s | Lapse Time: 
                             10s | Total Time: 4,902s | Wall Time: 4,902s |     
                             Learning Rate: 6.62734e-07 | Batch Size: 64 |      
                             Elements per Batch: 65,738 | Elements per Second:  
                             6,229 | Number of Examples: 64 | Number of         
                             Elements: 65,738 | Number of Target Elements:      
                             25,916 | Padding: 0 | Padding Ratio (%): 0% | Total
                             Number of Examples: 20,672 | Total Number of       
                             Elements: 27,512,781 | Total Number of Target      
                             Elements: 9,587,710 | Peak Active Device Memory:   
                             60.37 GiB | Peak Active Device Memory (%): 77% |   
                             Peak Reserved Device Memory: 72.54 GiB | Peak      
                             Reserved Device Memory (%): 92%                    
[08/20/25 02:01:50] INFO     fairseq2 - Train Metrics (step 324) - DPO Loss:    
                             2.39294e-05 | Chosen Sequence Log Probabilities:   
                             -507.803 | Rejected Sequence Log Probabilities:    
                             -705.5 | Chosen Sequence Length: 508.188 | Rejected
                             Sequence Length: 431.922 | NLL Loss: 0.999549 |    
                             Gradient Norm: 0.0121708 | Data Epoch: 7 | Data    
                             Time: <1s | Compute Time: 12s | Lapse Time: 12s |  
                             Total Time: 4,915s | Wall Time: 4,915s | Learning  
                             Rate: 6.62483e-07 | Batch Size: 64 | Elements per  
                             Batch: 88,406 | Elements per Second: 6,843 | Number
                             of Examples: 64 | Number of Elements: 88,406 |     
                             Number of Target Elements: 32,524 | Padding: 0 |   
                             Padding Ratio (%): 0% | Total Number of Examples:  
                             20,736 | Total Number of Elements: 27,601,187 |    
                             Total Number of Target Elements: 9,620,234 | Peak  
                             Active Device Memory: 64.66 GiB | Peak Active      
                             Device Memory (%): 82% | Peak Reserved Device      
                             Memory: 74.51 GiB | Peak Reserved Device Memory    
                             (%): 95%                                           
[08/20/25 02:02:05] INFO     fairseq2 - Train Metrics (step 325) - DPO Loss:    
                             3.73578e-05 | Chosen Sequence Log Probabilities:   
                             -360.227 | Rejected Sequence Log Probabilities:    
                             -604.133 | Chosen Sequence Length: 403.188 |       
                             Rejected Sequence Length: 300.812 | NLL Loss:      
                             0.89316 | Gradient Norm: 0.0162868 | Data Epoch: 7 
                             | Data Time: <1s | Compute Time: 14s | Lapse Time: 
                             14s | Total Time: 4,930s | Wall Time: 4,930s |     
                             Learning Rate: 6.62231e-07 | Batch Size: 64 |      
                             Elements per Batch: 77,230 | Elements per Second:  
                             5,268 | Number of Examples: 64 | Number of         
                             Elements: 77,230 | Number of Target Elements:      
                             25,804 | Padding: 0 | Padding Ratio (%): 0% | Total
                             Number of Examples: 20,800 | Total Number of       
                             Elements: 27,678,417 | Total Number of Target      
                             Elements: 9,646,038 | Peak Active Device Memory:   
                             64.46 GiB | Peak Active Device Memory (%): 82% |   
                             Peak Reserved Device Memory: 73.64 GiB | Peak      
                             Reserved Device Memory (%): 93%                    
[08/20/25 02:02:18] INFO     fairseq2 - Train Metrics (step 326) - DPO Loss:    
                             1.82649e-05 | Chosen Sequence Log Probabilities:   
                             -482.912 | Rejected Sequence Log Probabilities:    
                             -683.734 | Chosen Sequence Length: 472.406 |       
                             Rejected Sequence Length: 368.672 | NLL Loss:      
                             1.02246 | Gradient Norm: 0.00677503 | Data Epoch: 7
                             | Data Time: <1s | Compute Time: 13s | Lapse Time: 
                             13s | Total Time: 4,943s | Wall Time: 4,943s |     
                             Learning Rate: 6.61979e-07 | Batch Size: 64 |      
                             Elements per Batch: 79,806 | Elements per Second:  
                             6,074 | Number of Examples: 64 | Number of         
                             Elements: 79,806 | Number of Target Elements:      
                             30,234 | Padding: 0 | Padding Ratio (%): 0% | Total
                             Number of Examples: 20,864 | Total Number of       
                             Elements: 27,758,223 | Total Number of Target      
                             Elements: 9,676,272 | Peak Active Device Memory:   
                             60.12 GiB | Peak Active Device Memory (%): 76% |   
                             Peak Reserved Device Memory: 70.44 GiB | Peak      
                             Reserved Device Memory (%): 89%                    
[08/20/25 02:02:28] INFO     fairseq2 - Train Metrics (step 327) - DPO Loss:    
                             2.48669e-05 | Chosen Sequence Log Probabilities:   
                             -398.082 | Rejected Sequence Log Probabilities:    
                             -590.531 | Chosen Sequence Length: 417.672 |       
                             Rejected Sequence Length: 320.109 | NLL Loss:      
                             0.953288 | Gradient Norm: 0.0340098 | Data Epoch: 7
                             | Data Time: <1s | Compute Time: 10s | Lapse Time: 
                             10s | Total Time: 4,953s | Wall Time: 4,953s |     
                             Learning Rate: 6.61725e-07 | Batch Size: 64 |      
                             Elements per Batch: 72,401 | Elements per Second:  
                             7,151 | Number of Examples: 64 | Number of         
                             Elements: 72,401 | Number of Target Elements:      
                             26,731 | Padding: 0 | Padding Ratio (%): 0% | Total
                             Number of Examples: 20,928 | Total Number of       
                             Elements: 27,830,624 | Total Number of Target      
                             Elements: 9,703,003 | Peak Active Device Memory:   
                             61.23 GiB | Peak Active Device Memory (%): 78% |   
                             Peak Reserved Device Memory: 73.36 GiB | Peak      
                             Reserved Device Memory (%): 93%                    
[08/20/25 02:02:44] INFO     fairseq2 - Train Metrics (step 328) - DPO Loss:    
                             2.69029e-05 | Chosen Sequence Log Probabilities:   
                             -545.42 | Rejected Sequence Log Probabilities:     
                             -700.789 | Chosen Sequence Length: 548.5 | Rejected
                             Sequence Length: 430.203 | NLL Loss: 0.994531 |    
                             Gradient Norm: 0.0155843 | Data Epoch: 7 | Data    
                             Time: <1s | Compute Time: 15s | Lapse Time: 15s |  
                             Total Time: 4,968s | Wall Time: 4,968s | Learning  
                             Rate: 6.61471e-07 | Batch Size: 64 | Elements per  
                             Batch: 97,427 | Elements per Second: 6,427 | Number
                             of Examples: 64 | Number of Elements: 97,427 |     
                             Number of Target Elements: 35,104 | Padding: 0 |   
                             Padding Ratio (%): 0% | Total Number of Examples:  
                             20,992 | Total Number of Elements: 27,928,051 |    
                             Total Number of Target Elements: 9,738,107 | Peak  
                             Active Device Memory: 59.94 GiB | Peak Active      
                             Device Memory (%): 76% | Peak Reserved Device      
                             Memory: 73.36 GiB | Peak Reserved Device Memory    
                             (%): 93%                                           
[08/20/25 02:03:00] INFO     fairseq2 - Train Metrics (step 329) - DPO Loss:    
                             4.06537e-05 | Chosen Sequence Log Probabilities:   
                             -493.32 | Rejected Sequence Log Probabilities:     
                             -690.578 | Chosen Sequence Length: 554.5 | Rejected
                             Sequence Length: 349.172 | NLL Loss: 0.889129 |    
                             Gradient Norm: 0.0142164 | Data Epoch: 7 | Data    
                             Time: <1s | Compute Time: 16s | Lapse Time: 16s |  
                             Total Time: 4,985s | Wall Time: 4,985s | Learning  
                             Rate: 6.61216e-07 | Batch Size: 64 | Elements per  
                             Batch: 98,161 | Elements per Second: 6,041 | Number
                             of Examples: 64 | Number of Elements: 98,161 |     
                             Number of Target Elements: 35,488 | Padding: 0 |   
                             Padding Ratio (%): 0% | Total Number of Examples:  
                             21,056 | Total Number of Elements: 28,026,212 |    
                             Total Number of Target Elements: 9,773,595 | Peak  
                             Active Device Memory: 63.43 GiB | Peak Active      
                             Device Memory (%): 81% | Peak Reserved Device      
                             Memory: 74.81 GiB | Peak Reserved Device Memory    
                             (%): 95%                                           
[08/20/25 02:03:15] INFO     fairseq2 - Train Metrics (step 330) - DPO Loss:    
                             9.6121e-06 | Chosen Sequence Log Probabilities:    
                             -486.158 | Rejected Sequence Log Probabilities:    
                             -648.047 | Chosen Sequence Length: 449.312 |       
                             Rejected Sequence Length: 348.5 | NLL Loss: 1.08215
                             | Gradient Norm: 0.0050095 | Data Epoch: 7 | Data  
                             Time: <1s | Compute Time: 14s | Lapse Time: 14s |  
                             Total Time: 5,000s | Wall Time: 5,000s | Learning  
                             Rate: 6.60961e-07 | Batch Size: 64 | Elements per  
                             Batch: 84,186 | Elements per Second: 5,644 | Number
                             of Examples: 64 | Number of Elements: 84,186 |     
                             Number of Target Elements: 28,756 | Padding: 0 |   
                             Padding Ratio (%): 0% | Total Number of Examples:  
                             21,120 | Total Number of Elements: 28,110,398 |    
                             Total Number of Target Elements: 9,802,351 | Peak  
                             Active Device Memory: 64.81 GiB | Peak Active      
                             Device Memory (%): 82% | Peak Reserved Device      
                             Memory: 74.77 GiB | Peak Reserved Device Memory    
                             (%): 95%                                           
[08/20/25 02:03:31] INFO     fairseq2 - Train Metrics (step 331) - DPO Loss:    
                             4.51425e-05 | Chosen Sequence Log Probabilities:   
                             -513.894 | Rejected Sequence Log Probabilities:    
                             -709.672 | Chosen Sequence Length: 434.688 |       
                             Rejected Sequence Length: 339.906 | NLL Loss:      
                             1.18172 | Gradient Norm: 0.0315164 | Data Epoch: 7 
                             | Data Time: <1s | Compute Time: 15s | Lapse Time: 
                             15s | Total Time: 5,015s | Wall Time: 5,015s |     
                             Learning Rate: 6.60704e-07 | Batch Size: 64 |      
                             Elements per Batch: 82,742 | Elements per Second:  
                             5,304 | Number of Examples: 64 | Number of         
                             Elements: 82,742 | Number of Target Elements:      
                             27,820 | Padding: 0 | Padding Ratio (%): 0% | Total
                             Number of Examples: 21,184 | Total Number of       
                             Elements: 28,193,140 | Total Number of Target      
                             Elements: 9,830,171 | Peak Active Device Memory:   
                             61.97 GiB | Peak Active Device Memory (%): 79% |   
                             Peak Reserved Device Memory: 73.95 GiB | Peak      
                             Reserved Device Memory (%): 94%                    
[08/20/25 02:03:43] INFO     fairseq2 - Train Metrics (step 332) - DPO Loss:    
                             2.52502e-05 | Chosen Sequence Log Probabilities:   
                             -430.477 | Rejected Sequence Log Probabilities:    
                             -631.148 | Chosen Sequence Length: 418.672 |       
                             Rejected Sequence Length: 343.75 | NLL Loss: 1.0281
                             | Gradient Norm: 0.00786425 | Data Epoch: 7 | Data 
                             Time: <1s | Compute Time: 12s | Lapse Time: 12s |  
                             Total Time: 5,028s | Wall Time: 5,028s | Learning  
                             Rate: 6.60447e-07 | Batch Size: 64 | Elements per  
                             Batch: 70,232 | Elements per Second: 5,564 | Number
                             of Examples: 64 | Number of Elements: 70,232 |     
                             Number of Target Elements: 26,795 | Padding: 0 |   
                             Padding Ratio (%): 0% | Total Number of Examples:  
                             21,248 | Total Number of Elements: 28,263,372 |    
                             Total Number of Target Elements: 9,856,966 | Peak  
                             Active Device Memory: 62.10 GiB | Peak Active      
                             Device Memory (%): 79% | Peak Reserved Device      
                             Memory: 73.95 GiB | Peak Reserved Device Memory    
                             (%): 94%                                           
[08/20/25 02:03:59] INFO     fairseq2 - Train Metrics (step 333) - DPO Loss:    
                             4.68704e-05 | Chosen Sequence Log Probabilities:   
                             -359.621 | Rejected Sequence Log Probabilities:    
                             -530.609 | Chosen Sequence Length: 340.25 |        
                             Rejected Sequence Length: 284.219 | NLL Loss:      
                             1.05707 | Gradient Norm: 0.0164571 | Data Epoch: 7 
                             | Data Time: <1s | Compute Time: 15s | Lapse Time: 
                             15s | Total Time: 5,044s | Wall Time: 5,044s |     
                             Learning Rate: 6.60188e-07 | Batch Size: 64 |      
                             Elements per Batch: 73,897 | Elements per Second:  
                             4,803 | Number of Examples: 64 | Number of         
                             Elements: 73,897 | Number of Target Elements:      
                             21,776 | Padding: 0 | Padding Ratio (%): 0% | Total
                             Number of Examples: 21,312 | Total Number of       
                             Elements: 28,337,269 | Total Number of Target      
                             Elements: 9,878,742 | Peak Active Device Memory:   
                             65.28 GiB | Peak Active Device Memory (%): 83% |   
                             Peak Reserved Device Memory: 74.62 GiB | Peak      
                             Reserved Device Memory (%): 95%                    
[08/20/25 02:04:14] INFO     fairseq2 - Train Metrics (step 334) - DPO Loss:    
                             9.92106e-06 | Chosen Sequence Log Probabilities:   
                             -409.098 | Rejected Sequence Log Probabilities:    
                             -621.922 | Chosen Sequence Length: 419.281 |       
                             Rejected Sequence Length: 306.422 | NLL Loss:      
                             0.976322 | Gradient Norm: 0.00529106 | Data Epoch: 
                             7 | Data Time: <1s | Compute Time: 15s | Lapse     
                             Time: 15s | Total Time: 5,059s | Wall Time: 5,059s 
                             | Learning Rate: 6.5993e-07 | Batch Size: 64 |     
                             Elements per Batch: 82,975 | Elements per Second:  
                             5,494 | Number of Examples: 64 | Number of         
                             Elements: 82,975 | Number of Target Elements:      
                             26,834 | Padding: 0 | Padding Ratio (%): 0% | Total
                             Number of Examples: 21,376 | Total Number of       
                             Elements: 28,420,244 | Total Number of Target      
                             Elements: 9,905,576 | Peak Active Device Memory:   
                             59.88 GiB | Peak Active Device Memory (%): 76% |   
                             Peak Reserved Device Memory: 69.82 GiB | Peak      
                             Reserved Device Memory (%): 89%                    
[08/20/25 02:04:27] INFO     fairseq2 - Train Metrics (step 335) - DPO Loss:    
                             8.03764e-06 | Chosen Sequence Log Probabilities:   
                             -504.354 | Rejected Sequence Log Probabilities:    
                             -717.969 | Chosen Sequence Length: 469.344 |       
                             Rejected Sequence Length: 368.703 | NLL Loss:      
                             1.07452 | Gradient Norm: 0.00556726 | Data Epoch: 7
                             | Data Time: <1s | Compute Time: 13s | Lapse Time: 
                             13s | Total Time: 5,072s | Wall Time: 5,072s |     
                             Learning Rate: 6.5967e-07 | Batch Size: 64 |       
                             Elements per Batch: 85,135 | Elements per Second:  
                             6,387 | Number of Examples: 64 | Number of         
                             Elements: 85,135 | Number of Target Elements:      
                             30,038 | Padding: 0 | Padding Ratio (%): 0% | Total
                             Number of Examples: 21,440 | Total Number of       
                             Elements: 28,505,379 | Total Number of Target      
                             Elements: 9,935,614 | Peak Active Device Memory:   
                             65.24 GiB | Peak Active Device Memory (%): 83% |   
                             Peak Reserved Device Memory: 74.36 GiB | Peak      
                             Reserved Device Memory (%): 94%                    
[08/20/25 02:04:43] INFO     fairseq2 - Train Metrics (step 336) - DPO Loss:    
                             4.11457e-05 | Chosen Sequence Log Probabilities:   
                             -544.436 | Rejected Sequence Log Probabilities:    
                             -760.531 | Chosen Sequence Length: 505.922 |       
                             Rejected Sequence Length: 342 | NLL Loss: 1.07631 |
                             Gradient Norm: 0.0180977 | Data Epoch: 7 | Data    
                             Time: <1s | Compute Time: 15s | Lapse Time: 15s |  
                             Total Time: 5,088s | Wall Time: 5,088s | Learning  
                             Rate: 6.59409e-07 | Batch Size: 64 | Elements per  
                             Batch: 85,078 | Elements per Second: 5,483 | Number
                             of Examples: 64 | Number of Elements: 85,078 |     
                             Number of Target Elements: 32,379 | Padding: 0 |   
                             Padding Ratio (%): 0% | Total Number of Examples:  
                             21,504 | Total Number of Elements: 28,590,457 |    
                             Total Number of Target Elements: 9,967,993 | Peak  
                             Active Device Memory: 60.31 GiB | Peak Active      
                             Device Memory (%): 77% | Peak Reserved Device      
                             Memory: 71.24 GiB | Peak Reserved Device Memory    
                             (%): 90%                                           
[08/20/25 02:05:01] INFO     fairseq2 - Train Metrics (step 337) - DPO Loss:    
                             1.16056e-05 | Chosen Sequence Log Probabilities:   
                             -490.961 | Rejected Sequence Log Probabilities:    
                             -688.562 | Chosen Sequence Length: 445.797 |       
                             Rejected Sequence Length: 297.531 | NLL Loss:      
                             1.10141 | Gradient Norm: 0.00685132 | Data Epoch: 7
                             | Data Time: <1s | Compute Time: 18s | Lapse Time: 
                             18s | Total Time: 5,106s | Wall Time: 5,106s |     
                             Learning Rate: 6.59148e-07 | Batch Size: 64 |      
                             Elements per Batch: 89,794 | Elements per Second:  
                             4,949 | Number of Examples: 64 | Number of         
                             Elements: 89,794 | Number of Target Elements:      
                             28,531 | Padding: 0 | Padding Ratio (%): 0% | Total
                             Number of Examples: 21,568 | Total Number of       
                             Elements: 28,680,251 | Total Number of Target      
                             Elements: 9,996,524 | Peak Active Device Memory:   
                             61.15 GiB | Peak Active Device Memory (%): 78% |   
                             Peak Reserved Device Memory: 71.26 GiB | Peak      
                             Reserved Device Memory (%): 90%                    
[08/20/25 02:05:13] INFO     fairseq2 - Train Metrics (step 338) - DPO Loss:    
                             2.05158e-05 | Chosen Sequence Log Probabilities:   
                             -561.531 | Rejected Sequence Log Probabilities:    
                             -782.953 | Chosen Sequence Length: 475.547 |       
                             Rejected Sequence Length: 347.875 | NLL Loss:      
                             1.18083 | Gradient Norm: 0.011688 | Data Epoch: 7 |
                             Data Time: <1s | Compute Time: 11s | Lapse Time:   
                             11s | Total Time: 5,117s | Wall Time: 5,117s |     
                             Learning Rate: 6.58886e-07 | Batch Size: 64 |      
                             Elements per Batch: 74,877 | Elements per Second:  
                             6,610 | Number of Examples: 64 | Number of         
                             Elements: 74,877 | Number of Target Elements:      
                             30,435 | Padding: 0 | Padding Ratio (%): 0% | Total
                             Number of Examples: 21,632 | Total Number of       
                             Elements: 28,755,128 | Total Number of Target      
                             Elements: 10,026,959 | Peak Active Device Memory:  
                             59.86 GiB | Peak Active Device Memory (%): 76% |   
                             Peak Reserved Device Memory: 71.26 GiB | Peak      
                             Reserved Device Memory (%): 90%                    
[08/20/25 02:05:24] INFO     fairseq2 - Train Metrics (step 339) - DPO Loss:    
                             7.89043e-06 | Chosen Sequence Log Probabilities:   
                             -489.867 | Rejected Sequence Log Probabilities:    
                             -732.359 | Chosen Sequence Length: 475.188 |       
                             Rejected Sequence Length: 354.297 | NLL Loss:      
                             1.03089 | Gradient Norm: 0.00713837 | Data Epoch: 7
                             | Data Time: <1s | Compute Time: 11s | Lapse Time: 
                             11s | Total Time: 5,129s | Wall Time: 5,129s |     
                             Learning Rate: 6.58623e-07 | Batch Size: 64 |      
                             Elements per Batch: 80,523 | Elements per Second:  
                             7,282 | Number of Examples: 64 | Number of         
                             Elements: 80,523 | Number of Target Elements:      
                             30,412 | Padding: 0 | Padding Ratio (%): 0% | Total
                             Number of Examples: 21,696 | Total Number of       
                             Elements: 28,835,651 | Total Number of Target      
                             Elements: 10,057,371 | Peak Active Device Memory:  
                             61.43 GiB | Peak Active Device Memory (%): 78% |   
                             Peak Reserved Device Memory: 73.20 GiB | Peak      
                             Reserved Device Memory (%): 93%                    
[08/20/25 02:05:38] INFO     fairseq2 - Train Metrics (step 340) - DPO Loss:    
                             2.96459e-05 | Chosen Sequence Log Probabilities:   
                             -472.109 | Rejected Sequence Log Probabilities:    
                             -679.594 | Chosen Sequence Length: 450.266 |       
                             Rejected Sequence Length: 345.906 | NLL Loss:      
                             1.04839 | Gradient Norm: 0.0117186 | Data Epoch: 7 
                             | Data Time: <1s | Compute Time: 13s | Lapse Time: 
                             13s | Total Time: 5,142s | Wall Time: 5,142s |     
                             Learning Rate: 6.58359e-07 | Batch Size: 64 |      
                             Elements per Batch: 76,421 | Elements per Second:  
                             5,602 | Number of Examples: 64 | Number of         
                             Elements: 76,421 | Number of Target Elements:      
                             28,817 | Padding: 0 | Padding Ratio (%): 0% | Total
                             Number of Examples: 21,760 | Total Number of       
                             Elements: 28,912,072 | Total Number of Target      
                             Elements: 10,086,188 | Peak Active Device Memory:  
                             63.86 GiB | Peak Active Device Memory (%): 81% |   
                             Peak Reserved Device Memory: 74.64 GiB | Peak      
                             Reserved Device Memory (%): 95%                    
[08/20/25 02:05:51] INFO     fairseq2 - Train Metrics (step 341) - DPO Loss:    
                             8.67896e-06 | Chosen Sequence Log Probabilities:   
                             -435.926 | Rejected Sequence Log Probabilities:    
                             -656.719 | Chosen Sequence Length: 405.078 |       
                             Rejected Sequence Length: 345.656 | NLL Loss:      
                             1.07626 | Gradient Norm: 0.00527443 | Data Epoch: 7
                             | Data Time: <1s | Compute Time: 13s | Lapse Time: 
                             13s | Total Time: 5,156s | Wall Time: 5,156s |     
                             Learning Rate: 6.58095e-07 | Batch Size: 64 |      
                             Elements per Batch: 72,505 | Elements per Second:  
                             5,242 | Number of Examples: 64 | Number of         
                             Elements: 72,505 | Number of Target Elements:      
                             25,925 | Padding: 0 | Padding Ratio (%): 0% | Total
                             Number of Examples: 21,824 | Total Number of       
                             Elements: 28,984,577 | Total Number of Target      
                             Elements: 10,112,113 | Peak Active Device Memory:  
                             60.50 GiB | Peak Active Device Memory (%): 77% |   
                             Peak Reserved Device Memory: 72.15 GiB | Peak      
                             Reserved Device Memory (%): 92%                    
[08/20/25 02:06:07] INFO     fairseq2 - Train Metrics (step 342) - DPO Loss:    
                             1.12596e-05 | Chosen Sequence Log Probabilities:   
                             -548.46 | Rejected Sequence Log Probabilities:     
                             -748.391 | Chosen Sequence Length: 482.469 |       
                             Rejected Sequence Length: 360.156 | NLL Loss:      
                             1.13686 | Gradient Norm: 0.0057143 | Data Epoch: 7 
                             | Data Time: <1s | Compute Time: 15s | Lapse Time: 
                             15s | Total Time: 5,171s | Wall Time: 5,171s |     
                             Learning Rate: 6.5783e-07 | Batch Size: 64 |       
                             Elements per Batch: 93,246 | Elements per Second:  
                             6,212 | Number of Examples: 64 | Number of         
                             Elements: 93,246 | Number of Target Elements:      
                             30,878 | Padding: 0 | Padding Ratio (%): 0% | Total
                             Number of Examples: 21,888 | Total Number of       
                             Elements: 29,077,823 | Total Number of Target      
                             Elements: 10,142,991 | Peak Active Device Memory:  
                             65.36 GiB | Peak Active Device Memory (%): 83% |   
                             Peak Reserved Device Memory: 73.99 GiB | Peak      
                             Reserved Device Memory (%): 94%                    
[08/20/25 02:06:22] INFO     fairseq2 - Train Metrics (step 343) - DPO Loss:    
                             3.57697e-05 | Chosen Sequence Log Probabilities:   
                             -529.907 | Rejected Sequence Log Probabilities:    
                             -765.531 | Chosen Sequence Length: 462 | Rejected  
                             Sequence Length: 339.703 | NLL Loss: 1.14718 |     
                             Gradient Norm: 0.0113201 | Data Epoch: 7 | Data    
                             Time: <1s | Compute Time: 15s | Lapse Time: 15s |  
                             Total Time: 5,187s | Wall Time: 5,187s | Learning  
                             Rate: 6.57564e-07 | Batch Size: 64 | Elements per  
                             Batch: 78,444 | Elements per Second: 5,020 | Number
                             of Examples: 64 | Number of Elements: 78,444 |     
                             Number of Target Elements: 29,568 | Padding: 0 |   
                             Padding Ratio (%): 0% | Total Number of Examples:  
                             21,952 | Total Number of Elements: 29,156,267 |    
                             Total Number of Target Elements: 10,172,559 | Peak 
                             Active Device Memory: 59.97 GiB | Peak Active      
                             Device Memory (%): 76% | Peak Reserved Device      
                             Memory: 69.71 GiB | Peak Reserved Device Memory    
                             (%): 89%                                           

srun: error: cr1-h100-p548xlarge-266: task 8: Exited with exit code 1
srun: Terminating StepId=1557346.0
slurmstepd: error: *** STEP 1557346.0 ON cr1-h100-p548xlarge-255 CANCELLED AT 2025-08-20T02:06:32 ***
srun: error: cr1-h100-p548xlarge-266: task 10: Terminated
srun: error: cr1-h100-p548xlarge-266: tasks 13,15: Terminated
srun: error: cr1-h100-p548xlarge-266: task 9: Terminated
srun: error: cr1-h100-p548xlarge-255: tasks 0-1,3,6: Terminated
srun: error: cr1-h100-p548xlarge-266: task 11: Terminated
srun: error: cr1-h100-p548xlarge-266: task 12: Terminated
srun: error: cr1-h100-p548xlarge-255: task 7: Terminated
srun: error: cr1-h100-p548xlarge-266: task 14: Terminated
srun: error: cr1-h100-p548xlarge-255: task 5: Terminated
srun: error: cr1-h100-p548xlarge-255: task 2: Terminated
srun: error: cr1-h100-p548xlarge-255: task 4: Terminated
srun: Force Terminated StepId=1557346.0
