/var/spool/slurmd/job1474632/slurm_script: line 21: /fsx-ram/chuanyang/miniconda3/bin/activate: No such file or directory
[07/18/25 14:33:25] INFO     fairseq2 - Log files are stored under              
                             /checkpoint/ram/chuanyang/dpo/rlhi_0718_combined_co
                             mbined_preference_pairs_0718_6.1k_LR1e-7_FLR1e-17_B
                             T0.1_WP30_EPS1e-8.                                 
                    INFO     fairseq2 - Config:                                 
                             {                                                  
                                 'model': {                                     
                                     'name': 'llama3_1_8b_instruct',            
                                     'family': None,                            
                                     'arch': None,                              
                                     'config': {'dropout_p': 0.0},              
                                     'checkpoint': None                         
                                 },                                             
                                 'dataset': {                                   
                                     'name': 'dpo_rip',                         
                                     'path':                                    
                             '/home/chuanyang/data/combined_preference_pairs_071
                             8_6.1k.jsonl',                                     
                                     'family': 'generic_preference',            
                                     'source_encode_mode': 'prompt',            
                                     'target_encode_mode': 'prompt_response',   
                                     'mask_source_tokens': True,                
                                     'min_seq_len': 1,                          
                                     'max_seq_len': 8192,                       
                                     'max_num_tokens': 16384,                   
                                     'batch_size': 1,                           
                                     'example_shuffle_window': 10000,           
                                     'batch_shuffle_window': 1000,              
                                     'num_prefetch': 4,                         
                                     'extras': {}                               
                                 },                                             
                                 'gang': {                                      
                                     'tensor_parallel_size': 1,                 
                                     'timeout': 15,                             
                                     'high_priority': True,                     
                                     'monitored': False                         
                                 },                                             
                                 'trainer': {                                   
                                     'dtype': 'bfloat16',                       
                                     'data_parallelism': 'fsdp',                
                                     'fsdp': {                                  
                                         'version': 'v1',                       
                                         'granularity': 'layer',                
                                         'hsdp': False,                         
                                         'reshard_after_forward': True,         
                                         'fp32_reduce': True                    
                                     },                                         
                                     'mixed_precision': 'static',               
                                     'gradient_accumulation': 4,                
                                     'activation_checkpointing': True,          
                                     'max_gradient_norm': 1.0,                  
                                     'fp16_loss_scale': [128.0, 0.0001],        
                                     'torch_compile': False,                    
                                     'gc_every_n_steps': None,                  
                                     'profile': None,                           
                                     'gradient_check': False,                   
                                     'anomaly_detection': False                 
                                 },                                             
                                 'criterion': {                                 
                                     'name': 'dpo',                             
                                     'config': {                                
                                         'reference_model': {'name':            
                             'llama3_1_8b_instruct'},                           
                                         'reference_dtype': 'bfloat16',         
                                         'beta': 0.1,                           
                                         'nll_scale': 0.0,                      
                                         'length_normalization': False          
                                     }                                          
                                 },                                             
                                 'optimizer': {                                 
                                     'name': 'adamw',                           
                                     'config': {                                
                                         'lr': '1e-7',                          
                                         'betas': [0.9, 0.95],                  
                                         'eps': '1e-8',                         
                                         'weight_decay': 0.1,                   
                                         'amsgrad': False,                      
                                         'maximize': False,                     
                                         'capturable': False,                   
                                         'differentiable': False,               
                                         'impl': 'auto',                        
                                         'use_fp32': False                      
                                     }                                          
                                 },                                             
                                 'lr_scheduler': {                              
                                     'name': 'cosine_annealing',                
                                     'config': {                                
                                         'cycle_len': None,                     
                                         'num_warmup_steps': 30,                
                                         'cycle_mul': 1.0,                      
                                         'lr_mul': 1.0,                         
                                         'start_lr': 0.0,                       
                                         'final_lr': None,                      
                                         'final_lr_scale': '1e-10'              
                                     }                                          
                                 },                                             
                                 'regime': {                                    
                                     'num_steps': 2000,                         
                                     'num_data_epochs': 100,                    
                                     'score_metric': None,                      
                                     'lower_score_better': False,               
                                     'validate_after_n_steps': 0,               
                                     'validate_every_n_steps': None,            
                                     'validate_after_n_data_epochs': 0,         
                                     'validate_every_n_data_epochs': None,      
                                     'checkpoint_after_n_steps': 0,             
                                     'checkpoint_every_n_steps': 500,           
                                     'checkpoint_after_n_data_epochs': 0,       
                                     'checkpoint_every_n_data_epochs': 1,       
                                     'keep_last_n_checkpoints': 1,              
                                     'keep_best_n_checkpoints': None,           
                                     'keep_last_n_models': 100000,              
                                     'keep_best_n_models': None,                
                                     'publish_metrics_after_n_steps': 0,        
                                     'publish_metrics_every_n_steps': 1,        
                                     'publish_metrics_after_n_data_epochs': 1,  
                                     'publish_metrics_every_n_data_epochs': None
                                 },                                             
                                 'common': {                                    
                                     'metric_recorders': {                      
                                         'log': {'enabled': True},              
                                         'jsonl': {'enabled': True},            
                                         'tensorboard': {'enabled': True},      
                                         'wandb': {'enabled': False, 'project': 
                             None, 'run': None}                                 
                                     },                                         
                                     'profilers': {                             
                                         'torch': {                             
                                             'enabled': False,                  
                                             'skip_n_steps': 4,                 
                                             'wait_n_steps': 0,                 
                                             'num_warmup_steps': 1,             
                                             'num_active_steps': 4,             
                                             'repeat': 1                        
                                         }                                      
                                     },                                         
                                     'assets': {'extra_path': None,             
                             'checkpoint_dir': None},                           
                                     'seed': 2                                  
                                 }                                              
                             }                                                  
[07/18/25 14:33:28] INFO     fairseq2 - Setting 'cuda:0' as the default device  
                             of the process.                                    
                    INFO     fairseq2 - Host - Name: cr1-h100-p548xlarge-155 |  
                             Platform:                                          
                             Linux-6.8.0-1029-aws-x86_64-with-glibc2.35 | Linux 
                             Distribution: Ubuntu 22.04.5 LTS | Number of CPUs: 
                             10/192 (0,48,58-60,96,144,154-156) | Memory: 1.95  
                             TiB                                                
                    INFO     fairseq2 - Device - ID: cuda:0 | Name: NVIDIA H100 
                             80GB HBM3 | Memory: 79.19 GiB | Number of SMs: 132 
                             | Compute Capability: 9.0                          
                    INFO     fairseq2 - Software - Python: 3.10.14 | PyTorch:   
                             2.6.0+cu124 | CUDA: 12.4 | NCCL: 2.21.5 | fairseq2:
                             0.4.5 | fairseq2n: 0.4.5+cu124 | Python            
                             Environment: Conda                                 
                             (/home/chuanyang/miniconda3/envs/fairseq2)         
                    INFO     fairseq2 - Runtime Environment - Process ID: 9358 |
                             PyTorch Intraop Thread Count: 10                   
                    INFO     fairseq2 - Environment Variables -                 
                             SLURM_GPUS_PER_NODE=8, SLURM_TRES_PER_TASK=cpu=10, 
                             OMPI_MCA_plm_slurm_args=--external-launcher,       
                             PRTE_MCA_plm_slurm_args=--external-launcher,       
                             HYDRA_BOOTSTRAP=slurm,                             
                             HYDRA_LAUNCHER_EXTRA_ARGS=--external-launcher,     
                             I_MPI_HYDRA_BOOTSTRAP=slurm,                       
                             I_MPI_HYDRA_BOOTSTRAP_EXEC_EXTRA_ARGS=--external-la
                             uncher, SHELL=/bin/bash, COLORTERM=truecolor,      
                             SLURM_JOB_USER=chuanyang,                          
                             SLURM_TASKS_PER_NODE=8(x2), SLURM_JOB_UID=694137,  
                             TERM_PROGRAM_VERSION=1.101.2, SLURM_TASK_PID=9358, 
                             CONDA_EXE=/home/chuanyang/miniconda3/bin/conda,    
                             SLURM_JOB_GPUS=0,1,2,3,4,5,6,7, SLURM_LOCALID=0,   
                             SLURM_SUBMIT_DIR=/opt/hpcaas/.mounts/fs-072917c00f0
                             1ae1ba/home/chuanyang/dpo,                         
                             HOSTNAME=cr1-h100-p548xlarge-155,                  
                             SLURMD_NODENAME=cr1-h100-p548xlarge-155,           
                             SLURM_JOB_START_TIME=1752849170,                   
                             SSH_AUTH_SOCK=/run/user/694137/vscode-ssh-auth-sock
                             -799205681,                                        
                             CUDA_CACHE_PATH=/opt/dlami/nvme/chuanyang/.nv/Compu
                             teCache/, HISTTIMEFORMAT=%F %T ,                   
                             SLURM_CLUSTER_NAME=fair-aws-h100-1,                
                             SLURM_JOB_END_TIME=1752885170,                     
                             FI_EFA_USE_HUGE_PAGE=0, SLURM_CPUS_ON_NODE=80,     
                             SLURM_JOB_CPUS_PER_NODE=80(x2),                    
                             SLURM_GPUS_ON_NODE=8, PWD=/home/chuanyang/dpo,     
                             SLURM_GTIDS=0,1,2,3,4,5,6,7, LOGNAME=chuanyang,    
                             XDG_SESSION_TYPE=tty,                              
                             CONDA_PREFIX=/home/chuanyang/miniconda3/envs/fairse
                             q2, SLURM_JOB_PARTITION=learn,                     
                             MODULESHOME=/usr/share/modules, MANPATH=:,         
                             SLURM_OOM_KILL_STEP=0, SLURM_JOB_NUM_NODES=2,      
                             SLURM_OPEN_MODE=a,                                 
                             VSCODE_GIT_ASKPASS_NODE=/opt/hpcaas/.mounts/fs-0729
                             17c00f01ae1ba/home/chuanyang/.vscode-server/cli/ser
                             vers/Stable-2901c5ac6db8a986a5666c3af51ff804d05af0d
                             4/server/node, SLURM_JOBID=1474632,                
                             SLURM_JOB_QOS=ram_high, MOTD_SHOWN=pam,            
                             HOME=/home/chuanyang, LANG=C.UTF-8, SLURM_PROCID=0,
                             CLUSTER_ID=fair-aws-h100-1,                        
                             SSL_CERT_DIR=/usr/lib/ssl/certs,                   
                             CONDA_PROMPT_MODIFIER=(fairseq2) , TMPDIR=/tmp,    
                             GIT_ASKPASS=/opt/hpcaas/.mounts/fs-072917c00f01ae1b
                             a/home/chuanyang/.vscode-server/cli/servers/Stable-
                             2901c5ac6db8a986a5666c3af51ff804d05af0d4/server/ext
                             ensions/git/dist/askpass.sh,                       
                             SLURM_CPUS_PER_TASK=10, SLURM_NTASKS=16,           
                             SLURM_TOPOLOGY_ADDR=cr1-h100-p548xlarge-155,       
                             SSH_CONNECTION=163.114.130.8 38519 10.200.245.71   
                             22, VSCODE_GIT_ASKPASS_EXTRA_ARGS=,                
                             SLURM_TOPOLOGY_ADDR_PATTERN=node,                  
                             CUDA_VISIBLE_DEVICES=0, LESSCLOSE=/usr/bin/lesspipe
                             %s %s, XDG_SESSION_CLASS=user,                     
                             SLURM_SCRIPT_CONTEXT=prolog_task,                  
                             TERM=xterm-256color, LESSOPEN=| /usr/bin/lesspipe  
                             %s, USER=chuanyang,                                
                             SLURM_NODELIST=cr1-h100-p548xlarge-[155-156],      
                             VSCODE_GIT_IPC_HANDLE=/run/user/694137/vscode-git-5
                             4d05a38a8.sock, ENVIRONMENT=BATCH, CONDA_SHLVL=2,  
                             LOADEDMODULES=, SLURM_JOB_ACCOUNT=ram,             
                             SLURM_PRIO_PROCESS=0, SLURM_NPROCS=16, SHLVL=3,    
                             SLURM_NNODES=2, XDG_SESSION_ID=4429,               
                             SLURM_SUBMIT_HOST=submit-1,                        
                             CONDA_PYTHON_EXE=/home/chuanyang/miniconda3/bin/pyt
                             hon,                                               
                             LD_LIBRARY_PATH=/opt/amazon/efa/lib:/opt/amazon/ope
                             nmpi/lib:/opt/amazon/ofi-nccl/lib:/usr/local/cuda-1
                             2.8/lib:/usr/local/cuda-12.8/lib64:/usr/local/cuda-
                             12.8:/usr/local/cuda-12.8/targets/x86_64-linux/lib/
                             :/usr/local/cuda-12.8/extras/CUPTI/lib64:/usr/local
                             /lib:/usr/lib:/opt/amazon/efa/lib:/opt/amazon/openm
                             pi/lib:/opt/amazon/ofi-nccl/lib:/usr/local/cuda-12.
                             8/lib:/usr/local/cuda-12.8/lib64:/usr/local/cuda-12
                             .8:/usr/local/cuda-12.8/targets/x86_64-linux/lib/:/
                             usr/local/cuda-12.8/extras/CUPTI/lib64:/usr/local/l
                             ib:/usr/lib:/opt/amazon/efa/lib:/opt/amazon/openmpi
                             /lib:/opt/amazon/ofi-nccl/lib:/usr/local/cuda-12.8/
                             lib:/usr/local/cuda-12.8/lib64:/usr/local/cuda-12.8
                             :/usr/local/cuda-12.8/targets/x86_64-linux/lib/:/us
                             r/local/cuda-12.8/extras/CUPTI/lib64:/usr/local/lib
                             :/usr/lib, XDG_RUNTIME_DIR=/run/user/694137,       
                             SLURM_JOB_ID=1474632,                              
                             SSL_CERT_FILE=/usr/lib/ssl/certs/ca-certificates.cr
                             t, SLURM_NODEID=0, SSH_CLIENT=163.114.130.8 38519  
                             22, CONDA_DEFAULT_ENV=fairseq2,                    
                             VSCODE_GIT_ASKPASS_MAIN=/opt/hpcaas/.mounts/fs-0729
                             17c00f01ae1ba/home/chuanyang/.vscode-server/cli/ser
                             vers/Stable-2901c5ac6db8a986a5666c3af51ff804d05af0d
                             4/server/extensions/git/dist/askpass-main.js,      
                             XDG_DATA_DIRS=/usr/local/share:/usr/share:/var/lib/
                             snapd/desktop,                                     
                             SLURM_CONF=/opt/slurm/etc/slurm.conf,              
                             BROWSER=/opt/hpcaas/.mounts/fs-072917c00f01ae1ba/ho
                             me/chuanyang/.vscode-server/cli/servers/Stable-2901
                             c5ac6db8a986a5666c3af51ff804d05af0d4/server/bin/hel
                             pers/browser.sh,                                   
                             PATH=/home/chuanyang/miniconda3/envs/fairseq2/bin:/
                             usr/local/sbin:/usr/local/bin:/usr/sbin:/usr/bin:/s
                             bin:/bin:/snap/bin:/opt/slurm/bin:/opt/slurm/sbin, 
                             SLURM_JOB_NAME=dpo_wildchat,                       
                             MODULEPATH=/opt/amazon/modules/modulefiles:/opt/ama
                             zon/modules/modulefiles:/etc/environment-modules/mo
                             dules:/usr/share/modules/versions:/usr/share/module
                             s/$MODULE_VERSION/modulefiles:/usr/share/modules/mo
                             dulefiles, SLURM_NTASKS_PER_NODE=8,                
                             DBUS_SESSION_BUS_ADDRESS=unix:path=/run/user/694137
                             /bus, CONDA_PREFIX_1=/home/chuanyang/miniconda3,   
                             SLURM_JOB_GID=694137,                              
                             OLDPWD=/home/chuanyang/dpo/slurm,                  
                             SLURM_JOB_NODELIST=cr1-h100-p548xlarge-[155-156],  
                             MODULES_CMD=/usr/lib/x86_64-linux-gnu/modulecmd.tcl
                             , TERM_PROGRAM=vscode,                             
                             VSCODE_IPC_HOOK_CLI=/run/user/694137/vscode-ipc-0a1
                             a8fb4-38ed-4186-b517-42b1eab1a3d8.sock,            
                             _=/opt/slurm/bin/srun, SLURM_MPI_TYPE=pmi2,        
                             SRUN_DEBUG=3, SLURM_UMASK=0002,                    
                             SLURM_DISTRIBUTION=block, SLURMD_DEBUG=2,          
                             SLURM_STEP_ID=0, SLURM_STEPID=0,                   
                             SLURM_STEP_NODELIST=cr1-h100-p548xlarge-[155-156], 
                             SLURM_STEP_NUM_NODES=2, SLURM_STEP_NUM_TASKS=16,   
                             SLURM_STEP_TASKS_PER_NODE=8(x2),                   
                             SLURM_STEP_LAUNCHER_PORT=61189,                    
                             SLURM_SRUN_COMM_PORT=61189,                        
                             SLURM_SRUN_COMM_HOST=10.200.230.249,               
                             SLURM_STEP_GPUS=0,1,2,3,4,5,6,7,                   
                             SLURM_CPU_BIND=quiet,mask_cpu:0x000000001C010000000
                             00001000000001C01000000000001,0x00000003E0000000000
                             0000000000003E000000000000000,0x0000007C00000000000
                             000000000007C0000000000000000,0x00000F8000000000000
                             0000000000F800000000000000000,0x0001F00000000000000
                             000000001F0000000000000000000,0x003E000000000000000
                             00000003E00000000000000000000,0x07C0000000000000000
                             0000007C000000000000000000000,0xF800000000000000000
                             00000F80000000000000000000000,                     
                             SLURM_CPU_BIND_LIST=0x000000001C0100000000000100000
                             0001C01000000000001,0x00000003E00000000000000000000
                             003E000000000000000,0x0000007C000000000000000000000
                             07C0000000000000000,0x00000F80000000000000000000000
                             F800000000000000000,0x0001F00000000000000000000001F
                             0000000000000000000,0x003E00000000000000000000003E0
                             0000000000000000000,0x07C00000000000000000000007C00
                             0000000000000000000,0xF80000000000000000000000F8000
                             0000000000000000000, SLURM_CPU_BIND_TYPE=mask_cpu:,
                             SLURM_CPU_BIND_VERBOSE=quiet,                      
                             SLURM_LAUNCH_NODE_IPADDR=10.200.230.249, PMI_FD=17,
                             PMI_JOBID=1474632.0, PMI_RANK=0, PMI_SIZE=16,      
                             WORLD_SIZE=16, RANK=0, LOCAL_WORLD_SIZE=8,         
                             LOCAL_RANK=0, MASTER_ADDR=cr1-h100-p548xlarge-155, 
                             MASTER_PORT=43702, TORCH_CPP_LOG_LEVEL=INFO,       
                             NCCL_DEBUG=INFO,                                   
                             NCCL_DEBUG_FILE=/checkpoint/ram/chuanyang/dpo/rlhi_
                             0718_combined_combined_preference_pairs_0718_6.1k_L
                             R1e-7_FLR1e-17_BT0.1_WP30_EPS1e-8/logs/nccl/rank_0.
                             log, CUDA_MODULE_LOADING=LAZY                      
                    INFO     fairseq2 - Initializing the root gang.             
                    INFO     fairseq2 - Setting the number of threads used for  
                             intra-op parallelism to 10.                        
[07/18/25 14:33:32] INFO     fairseq2 - Root gang initialized.                  
                    INFO     fairseq2 - Initializing the parallel gangs.        
                    INFO     fairseq2 - Initializing data parallel gang with a  
                             size of 16.                                        
                    INFO     fairseq2 - Initializing tensor parallel gang with a
                             size of 1.                                         
                    INFO     fairseq2 - Parallel gangs initialized.             
                    INFO     fairseq2 - Model Config:                           
                             LLaMAConfig(                                       
                                 model_dim=4096,                                
                                 max_seq_len=131072,                            
                                 vocab_info=VocabularyInfo(                     
                                     size=128256,                               
                                     unk_idx=None,                              
                                     bos_idx=128000,                            
                                     eos_idx=128009,                            
                                     pad_idx=None,                              
                                     boh_idx=None,                              
                                     eoh_idx=None                               
                                 ),                                             
                                 num_layers=32,                                 
                                 num_attn_heads=32,                             
                                 num_key_value_heads=8,                         
                                 ffn_inner_dim=16384,                           
                                 ffn_inner_dim_scale=0.6666666666666666,        
                                 ffn_inner_dim_multiplier=1.3,                  
                                 ffn_inner_dim_to_multiple=1024,                
                                 rope_theta=500000.0,                           
                                 use_scaled_rope=True,                          
                                 rope_scaling=LLaMARopeScalingConfig(           
                                     factor=8.0,                                
                                     frequency_factors=(1.0, 4.0),              
                                     original_context_length=8192               
                                 ),                                             
                                 dropout_p=0.0                                  
                             )                                                  
                    INFO     fairseq2 - Loading 'llama3_1_8b_instruct' model on 
                             data parallel rank 0.                              
[07/18/25 14:34:29] INFO     fairseq2 - Model loaded on data parallel rank 0.   
                    INFO     fairseq2 - Wrapping the model with FSDP and        
                             broadcasting to all processes.                     
                    INFO     fairseq2 - Model wrapped with FSDP and broadcasted.
                    INFO     fairseq2 - Model (rank 0) - Parameter Size:        
                             501,891,328 | Parameter Size (bytes): 1.87 GiB |   
                             Trainable Parameter Size: 501,891,328 | Trainable  
                             Parameter Size (bytes): 1.87 GiB | Buffer Size:    
                             16,777,216 | Buffer Size (bytes): 64.00 MiB | Total
                             Size: 518,668,544 | Total Size (bytes): 1.93 GiB | 
                             Layout:                                            
                             FullyShardedDataParallel(                          
                               (_fsdp_wrapped_module): TransformerDecoderModel( 
                                 model_dim=4096                                 
                                 (decoder_frontend):                            
                             TransformerEmbeddingFrontend(                      
                                   model_dim=4096                               
                                   (embed):                                     
                             StandardEmbedding(num_embeddings=128256,           
                             embedding_dim=4096)                                
                                   (pos_encoder): None                          
                                   (layer_norm): None                           
                                   (dropout): None                              
                                 )                                              
                                 (decoder): StandardTransformerDecoder(         
                                   model_dim=4096,                              
                             self_attn_mask_factory=CausalAttentionMaskFactory()
                             , norm_order=PRE                                   
                                   (layers): ModuleList(                        
                                     (0-31): 32 x FullyShardedDataParallel(     
                                       (_fsdp_wrapped_module):                  
                             CheckpointWrapper(                                 
                                         (_checkpoint_wrapped_module):          
                             StandardTransformerDecoderLayer(                   
                                           model_dim=4096, norm_order=PRE       
                                           (self_attn_layer_norm):              
                             RMSNorm(normalized_shape=(4096,), eps=1E-05,       
                             elementwise_affine=True)                           
                                           (self_attn):                         
                             StandardMultiheadAttention(                        
                                             num_heads=32, model_dim=4096,      
                             num_key_value_heads=8                              
                                             (q_proj): Linear(input_dim=4096,   
                             output_dim=4096, bias=False,                       
                             init_fn=init_qkv_projection)                       
                                             (k_proj): Linear(input_dim=4096,   
                             output_dim=1024, bias=False,                       
                             init_fn=init_qkv_projection)                       
                                             (v_proj): Linear(input_dim=4096,   
                             output_dim=1024, bias=False,                       
                             init_fn=init_qkv_projection)                       
                                             (pos_encoder):                     
                             RotaryEncoder(encoding_dim=128, max_seq_len=131072)
                                             (sdpa): TorchSDPA(attn_dropout_p=0)
                                             (output_proj):                     
                             Linear(input_dim=4096, output_dim=4096, bias=False,
                             init_fn=init_output_projection)                    
                                           )                                    
                                           (self_attn_norm): None               
                                           (self_attn_dropout): None            
                                           (self_attn_residual):                
                             StandardResidualConnect()                          
                                           (encoder_decoder_attn): None         
                                           (encoder_decoder_attn_dropout): None 
                                           (encoder_decoder_attn_residual): None
                                           (encoder_decoder_attn_layer_norm):   
                             None                                               
                                           (ffn_layer_norm):                    
                             RMSNorm(normalized_shape=(4096,), eps=1E-05,       
                             elementwise_affine=True)                           
                                           (ffn): GLUFeedForwardNetwork(        
                                             model_dim=4096,                    
                             inner_dim_scale=0.666667,                          
                             inner_dim_to_multiple=1024                         
                                             (gate_proj): Linear(input_dim=4096,
                             output_dim=14336, bias=False)                      
                                             (gate_activation): SiLU()          
                                             (inner_proj):                      
                             Linear(input_dim=4096, output_dim=14336,           
                             bias=False)                                        
                                             (inner_dropout): None              
                                             (output_proj):                     
                             Linear(input_dim=14336, output_dim=4096,           
                             bias=False)                                        
                                           )                                    
                                           (ffn_dropout): None                  
                                           (ffn_residual):                      
                             StandardResidualConnect()                          
                                         )                                      
                                       )                                        
                                     )                                          
                                   )                                            
                                   (layer_norm):                                
                             RMSNorm(normalized_shape=(4096,), eps=1E-05,       
                             elementwise_affine=True)                           
                                   (dropout): None                              
                                 )                                              
                                 (final_proj): Linear(input_dim=4096,           
                             output_dim=128256, bias=False,                     
                             init_fn=init_final_projection)                     
                               )                                                
                             )                                                  
                    INFO     fairseq2 - Loading the dataset.                    
                    INFO     fairseq2 - Dataset loaded.                         
                    INFO     fairseq2 - Loading 'llama3_1_8b_instruct'          
                             tokenizer.                                         
                    INFO     fairseq2 - Tokenizer loaded.                       
                    INFO     fairseq2 - Setting up DPO with reference model.    
                    INFO     fairseq2 - Loading 'llama3_1_8b_instruct' model on 
                             data parallel rank 0.                              
[07/18/25 14:34:43] INFO     fairseq2 - Model loaded on data parallel rank 0.   
                    INFO     fairseq2 - Broadcasting 'llama3_1_8b_instruct'     
                             model to all processes.                            
                    INFO     fairseq2 - Model broadcasted.                      
                    INFO     fairseq2 - Model (rank 0) - Parameter Size:        
                             8,030,261,248 | Parameter Size (bytes): 14.96 GiB |
                             Trainable Parameter Size: 8,030,261,248 | Trainable
                             Parameter Size (bytes): 14.96 GiB | Buffer Size:   
                             16,777,216 | Buffer Size (bytes): 64.00 MiB | Total
                             Size: 8,047,038,464 | Total Size (bytes): 15.02 GiB
                             | Layout:                                          
                             TransformerDecoderModel(                           
                               model_dim=4096                                   
                               (decoder_frontend): TransformerEmbeddingFrontend(
                                 model_dim=4096                                 
                                 (embed):                                       
                             StandardEmbedding(num_embeddings=128256,           
                             embedding_dim=4096)                                
                                 (pos_encoder): None                            
                                 (layer_norm): None                             
                                 (dropout): Dropout(p=0.1, inplace=False)       
                               )                                                
                               (decoder): StandardTransformerDecoder(           
                                 model_dim=4096,                                
                             self_attn_mask_factory=CausalAttentionMaskFactory()
                             , norm_order=PRE                                   
                                 (layers): ModuleList(                          
                                   (0-31): 32 x StandardTransformerDecoderLayer(
                                     model_dim=4096, norm_order=PRE             
                                     (self_attn_layer_norm):                    
                             RMSNorm(normalized_shape=(4096,), eps=1E-05,       
                             elementwise_affine=True)                           
                                     (self_attn): StandardMultiheadAttention(   
                                       num_heads=32, model_dim=4096,            
                             num_key_value_heads=8                              
                                       (q_proj): Linear(input_dim=4096,         
                             output_dim=4096, bias=False,                       
                             init_fn=init_qkv_projection)                       
                                       (k_proj): Linear(input_dim=4096,         
                             output_dim=1024, bias=False,                       
                             init_fn=init_qkv_projection)                       
                                       (v_proj): Linear(input_dim=4096,         
                             output_dim=1024, bias=False,                       
                             init_fn=init_qkv_projection)                       
                                       (pos_encoder):                           
                             RotaryEncoder(encoding_dim=128, max_seq_len=131072)
                                       (sdpa): TorchSDPA(attn_dropout_p=0.1)    
                                       (output_proj): Linear(input_dim=4096,    
                             output_dim=4096, bias=False,                       
                             init_fn=init_output_projection)                    
                                     )                                          
                                     (self_attn_norm): None                     
                                     (self_attn_dropout): None                  
                                     (self_attn_residual):                      
                             StandardResidualConnect()                          
                                     (encoder_decoder_attn): None               
                                     (encoder_decoder_attn_dropout): None       
                                     (encoder_decoder_attn_residual): None      
                                     (encoder_decoder_attn_layer_norm): None    
                                     (ffn_layer_norm):                          
                             RMSNorm(normalized_shape=(4096,), eps=1E-05,       
                             elementwise_affine=True)                           
                                     (ffn): GLUFeedForwardNetwork(              
                                       model_dim=4096, inner_dim_scale=0.666667,
                             inner_dim_to_multiple=1024                         
                                       (gate_proj): Linear(input_dim=4096,      
                             output_dim=14336, bias=False)                      
                                       (gate_activation): SiLU()                
                                       (inner_proj): Linear(input_dim=4096,     
                             output_dim=14336, bias=False)                      
                                       (inner_dropout): Dropout(p=0.1,          
                             inplace=False)                                     
                                       (output_proj): Linear(input_dim=14336,   
                             output_dim=4096, bias=False)                       
                                     )                                          
                                     (ffn_dropout): None                        
                                     (ffn_residual): StandardResidualConnect()  
                                   )                                            
                                 )                                              
                                 (layer_norm): RMSNorm(normalized_shape=(4096,),
                             eps=1E-05, elementwise_affine=True)                
                                 (dropout): Dropout(p=0.1, inplace=False)       
                               )                                                
                               (final_proj): Linear(input_dim=4096,             
                             output_dim=128256, bias=False,                     
                             init_fn=init_final_projection)                     
                             )                                                  
                    INFO     fairseq2 - DPO setup complete.                     
[07/18/25 14:34:44] INFO     fairseq2 - Attempting to load the last checkpoint. 
                    INFO     fairseq2 - No checkpoint found. Starting training. 
                    INFO     fairseq2 - Running training on 16 device(s).       
[07/18/25 14:34:50] INFO     fairseq2 - Train Metrics (step 1) - DPO Loss:      
                             0.691406 | Chosen Sequence Log Probabilities:      
                             -370.012 | Rejected Sequence Log Probabilities:    
                             -321.906 | Chosen Sequence Length: 450.75 |        
                             Rejected Sequence Length: 483.844 | NLL Loss:      
                             0.82063 | Gradient Norm: 75.3983 | Data Epoch: 1 | 
                             Data Read Time: 1s | Elapsed Time: 6s | Wall Time: 
                             85s | Learning Rate: 3.33333e-09 | Batch Size: 64 |
                             Elements per Batch: 64,755 | Elements per Second:  
                             9,626 | Number of Examples: 64 | Number of         
                             Elements: 64,755 | Number of Target Elements:      
                             28,848 | Total Number of Examples: 64 | Total      
                             Number of Elements: 64,755 | Total Number of Target
                             Elements: 28,848 | Peak Active Device Memory: 55.99
                             GiB | Peak Active Device Memory (%): 71% | Peak    
                             Reserved Device Memory: 75.38 GiB | Peak Reserved  
                             Device Memory (%): 96%                             
[07/18/25 14:34:55] INFO     fairseq2 - Train Metrics (step 2) - DPO Loss:      
                             0.691406 | Chosen Sequence Log Probabilities:      
                             -410.988 | Rejected Sequence Log Probabilities:    
                             -320.133 | Chosen Sequence Length: 525.141 |       
                             Rejected Sequence Length: 563.125 | NLL Loss:      
                             0.782339 | Gradient Norm: 95.7645 | Data Epoch: 1 |
                             Data Read Time: <1s | Elapsed Time: 4s | Wall Time:
                             90s | Learning Rate: 6.66667e-09 | Batch Size: 64 |
                             Elements per Batch: 68,049 | Elements per Second:  
                             14,925 | Number of Examples: 64 | Number of        
                             Elements: 68,049 | Number of Target Elements:      
                             33,609 | Total Number of Examples: 128 | Total     
                             Number of Elements: 132,804 | Total Number of      
                             Target Elements: 62,457 | Peak Active Device       
                             Memory: 58.93 GiB | Peak Active Device Memory (%): 
                             75% | Peak Reserved Device Memory: 69.56 GiB | Peak
                             Reserved Device Memory (%): 88%                    
[07/18/25 14:34:59] INFO     fairseq2 - Train Metrics (step 3) - DPO Loss:      
                             0.682739 | Chosen Sequence Log Probabilities:      
                             -364.953 | Rejected Sequence Log Probabilities:    
                             -292.803 | Chosen Sequence Length: 462.844 |       
                             Rejected Sequence Length: 528.172 | NLL Loss:      
                             0.788587 | Gradient Norm: 80.1013 | Data Epoch: 1 |
                             Data Read Time: <1s | Elapsed Time: 4s | Wall Time:
                             94s | Learning Rate: 1e-08 | Batch Size: 64 |      
                             Elements per Batch: 67,438 | Elements per Second:  
                             16,775 | Number of Examples: 64 | Number of        
                             Elements: 67,438 | Number of Target Elements:      
                             29,622 | Total Number of Examples: 192 | Total     
                             Number of Elements: 200,242 | Total Number of      
                             Target Elements: 92,079 | Peak Active Device       
                             Memory: 58.80 GiB | Peak Active Device Memory (%): 
                             75% | Peak Reserved Device Memory: 69.56 GiB | Peak
                             Reserved Device Memory (%): 88%                    
[07/18/25 14:35:05] INFO     fairseq2 - Train Metrics (step 4) - DPO Loss:      
                             0.708252 | Chosen Sequence Log Probabilities:      
                             -371.621 | Rejected Sequence Log Probabilities:    
                             -324.145 | Chosen Sequence Length: 476.969 |       
                             Rejected Sequence Length: 499.125 | NLL Loss:      
                             0.778782 | Gradient Norm: 74.322 | Data Epoch: 1 | 
                             Data Read Time: <1s | Elapsed Time: 5s | Wall Time:
                             99s | Learning Rate: 1.33333e-08 | Batch Size: 64 |
                             Elements per Batch: 78,313 | Elements per Second:  
                             14,272 | Number of Examples: 64 | Number of        
                             Elements: 78,313 | Number of Target Elements:      
                             30,526 | Total Number of Examples: 256 | Total     
                             Number of Elements: 278,555 | Total Number of      
                             Target Elements: 122,605 | Peak Active Device      
                             Memory: 59.23 GiB | Peak Active Device Memory (%): 
                             75% | Peak Reserved Device Memory: 69.56 GiB | Peak
                             Reserved Device Memory (%): 88%                    
[07/18/25 14:35:09] INFO     fairseq2 - Train Metrics (step 5) - DPO Loss:      
                             0.702393 | Chosen Sequence Log Probabilities:      
                             -404.668 | Rejected Sequence Log Probabilities:    
                             -385.926 | Chosen Sequence Length: 490.969 |       
                             Rejected Sequence Length: 560.781 | NLL Loss:      
                             0.82432 | Gradient Norm: 76.2807 | Data Epoch: 1 | 
                             Data Read Time: <1s | Elapsed Time: 3s | Wall Time:
                             103s | Learning Rate: 1.66667e-08 | Batch Size: 64 
                             | Elements per Batch: 66,880 | Elements per Second:
                             17,208 | Number of Examples: 64 | Number of        
                             Elements: 66,880 | Number of Target Elements:      
                             31,422 | Total Number of Examples: 320 | Total     
                             Number of Elements: 345,435 | Total Number of      
                             Target Elements: 154,027 | Peak Active Device      
                             Memory: 58.98 GiB | Peak Active Device Memory (%): 
                             75% | Peak Reserved Device Memory: 69.56 GiB | Peak
                             Reserved Device Memory (%): 88%                    
[07/18/25 14:35:13] INFO     fairseq2 - Train Metrics (step 6) - DPO Loss:      
                             0.685059 | Chosen Sequence Log Probabilities:      
                             -372.141 | Rejected Sequence Log Probabilities:    
                             -341.113 | Chosen Sequence Length: 512.859 |       
                             Rejected Sequence Length: 519.688 | NLL Loss:      
                             0.725601 | Gradient Norm: 73.6906 | Data Epoch: 1 |
                             Data Read Time: <1s | Elapsed Time: 4s | Wall Time:
                             108s | Learning Rate: 2e-08 | Batch Size: 64 |     
                             Elements per Batch: 72,681 | Elements per Second:  
                             16,870 | Number of Examples: 64 | Number of        
                             Elements: 72,681 | Number of Target Elements:      
                             32,823 | Total Number of Examples: 384 | Total     
                             Number of Elements: 418,116 | Total Number of      
                             Target Elements: 186,850 | Peak Active Device      
                             Memory: 59.37 GiB | Peak Active Device Memory (%): 
                             75% | Peak Reserved Device Memory: 69.56 GiB | Peak
                             Reserved Device Memory (%): 88%                    
[07/18/25 14:35:17] INFO     fairseq2 - Train Metrics (step 7) - DPO Loss:      
                             0.688293 | Chosen Sequence Log Probabilities:      
                             -317.004 | Rejected Sequence Log Probabilities:    
                             -278.43 | Chosen Sequence Length: 424.594 |        
                             Rejected Sequence Length: 469.812 | NLL Loss:      
                             0.746813 | Gradient Norm: 82.9123 | Data Epoch: 1 |
                             Data Read Time: <1s | Elapsed Time: 4s | Wall Time:
                             112s | Learning Rate: 2.33333e-08 | Batch Size: 64 
                             | Elements per Batch: 62,619 | Elements per Second:
                             15,510 | Number of Examples: 64 | Number of        
                             Elements: 62,619 | Number of Target Elements:      
                             27,174 | Total Number of Examples: 448 | Total     
                             Number of Elements: 480,735 | Total Number of      
                             Target Elements: 214,024 | Peak Active Device      
                             Memory: 59.15 GiB | Peak Active Device Memory (%): 
                             75% | Peak Reserved Device Memory: 69.56 GiB | Peak
                             Reserved Device Memory (%): 88%                    
[07/18/25 14:35:22] INFO     fairseq2 - Train Metrics (step 8) - DPO Loss:      
                             0.69928 | Chosen Sequence Log Probabilities:       
                             -375.59 | Rejected Sequence Log Probabilities:     
                             -330.91 | Chosen Sequence Length: 509.422 |        
                             Rejected Sequence Length: 575.125 | NLL Loss:      
                             0.737337 | Gradient Norm: 82.2593 | Data Epoch: 1 |
                             Data Read Time: <1s | Elapsed Time: 4s | Wall Time:
                             116s | Learning Rate: 2.66667e-08 | Batch Size: 64 
                             | Elements per Batch: 68,548 | Elements per Second:
                             16,836 | Number of Examples: 64 | Number of        
                             Elements: 68,548 | Number of Target Elements:      
                             32,603 | Total Number of Examples: 512 | Total     
                             Number of Elements: 549,283 | Total Number of      
                             Target Elements: 246,627 | Peak Active Device      
                             Memory: 59.03 GiB | Peak Active Device Memory (%): 
                             75% | Peak Reserved Device Memory: 69.56 GiB | Peak
                             Reserved Device Memory (%): 88%                    
[07/18/25 14:35:25] INFO     fairseq2 - Train Metrics (step 9) - DPO Loss:      
                             0.689423 | Chosen Sequence Log Probabilities:      
                             -407.164 | Rejected Sequence Log Probabilities:    
                             -311.613 | Chosen Sequence Length: 479.219 |       
                             Rejected Sequence Length: 527.625 | NLL Loss:      
                             0.849464 | Gradient Norm: 83.4736 | Data Epoch: 1 |
                             Data Read Time: <1s | Elapsed Time: 3s | Wall Time:
                             120s | Learning Rate: 3e-08 | Batch Size: 64 |     
                             Elements per Batch: 63,913 | Elements per Second:  
                             17,230 | Number of Examples: 64 | Number of        
                             Elements: 63,913 | Number of Target Elements:      
                             30,670 | Total Number of Examples: 576 | Total     
                             Number of Elements: 613,196 | Total Number of      
                             Target Elements: 277,297 | Peak Active Device      
                             Memory: 59.18 GiB | Peak Active Device Memory (%): 
                             75% | Peak Reserved Device Memory: 69.56 GiB | Peak
                             Reserved Device Memory (%): 88%                    
[07/18/25 14:35:30] INFO     fairseq2 - Train Metrics (step 10) - DPO Loss:     
                             0.69812 | Chosen Sequence Log Probabilities:       
                             -409.051 | Rejected Sequence Log Probabilities:    
                             -306.289 | Chosen Sequence Length: 535.031 |       
                             Rejected Sequence Length: 512.859 | NLL Loss:      
                             0.764542 | Gradient Norm: 84.392 | Data Epoch: 1 | 
                             Data Read Time: <1s | Elapsed Time: 4s | Wall Time:
                             124s | Learning Rate: 3.33333e-08 | Batch Size: 64 
                             | Elements per Batch: 71,170 | Elements per Second:
                             16,410 | Number of Examples: 64 | Number of        
                             Elements: 71,170 | Number of Target Elements:      
                             34,242 | Total Number of Examples: 640 | Total     
                             Number of Elements: 684,366 | Total Number of      
                             Target Elements: 311,539 | Peak Active Device      
                             Memory: 59.16 GiB | Peak Active Device Memory (%): 
                             75% | Peak Reserved Device Memory: 69.56 GiB | Peak
                             Reserved Device Memory (%): 88%                    
[07/18/25 14:35:34] INFO     fairseq2 - Train Metrics (step 11) - DPO Loss:     
                             0.703918 | Chosen Sequence Log Probabilities:      
                             -412.566 | Rejected Sequence Log Probabilities:    
                             -361.184 | Chosen Sequence Length: 519.953 |       
                             Rejected Sequence Length: 551.641 | NLL Loss:      
                             0.793452 | Gradient Norm: 83.9937 | Data Epoch: 1 |
                             Data Read Time: <1s | Elapsed Time: 4s | Wall Time:
                             129s | Learning Rate: 3.66667e-08 | Batch Size: 64 
                             | Elements per Batch: 67,698 | Elements per Second:
                             14,985 | Number of Examples: 64 | Number of        
                             Elements: 67,698 | Number of Target Elements:      
                             33,277 | Total Number of Examples: 704 | Total     
                             Number of Elements: 752,064 | Total Number of      
                             Target Elements: 344,816 | Peak Active Device      
                             Memory: 59.19 GiB | Peak Active Device Memory (%): 
                             75% | Peak Reserved Device Memory: 74.72 GiB | Peak
                             Reserved Device Memory (%): 95%                    
[07/18/25 14:35:39] INFO     fairseq2 - Train Metrics (step 12) - DPO Loss:     
                             0.701111 | Chosen Sequence Log Probabilities:      
                             -339.674 | Rejected Sequence Log Probabilities:    
                             -268.896 | Chosen Sequence Length: 467.266 |       
                             Rejected Sequence Length: 460.859 | NLL Loss:      
                             0.726581 | Gradient Norm: 77.8833 | Data Epoch: 1 |
                             Data Read Time: <1s | Elapsed Time: 4s | Wall Time:
                             133s | Learning Rate: 4e-08 | Batch Size: 64 |     
                             Elements per Batch: 76,062 | Elements per Second:  
                             16,911 | Number of Examples: 64 | Number of        
                             Elements: 76,062 | Number of Target Elements:      
                             29,905 | Total Number of Examples: 768 | Total     
                             Number of Elements: 828,126 | Total Number of      
                             Target Elements: 374,721 | Peak Active Device      
                             Memory: 59.75 GiB | Peak Active Device Memory (%): 
                             76% | Peak Reserved Device Memory: 74.72 GiB | Peak
                             Reserved Device Memory (%): 95%                    
[07/18/25 14:35:43] INFO     fairseq2 - Train Metrics (step 13) - DPO Loss:     
                             0.695679 | Chosen Sequence Log Probabilities:      
                             -385.18 | Rejected Sequence Log Probabilities:     
                             -322.577 | Chosen Sequence Length: 497.031 |       
                             Rejected Sequence Length: 561.078 | NLL Loss:      
                             0.77494 | Gradient Norm: 85.1849 | Data Epoch: 1 | 
                             Data Read Time: <1s | Elapsed Time: 3s | Wall Time:
                             137s | Learning Rate: 4.33333e-08 | Batch Size: 64 
                             | Elements per Batch: 68,418 | Elements per Second:
                             17,316 | Number of Examples: 64 | Number of        
                             Elements: 68,418 | Number of Target Elements:      
                             31,810 | Total Number of Examples: 832 | Total     
                             Number of Elements: 896,544 | Total Number of      
                             Target Elements: 406,531 | Peak Active Device      
                             Memory: 59.72 GiB | Peak Active Device Memory (%): 
                             76% | Peak Reserved Device Memory: 74.72 GiB | Peak
                             Reserved Device Memory (%): 95%                    
[07/18/25 14:35:47] INFO     fairseq2 - Train Metrics (step 14) - DPO Loss:     
                             0.69104 | Chosen Sequence Log Probabilities:       
                             -373.824 | Rejected Sequence Log Probabilities:    
                             -308.119 | Chosen Sequence Length: 459.891 |       
                             Rejected Sequence Length: 458.438 | NLL Loss:      
                             0.812768 | Gradient Norm: 80.058 | Data Epoch: 1 | 
                             Data Read Time: <1s | Elapsed Time: 4s | Wall Time:
                             141s | Learning Rate: 4.66667e-08 | Batch Size: 64 
                             | Elements per Batch: 67,459 | Elements per Second:
                             16,446 | Number of Examples: 64 | Number of        
                             Elements: 67,459 | Number of Target Elements:      
                             29,433 | Total Number of Examples: 896 | Total     
                             Number of Elements: 964,003 | Total Number of      
                             Target Elements: 435,964 | Peak Active Device      
                             Memory: 59.09 GiB | Peak Active Device Memory (%): 
                             75% | Peak Reserved Device Memory: 74.72 GiB | Peak
                             Reserved Device Memory (%): 95%                    
[07/18/25 14:35:52] INFO     fairseq2 - Train Metrics (step 15) - DPO Loss:     
                             0.699097 | Chosen Sequence Log Probabilities:      
                             -444.703 | Rejected Sequence Log Probabilities:    
                             -377.781 | Chosen Sequence Length: 618.844 |       
                             Rejected Sequence Length: 563.812 | NLL Loss:      
                             0.718855 | Gradient Norm: 73.419 | Data Epoch: 1 | 
                             Data Read Time: <1s | Elapsed Time: 4s | Wall Time:
                             146s | Learning Rate: 5e-08 | Batch Size: 64 |     
                             Elements per Batch: 81,441 | Elements per Second:  
                             18,719 | Number of Examples: 64 | Number of        
                             Elements: 81,441 | Number of Target Elements:      
                             39,606 | Total Number of Examples: 960 | Total     
                             Number of Elements: 1,045,444 | Total Number of    
                             Target Elements: 475,570 | Peak Active Device      
                             Memory: 58.96 GiB | Peak Active Device Memory (%): 
                             75% | Peak Reserved Device Memory: 74.72 GiB | Peak
                             Reserved Device Memory (%): 95%                    
[07/18/25 14:35:57] INFO     fairseq2 - Train Metrics (step 16) - DPO Loss:     
                             0.686829 | Chosen Sequence Log Probabilities:      
                             -334.578 | Rejected Sequence Log Probabilities:    
                             -275.373 | Chosen Sequence Length: 465.047 |       
                             Rejected Sequence Length: 467.359 | NLL Loss:      
                             0.719347 | Gradient Norm: 69.346 | Data Epoch: 1 | 
                             Data Read Time: <1s | Elapsed Time: 5s | Wall Time:
                             151s | Learning Rate: 5.33333e-08 | Batch Size: 64 
                             | Elements per Batch: 77,681 | Elements per Second:
                             14,666 | Number of Examples: 64 | Number of        
                             Elements: 77,681 | Number of Target Elements:      
                             29,763 | Total Number of Examples: 1,024 | Total   
                             Number of Elements: 1,123,125 | Total Number of    
                             Target Elements: 505,333 | Peak Active Device      
                             Memory: 59.28 GiB | Peak Active Device Memory (%): 
                             75% | Peak Reserved Device Memory: 74.72 GiB | Peak
                             Reserved Device Memory (%): 95%                    
[07/18/25 14:36:01] INFO     fairseq2 - Train Metrics (step 17) - DPO Loss:     
                             0.67627 | Chosen Sequence Log Probabilities:       
                             -435.957 | Rejected Sequence Log Probabilities:    
                             -347.553 | Chosen Sequence Length: 520.062 |       
                             Rejected Sequence Length: 466.469 | NLL Loss:      
                             0.838522 | Gradient Norm: 73.767 | Data Epoch: 1 | 
                             Data Read Time: <1s | Elapsed Time: 3s | Wall Time:
                             155s | Learning Rate: 5.66667e-08 | Batch Size: 64 
                             | Elements per Batch: 69,026 | Elements per Second:
                             18,394 | Number of Examples: 64 | Number of        
                             Elements: 69,026 | Number of Target Elements:      
                             33,284 | Total Number of Examples: 1,088 | Total   
                             Number of Elements: 1,192,151 | Total Number of    
                             Target Elements: 538,617 | Peak Active Device      
                             Memory: 58.93 GiB | Peak Active Device Memory (%): 
                             75% | Peak Reserved Device Memory: 74.72 GiB | Peak
                             Reserved Device Memory (%): 95%                    
[07/18/25 14:36:05] INFO     fairseq2 - Train Metrics (step 18) - DPO Loss:     
                             0.675903 | Chosen Sequence Log Probabilities:      
                             -352.797 | Rejected Sequence Log Probabilities:    
                             -314.939 | Chosen Sequence Length: 470.844 |       
                             Rejected Sequence Length: 480.953 | NLL Loss:      
                             0.749552 | Gradient Norm: 61.4603 | Data Epoch: 1 |
                             Data Read Time: <1s | Elapsed Time: 4s | Wall Time:
                             160s | Learning Rate: 6e-08 | Batch Size: 64 |     
                             Elements per Batch: 75,818 | Elements per Second:  
                             16,404 | Number of Examples: 64 | Number of        
                             Elements: 75,818 | Number of Target Elements:      
                             30,134 | Total Number of Examples: 1,152 | Total   
                             Number of Elements: 1,267,969 | Total Number of    
                             Target Elements: 568,751 | Peak Active Device      
                             Memory: 59.46 GiB | Peak Active Device Memory (%): 
                             76% | Peak Reserved Device Memory: 74.72 GiB | Peak
                             Reserved Device Memory (%): 95%                    
[07/18/25 14:36:10] INFO     fairseq2 - Train Metrics (step 19) - DPO Loss:     
                             0.688538 | Chosen Sequence Log Probabilities:      
                             -387.727 | Rejected Sequence Log Probabilities:    
                             -326.213 | Chosen Sequence Length: 490.141 |       
                             Rejected Sequence Length: 510.781 | NLL Loss:      
                             0.791198 | Gradient Norm: 74.6374 | Data Epoch: 1 |
                             Data Read Time: <1s | Elapsed Time: 4s | Wall Time:
                             164s | Learning Rate: 6.33333e-08 | Batch Size: 64 
                             | Elements per Batch: 72,593 | Elements per Second:
                             17,264 | Number of Examples: 64 | Number of        
                             Elements: 72,593 | Number of Target Elements:      
                             31,369 | Total Number of Examples: 1,216 | Total   
                             Number of Elements: 1,340,562 | Total Number of    
                             Target Elements: 600,120 | Peak Active Device      
                             Memory: 59.25 GiB | Peak Active Device Memory (%): 
                             75% | Peak Reserved Device Memory: 74.72 GiB | Peak
                             Reserved Device Memory (%): 95%                    
[07/18/25 14:36:14] INFO     fairseq2 - Train Metrics (step 20) - DPO Loss:     
                             0.682739 | Chosen Sequence Log Probabilities:      
                             -360.248 | Rejected Sequence Log Probabilities:    
                             -305.613 | Chosen Sequence Length: 446.578 |       
                             Rejected Sequence Length: 437.266 | NLL Loss:      
                             0.806616 | Gradient Norm: 68.8623 | Data Epoch: 1 |
                             Data Read Time: <1s | Elapsed Time: 4s | Wall Time:
                             168s | Learning Rate: 6.66667e-08 | Batch Size: 64 
                             | Elements per Batch: 65,086 | Elements per Second:
                             15,926 | Number of Examples: 64 | Number of        
                             Elements: 65,086 | Number of Target Elements:      
                             28,581 | Total Number of Examples: 1,280 | Total   
                             Number of Elements: 1,405,648 | Total Number of    
                             Target Elements: 628,701 | Peak Active Device      
                             Memory: 59.11 GiB | Peak Active Device Memory (%): 
                             75% | Peak Reserved Device Memory: 74.72 GiB | Peak
                             Reserved Device Memory (%): 95%                    
[07/18/25 14:36:18] INFO     fairseq2 - Train Metrics (step 21) - DPO Loss:     
                             0.695251 | Chosen Sequence Log Probabilities:      
                             -368.594 | Rejected Sequence Log Probabilities:    
                             -312.26 | Chosen Sequence Length: 433.172 |        
                             Rejected Sequence Length: 421.531 | NLL Loss:      
                             0.851042 | Gradient Norm: 61.7126 | Data Epoch: 1 |
                             Data Read Time: <1s | Elapsed Time: 3s | Wall Time:
                             172s | Learning Rate: 7e-08 | Batch Size: 64 |     
                             Elements per Batch: 71,080 | Elements per Second:  
                             19,349 | Number of Examples: 64 | Number of        
                             Elements: 71,080 | Number of Target Elements:      
                             27,723 | Total Number of Examples: 1,344 | Total   
                             Number of Elements: 1,476,728 | Total Number of    
                             Target Elements: 656,424 | Peak Active Device      
                             Memory: 59.38 GiB | Peak Active Device Memory (%): 
                             75% | Peak Reserved Device Memory: 74.74 GiB | Peak
                             Reserved Device Memory (%): 95%                    
[07/18/25 14:36:22] INFO     fairseq2 - Train Metrics (step 22) - DPO Loss:     
                             0.67511 | Chosen Sequence Log Probabilities:       
                             -386.34 | Rejected Sequence Log Probabilities:     
                             -310.957 | Chosen Sequence Length: 464.047 |       
                             Rejected Sequence Length: 452.469 | NLL Loss:      
                             0.832318 | Gradient Norm: 73.7857 | Data Epoch: 1 |
                             Data Read Time: <1s | Elapsed Time: 4s | Wall Time:
                             176s | Learning Rate: 7.33333e-08 | Batch Size: 64 
                             | Elements per Batch: 72,145 | Elements per Second:
                             16,800 | Number of Examples: 64 | Number of        
                             Elements: 72,145 | Number of Target Elements:      
                             29,699 | Total Number of Examples: 1,408 | Total   
                             Number of Elements: 1,548,873 | Total Number of    
                             Target Elements: 686,123 | Peak Active Device      
                             Memory: 59.19 GiB | Peak Active Device Memory (%): 
                             75% | Peak Reserved Device Memory: 74.74 GiB | Peak
                             Reserved Device Memory (%): 95%                    
[07/18/25 14:36:26] INFO     fairseq2 - Train Metrics (step 23) - DPO Loss:     
                             0.683838 | Chosen Sequence Log Probabilities:      
                             -391.688 | Rejected Sequence Log Probabilities:    
                             -333.246 | Chosen Sequence Length: 535.062 |       
                             Rejected Sequence Length: 556.844 | NLL Loss:      
                             0.731876 | Gradient Norm: 82.5617 | Data Epoch: 1 |
                             Data Read Time: <1s | Elapsed Time: 3s | Wall Time:
                             180s | Learning Rate: 7.66667e-08 | Batch Size: 64 
                             | Elements per Batch: 73,911 | Elements per Second:
                             19,532 | Number of Examples: 64 | Number of        
                             Elements: 73,911 | Number of Target Elements:      
                             34,244 | Total Number of Examples: 1,472 | Total   
                             Number of Elements: 1,622,784 | Total Number of    
                             Target Elements: 720,367 | Peak Active Device      
                             Memory: 59.17 GiB | Peak Active Device Memory (%): 
                             75% | Peak Reserved Device Memory: 74.74 GiB | Peak
                             Reserved Device Memory (%): 95%                    
[07/18/25 14:36:31] INFO     fairseq2 - Train Metrics (step 24) - DPO Loss:     
                             0.675598 | Chosen Sequence Log Probabilities:      
                             -383.342 | Rejected Sequence Log Probabilities:    
                             -365.367 | Chosen Sequence Length: 516.438 |       
                             Rejected Sequence Length: 500.297 | NLL Loss:      
                             0.742343 | Gradient Norm: 61.3017 | Data Epoch: 1 |
                             Data Read Time: <1s | Elapsed Time: 5s | Wall Time:
                             185s | Learning Rate: 8e-08 | Batch Size: 64 |     
                             Elements per Batch: 80,063 | Elements per Second:  
                             15,942 | Number of Examples: 64 | Number of        
                             Elements: 80,063 | Number of Target Elements:      
                             33,052 | Total Number of Examples: 1,536 | Total   
                             Number of Elements: 1,702,847 | Total Number of    
                             Target Elements: 753,419 | Peak Active Device      
                             Memory: 59.86 GiB | Peak Active Device Memory (%): 
                             76% | Peak Reserved Device Memory: 74.74 GiB | Peak
                             Reserved Device Memory (%): 95%                    
[07/18/25 14:36:35] INFO     fairseq2 - Train Metrics (step 25) - DPO Loss:     
                             0.692261 | Chosen Sequence Log Probabilities:      
                             -388.078 | Rejected Sequence Log Probabilities:    
                             -340.047 | Chosen Sequence Length: 532.266 |       
                             Rejected Sequence Length: 536.969 | NLL Loss:      
                             0.728827 | Gradient Norm: 65.1676 | Data Epoch: 1 |
                             Data Read Time: <1s | Elapsed Time: 4s | Wall Time:
                             190s | Learning Rate: 8.33333e-08 | Batch Size: 64 
                             | Elements per Batch: 74,419 | Elements per Second:
                             16,918 | Number of Examples: 64 | Number of        
                             Elements: 74,419 | Number of Target Elements:      
                             34,065 | Total Number of Examples: 1,600 | Total   
                             Number of Elements: 1,777,266 | Total Number of    
                             Target Elements: 787,484 | Peak Active Device      
                             Memory: 59.32 GiB | Peak Active Device Memory (%): 
                             75% | Peak Reserved Device Memory: 74.74 GiB | Peak
                             Reserved Device Memory (%): 95%                    
[07/18/25 14:36:40] INFO     fairseq2 - Train Metrics (step 26) - DPO Loss:     
                             0.678894 | Chosen Sequence Log Probabilities:      
                             -349.348 | Rejected Sequence Log Probabilities:    
                             -326.25 | Chosen Sequence Length: 465.453 |        
                             Rejected Sequence Length: 554.297 | NLL Loss:      
                             0.750533 | Gradient Norm: 75.7703 | Data Epoch: 1 |
                             Data Read Time: <1s | Elapsed Time: 4s | Wall Time:
                             194s | Learning Rate: 8.66667e-08 | Batch Size: 64 
                             | Elements per Batch: 73,015 | Elements per Second:
                             16,156 | Number of Examples: 64 | Number of        
                             Elements: 73,015 | Number of Target Elements:      
                             29,789 | Total Number of Examples: 1,664 | Total   
                             Number of Elements: 1,850,281 | Total Number of    
                             Target Elements: 817,273 | Peak Active Device      
                             Memory: 59.57 GiB | Peak Active Device Memory (%): 
                             76% | Peak Reserved Device Memory: 73.33 GiB | Peak
                             Reserved Device Memory (%): 93%                    
[07/18/25 14:36:44] INFO     fairseq2 - Train Metrics (step 27) - DPO Loss:     
                             0.691315 | Chosen Sequence Log Probabilities:      
                             -329.625 | Rejected Sequence Log Probabilities:    
                             -278.9 | Chosen Sequence Length: 478.547 | Rejected
                             Sequence Length: 557.297 | NLL Loss: 0.688783 |    
                             Gradient Norm: 74.4597 | Data Epoch: 1 | Data Read 
                             Time: <1s | Elapsed Time: 4s | Wall Time: 198s |   
                             Learning Rate: 9e-08 | Batch Size: 64 | Elements   
                             per Batch: 70,455 | Elements per Second: 16,535 |  
                             Number of Examples: 64 | Number of Elements: 70,455
                             | Number of Target Elements: 30,627 | Total Number 
                             of Examples: 1,728 | Total Number of Elements:     
                             1,920,736 | Total Number of Target Elements:       
                             847,900 | Peak Active Device Memory: 59.26 GiB |   
                             Peak Active Device Memory (%): 75% | Peak Reserved 
                             Device Memory: 73.33 GiB | Peak Reserved Device    
                             Memory (%): 93%                                    
[07/18/25 14:36:49] INFO     fairseq2 - Train Metrics (step 28) - DPO Loss:     
                             0.675049 | Chosen Sequence Log Probabilities:      
                             -365.289 | Rejected Sequence Log Probabilities:    
                             -312.812 | Chosen Sequence Length: 470.016 |       
                             Rejected Sequence Length: 450.203 | NLL Loss:      
                             0.777259 | Gradient Norm: 64.3048 | Data Epoch: 1 |
                             Data Read Time: <1s | Elapsed Time: 4s | Wall Time:
                             203s | Learning Rate: 9.33333e-08 | Batch Size: 64 
                             | Elements per Batch: 73,720 | Elements per Second:
                             17,185 | Number of Examples: 64 | Number of        
                             Elements: 73,720 | Number of Target Elements:      
                             30,081 | Total Number of Examples: 1,792 | Total   
                             Number of Elements: 1,994,456 | Total Number of    
                             Target Elements: 877,981 | Peak Active Device      
                             Memory: 59.77 GiB | Peak Active Device Memory (%): 
                             76% | Peak Reserved Device Memory: 73.33 GiB | Peak
                             Reserved Device Memory (%): 93%                    
[07/18/25 14:36:53] INFO     fairseq2 - Train Metrics (step 29) - DPO Loss:     
                             0.675842 | Chosen Sequence Log Probabilities:      
                             -399.566 | Rejected Sequence Log Probabilities:    
                             -324.375 | Chosen Sequence Length: 535.562 |       
                             Rejected Sequence Length: 547.781 | NLL Loss:      
                             0.746008 | Gradient Norm: 78.5799 | Data Epoch: 1 |
                             Data Read Time: <1s | Elapsed Time: 4s | Wall Time:
                             208s | Learning Rate: 9.66667e-08 | Batch Size: 64 
                             | Elements per Batch: 74,981 | Elements per Second:
                             16,078 | Number of Examples: 64 | Number of        
                             Elements: 74,981 | Number of Target Elements:      
                             34,276 | Total Number of Examples: 1,856 | Total   
                             Number of Elements: 2,069,437 | Total Number of    
                             Target Elements: 912,257 | Peak Active Device      
                             Memory: 59.36 GiB | Peak Active Device Memory (%): 
                             75% | Peak Reserved Device Memory: 73.33 GiB | Peak
                             Reserved Device Memory (%): 93%                    
[07/18/25 14:36:58] INFO     fairseq2 - Train Metrics (step 30) - DPO Loss:     
                             0.674194 | Chosen Sequence Log Probabilities:      
                             -392.066 | Rejected Sequence Log Probabilities:    
                             -349.539 | Chosen Sequence Length: 542.281 |       
                             Rejected Sequence Length: 487.156 | NLL Loss:      
                             0.723265 | Gradient Norm: 68.8165 | Data Epoch: 1 |
                             Data Read Time: <1s | Elapsed Time: 4s | Wall Time:
                             212s | Learning Rate: 1e-07 | Batch Size: 64 |     
                             Elements per Batch: 81,145 | Elements per Second:  
                             17,230 | Number of Examples: 64 | Number of        
                             Elements: 81,145 | Number of Target Elements:      
                             34,706 | Total Number of Examples: 1,920 | Total   
                             Number of Elements: 2,150,582 | Total Number of    
                             Target Elements: 946,963 | Peak Active Device      
                             Memory: 59.90 GiB | Peak Active Device Memory (%): 
                             76% | Peak Reserved Device Memory: 73.33 GiB | Peak
                             Reserved Device Memory (%): 93%                    
[07/18/25 14:37:02] INFO     fairseq2 - Train Metrics (step 31) - DPO Loss:     
                             0.66272 | Chosen Sequence Log Probabilities:       
                             -765.758 | Rejected Sequence Log Probabilities:    
                             -318.328 | Chosen Sequence Length: 528.438 |       
                             Rejected Sequence Length: 520.031 | NLL Loss:      
                             1.45029 | Gradient Norm: 73.6667 | Data Epoch: 1 | 
                             Data Read Time: <1s | Elapsed Time: 4s | Wall Time:
                             217s | Learning Rate: 9.99999e-08 | Batch Size: 64 
                             | Elements per Batch: 74,610 | Elements per Second:
                             17,967 | Number of Examples: 64 | Number of        
                             Elements: 74,610 | Number of Target Elements:      
                             33,820 | Total Number of Examples: 1,984 | Total   
                             Number of Elements: 2,225,192 | Total Number of    
                             Target Elements: 980,783 | Peak Active Device      
                             Memory: 59.92 GiB | Peak Active Device Memory (%): 
                             76% | Peak Reserved Device Memory: 73.33 GiB | Peak
                             Reserved Device Memory (%): 93%                    
[07/18/25 14:37:07] INFO     fairseq2 - Train Metrics (step 32) - DPO Loss:     
                             0.669312 | Chosen Sequence Log Probabilities:      
                             -407.367 | Rejected Sequence Log Probabilities:    
                             -339.631 | Chosen Sequence Length: 579.516 |       
                             Rejected Sequence Length: 601.484 | NLL Loss:      
                             0.702967 | Gradient Norm: 77.6869 | Data Epoch: 1 |
                             Data Read Time: <1s | Elapsed Time: 4s | Wall Time:
                             221s | Learning Rate: 9.99997e-08 | Batch Size: 64 
                             | Elements per Batch: 68,955 | Elements per Second:
                             16,420 | Number of Examples: 64 | Number of        
                             Elements: 68,955 | Number of Target Elements:      
                             37,089 | Total Number of Examples: 2,048 | Total   
                             Number of Elements: 2,294,147 | Total Number of    
                             Target Elements: 1,017,872 | Peak Active Device    
                             Memory: 59.78 GiB | Peak Active Device Memory (%): 
                             76% | Peak Reserved Device Memory: 73.33 GiB | Peak
                             Reserved Device Memory (%): 93%                    
[07/18/25 14:37:10] INFO     fairseq2 - Train Metrics (step 33) - DPO Loss:     
                             0.661926 | Chosen Sequence Log Probabilities:      
                             -330.969 | Rejected Sequence Log Probabilities:    
                             -264.723 | Chosen Sequence Length: 416 | Rejected  
                             Sequence Length: 425.625 | NLL Loss: 0.795642 |    
                             Gradient Norm: 67.5174 | Data Epoch: 1 | Data Read 
                             Time: <1s | Elapsed Time: 3s | Wall Time: 225s |   
                             Learning Rate: 9.99994e-08 | Batch Size: 64 |      
                             Elements per Batch: 68,329 | Elements per Second:  
                             17,583 | Number of Examples: 64 | Number of        
                             Elements: 68,329 | Number of Target Elements:      
                             26,624 | Total Number of Examples: 2,112 | Total   
                             Number of Elements: 2,362,476 | Total Number of    
                             Target Elements: 1,044,496 | Peak Active Device    
                             Memory: 59.33 GiB | Peak Active Device Memory (%): 
                             75% | Peak Reserved Device Memory: 73.33 GiB | Peak
                             Reserved Device Memory (%): 93%                    
[07/18/25 14:37:15] INFO     fairseq2 - Train Metrics (step 34) - DPO Loss:     
                             0.656311 | Chosen Sequence Log Probabilities:      
                             -358.039 | Rejected Sequence Log Probabilities:    
                             -310.568 | Chosen Sequence Length: 444.547 |       
                             Rejected Sequence Length: 454.891 | NLL Loss:      
                             0.805378 | Gradient Norm: 67.4119 | Data Epoch: 1 |
                             Data Read Time: <1s | Elapsed Time: 4s | Wall Time:
                             229s | Learning Rate: 9.9999e-08 | Batch Size: 64 |
                             Elements per Batch: 68,626 | Elements per Second:  
                             16,050 | Number of Examples: 64 | Number of        
                             Elements: 68,626 | Number of Target Elements:      
                             28,451 | Total Number of Examples: 2,176 | Total   
                             Number of Elements: 2,431,102 | Total Number of    
                             Target Elements: 1,072,947 | Peak Active Device    
                             Memory: 59.60 GiB | Peak Active Device Memory (%): 
                             76% | Peak Reserved Device Memory: 73.33 GiB | Peak
                             Reserved Device Memory (%): 93%                    
[07/18/25 14:37:19] INFO     fairseq2 - Train Metrics (step 35) - DPO Loss:     
                             0.661316 | Chosen Sequence Log Probabilities:      
                             -384.633 | Rejected Sequence Log Probabilities:    
                             -343.191 | Chosen Sequence Length: 486.906 |       
                             Rejected Sequence Length: 477.922 | NLL Loss:      
                             0.78994 | Gradient Norm: 69.2294 | Data Epoch: 1 | 
                             Data Read Time: <1s | Elapsed Time: 3s | Wall Time:
                             233s | Learning Rate: 9.99984e-08 | Batch Size: 64 
                             | Elements per Batch: 70,057 | Elements per Second:
                             17,912 | Number of Examples: 64 | Number of        
                             Elements: 70,057 | Number of Target Elements:      
                             31,162 | Total Number of Examples: 2,240 | Total   
                             Number of Elements: 2,501,159 | Total Number of    
                             Target Elements: 1,104,109 | Peak Active Device    
                             Memory: 59.26 GiB | Peak Active Device Memory (%): 
                             75% | Peak Reserved Device Memory: 73.33 GiB | Peak
                             Reserved Device Memory (%): 93%                    
[07/18/25 14:37:23] INFO     fairseq2 - Train Metrics (step 36) - DPO Loss:     
                             0.66095 | Chosen Sequence Log Probabilities:       
                             -399.789 | Rejected Sequence Log Probabilities:    
                             -361.203 | Chosen Sequence Length: 485.562 |       
                             Rejected Sequence Length: 516.016 | NLL Loss:      
                             0.823226 | Gradient Norm: 71.3713 | Data Epoch: 1 |
                             Data Read Time: <1s | Elapsed Time: 3s | Wall Time:
                             237s | Learning Rate: 9.99977e-08 | Batch Size: 64 
                             | Elements per Batch: 65,997 | Elements per Second:
                             17,657 | Number of Examples: 64 | Number of        
                             Elements: 65,997 | Number of Target Elements:      
                             31,076 | Total Number of Examples: 2,304 | Total   
                             Number of Elements: 2,567,156 | Total Number of    
                             Target Elements: 1,135,185 | Peak Active Device    
                             Memory: 58.84 GiB | Peak Active Device Memory (%): 
                             75% | Peak Reserved Device Memory: 73.33 GiB | Peak
                             Reserved Device Memory (%): 93%                    
[07/18/25 14:37:27] INFO     fairseq2 - Train Metrics (step 37) - DPO Loss:     
                             0.632843 | Chosen Sequence Log Probabilities:      
                             -372.291 | Rejected Sequence Log Probabilities:    
                             -303.732 | Chosen Sequence Length: 500.938 |       
                             Rejected Sequence Length: 479.219 | NLL Loss:      
                             0.743213 | Gradient Norm: 65.7296 | Data Epoch: 1 |
                             Data Read Time: <1s | Elapsed Time: 4s | Wall Time:
                             242s | Learning Rate: 9.99969e-08 | Batch Size: 64 
                             | Elements per Batch: 81,418 | Elements per Second:
                             17,649 | Number of Examples: 64 | Number of        
                             Elements: 81,418 | Number of Target Elements:      
                             32,060 | Total Number of Examples: 2,368 | Total   
                             Number of Elements: 2,648,574 | Total Number of    
                             Target Elements: 1,167,245 | Peak Active Device    
                             Memory: 59.40 GiB | Peak Active Device Memory (%): 
                             76% | Peak Reserved Device Memory: 73.33 GiB | Peak
                             Reserved Device Memory (%): 93%                    
[07/18/25 14:37:32] INFO     fairseq2 - Train Metrics (step 38) - DPO Loss:     
                             0.642212 | Chosen Sequence Log Probabilities:      
                             -351.57 | Rejected Sequence Log Probabilities:     
                             -299.432 | Chosen Sequence Length: 454.234 |       
                             Rejected Sequence Length: 453.469 | NLL Loss:      
                             0.773832 | Gradient Norm: 64.2257 | Data Epoch: 1 |
                             Data Read Time: <1s | Elapsed Time: 4s | Wall Time:
                             246s | Learning Rate: 9.99959e-08 | Batch Size: 64 
                             | Elements per Batch: 68,378 | Elements per Second:
                             17,005 | Number of Examples: 64 | Number of        
                             Elements: 68,378 | Number of Target Elements:      
                             29,071 | Total Number of Examples: 2,432 | Total   
                             Number of Elements: 2,716,952 | Total Number of    
                             Target Elements: 1,196,316 | Peak Active Device    
                             Memory: 59.18 GiB | Peak Active Device Memory (%): 
                             75% | Peak Reserved Device Memory: 73.33 GiB | Peak
                             Reserved Device Memory (%): 93%                    
[07/18/25 14:37:36] INFO     fairseq2 - Train Metrics (step 39) - DPO Loss:     
                             0.662201 | Chosen Sequence Log Probabilities:      
                             -322.172 | Rejected Sequence Log Probabilities:    
                             -299.723 | Chosen Sequence Length: 496.094 |       
                             Rejected Sequence Length: 493.188 | NLL Loss:      
                             0.649434 | Gradient Norm: 58.8312 | Data Epoch: 1 |
                             Data Read Time: <1s | Elapsed Time: 4s | Wall Time:
                             250s | Learning Rate: 9.99949e-08 | Batch Size: 64 
                             | Elements per Batch: 74,030 | Elements per Second:
                             17,493 | Number of Examples: 64 | Number of        
                             Elements: 74,030 | Number of Target Elements:      
                             31,750 | Total Number of Examples: 2,496 | Total   
                             Number of Elements: 2,790,982 | Total Number of    
                             Target Elements: 1,228,066 | Peak Active Device    
                             Memory: 59.49 GiB | Peak Active Device Memory (%): 
                             76% | Peak Reserved Device Memory: 73.33 GiB | Peak
                             Reserved Device Memory (%): 93%                    
[07/18/25 14:37:40] INFO     fairseq2 - Train Metrics (step 40) - DPO Loss:     
                             0.644653 | Chosen Sequence Log Probabilities:      
                             -358.316 | Rejected Sequence Log Probabilities:    
                             -332.939 | Chosen Sequence Length: 415.438 |       
                             Rejected Sequence Length: 432.672 | NLL Loss:      
                             0.862252 | Gradient Norm: 65.103 | Data Epoch: 1 | 
                             Data Read Time: <1s | Elapsed Time: 3s | Wall Time:
                             254s | Learning Rate: 9.99936e-08 | Batch Size: 64 
                             | Elements per Batch: 67,278 | Elements per Second:
                             17,420 | Number of Examples: 64 | Number of        
                             Elements: 67,278 | Number of Target Elements:      
                             26,588 | Total Number of Examples: 2,560 | Total   
                             Number of Elements: 2,858,260 | Total Number of    
                             Target Elements: 1,254,654 | Peak Active Device    
                             Memory: 59.44 GiB | Peak Active Device Memory (%): 
                             76% | Peak Reserved Device Memory: 73.33 GiB | Peak
                             Reserved Device Memory (%): 93%                    
[07/18/25 14:37:44] INFO     fairseq2 - Train Metrics (step 41) - DPO Loss:     
                             0.629364 | Chosen Sequence Log Probabilities:      
                             -451.682 | Rejected Sequence Log Probabilities:    
                             -311.766 | Chosen Sequence Length: 522.062 |       
                             Rejected Sequence Length: 576.125 | NLL Loss:      
                             0.864935 | Gradient Norm: 68.4195 | Data Epoch: 1 |
                             Data Read Time: <1s | Elapsed Time: 4s | Wall Time:
                             258s | Learning Rate: 9.99923e-08 | Batch Size: 64 
                             | Elements per Batch: 74,302 | Elements per Second:
                             16,723 | Number of Examples: 64 | Number of        
                             Elements: 74,302 | Number of Target Elements:      
                             33,412 | Total Number of Examples: 2,624 | Total   
                             Number of Elements: 2,932,562 | Total Number of    
                             Target Elements: 1,288,066 | Peak Active Device    
                             Memory: 59.33 GiB | Peak Active Device Memory (%): 
                             75% | Peak Reserved Device Memory: 73.33 GiB | Peak
                             Reserved Device Memory (%): 93%                    
[07/18/25 14:37:48] INFO     fairseq2 - Train Metrics (step 42) - DPO Loss:     
                             0.62233 | Chosen Sequence Log Probabilities:       
                             -339.773 | Rejected Sequence Log Probabilities:    
                             -285.566 | Chosen Sequence Length: 528.438 |       
                             Rejected Sequence Length: 468.234 | NLL Loss:      
                             0.643057 | Gradient Norm: 55.5959 | Data Epoch: 1 |
                             Data Read Time: <1s | Elapsed Time: 4s | Wall Time:
                             263s | Learning Rate: 9.99908e-08 | Batch Size: 64 
                             | Elements per Batch: 70,972 | Elements per Second:
                             17,718 | Number of Examples: 64 | Number of        
                             Elements: 70,972 | Number of Target Elements:      
                             33,820 | Total Number of Examples: 2,688 | Total   
                             Number of Elements: 3,003,534 | Total Number of    
                             Target Elements: 1,321,886 | Peak Active Device    
                             Memory: 59.07 GiB | Peak Active Device Memory (%): 
                             75% | Peak Reserved Device Memory: 73.33 GiB | Peak
                             Reserved Device Memory (%): 93%                    
[07/18/25 14:37:53] INFO     fairseq2 - Train Metrics (step 43) - DPO Loss:     
                             0.626068 | Chosen Sequence Log Probabilities:      
                             -340.801 | Rejected Sequence Log Probabilities:    
                             -281.127 | Chosen Sequence Length: 468.406 |       
                             Rejected Sequence Length: 518.25 | NLL Loss:       
                             0.727382 | Gradient Norm: 60.1427 | Data Epoch: 1 |
                             Data Read Time: <1s | Elapsed Time: 4s | Wall Time:
                             267s | Learning Rate: 9.99893e-08 | Batch Size: 64 
                             | Elements per Batch: 75,555 | Elements per Second:
                             16,503 | Number of Examples: 64 | Number of        
                             Elements: 75,555 | Number of Target Elements:      
                             29,978 | Total Number of Examples: 2,752 | Total   
                             Number of Elements: 3,079,089 | Total Number of    
                             Target Elements: 1,351,864 | Peak Active Device    
                             Memory: 59.38 GiB | Peak Active Device Memory (%): 
                             75% | Peak Reserved Device Memory: 73.33 GiB | Peak
                             Reserved Device Memory (%): 93%                    
[07/18/25 14:37:57] INFO     fairseq2 - Train Metrics (step 44) - DPO Loss:     
                             0.61972 | Chosen Sequence Log Probabilities:       
                             -359.52 | Rejected Sequence Log Probabilities:     
                             -291.316 | Chosen Sequence Length: 424.734 |       
                             Rejected Sequence Length: 541.844 | NLL Loss:      
                             0.846229 | Gradient Norm: 75.073 | Data Epoch: 1 | 
                             Data Read Time: <1s | Elapsed Time: 3s | Wall Time:
                             271s | Learning Rate: 9.99875e-08 | Batch Size: 64 
                             | Elements per Batch: 59,665 | Elements per Second:
                             16,184 | Number of Examples: 64 | Number of        
                             Elements: 59,665 | Number of Target Elements:      
                             27,183 | Total Number of Examples: 2,816 | Total   
                             Number of Elements: 3,138,754 | Total Number of    
                             Target Elements: 1,379,047 | Peak Active Device    
                             Memory: 59.16 GiB | Peak Active Device Memory (%): 
                             75% | Peak Reserved Device Memory: 73.33 GiB | Peak
                             Reserved Device Memory (%): 93%                    
[07/18/25 14:38:01] INFO     fairseq2 - Train Metrics (step 45) - DPO Loss:     
                             0.628021 | Chosen Sequence Log Probabilities:      
                             -361.875 | Rejected Sequence Log Probabilities:    
                             -304.439 | Chosen Sequence Length: 485.266 |       
                             Rejected Sequence Length: 540.875 | NLL Loss:      
                             0.745569 | Gradient Norm: 60.5377 | Data Epoch: 1 |
                             Data Read Time: <1s | Elapsed Time: 4s | Wall Time:
                             275s | Learning Rate: 9.99857e-08 | Batch Size: 64 
                             | Elements per Batch: 69,299 | Elements per Second:
                             16,480 | Number of Examples: 64 | Number of        
                             Elements: 69,299 | Number of Target Elements:      
                             31,057 | Total Number of Examples: 2,880 | Total   
                             Number of Elements: 3,208,053 | Total Number of    
                             Target Elements: 1,410,104 | Peak Active Device    
                             Memory: 59.25 GiB | Peak Active Device Memory (%): 
                             75% | Peak Reserved Device Memory: 73.33 GiB | Peak
                             Reserved Device Memory (%): 93%                    
[07/18/25 14:38:06] INFO     fairseq2 - Train Metrics (step 46) - DPO Loss:     
                             0.609863 | Chosen Sequence Log Probabilities:      
                             -367.168 | Rejected Sequence Log Probabilities:    
                             -304.428 | Chosen Sequence Length: 508.172 |       
                             Rejected Sequence Length: 472.516 | NLL Loss:      
                             0.72263 | Gradient Norm: 64.5361 | Data Epoch: 1 | 
                             Data Read Time: <1s | Elapsed Time: 4s | Wall Time:
                             280s | Learning Rate: 9.99837e-08 | Batch Size: 64 
                             | Elements per Batch: 71,470 | Elements per Second:
                             14,547 | Number of Examples: 64 | Number of        
                             Elements: 71,470 | Number of Target Elements:      
                             32,523 | Total Number of Examples: 2,944 | Total   
                             Number of Elements: 3,279,523 | Total Number of    
                             Target Elements: 1,442,627 | Peak Active Device    
                             Memory: 59.24 GiB | Peak Active Device Memory (%): 
                             75% | Peak Reserved Device Memory: 73.33 GiB | Peak
                             Reserved Device Memory (%): 93%                    
[07/18/25 14:38:11] INFO     fairseq2 - Train Metrics (step 47) - DPO Loss:     
                             0.625916 | Chosen Sequence Log Probabilities:      
                             -363.916 | Rejected Sequence Log Probabilities:    
                             -336.746 | Chosen Sequence Length: 470.578 |       
                             Rejected Sequence Length: 499.688 | NLL Loss:      
                             0.773244 | Gradient Norm: 62.8888 | Data Epoch: 1 |
                             Data Read Time: <1s | Elapsed Time: 4s | Wall Time:
                             285s | Learning Rate: 9.99816e-08 | Batch Size: 64 
                             | Elements per Batch: 74,363 | Elements per Second:
                             15,088 | Number of Examples: 64 | Number of        
                             Elements: 74,363 | Number of Target Elements:      
                             30,117 | Total Number of Examples: 3,008 | Total   
                             Number of Elements: 3,353,886 | Total Number of    
                             Target Elements: 1,472,744 | Peak Active Device    
                             Memory: 59.57 GiB | Peak Active Device Memory (%): 
                             76% | Peak Reserved Device Memory: 73.33 GiB | Peak
                             Reserved Device Memory (%): 93%                    
[07/18/25 14:38:15] INFO     fairseq2 - Train Metrics (step 48) - DPO Loss:     
                             0.616119 | Chosen Sequence Log Probabilities:      
                             -402.066 | Rejected Sequence Log Probabilities:    
                             -325.039 | Chosen Sequence Length: 543.625 |       
                             Rejected Sequence Length: 549.672 | NLL Loss:      
                             0.739403 | Gradient Norm: 59.7006 | Data Epoch: 1 |
                             Data Read Time: <1s | Elapsed Time: 3s | Wall Time:
                             289s | Learning Rate: 9.99794e-08 | Batch Size: 64 
                             | Elements per Batch: 74,008 | Elements per Second:
                             18,828 | Number of Examples: 64 | Number of        
                             Elements: 74,008 | Number of Target Elements:      
                             34,792 | Total Number of Examples: 3,072 | Total   
                             Number of Elements: 3,427,894 | Total Number of    
                             Target Elements: 1,507,536 | Peak Active Device    
                             Memory: 59.47 GiB | Peak Active Device Memory (%): 
                             76% | Peak Reserved Device Memory: 73.33 GiB | Peak
                             Reserved Device Memory (%): 93%                    
[07/18/25 14:38:20] INFO     fairseq2 - Train Metrics (step 49) - DPO Loss:     
                             0.608322 | Chosen Sequence Log Probabilities:      
                             -447.535 | Rejected Sequence Log Probabilities:    
                             -368.73 | Chosen Sequence Length: 516.078 |        
                             Rejected Sequence Length: 492.422 | NLL Loss:      
                             0.867366 | Gradient Norm: 61.2722 | Data Epoch: 1 |
                             Data Read Time: <1s | Elapsed Time: 4s | Wall Time:
                             294s | Learning Rate: 9.99771e-08 | Batch Size: 64 
                             | Elements per Batch: 76,824 | Elements per Second:
                             15,947 | Number of Examples: 64 | Number of        
                             Elements: 76,824 | Number of Target Elements:      
                             33,029 | Total Number of Examples: 3,136 | Total   
                             Number of Elements: 3,504,718 | Total Number of    
                             Target Elements: 1,540,565 | Peak Active Device    
                             Memory: 59.86 GiB | Peak Active Device Memory (%): 
                             76% | Peak Reserved Device Memory: 73.33 GiB | Peak
                             Reserved Device Memory (%): 93%                    
[07/18/25 14:38:25] INFO     fairseq2 - Train Metrics (step 50) - DPO Loss:     
                             0.635376 | Chosen Sequence Log Probabilities:      
                             -399.625 | Rejected Sequence Log Probabilities:    
                             -369.91 | Chosen Sequence Length: 488.734 |        
                             Rejected Sequence Length: 465.625 | NLL Loss:      
                             0.817926 | Gradient Norm: 54.6095 | Data Epoch: 1 |
                             Data Read Time: <1s | Elapsed Time: 4s | Wall Time:
                             299s | Learning Rate: 9.99746e-08 | Batch Size: 64 
                             | Elements per Batch: 80,565 | Elements per Second:
                             17,285 | Number of Examples: 64 | Number of        
                             Elements: 80,565 | Number of Target Elements:      
                             31,279 | Total Number of Examples: 3,200 | Total   
                             Number of Elements: 3,585,283 | Total Number of    
                             Target Elements: 1,571,844 | Peak Active Device    
                             Memory: 59.12 GiB | Peak Active Device Memory (%): 
                             75% | Peak Reserved Device Memory: 73.33 GiB | Peak
                             Reserved Device Memory (%): 93%                    
[07/18/25 14:38:29] INFO     fairseq2 - Train Metrics (step 51) - DPO Loss:     
                             0.620789 | Chosen Sequence Log Probabilities:      
                             -368.379 | Rejected Sequence Log Probabilities:    
                             -333.773 | Chosen Sequence Length: 446.422 |       
                             Rejected Sequence Length: 480.906 | NLL Loss:      
                             0.825088 | Gradient Norm: 68.7019 | Data Epoch: 1 |
                             Data Read Time: <1s | Elapsed Time: 4s | Wall Time:
                             303s | Learning Rate: 9.9972e-08 | Batch Size: 64 |
                             Elements per Batch: 66,701 | Elements per Second:  
                             16,534 | Number of Examples: 64 | Number of        
                             Elements: 66,701 | Number of Target Elements:      
                             28,571 | Total Number of Examples: 3,264 | Total   
                             Number of Elements: 3,651,984 | Total Number of    
                             Target Elements: 1,600,415 | Peak Active Device    
                             Memory: 59.14 GiB | Peak Active Device Memory (%): 
                             75% | Peak Reserved Device Memory: 73.33 GiB | Peak
                             Reserved Device Memory (%): 93%                    
[07/18/25 14:38:33] INFO     fairseq2 - Train Metrics (step 52) - DPO Loss:     
                             0.618469 | Chosen Sequence Log Probabilities:      
                             -365.145 | Rejected Sequence Log Probabilities:    
                             -305.697 | Chosen Sequence Length: 532.953 |       
                             Rejected Sequence Length: 499.719 | NLL Loss:      
                             0.685061 | Gradient Norm: 55.3883 | Data Epoch: 1 |
                             Data Read Time: <1s | Elapsed Time: 4s | Wall Time:
                             307s | Learning Rate: 9.99692e-08 | Batch Size: 64 
                             | Elements per Batch: 77,917 | Elements per Second:
                             17,261 | Number of Examples: 64 | Number of        
                             Elements: 77,917 | Number of Target Elements:      
                             34,109 | Total Number of Examples: 3,328 | Total   
                             Number of Elements: 3,729,901 | Total Number of    
                             Target Elements: 1,634,524 | Peak Active Device    
                             Memory: 59.51 GiB | Peak Active Device Memory (%): 
                             76% | Peak Reserved Device Memory: 73.33 GiB | Peak
                             Reserved Device Memory (%): 93%                    
[07/18/25 14:38:38] INFO     fairseq2 - Train Metrics (step 53) - DPO Loss:     
                             0.611404 | Chosen Sequence Log Probabilities:      
                             -394.107 | Rejected Sequence Log Probabilities:    
                             -328.523 | Chosen Sequence Length: 500.562 |       
                             Rejected Sequence Length: 470.875 | NLL Loss:      
                             0.787116 | Gradient Norm: 54.6382 | Data Epoch: 1 |
                             Data Read Time: <1s | Elapsed Time: 4s | Wall Time:
                             312s | Learning Rate: 9.99664e-08 | Batch Size: 64 
                             | Elements per Batch: 73,972 | Elements per Second:
                             15,846 | Number of Examples: 64 | Number of        
                             Elements: 73,972 | Number of Target Elements:      
                             32,036 | Total Number of Examples: 3,392 | Total   
                             Number of Elements: 3,803,873 | Total Number of    
                             Target Elements: 1,666,560 | Peak Active Device    
                             Memory: 59.30 GiB | Peak Active Device Memory (%): 
                             75% | Peak Reserved Device Memory: 73.33 GiB | Peak
                             Reserved Device Memory (%): 93%                    
[07/18/25 14:38:43] INFO     fairseq2 - Train Metrics (step 54) - DPO Loss:     
                             0.56958 | Chosen Sequence Log Probabilities:       
                             -400.632 | Rejected Sequence Log Probabilities:    
                             -353.389 | Chosen Sequence Length: 466.969 |       
                             Rejected Sequence Length: 501.531 | NLL Loss:      
                             0.858169 | Gradient Norm: 56.3481 | Data Epoch: 1 |
                             Data Read Time: <1s | Elapsed Time: 4s | Wall Time:
                             317s | Learning Rate: 9.99634e-08 | Batch Size: 64 
                             | Elements per Batch: 73,517 | Elements per Second:
                             16,179 | Number of Examples: 64 | Number of        
                             Elements: 73,517 | Number of Target Elements:      
                             29,886 | Total Number of Examples: 3,456 | Total   
                             Number of Elements: 3,877,390 | Total Number of    
                             Target Elements: 1,696,446 | Peak Active Device    
                             Memory: 59.13 GiB | Peak Active Device Memory (%): 
                             75% | Peak Reserved Device Memory: 73.33 GiB | Peak
                             Reserved Device Memory (%): 93%                    
[07/18/25 14:38:47] INFO     fairseq2 - Train Metrics (step 55) - DPO Loss:     
                             0.587326 | Chosen Sequence Log Probabilities:      
                             -348.359 | Rejected Sequence Log Probabilities:    
                             -326.242 | Chosen Sequence Length: 464.141 |       
                             Rejected Sequence Length: 499.328 | NLL Loss:      
                             0.75068 | Gradient Norm: 54.5691 | Data Epoch: 1 | 
                             Data Read Time: <1s | Elapsed Time: 3s | Wall Time:
                             321s | Learning Rate: 9.99603e-08 | Batch Size: 64 
                             | Elements per Batch: 73,604 | Elements per Second:
                             18,530 | Number of Examples: 64 | Number of        
                             Elements: 73,604 | Number of Target Elements:      
                             29,705 | Total Number of Examples: 3,520 | Total   
                             Number of Elements: 3,950,994 | Total Number of    
                             Target Elements: 1,726,151 | Peak Active Device    
                             Memory: 59.13 GiB | Peak Active Device Memory (%): 
                             75% | Peak Reserved Device Memory: 73.33 GiB | Peak
                             Reserved Device Memory (%): 93%                    
[07/18/25 14:38:51] INFO     fairseq2 - Train Metrics (step 56) - DPO Loss:     
                             0.562836 | Chosen Sequence Log Probabilities:      
                             -402.637 | Rejected Sequence Log Probabilities:    
                             -312.859 | Chosen Sequence Length: 453.156 |       
                             Rejected Sequence Length: 462.062 | NLL Loss:      
                             0.888417 | Gradient Norm: 61.1128 | Data Epoch: 1 |
                             Data Read Time: <1s | Elapsed Time: 4s | Wall Time:
                             325s | Learning Rate: 9.9957e-08 | Batch Size: 64 |
                             Elements per Batch: 62,354 | Elements per Second:  
                             13,916 | Number of Examples: 64 | Number of        
                             Elements: 62,354 | Number of Target Elements:      
                             29,002 | Total Number of Examples: 3,584 | Total   
                             Number of Elements: 4,013,348 | Total Number of    
                             Target Elements: 1,755,153 | Peak Active Device    
                             Memory: 59.16 GiB | Peak Active Device Memory (%): 
                             75% | Peak Reserved Device Memory: 73.33 GiB | Peak
                             Reserved Device Memory (%): 93%                    
[07/18/25 14:38:56] INFO     fairseq2 - Train Metrics (step 57) - DPO Loss:     
                             0.599731 | Chosen Sequence Log Probabilities:      
                             -358.947 | Rejected Sequence Log Probabilities:    
                             -299.625 | Chosen Sequence Length: 550.922 |       
                             Rejected Sequence Length: 502.188 | NLL Loss:      
                             0.65138 | Gradient Norm: 65.6755 | Data Epoch: 1 | 
                             Data Read Time: <1s | Elapsed Time: 4s | Wall Time:
                             330s | Learning Rate: 9.99537e-08 | Batch Size: 64 
                             | Elements per Batch: 83,724 | Elements per Second:
                             17,513 | Number of Examples: 64 | Number of        
                             Elements: 83,724 | Number of Target Elements:      
                             35,259 | Total Number of Examples: 3,648 | Total   
                             Number of Elements: 4,097,072 | Total Number of    
                             Target Elements: 1,790,412 | Peak Active Device    
                             Memory: 58.93 GiB | Peak Active Device Memory (%): 
                             75% | Peak Reserved Device Memory: 73.33 GiB | Peak
                             Reserved Device Memory (%): 93%                    
[07/18/25 14:39:01] INFO     fairseq2 - Train Metrics (step 58) - DPO Loss:     
                             0.575546 | Chosen Sequence Log Probabilities:      
                             -389.73 | Rejected Sequence Log Probabilities:     
                             -317.062 | Chosen Sequence Length: 456.781 |       
                             Rejected Sequence Length: 486.594 | NLL Loss:      
                             0.853153 | Gradient Norm: 60.8333 | Data Epoch: 1 |
                             Data Read Time: <1s | Elapsed Time: 4s | Wall Time:
                             335s | Learning Rate: 9.99502e-08 | Batch Size: 64 
                             | Elements per Batch: 66,385 | Elements per Second:
                             14,769 | Number of Examples: 64 | Number of        
                             Elements: 66,385 | Number of Target Elements:      
                             29,234 | Total Number of Examples: 3,712 | Total   
                             Number of Elements: 4,163,457 | Total Number of    
                             Target Elements: 1,819,646 | Peak Active Device    
                             Memory: 59.15 GiB | Peak Active Device Memory (%): 
                             75% | Peak Reserved Device Memory: 73.33 GiB | Peak
                             Reserved Device Memory (%): 93%                    
[07/18/25 14:39:04] INFO     fairseq2 - Train Metrics (step 59) - DPO Loss:     
                             0.580704 | Chosen Sequence Log Probabilities:      
                             -371.035 | Rejected Sequence Log Probabilities:    
                             -345.094 | Chosen Sequence Length: 453.109 |       
                             Rejected Sequence Length: 437.375 | NLL Loss:      
                             0.818813 | Gradient Norm: 63.479 | Data Epoch: 1 | 
                             Data Read Time: <1s | Elapsed Time: 3s | Wall Time:
                             339s | Learning Rate: 9.99465e-08 | Batch Size: 64 
                             | Elements per Batch: 64,497 | Elements per Second:
                             17,547 | Number of Examples: 64 | Number of        
                             Elements: 64,497 | Number of Target Elements:      
                             28,999 | Total Number of Examples: 3,776 | Total   
                             Number of Elements: 4,227,954 | Total Number of    
                             Target Elements: 1,848,645 | Peak Active Device    
                             Memory: 58.97 GiB | Peak Active Device Memory (%): 
                             75% | Peak Reserved Device Memory: 73.33 GiB | Peak
                             Reserved Device Memory (%): 93%                    
[07/18/25 14:39:09] INFO     fairseq2 - Train Metrics (step 60) - DPO Loss:     
                             0.572891 | Chosen Sequence Log Probabilities:      
                             -366.665 | Rejected Sequence Log Probabilities:    
                             -352.535 | Chosen Sequence Length: 523.469 |       
                             Rejected Sequence Length: 536.266 | NLL Loss:      
                             0.70043 | Gradient Norm: 55.5424 | Data Epoch: 1 | 
                             Data Read Time: <1s | Elapsed Time: 4s | Wall Time:
                             343s | Learning Rate: 9.99428e-08 | Batch Size: 64 
                             | Elements per Batch: 75,632 | Elements per Second:
                             17,660 | Number of Examples: 64 | Number of        
                             Elements: 75,632 | Number of Target Elements:      
                             33,502 | Total Number of Examples: 3,840 | Total   
                             Number of Elements: 4,303,586 | Total Number of    
                             Target Elements: 1,882,147 | Peak Active Device    
                             Memory: 59.14 GiB | Peak Active Device Memory (%): 
                             75% | Peak Reserved Device Memory: 73.33 GiB | Peak
                             Reserved Device Memory (%): 93%                    
[07/18/25 14:39:13] INFO     fairseq2 - Train Metrics (step 61) - DPO Loss:     
                             0.511093 | Chosen Sequence Log Probabilities:      
                             -430.576 | Rejected Sequence Log Probabilities:    
                             -309.234 | Chosen Sequence Length: 506.188 |       
                             Rejected Sequence Length: 552.922 | NLL Loss:      
                             0.850924 | Gradient Norm: 55.5389 | Data Epoch: 1 |
                             Data Read Time: <1s | Elapsed Time: 4s | Wall Time:
                             348s | Learning Rate: 9.99389e-08 | Batch Size: 64 
                             | Elements per Batch: 71,302 | Elements per Second:
                             14,957 | Number of Examples: 64 | Number of        
                             Elements: 71,302 | Number of Target Elements:      
                             32,396 | Total Number of Examples: 3,904 | Total   
                             Number of Elements: 4,374,888 | Total Number of    
                             Target Elements: 1,914,543 | Peak Active Device    
                             Memory: 58.82 GiB | Peak Active Device Memory (%): 
                             75% | Peak Reserved Device Memory: 73.33 GiB | Peak
                             Reserved Device Memory (%): 93%                    
[07/18/25 14:39:18] INFO     fairseq2 - Train Metrics (step 62) - DPO Loss:     
                             0.52021 | Chosen Sequence Log Probabilities:       
                             -382.555 | Rejected Sequence Log Probabilities:    
                             -324.27 | Chosen Sequence Length: 549.125 |        
                             Rejected Sequence Length: 564.891 | NLL Loss:      
                             0.696579 | Gradient Norm: 54.2946 | Data Epoch: 1 |
                             Data Read Time: <1s | Elapsed Time: 4s | Wall Time:
                             352s | Learning Rate: 9.99349e-08 | Batch Size: 64 
                             | Elements per Batch: 68,518 | Elements per Second:
                             16,438 | Number of Examples: 64 | Number of        
                             Elements: 68,518 | Number of Target Elements:      
                             35,144 | Total Number of Examples: 3,968 | Total   
                             Number of Elements: 4,443,406 | Total Number of    
                             Target Elements: 1,949,687 | Peak Active Device    
                             Memory: 58.86 GiB | Peak Active Device Memory (%): 
                             75% | Peak Reserved Device Memory: 73.33 GiB | Peak
                             Reserved Device Memory (%): 93%                    
[07/18/25 14:39:22] INFO     fairseq2 - Train Metrics (step 63) - DPO Loss:     
                             0.545547 | Chosen Sequence Log Probabilities:      
                             -385.359 | Rejected Sequence Log Probabilities:    
                             -326.436 | Chosen Sequence Length: 512.594 |       
                             Rejected Sequence Length: 495.828 | NLL Loss:      
                             0.751578 | Gradient Norm: 49.6336 | Data Epoch: 1 |
                             Data Read Time: <1s | Elapsed Time: 4s | Wall Time:
                             356s | Learning Rate: 9.99308e-08 | Batch Size: 64 
                             | Elements per Batch: 69,597 | Elements per Second:
                             17,371 | Number of Examples: 64 | Number of        
                             Elements: 69,597 | Number of Target Elements:      
                             32,806 | Total Number of Examples: 4,032 | Total   
                             Number of Elements: 4,513,003 | Total Number of    
                             Target Elements: 1,982,493 | Peak Active Device    
                             Memory: 59.19 GiB | Peak Active Device Memory (%): 
                             75% | Peak Reserved Device Memory: 73.33 GiB | Peak
                             Reserved Device Memory (%): 93%                    
[07/18/25 14:39:26] INFO     fairseq2 - Train Metrics (step 64) - DPO Loss:     
                             0.568794 | Chosen Sequence Log Probabilities:      
                             -377.387 | Rejected Sequence Log Probabilities:    
                             -344.211 | Chosen Sequence Length: 475.844 |       
                             Rejected Sequence Length: 470.188 | NLL Loss:      
                             0.79278 | Gradient Norm: 59.538 | Data Epoch: 1 |  
                             Data Read Time: <1s | Elapsed Time: 4s | Wall Time:
                             360s | Learning Rate: 9.99265e-08 | Batch Size: 64 
                             | Elements per Batch: 70,638 | Elements per Second:
                             16,483 | Number of Examples: 64 | Number of        
                             Elements: 70,638 | Number of Target Elements:      
                             30,454 | Total Number of Examples: 4,096 | Total   
                             Number of Elements: 4,583,641 | Total Number of    
                             Target Elements: 2,012,947 | Peak Active Device    
                             Memory: 58.93 GiB | Peak Active Device Memory (%): 
                             75% | Peak Reserved Device Memory: 73.33 GiB | Peak
                             Reserved Device Memory (%): 93%                    
[07/18/25 14:39:31] INFO     fairseq2 - Train Metrics (step 65) - DPO Loss:     
                             0.559792 | Chosen Sequence Log Probabilities:      
                             -383.361 | Rejected Sequence Log Probabilities:    
                             -337.039 | Chosen Sequence Length: 479.859 |       
                             Rejected Sequence Length: 532.953 | NLL Loss:      
                             0.798769 | Gradient Norm: 48.7237 | Data Epoch: 1 |
                             Data Read Time: <1s | Elapsed Time: 4s | Wall Time:
                             365s | Learning Rate: 9.99221e-08 | Batch Size: 64 
                             | Elements per Batch: 74,237 | Elements per Second:
                             15,952 | Number of Examples: 64 | Number of        
                             Elements: 74,237 | Number of Target Elements:      
                             30,711 | Total Number of Examples: 4,160 | Total   
                             Number of Elements: 4,657,878 | Total Number of    
                             Target Elements: 2,043,658 | Peak Active Device    
                             Memory: 59.40 GiB | Peak Active Device Memory (%): 
                             76% | Peak Reserved Device Memory: 73.33 GiB | Peak
                             Reserved Device Memory (%): 93%                    
[07/18/25 14:39:35] INFO     fairseq2 - Train Metrics (step 66) - DPO Loss:     
                             0.508596 | Chosen Sequence Log Probabilities:      
                             -376.32 | Rejected Sequence Log Probabilities:     
                             -331.777 | Chosen Sequence Length: 494.609 |       
                             Rejected Sequence Length: 536.625 | NLL Loss:      
                             0.760518 | Gradient Norm: 51.6043 | Data Epoch: 1 |
                             Data Read Time: <1s | Elapsed Time: 3s | Wall Time:
                             369s | Learning Rate: 9.99176e-08 | Batch Size: 64 
                             | Elements per Batch: 66,576 | Elements per Second:
                             17,259 | Number of Examples: 64 | Number of        
                             Elements: 66,576 | Number of Target Elements:      
                             31,655 | Total Number of Examples: 4,224 | Total   
                             Number of Elements: 4,724,454 | Total Number of    
                             Target Elements: 2,075,313 | Peak Active Device    
                             Memory: 59.73 GiB | Peak Active Device Memory (%): 
                             76% | Peak Reserved Device Memory: 73.33 GiB | Peak
                             Reserved Device Memory (%): 93%                    
[07/18/25 14:39:39] INFO     fairseq2 - Train Metrics (step 67) - DPO Loss:     
                             0.469574 | Chosen Sequence Log Probabilities:      
                             -369.824 | Rejected Sequence Log Probabilities:    
                             -340.195 | Chosen Sequence Length: 528.219 |       
                             Rejected Sequence Length: 598.266 | NLL Loss:      
                             0.69981 | Gradient Norm: 50.8569 | Data Epoch: 1 | 
                             Data Read Time: <1s | Elapsed Time: 4s | Wall Time:
                             373s | Learning Rate: 9.9913e-08 | Batch Size: 64 |
                             Elements per Batch: 75,028 | Elements per Second:  
                             17,622 | Number of Examples: 64 | Number of        
                             Elements: 75,028 | Number of Target Elements:      
                             33,806 | Total Number of Examples: 4,288 | Total   
                             Number of Elements: 4,799,482 | Total Number of    
                             Target Elements: 2,109,119 | Peak Active Device    
                             Memory: 59.22 GiB | Peak Active Device Memory (%): 
                             75% | Peak Reserved Device Memory: 73.33 GiB | Peak
                             Reserved Device Memory (%): 93%                    
[07/18/25 14:39:44] INFO     fairseq2 - Train Metrics (step 68) - DPO Loss:     
                             0.511276 | Chosen Sequence Log Probabilities:      
                             -366.957 | Rejected Sequence Log Probabilities:    
                             -276.217 | Chosen Sequence Length: 477.062 |       
                             Rejected Sequence Length: 472.672 | NLL Loss:      
                             0.769499 | Gradient Norm: 47.0016 | Data Epoch: 1 |
                             Data Read Time: <1s | Elapsed Time: 4s | Wall Time:
                             378s | Learning Rate: 9.99082e-08 | Batch Size: 64 
                             | Elements per Batch: 79,010 | Elements per Second:
                             16,146 | Number of Examples: 64 | Number of        
                             Elements: 79,010 | Number of Target Elements:      
                             30,532 | Total Number of Examples: 4,352 | Total   
                             Number of Elements: 4,878,492 | Total Number of    
                             Target Elements: 2,139,651 | Peak Active Device    
                             Memory: 59.18 GiB | Peak Active Device Memory (%): 
                             75% | Peak Reserved Device Memory: 73.33 GiB | Peak
                             Reserved Device Memory (%): 93%                    
[07/18/25 14:39:48] INFO     fairseq2 - Train Metrics (step 69) - DPO Loss:     
                             0.482468 | Chosen Sequence Log Probabilities:      
                             -392.818 | Rejected Sequence Log Probabilities:    
                             -359.086 | Chosen Sequence Length: 509.734 |       
                             Rejected Sequence Length: 552.703 | NLL Loss:      
                             0.770694 | Gradient Norm: 50.022 | Data Epoch: 1 | 
                             Data Read Time: <1s | Elapsed Time: 4s | Wall Time:
                             383s | Learning Rate: 9.99033e-08 | Batch Size: 64 
                             | Elements per Batch: 72,116 | Elements per Second:
                             16,988 | Number of Examples: 64 | Number of        
                             Elements: 72,116 | Number of Target Elements:      
                             32,623 | Total Number of Examples: 4,416 | Total   
                             Number of Elements: 4,950,608 | Total Number of    
                             Target Elements: 2,172,274 | Peak Active Device    
                             Memory: 59.01 GiB | Peak Active Device Memory (%): 
                             75% | Peak Reserved Device Memory: 73.33 GiB | Peak
                             Reserved Device Memory (%): 93%                    
[07/18/25 14:39:53] INFO     fairseq2 - Train Metrics (step 70) - DPO Loss:     
                             0.510048 | Chosen Sequence Log Probabilities:      
                             -404.928 | Rejected Sequence Log Probabilities:    
                             -345.164 | Chosen Sequence Length: 518.656 |       
                             Rejected Sequence Length: 533.281 | NLL Loss:      
                             0.780803 | Gradient Norm: 45.3349 | Data Epoch: 1 |
                             Data Read Time: <1s | Elapsed Time: 4s | Wall Time:
                             387s | Learning Rate: 9.98983e-08 | Batch Size: 64 
                             | Elements per Batch: 79,312 | Elements per Second:
                             16,546 | Number of Examples: 64 | Number of        
                             Elements: 79,312 | Number of Target Elements:      
                             33,194 | Total Number of Examples: 4,480 | Total   
                             Number of Elements: 5,029,920 | Total Number of    
                             Target Elements: 2,205,468 | Peak Active Device    
                             Memory: 59.04 GiB | Peak Active Device Memory (%): 
                             75% | Peak Reserved Device Memory: 74.84 GiB | Peak
                             Reserved Device Memory (%): 95%                    
[07/18/25 14:39:58] INFO     fairseq2 - Train Metrics (step 71) - DPO Loss:     
                             0.534218 | Chosen Sequence Log Probabilities:      
                             -421.551 | Rejected Sequence Log Probabilities:    
                             -397.117 | Chosen Sequence Length: 470.516 |       
                             Rejected Sequence Length: 529.328 | NLL Loss:      
                             0.895695 | Gradient Norm: 52.4198 | Data Epoch: 1 |
                             Data Read Time: <1s | Elapsed Time: 4s | Wall Time:
                             392s | Learning Rate: 9.98932e-08 | Batch Size: 64 
                             | Elements per Batch: 72,814 | Elements per Second:
                             15,310 | Number of Examples: 64 | Number of        
                             Elements: 72,814 | Number of Target Elements:      
                             30,113 | Total Number of Examples: 4,544 | Total   
                             Number of Elements: 5,102,734 | Total Number of    
                             Target Elements: 2,235,581 | Peak Active Device    
                             Memory: 59.50 GiB | Peak Active Device Memory (%): 
                             76% | Peak Reserved Device Memory: 74.84 GiB | Peak
                             Reserved Device Memory (%): 95%                    
[07/18/25 14:40:02] INFO     fairseq2 - Train Metrics (step 72) - DPO Loss:     
                             0.517792 | Chosen Sequence Log Probabilities:      
                             -352.697 | Rejected Sequence Log Probabilities:    
                             -314.805 | Chosen Sequence Length: 476.391 |       
                             Rejected Sequence Length: 513.578 | NLL Loss:      
                             0.740279 | Gradient Norm: 51.9087 | Data Epoch: 1 |
                             Data Read Time: <1s | Elapsed Time: 3s | Wall Time:
                             396s | Learning Rate: 9.98879e-08 | Batch Size: 64 
                             | Elements per Batch: 69,291 | Elements per Second:
                             18,155 | Number of Examples: 64 | Number of        
                             Elements: 69,291 | Number of Target Elements:      
                             30,489 | Total Number of Examples: 4,608 | Total   
                             Number of Elements: 5,172,025 | Total Number of    
                             Target Elements: 2,266,070 | Peak Active Device    
                             Memory: 59.63 GiB | Peak Active Device Memory (%): 
                             76% | Peak Reserved Device Memory: 74.84 GiB | Peak
                             Reserved Device Memory (%): 95%                    
[07/18/25 14:40:06] INFO     fairseq2 - Train Metrics (step 73) - DPO Loss:     
                             0.533112 | Chosen Sequence Log Probabilities:      
                             -352.715 | Rejected Sequence Log Probabilities:    
                             -320.029 | Chosen Sequence Length: 469.766 |       
                             Rejected Sequence Length: 434.453 | NLL Loss:      
                             0.750762 | Gradient Norm: 51.0906 | Data Epoch: 1 |
                             Data Read Time: <1s | Elapsed Time: 3s | Wall Time:
                             400s | Learning Rate: 9.98825e-08 | Batch Size: 64 
                             | Elements per Batch: 65,581 | Elements per Second:
                             17,490 | Number of Examples: 64 | Number of        
                             Elements: 65,581 | Number of Target Elements:      
                             30,065 | Total Number of Examples: 4,672 | Total   
                             Number of Elements: 5,237,606 | Total Number of    
                             Target Elements: 2,296,135 | Peak Active Device    
                             Memory: 58.96 GiB | Peak Active Device Memory (%): 
                             75% | Peak Reserved Device Memory: 74.84 GiB | Peak
                             Reserved Device Memory (%): 95%                    
[07/18/25 14:40:10] INFO     fairseq2 - Train Metrics (step 74) - DPO Loss:     
                             0.523071 | Chosen Sequence Log Probabilities:      
                             -348.057 | Rejected Sequence Log Probabilities:    
                             -319.252 | Chosen Sequence Length: 455.219 |       
                             Rejected Sequence Length: 494.797 | NLL Loss:      
                             0.764481 | Gradient Norm: 53.221 | Data Epoch: 1 | 
                             Data Read Time: <1s | Elapsed Time: 4s | Wall Time:
                             405s | Learning Rate: 9.9877e-08 | Batch Size: 64 |
                             Elements per Batch: 70,354 | Elements per Second:  
                             15,024 | Number of Examples: 64 | Number of        
                             Elements: 70,354 | Number of Target Elements:      
                             29,134 | Total Number of Examples: 4,736 | Total   
                             Number of Elements: 5,307,960 | Total Number of    
                             Target Elements: 2,325,269 | Peak Active Device    
                             Memory: 59.34 GiB | Peak Active Device Memory (%): 
                             75% | Peak Reserved Device Memory: 74.84 GiB | Peak
                             Reserved Device Memory (%): 95%                    
[07/18/25 14:40:15] INFO     fairseq2 - Train Metrics (step 75) - DPO Loss:     
                             0.464718 | Chosen Sequence Log Probabilities:      
                             -415.152 | Rejected Sequence Log Probabilities:    
                             -364.541 | Chosen Sequence Length: 539.078 |       
                             Rejected Sequence Length: 524.094 | NLL Loss:      
                             0.770045 | Gradient Norm: 45.8949 | Data Epoch: 1 |
                             Data Read Time: <1s | Elapsed Time: 4s | Wall Time:
                             409s | Learning Rate: 9.98713e-08 | Batch Size: 64 
                             | Elements per Batch: 74,359 | Elements per Second:
                             16,294 | Number of Examples: 64 | Number of        
                             Elements: 74,359 | Number of Target Elements:      
                             34,501 | Total Number of Examples: 4,800 | Total   
                             Number of Elements: 5,382,319 | Total Number of    
                             Target Elements: 2,359,770 | Peak Active Device    
                             Memory: 59.13 GiB | Peak Active Device Memory (%): 
                             75% | Peak Reserved Device Memory: 74.84 GiB | Peak
                             Reserved Device Memory (%): 95%                    
[07/18/25 14:40:19] INFO     fairseq2 - Train Metrics (step 76) - DPO Loss:     
                             0.49054 | Chosen Sequence Log Probabilities:       
                             -333.754 | Rejected Sequence Log Probabilities:    
                             -338.447 | Chosen Sequence Length: 456.438 |       
                             Rejected Sequence Length: 487.484 | NLL Loss:      
                             0.731097 | Gradient Norm: 49.2673 | Data Epoch: 1 |
                             Data Read Time: <1s | Elapsed Time: 4s | Wall Time:
                             414s | Learning Rate: 9.98655e-08 | Batch Size: 64 
                             | Elements per Batch: 71,274 | Elements per Second:
                             17,002 | Number of Examples: 64 | Number of        
                             Elements: 71,274 | Number of Target Elements:      
                             29,212 | Total Number of Examples: 4,864 | Total   
                             Number of Elements: 5,453,593 | Total Number of    
                             Target Elements: 2,388,982 | Peak Active Device    
                             Memory: 59.27 GiB | Peak Active Device Memory (%): 
                             75% | Peak Reserved Device Memory: 74.84 GiB | Peak
                             Reserved Device Memory (%): 95%                    
[07/18/25 14:40:23] INFO     fairseq2 - Train Metrics (step 77) - DPO Loss:     
                             0.511547 | Chosen Sequence Log Probabilities:      
                             -361.5 | Rejected Sequence Log Probabilities:      
                             -323.367 | Chosen Sequence Length: 512.344 |       
                             Rejected Sequence Length: 478.328 | NLL Loss:      
                             0.705682 | Gradient Norm: 47.1806 | Data Epoch: 1 |
                             Data Read Time: <1s | Elapsed Time: 3s | Wall Time:
                             418s | Learning Rate: 9.98596e-08 | Batch Size: 64 
                             | Elements per Batch: 71,711 | Elements per Second:
                             18,092 | Number of Examples: 64 | Number of        
                             Elements: 71,711 | Number of Target Elements:      
                             32,790 | Total Number of Examples: 4,928 | Total   
                             Number of Elements: 5,525,304 | Total Number of    
                             Target Elements: 2,421,772 | Peak Active Device    
                             Memory: 59.10 GiB | Peak Active Device Memory (%): 
                             75% | Peak Reserved Device Memory: 74.84 GiB | Peak
                             Reserved Device Memory (%): 95%                    
[07/18/25 14:40:28] INFO     fairseq2 - Train Metrics (step 78) - DPO Loss:     
                             0.473473 | Chosen Sequence Log Probabilities:      
                             -447.994 | Rejected Sequence Log Probabilities:    
                             -370.02 | Chosen Sequence Length: 526.219 |        
                             Rejected Sequence Length: 529.094 | NLL Loss:      
                             0.85165 | Gradient Norm: 48.0506 | Data Epoch: 1 | 
                             Data Read Time: <1s | Elapsed Time: 4s | Wall Time:
                             422s | Learning Rate: 9.98536e-08 | Batch Size: 64 
                             | Elements per Batch: 78,322 | Elements per Second:
                             18,258 | Number of Examples: 64 | Number of        
                             Elements: 78,322 | Number of Target Elements:      
                             33,678 | Total Number of Examples: 4,992 | Total   
                             Number of Elements: 5,603,626 | Total Number of    
                             Target Elements: 2,455,450 | Peak Active Device    
                             Memory: 59.21 GiB | Peak Active Device Memory (%): 
                             75% | Peak Reserved Device Memory: 74.84 GiB | Peak
                             Reserved Device Memory (%): 95%                    
[07/18/25 14:40:32] INFO     fairseq2 - Train Metrics (step 79) - DPO Loss:     
                             0.488848 | Chosen Sequence Log Probabilities:      
                             -357.785 | Rejected Sequence Log Probabilities:    
                             -330.484 | Chosen Sequence Length: 477.75 |        
                             Rejected Sequence Length: 481.156 | NLL Loss:      
                             0.749093 | Gradient Norm: 60.315 | Data Epoch: 1 | 
                             Data Read Time: <1s | Elapsed Time: 3s | Wall Time:
                             426s | Learning Rate: 9.98474e-08 | Batch Size: 64 
                             | Elements per Batch: 68,846 | Elements per Second:
                             17,663 | Number of Examples: 64 | Number of        
                             Elements: 68,846 | Number of Target Elements:      
                             30,576 | Total Number of Examples: 5,056 | Total   
                             Number of Elements: 5,672,472 | Total Number of    
                             Target Elements: 2,486,026 | Peak Active Device    
                             Memory: 59.47 GiB | Peak Active Device Memory (%): 
                             76% | Peak Reserved Device Memory: 74.84 GiB | Peak
                             Reserved Device Memory (%): 95%                    
[07/18/25 14:40:36] INFO     fairseq2 - Train Metrics (step 80) - DPO Loss:     
                             0.533756 | Chosen Sequence Log Probabilities:      
                             -389.605 | Rejected Sequence Log Probabilities:    
                             -329.988 | Chosen Sequence Length: 531.047 |       
                             Rejected Sequence Length: 488.047 | NLL Loss:      
                             0.733963 | Gradient Norm: 58.6925 | Data Epoch: 1 |
                             Data Read Time: <1s | Elapsed Time: 4s | Wall Time:
                             430s | Learning Rate: 9.98411e-08 | Batch Size: 64 
                             | Elements per Batch: 78,619 | Elements per Second:
                             18,187 | Number of Examples: 64 | Number of        
                             Elements: 78,619 | Number of Target Elements:      
                             33,987 | Total Number of Examples: 5,120 | Total   
                             Number of Elements: 5,751,091 | Total Number of    
                             Target Elements: 2,520,013 | Peak Active Device    
                             Memory: 59.09 GiB | Peak Active Device Memory (%): 
                             75% | Peak Reserved Device Memory: 74.84 GiB | Peak
                             Reserved Device Memory (%): 95%                    
[07/18/25 14:40:41] INFO     fairseq2 - Train Metrics (step 81) - DPO Loss:     
                             0.461208 | Chosen Sequence Log Probabilities:      
                             -373.516 | Rejected Sequence Log Probabilities:    
                             -322.436 | Chosen Sequence Length: 496.688 |       
                             Rejected Sequence Length: 497 | NLL Loss: 0.752313 
                             | Gradient Norm: 41.5615 | Data Epoch: 1 | Data    
                             Read Time: <1s | Elapsed Time: 4s | Wall Time: 435s
                             | Learning Rate: 9.98347e-08 | Batch Size: 64 |    
                             Elements per Batch: 69,382 | Elements per Second:  
                             15,455 | Number of Examples: 64 | Number of        
                             Elements: 69,382 | Number of Target Elements:      
                             31,788 | Total Number of Examples: 5,184 | Total   
                             Number of Elements: 5,820,473 | Total Number of    
                             Target Elements: 2,551,801 | Peak Active Device    
                             Memory: 59.31 GiB | Peak Active Device Memory (%): 
                             75% | Peak Reserved Device Memory: 74.84 GiB | Peak
                             Reserved Device Memory (%): 95%                    
[07/18/25 14:40:45] INFO     fairseq2 - Train Metrics (step 82) - DPO Loss:     
                             0.466557 | Chosen Sequence Log Probabilities:      
                             -348.219 | Rejected Sequence Log Probabilities:    
                             -307.137 | Chosen Sequence Length: 472.516 |       
                             Rejected Sequence Length: 457.375 | NLL Loss:      
                             0.737014 | Gradient Norm: 43.2316 | Data Epoch: 1 |
                             Data Read Time: <1s | Elapsed Time: 4s | Wall Time:
                             440s | Learning Rate: 9.98282e-08 | Batch Size: 64 
                             | Elements per Batch: 77,197 | Elements per Second:
                             16,217 | Number of Examples: 64 | Number of        
                             Elements: 77,197 | Number of Target Elements:      
                             30,241 | Total Number of Examples: 5,248 | Total   
                             Number of Elements: 5,897,670 | Total Number of    
                             Target Elements: 2,582,042 | Peak Active Device    
                             Memory: 59.06 GiB | Peak Active Device Memory (%): 
                             75% | Peak Reserved Device Memory: 74.84 GiB | Peak
                             Reserved Device Memory (%): 95%                    
[07/18/25 14:40:49] INFO     fairseq2 - Train Metrics (step 83) - DPO Loss:     
                             0.411539 | Chosen Sequence Log Probabilities:      
                             -344.691 | Rejected Sequence Log Probabilities:    
                             -287.721 | Chosen Sequence Length: 465.125 |       
                             Rejected Sequence Length: 509.062 | NLL Loss:      
                             0.741493 | Gradient Norm: 40.012 | Data Epoch: 1 | 
                             Data Read Time: <1s | Elapsed Time: 3s | Wall Time:
                             444s | Learning Rate: 9.98215e-08 | Batch Size: 64 
                             | Elements per Batch: 69,683 | Elements per Second:
                             17,865 | Number of Examples: 64 | Number of        
                             Elements: 69,683 | Number of Target Elements:      
                             29,768 | Total Number of Examples: 5,312 | Total   
                             Number of Elements: 5,967,353 | Total Number of    
                             Target Elements: 2,611,810 | Peak Active Device    
                             Memory: 58.80 GiB | Peak Active Device Memory (%): 
                             75% | Peak Reserved Device Memory: 74.84 GiB | Peak
                             Reserved Device Memory (%): 95%                    
[07/18/25 14:40:54] INFO     fairseq2 - Train Metrics (step 84) - DPO Loss:     
                             0.428463 | Chosen Sequence Log Probabilities:      
                             -336.318 | Rejected Sequence Log Probabilities:    
                             -313.582 | Chosen Sequence Length: 486.828 |       
                             Rejected Sequence Length: 561.094 | NLL Loss:      
                             0.691056 | Gradient Norm: 38.6033 | Data Epoch: 1 |
                             Data Read Time: <1s | Elapsed Time: 4s | Wall Time:
                             448s | Learning Rate: 9.98147e-08 | Batch Size: 64 
                             | Elements per Batch: 74,411 | Elements per Second:
                             17,331 | Number of Examples: 64 | Number of        
                             Elements: 74,411 | Number of Target Elements:      
                             31,157 | Total Number of Examples: 5,376 | Total   
                             Number of Elements: 6,041,764 | Total Number of    
                             Target Elements: 2,642,967 | Peak Active Device    
                             Memory: 59.58 GiB | Peak Active Device Memory (%): 
                             76% | Peak Reserved Device Memory: 74.84 GiB | Peak
                             Reserved Device Memory (%): 95%                    
[07/18/25 14:40:58] INFO     fairseq2 - Train Metrics (step 85) - DPO Loss:     
                             0.443256 | Chosen Sequence Log Probabilities:      
                             -377.664 | Rejected Sequence Log Probabilities:    
                             -331.377 | Chosen Sequence Length: 475.766 |       
                             Rejected Sequence Length: 471.703 | NLL Loss:      
                             0.793795 | Gradient Norm: 44.975 | Data Epoch: 1 | 
                             Data Read Time: <1s | Elapsed Time: 4s | Wall Time:
                             452s | Learning Rate: 9.98078e-08 | Batch Size: 64 
                             | Elements per Batch: 75,019 | Elements per Second:
                             17,979 | Number of Examples: 64 | Number of        
                             Elements: 75,019 | Number of Target Elements:      
                             30,449 | Total Number of Examples: 5,440 | Total   
                             Number of Elements: 6,116,783 | Total Number of    
                             Target Elements: 2,673,416 | Peak Active Device    
                             Memory: 59.28 GiB | Peak Active Device Memory (%): 
                             75% | Peak Reserved Device Memory: 74.84 GiB | Peak
                             Reserved Device Memory (%): 95%                    
[07/18/25 14:41:03] INFO     fairseq2 - Train Metrics (step 86) - DPO Loss:     
                             0.469546 | Chosen Sequence Log Probabilities:      
                             -384.207 | Rejected Sequence Log Probabilities:    
                             -369.734 | Chosen Sequence Length: 561.641 |       
                             Rejected Sequence Length: 529.766 | NLL Loss:      
                             0.684153 | Gradient Norm: 45.9569 | Data Epoch: 1 |
                             Data Read Time: <1s | Elapsed Time: 4s | Wall Time:
                             457s | Learning Rate: 9.98008e-08 | Batch Size: 64 
                             | Elements per Batch: 80,403 | Elements per Second:
                             16,183 | Number of Examples: 64 | Number of        
                             Elements: 80,403 | Number of Target Elements:      
                             35,945 | Total Number of Examples: 5,504 | Total   
                             Number of Elements: 6,197,186 | Total Number of    
                             Target Elements: 2,709,361 | Peak Active Device    
                             Memory: 59.18 GiB | Peak Active Device Memory (%): 
                             75% | Peak Reserved Device Memory: 74.84 GiB | Peak
                             Reserved Device Memory (%): 95%                    
[07/18/25 14:41:07] INFO     fairseq2 - Train Metrics (step 87) - DPO Loss:     
                             0.421803 | Chosen Sequence Log Probabilities:      
                             -436.971 | Rejected Sequence Log Probabilities:    
                             -369.988 | Chosen Sequence Length: 536.156 |       
                             Rejected Sequence Length: 539.172 | NLL Loss:      
                             0.815071 | Gradient Norm: 46.0656 | Data Epoch: 1 |
                             Data Read Time: <1s | Elapsed Time: 4s | Wall Time:
                             462s | Learning Rate: 9.97936e-08 | Batch Size: 64 
                             | Elements per Batch: 68,807 | Elements per Second:
                             16,400 | Number of Examples: 64 | Number of        
                             Elements: 68,807 | Number of Target Elements:      
                             34,314 | Total Number of Examples: 5,568 | Total   
                             Number of Elements: 6,265,993 | Total Number of    
                             Target Elements: 2,743,675 | Peak Active Device    
                             Memory: 59.30 GiB | Peak Active Device Memory (%): 
                             75% | Peak Reserved Device Memory: 74.84 GiB | Peak
                             Reserved Device Memory (%): 95%                    
[07/18/25 14:41:11] INFO     fairseq2 - Train Metrics (step 88) - DPO Loss:     
                             0.418308 | Chosen Sequence Log Probabilities:      
                             -361.199 | Rejected Sequence Log Probabilities:    
                             -384.598 | Chosen Sequence Length: 452.562 |       
                             Rejected Sequence Length: 444.109 | NLL Loss:      
                             0.79803 | Gradient Norm: 45.6067 | Data Epoch: 1 | 
                             Data Read Time: <1s | Elapsed Time: 3s | Wall Time:
                             466s | Learning Rate: 9.97863e-08 | Batch Size: 64 
                             | Elements per Batch: 69,334 | Elements per Second:
                             17,625 | Number of Examples: 64 | Number of        
                             Elements: 69,334 | Number of Target Elements:      
                             28,964 | Total Number of Examples: 5,632 | Total   
                             Number of Elements: 6,335,327 | Total Number of    
                             Target Elements: 2,772,639 | Peak Active Device    
                             Memory: 59.36 GiB | Peak Active Device Memory (%): 
                             75% | Peak Reserved Device Memory: 74.84 GiB | Peak
                             Reserved Device Memory (%): 95%                    
[07/18/25 14:41:16] INFO     fairseq2 - Train Metrics (step 89) - DPO Loss:     
                             0.471632 | Chosen Sequence Log Probabilities:      
                             -376.973 | Rejected Sequence Log Probabilities:    
                             -339.434 | Chosen Sequence Length: 443.672 |       
                             Rejected Sequence Length: 462.812 | NLL Loss:      
                             0.849438 | Gradient Norm: 43.7145 | Data Epoch: 1 |
                             Data Read Time: <1s | Elapsed Time: 4s | Wall Time:
                             470s | Learning Rate: 9.97788e-08 | Batch Size: 64 
                             | Elements per Batch: 71,652 | Elements per Second:
                             16,941 | Number of Examples: 64 | Number of        
                             Elements: 71,652 | Number of Target Elements:      
                             28,395 | Total Number of Examples: 5,696 | Total   
                             Number of Elements: 6,406,979 | Total Number of    
                             Target Elements: 2,801,034 | Peak Active Device    
                             Memory: 59.36 GiB | Peak Active Device Memory (%): 
                             75% | Peak Reserved Device Memory: 74.84 GiB | Peak
                             Reserved Device Memory (%): 95%                    
[07/18/25 14:41:19] INFO     fairseq2 - Train Metrics (step 90) - DPO Loss:     
                             0.486031 | Chosen Sequence Log Probabilities:      
                             -362.723 | Rejected Sequence Log Probabilities:    
                             -308.018 | Chosen Sequence Length: 462.656 |       
                             Rejected Sequence Length: 448.531 | NLL Loss:      
                             0.784318 | Gradient Norm: 41.9927 | Data Epoch: 1 |
                             Data Read Time: <1s | Elapsed Time: 3s | Wall Time:
                             474s | Learning Rate: 9.97713e-08 | Batch Size: 64 
                             | Elements per Batch: 65,550 | Elements per Second:
                             18,579 | Number of Examples: 64 | Number of        
                             Elements: 65,550 | Number of Target Elements:      
                             29,610 | Total Number of Examples: 5,760 | Total   
                             Number of Elements: 6,472,529 | Total Number of    
                             Target Elements: 2,830,644 | Peak Active Device    
                             Memory: 58.86 GiB | Peak Active Device Memory (%): 
                             75% | Peak Reserved Device Memory: 74.84 GiB | Peak
                             Reserved Device Memory (%): 95%                    
[07/18/25 14:41:24] INFO     fairseq2 - Train Metrics (step 91) - DPO Loss:     
                             0.433039 | Chosen Sequence Log Probabilities:      
                             -344.504 | Rejected Sequence Log Probabilities:    
                             -296.184 | Chosen Sequence Length: 438.641 |       
                             Rejected Sequence Length: 469.406 | NLL Loss:      
                             0.785448 | Gradient Norm: 39.6964 | Data Epoch: 1 |
                             Data Read Time: <1s | Elapsed Time: 4s | Wall Time:
                             478s | Learning Rate: 9.97636e-08 | Batch Size: 64 
                             | Elements per Batch: 65,861 | Elements per Second:
                             13,814 | Number of Examples: 64 | Number of        
                             Elements: 65,861 | Number of Target Elements:      
                             28,073 | Total Number of Examples: 5,824 | Total   
                             Number of Elements: 6,538,390 | Total Number of    
                             Target Elements: 2,858,717 | Peak Active Device    
                             Memory: 58.81 GiB | Peak Active Device Memory (%): 
                             75% | Peak Reserved Device Memory: 74.84 GiB | Peak
                             Reserved Device Memory (%): 95%                    
[07/18/25 14:41:29] INFO     fairseq2 - Train Metrics (step 92) - DPO Loss:     
                             0.456745 | Chosen Sequence Log Probabilities:      
                             -410.826 | Rejected Sequence Log Probabilities:    
                             -352.066 | Chosen Sequence Length: 489.75 |        
                             Rejected Sequence Length: 498.266 | NLL Loss:      
                             0.839209 | Gradient Norm: 42.7166 | Data Epoch: 1 |
                             Data Read Time: <1s | Elapsed Time: 4s | Wall Time:
                             483s | Learning Rate: 9.97558e-08 | Batch Size: 64 
                             | Elements per Batch: 74,425 | Elements per Second:
                             15,701 | Number of Examples: 64 | Number of        
                             Elements: 74,425 | Number of Target Elements:      
                             31,344 | Total Number of Examples: 5,888 | Total   
                             Number of Elements: 6,612,815 | Total Number of    
                             Target Elements: 2,890,061 | Peak Active Device    
                             Memory: 59.18 GiB | Peak Active Device Memory (%): 
                             75% | Peak Reserved Device Memory: 74.84 GiB | Peak
                             Reserved Device Memory (%): 95%                    
[07/18/25 14:41:33] INFO     fairseq2 - Train Metrics (step 93) - DPO Loss:     
                             0.46592 | Chosen Sequence Log Probabilities:       
                             -341.191 | Rejected Sequence Log Probabilities:    
                             -309.035 | Chosen Sequence Length: 492.312 |       
                             Rejected Sequence Length: 529.797 | NLL Loss:      
                             0.693029 | Gradient Norm: 42.4607 | Data Epoch: 1 |
                             Data Read Time: <1s | Elapsed Time: 4s | Wall Time:
                             488s | Learning Rate: 9.97479e-08 | Batch Size: 64 
                             | Elements per Batch: 72,399 | Elements per Second:
                             16,636 | Number of Examples: 64 | Number of        
                             Elements: 72,399 | Number of Target Elements:      
                             31,508 | Total Number of Examples: 5,952 | Total   
                             Number of Elements: 6,685,214 | Total Number of    
                             Target Elements: 2,921,569 | Peak Active Device    
                             Memory: 59.19 GiB | Peak Active Device Memory (%): 
                             75% | Peak Reserved Device Memory: 74.84 GiB | Peak
                             Reserved Device Memory (%): 95%                    
[07/18/25 14:41:38] INFO     fairseq2 - Train Metrics (step 94) - DPO Loss:     
                             0.489281 | Chosen Sequence Log Probabilities:      
                             -421.547 | Rejected Sequence Log Probabilities:    
                             -381.641 | Chosen Sequence Length: 558.141 |       
                             Rejected Sequence Length: 539.438 | NLL Loss:      
                             0.755292 | Gradient Norm: 45.6026 | Data Epoch: 1 |
                             Data Read Time: <1s | Elapsed Time: 4s | Wall Time:
                             492s | Learning Rate: 9.97398e-08 | Batch Size: 64 
                             | Elements per Batch: 79,539 | Elements per Second:
                             18,632 | Number of Examples: 64 | Number of        
                             Elements: 79,539 | Number of Target Elements:      
                             35,721 | Total Number of Examples: 6,016 | Total   
                             Number of Elements: 6,764,753 | Total Number of    
                             Target Elements: 2,957,290 | Peak Active Device    
                             Memory: 59.79 GiB | Peak Active Device Memory (%): 
                             76% | Peak Reserved Device Memory: 74.84 GiB | Peak
                             Reserved Device Memory (%): 95%                    
[07/18/25 14:41:42] INFO     fairseq2 - Train Metrics (step 95) - DPO Loss:     
                             0.426414 | Chosen Sequence Log Probabilities:      
                             -356.32 | Rejected Sequence Log Probabilities:     
                             -338.777 | Chosen Sequence Length: 484.359 |       
                             Rejected Sequence Length: 532.859 | NLL Loss:      
                             0.735485 | Gradient Norm: 41.2173 | Data Epoch: 1 |
                             Data Read Time: <1s | Elapsed Time: 4s | Wall Time:
                             496s | Learning Rate: 9.97316e-08 | Batch Size: 64 
                             | Elements per Batch: 69,857 | Elements per Second:
                             15,667 | Number of Examples: 64 | Number of        
                             Elements: 69,857 | Number of Target Elements:      
                             30,999 | Total Number of Examples: 6,080 | Total   
                             Number of Elements: 6,834,610 | Total Number of    
                             Target Elements: 2,988,289 | Peak Active Device    
                             Memory: 59.39 GiB | Peak Active Device Memory (%): 
                             75% | Peak Reserved Device Memory: 74.84 GiB | Peak
                             Reserved Device Memory (%): 95%                    
[07/18/25 14:41:46] INFO     fairseq2 - Train Metrics (step 96) - DPO Loss:     
                             0.38445 | Chosen Sequence Log Probabilities:       
                             -348.818 | Rejected Sequence Log Probabilities:    
                             -328.604 | Chosen Sequence Length: 513.646 |       
                             Rejected Sequence Length: 565.5 | NLL Loss:        
                             0.679113 | Gradient Norm: 43.9811 | Data Epoch: 1 |
                             Data Read Time: <1s | Elapsed Time: 3s | Wall Time:
                             500s | Learning Rate: 9.97233e-08 | Batch Size: 48 
                             | Elements per Batch: 59,103 | Elements per Second:
                             16,289 | Number of Examples: 48 | Number of        
                             Elements: 59,103 | Number of Target Elements:      
                             24,655 | Total Number of Examples: 6,128 | Total   
                             Number of Elements: 6,893,713 | Total Number of    
                             Target Elements: 3,012,944 | Peak Active Device    
                             Memory: 60.15 GiB | Peak Active Device Memory (%): 
                             76% | Peak Reserved Device Memory: 74.84 GiB | Peak
                             Reserved Device Memory (%): 95%                    
                    INFO     fairseq2 - End of epoch 1 reached at training step 
                             97.                                                
                    INFO     fairseq2 - Saving checkpoint after step 96.        
[07/18/25 14:41:52] INFO     fairseq2 - Saving the trainer state.               
[07/18/25 14:42:00] INFO     fairseq2 - Trainer state saved.                    
                    INFO     fairseq2 - Saving the model.                       
                    INFO     fairseq2 - Extracting the consolidated FSDP model  
                             state on rank 0.                                   
[07/18/25 14:42:36] INFO     fairseq2 - Model state extracted.                  
[07/18/25 14:43:30] INFO     fairseq2 - Model saved.                            
                    INFO     fairseq2 - Checkpoint complete.                    
[07/18/25 14:43:38] INFO     fairseq2 - Train Metrics (step 97) - DPO Loss:     
                             0.410451 | Chosen Sequence Log Probabilities:      
                             -410.301 | Rejected Sequence Log Probabilities:    
                             -367.379 | Chosen Sequence Length: 518.406 |       
                             Rejected Sequence Length: 480.891 | NLL Loss:      
                             0.791739 | Gradient Norm: 42.6377 | Data Epoch: 2 |
                             Data Read Time: 1s | Elapsed Time: 8s | Wall Time: 
                             612s | Learning Rate: 9.97149e-08 | Batch Size: 64 
                             | Elements per Batch: 72,700 | Elements per Second:
                             9,072 | Number of Examples: 64 | Number of         
                             Elements: 72,700 | Number of Target Elements:      
                             33,178 | Total Number of Examples: 6,192 | Total   
                             Number of Elements: 6,966,413 | Total Number of    
                             Target Elements: 3,046,122 | Peak Active Device    
                             Memory: 59.13 GiB | Peak Active Device Memory (%): 
                             75% | Peak Reserved Device Memory: 74.84 GiB | Peak
                             Reserved Device Memory (%): 95%                    
[07/18/25 14:43:45] INFO     fairseq2 - Train Metrics (step 98) - DPO Loss:     
                             0.403826 | Chosen Sequence Log Probabilities:      
                             -440.84 | Rejected Sequence Log Probabilities:     
                             -359.906 | Chosen Sequence Length: 541.422 |       
                             Rejected Sequence Length: 543.875 | NLL Loss:      
                             0.814159 | Gradient Norm: 36.6731 | Data Epoch: 2 |
                             Data Read Time: <1s | Elapsed Time: 5s | Wall Time:
                             619s | Learning Rate: 9.97063e-08 | Batch Size: 64 
                             | Elements per Batch: 80,003 | Elements per Second:
                             14,665 | Number of Examples: 64 | Number of        
                             Elements: 80,003 | Number of Target Elements:      
                             34,651 | Total Number of Examples: 6,256 | Total   
                             Number of Elements: 7,046,416 | Total Number of    
                             Target Elements: 3,080,773 | Peak Active Device    
                             Memory: 59.07 GiB | Peak Active Device Memory (%): 
                             75% | Peak Reserved Device Memory: 68.45 GiB | Peak
                             Reserved Device Memory (%): 87%                    
[07/18/25 14:43:50] INFO     fairseq2 - Train Metrics (step 99) - DPO Loss:     
                             0.368779 | Chosen Sequence Log Probabilities:      
                             -367.805 | Rejected Sequence Log Probabilities:    
                             -336.504 | Chosen Sequence Length: 515.828 |       
                             Rejected Sequence Length: 543.672 | NLL Loss:      
                             0.713168 | Gradient Norm: 37.7251 | Data Epoch: 2 |
                             Data Read Time: <1s | Elapsed Time: 4s | Wall Time:
                             624s | Learning Rate: 9.96976e-08 | Batch Size: 64 
                             | Elements per Batch: 70,355 | Elements per Second:
                             15,624 | Number of Examples: 64 | Number of        
                             Elements: 70,355 | Number of Target Elements:      
                             33,013 | Total Number of Examples: 6,320 | Total   
                             Number of Elements: 7,116,771 | Total Number of    
                             Target Elements: 3,113,786 | Peak Active Device    
                             Memory: 59.66 GiB | Peak Active Device Memory (%): 
                             76% | Peak Reserved Device Memory: 69.61 GiB | Peak
                             Reserved Device Memory (%): 88%                    
[07/18/25 14:43:54] INFO     fairseq2 - Train Metrics (step 100) - DPO Loss:    
                             0.413004 | Chosen Sequence Log Probabilities:      
                             -358.76 | Rejected Sequence Log Probabilities:     
                             -303.984 | Chosen Sequence Length: 487.516 |       
                             Rejected Sequence Length: 457.781 | NLL Loss:      
                             0.736138 | Gradient Norm: 35.7651 | Data Epoch: 2 |
                             Data Read Time: <1s | Elapsed Time: 4s | Wall Time:
                             628s | Learning Rate: 9.96888e-08 | Batch Size: 64 
                             | Elements per Batch: 75,613 | Elements per Second:
                             16,945 | Number of Examples: 64 | Number of        
                             Elements: 75,613 | Number of Target Elements:      
                             31,201 | Total Number of Examples: 6,384 | Total   
                             Number of Elements: 7,192,384 | Total Number of    
                             Target Elements: 3,144,987 | Peak Active Device    
                             Memory: 59.11 GiB | Peak Active Device Memory (%): 
                             75% | Peak Reserved Device Memory: 69.61 GiB | Peak
                             Reserved Device Memory (%): 88%                    
[07/18/25 14:43:59] INFO     fairseq2 - Train Metrics (step 101) - DPO Loss:    
                             0.42282 | Chosen Sequence Log Probabilities:       
                             -353.914 | Rejected Sequence Log Probabilities:    
                             -315.02 | Chosen Sequence Length: 529.75 | Rejected
                             Sequence Length: 549.844 | NLL Loss: 0.667872 |    
                             Gradient Norm: 41.5323 | Data Epoch: 2 | Data Read 
                             Time: <1s | Elapsed Time: 4s | Wall Time: 633s |   
                             Learning Rate: 9.96798e-08 | Batch Size: 64 |      
                             Elements per Batch: 77,731 | Elements per Second:  
                             16,296 | Number of Examples: 64 | Number of        
                             Elements: 77,731 | Number of Target Elements:      
                             33,904 | Total Number of Examples: 6,448 | Total   
                             Number of Elements: 7,270,115 | Total Number of    
                             Target Elements: 3,178,891 | Peak Active Device    
                             Memory: 59.87 GiB | Peak Active Device Memory (%): 
                             76% | Peak Reserved Device Memory: 72.45 GiB | Peak
                             Reserved Device Memory (%): 92%                    
[07/18/25 14:44:03] INFO     fairseq2 - Train Metrics (step 102) - DPO Loss:    
                             0.44109 | Chosen Sequence Log Probabilities:       
                             -392.121 | Rejected Sequence Log Probabilities:    
                             -322.357 | Chosen Sequence Length: 486.641 |       
                             Rejected Sequence Length: 425.125 | NLL Loss:      
                             0.805837 | Gradient Norm: 49.4319 | Data Epoch: 2 |
                             Data Read Time: <1s | Elapsed Time: 4s | Wall Time:
                             638s | Learning Rate: 9.96708e-08 | Batch Size: 64 
                             | Elements per Batch: 74,772 | Elements per Second:
                             16,621 | Number of Examples: 64 | Number of        
                             Elements: 74,772 | Number of Target Elements:      
                             31,145 | Total Number of Examples: 6,512 | Total   
                             Number of Elements: 7,344,887 | Total Number of    
                             Target Elements: 3,210,036 | Peak Active Device    
                             Memory: 60.20 GiB | Peak Active Device Memory (%): 
                             77% | Peak Reserved Device Memory: 74.11 GiB | Peak
                             Reserved Device Memory (%): 94%                    
[07/18/25 14:44:07] INFO     fairseq2 - Train Metrics (step 103) - DPO Loss:    
                             0.399737 | Chosen Sequence Log Probabilities:      
                             -358.418 | Rejected Sequence Log Probabilities:    
                             -307.215 | Chosen Sequence Length: 441.391 |       
                             Rejected Sequence Length: 474.141 | NLL Loss:      
                             0.812097 | Gradient Norm: 38.4961 | Data Epoch: 2 |
                             Data Read Time: <1s | Elapsed Time: 3s | Wall Time:
                             642s | Learning Rate: 9.96616e-08 | Batch Size: 64 
                             | Elements per Batch: 67,037 | Elements per Second:
                             17,450 | Number of Examples: 64 | Number of        
                             Elements: 67,037 | Number of Target Elements:      
                             28,249 | Total Number of Examples: 6,576 | Total   
                             Number of Elements: 7,411,924 | Total Number of    
                             Target Elements: 3,238,285 | Peak Active Device    
                             Memory: 59.50 GiB | Peak Active Device Memory (%): 
                             76% | Peak Reserved Device Memory: 74.11 GiB | Peak
                             Reserved Device Memory (%): 94%                    
[07/18/25 14:44:12] INFO     fairseq2 - Train Metrics (step 104) - DPO Loss:    
                             0.372271 | Chosen Sequence Log Probabilities:      
                             -383.447 | Rejected Sequence Log Probabilities:    
                             -360.686 | Chosen Sequence Length: 494.219 |       
                             Rejected Sequence Length: 494.812 | NLL Loss:      
                             0.775846 | Gradient Norm: 36.3469 | Data Epoch: 2 |
                             Data Read Time: <1s | Elapsed Time: 4s | Wall Time:
                             646s | Learning Rate: 9.96523e-08 | Batch Size: 64 
                             | Elements per Batch: 69,776 | Elements per Second:
                             15,878 | Number of Examples: 64 | Number of        
                             Elements: 69,776 | Number of Target Elements:      
                             31,630 | Total Number of Examples: 6,640 | Total   
                             Number of Elements: 7,481,700 | Total Number of    
                             Target Elements: 3,269,915 | Peak Active Device    
                             Memory: 59.80 GiB | Peak Active Device Memory (%): 
                             76% | Peak Reserved Device Memory: 74.11 GiB | Peak
                             Reserved Device Memory (%): 94%                    
[07/18/25 14:44:16] INFO     fairseq2 - Train Metrics (step 105) - DPO Loss:    
                             0.388065 | Chosen Sequence Log Probabilities:      
                             -389.207 | Rejected Sequence Log Probabilities:    
                             -348.859 | Chosen Sequence Length: 500.188 |       
                             Rejected Sequence Length: 549.125 | NLL Loss:      
                             0.778114 | Gradient Norm: 45.3467 | Data Epoch: 2 |
                             Data Read Time: <1s | Elapsed Time: 4s | Wall Time:
                             650s | Learning Rate: 9.96428e-08 | Batch Size: 64 
                             | Elements per Batch: 73,301 | Elements per Second:
                             16,837 | Number of Examples: 64 | Number of        
                             Elements: 73,301 | Number of Target Elements:      
                             32,012 | Total Number of Examples: 6,704 | Total   
                             Number of Elements: 7,555,001 | Total Number of    
                             Target Elements: 3,301,927 | Peak Active Device    
                             Memory: 59.14 GiB | Peak Active Device Memory (%): 
                             75% | Peak Reserved Device Memory: 74.11 GiB | Peak
                             Reserved Device Memory (%): 94%                    
[07/18/25 14:44:21] INFO     fairseq2 - Train Metrics (step 106) - DPO Loss:    
                             0.346722 | Chosen Sequence Log Probabilities:      
                             -403.281 | Rejected Sequence Log Probabilities:    
                             -356.5 | Chosen Sequence Length: 455.406 | Rejected
                             Sequence Length: 510.844 | NLL Loss: 0.885645 |    
                             Gradient Norm: 37.9628 | Data Epoch: 2 | Data Read 
                             Time: <1s | Elapsed Time: 4s | Wall Time: 655s |   
                             Learning Rate: 9.96332e-08 | Batch Size: 64 |      
                             Elements per Batch: 64,277 | Elements per Second:  
                             15,020 | Number of Examples: 64 | Number of        
                             Elements: 64,277 | Number of Target Elements:      
                             29,146 | Total Number of Examples: 6,768 | Total   
                             Number of Elements: 7,619,278 | Total Number of    
                             Target Elements: 3,331,073 | Peak Active Device    
                             Memory: 59.52 GiB | Peak Active Device Memory (%): 
                             76% | Peak Reserved Device Memory: 74.11 GiB | Peak
                             Reserved Device Memory (%): 94%                    
[07/18/25 14:44:25] INFO     fairseq2 - Train Metrics (step 107) - DPO Loss:    
                             0.406977 | Chosen Sequence Log Probabilities:      
                             -388.613 | Rejected Sequence Log Probabilities:    
                             -349.539 | Chosen Sequence Length: 483.5 | Rejected
                             Sequence Length: 516.625 | NLL Loss: 0.803969 |    
                             Gradient Norm: 42.409 | Data Epoch: 2 | Data Read  
                             Time: <1s | Elapsed Time: 4s | Wall Time: 659s |   
                             Learning Rate: 9.96235e-08 | Batch Size: 64 |      
                             Elements per Batch: 74,310 | Elements per Second:  
                             16,656 | Number of Examples: 64 | Number of        
                             Elements: 74,310 | Number of Target Elements:      
                             30,944 | Total Number of Examples: 6,832 | Total   
                             Number of Elements: 7,693,588 | Total Number of    
                             Target Elements: 3,362,017 | Peak Active Device    
                             Memory: 59.75 GiB | Peak Active Device Memory (%): 
                             76% | Peak Reserved Device Memory: 74.13 GiB | Peak
                             Reserved Device Memory (%): 94%                    
[07/18/25 14:44:30] INFO     fairseq2 - Train Metrics (step 108) - DPO Loss:    
                             0.393229 | Chosen Sequence Log Probabilities:      
                             -395.73 | Rejected Sequence Log Probabilities:     
                             -387.391 | Chosen Sequence Length: 520.938 |       
                             Rejected Sequence Length: 622.453 | NLL Loss:      
                             0.759436 | Gradient Norm: 41.8714 | Data Epoch: 2 |
                             Data Read Time: <1s | Elapsed Time: 5s | Wall Time:
                             665s | Learning Rate: 9.96137e-08 | Batch Size: 64 
                             | Elements per Batch: 74,285 | Elements per Second:
                             14,519 | Number of Examples: 64 | Number of        
                             Elements: 74,285 | Number of Target Elements:      
                             33,340 | Total Number of Examples: 6,896 | Total   
                             Number of Elements: 7,767,873 | Total Number of    
                             Target Elements: 3,395,357 | Peak Active Device    
                             Memory: 60.17 GiB | Peak Active Device Memory (%): 
                             76% | Peak Reserved Device Memory: 74.13 GiB | Peak
                             Reserved Device Memory (%): 94%                    
[07/18/25 14:44:34] INFO     fairseq2 - Train Metrics (step 109) - DPO Loss:    
                             0.339673 | Chosen Sequence Log Probabilities:      
                             -398.086 | Rejected Sequence Log Probabilities:    
                             -336.816 | Chosen Sequence Length: 511.234 |       
                             Rejected Sequence Length: 530.922 | NLL Loss:      
                             0.778722 | Gradient Norm: 38.3196 | Data Epoch: 2 |
                             Data Read Time: <1s | Elapsed Time: 4s | Wall Time:
                             669s | Learning Rate: 9.96037e-08 | Batch Size: 64 
                             | Elements per Batch: 70,593 | Elements per Second:
                             17,263 | Number of Examples: 64 | Number of        
                             Elements: 70,593 | Number of Target Elements:      
                             32,719 | Total Number of Examples: 6,960 | Total   
                             Number of Elements: 7,838,466 | Total Number of    
                             Target Elements: 3,428,076 | Peak Active Device    
                             Memory: 59.09 GiB | Peak Active Device Memory (%): 
                             75% | Peak Reserved Device Memory: 74.13 GiB | Peak
                             Reserved Device Memory (%): 94%                    
[07/18/25 14:44:39] INFO     fairseq2 - Train Metrics (step 110) - DPO Loss:    
                             0.402891 | Chosen Sequence Log Probabilities:      
                             -418.977 | Rejected Sequence Log Probabilities:    
                             -321.578 | Chosen Sequence Length: 541.719 |       
                             Rejected Sequence Length: 441.953 | NLL Loss:      
                             0.773729 | Gradient Norm: 43.5554 | Data Epoch: 2 |
                             Data Read Time: <1s | Elapsed Time: 4s | Wall Time:
                             673s | Learning Rate: 9.95937e-08 | Batch Size: 64 
                             | Elements per Batch: 72,265 | Elements per Second:
                             17,533 | Number of Examples: 64 | Number of        
                             Elements: 72,265 | Number of Target Elements:      
                             34,670 | Total Number of Examples: 7,024 | Total   
                             Number of Elements: 7,910,731 | Total Number of    
                             Target Elements: 3,462,746 | Peak Active Device    
                             Memory: 59.18 GiB | Peak Active Device Memory (%): 
                             75% | Peak Reserved Device Memory: 74.13 GiB | Peak
                             Reserved Device Memory (%): 94%                    
[07/18/25 14:44:43] INFO     fairseq2 - Train Metrics (step 111) - DPO Loss:    
                             0.42765 | Chosen Sequence Log Probabilities:       
                             -364.539 | Rejected Sequence Log Probabilities:    
                             -323.008 | Chosen Sequence Length: 465.812 |       
                             Rejected Sequence Length: 486.047 | NLL Loss:      
                             0.782459 | Gradient Norm: 42.6812 | Data Epoch: 2 |
                             Data Read Time: <1s | Elapsed Time: 3s | Wall Time:
                             677s | Learning Rate: 9.95834e-08 | Batch Size: 64 
                             | Elements per Batch: 72,822 | Elements per Second:
                             18,367 | Number of Examples: 64 | Number of        
                             Elements: 72,822 | Number of Target Elements:      
                             29,812 | Total Number of Examples: 7,088 | Total   
                             Number of Elements: 7,983,553 | Total Number of    
                             Target Elements: 3,492,558 | Peak Active Device    
                             Memory: 59.19 GiB | Peak Active Device Memory (%): 
                             75% | Peak Reserved Device Memory: 74.13 GiB | Peak
                             Reserved Device Memory (%): 94%                    
[07/18/25 14:44:47] INFO     fairseq2 - Train Metrics (step 112) - DPO Loss:    
                             0.362779 | Chosen Sequence Log Probabilities:      
                             -404.082 | Rejected Sequence Log Probabilities:    
                             -356.416 | Chosen Sequence Length: 534.281 |       
                             Rejected Sequence Length: 500.344 | NLL Loss:      
                             0.756086 | Gradient Norm: 43.0826 | Data Epoch: 2 |
                             Data Read Time: <1s | Elapsed Time: 3s | Wall Time:
                             681s | Learning Rate: 9.95731e-08 | Batch Size: 64 
                             | Elements per Batch: 79,683 | Elements per Second:
                             19,940 | Number of Examples: 64 | Number of        
                             Elements: 79,683 | Number of Target Elements:      
                             34,194 | Total Number of Examples: 7,152 | Total   
                             Number of Elements: 8,063,236 | Total Number of    
                             Target Elements: 3,526,752 | Peak Active Device    
                             Memory: 59.18 GiB | Peak Active Device Memory (%): 
                             75% | Peak Reserved Device Memory: 74.13 GiB | Peak
                             Reserved Device Memory (%): 94%                    
[07/18/25 14:44:51] INFO     fairseq2 - Train Metrics (step 113) - DPO Loss:    
                             0.368619 | Chosen Sequence Log Probabilities:      
                             -434.367 | Rejected Sequence Log Probabilities:    
                             -377.051 | Chosen Sequence Length: 552.031 |       
                             Rejected Sequence Length: 509.438 | NLL Loss:      
                             0.786765 | Gradient Norm: 50.3091 | Data Epoch: 2 |
                             Data Read Time: <1s | Elapsed Time: 4s | Wall Time:
                             685s | Learning Rate: 9.95626e-08 | Batch Size: 64 
                             | Elements per Batch: 80,786 | Elements per Second:
                             19,658 | Number of Examples: 64 | Number of        
                             Elements: 80,786 | Number of Target Elements:      
                             35,330 | Total Number of Examples: 7,216 | Total   
                             Number of Elements: 8,144,022 | Total Number of    
                             Target Elements: 3,562,082 | Peak Active Device    
                             Memory: 59.65 GiB | Peak Active Device Memory (%): 
                             76% | Peak Reserved Device Memory: 74.13 GiB | Peak
                             Reserved Device Memory (%): 94%                    
[07/18/25 14:44:55] INFO     fairseq2 - Train Metrics (step 114) - DPO Loss:    
                             0.451788 | Chosen Sequence Log Probabilities:      
                             -315.277 | Rejected Sequence Log Probabilities:    
                             -282.273 | Chosen Sequence Length: 503.609 |       
                             Rejected Sequence Length: 473.109 | NLL Loss:      
                             0.626131 | Gradient Norm: 37.6148 | Data Epoch: 2 |
                             Data Read Time: <1s | Elapsed Time: 4s | Wall Time:
                             689s | Learning Rate: 9.95521e-08 | Batch Size: 64 
                             | Elements per Batch: 73,620 | Elements per Second:
                             18,018 | Number of Examples: 64 | Number of        
                             Elements: 73,620 | Number of Target Elements:      
                             32,231 | Total Number of Examples: 7,280 | Total   
                             Number of Elements: 8,217,642 | Total Number of    
                             Target Elements: 3,594,313 | Peak Active Device    
                             Memory: 59.64 GiB | Peak Active Device Memory (%): 
                             76% | Peak Reserved Device Memory: 74.13 GiB | Peak
                             Reserved Device Memory (%): 94%                    
[07/18/25 14:44:59] INFO     fairseq2 - Train Metrics (step 115) - DPO Loss:    
                             0.316215 | Chosen Sequence Log Probabilities:      
                             -445.566 | Rejected Sequence Log Probabilities:    
                             -365.328 | Chosen Sequence Length: 543.906 |       
                             Rejected Sequence Length: 546.484 | NLL Loss:      
                             0.819159 | Gradient Norm: 33.8375 | Data Epoch: 2 |
                             Data Read Time: <1s | Elapsed Time: 3s | Wall Time:
                             693s | Learning Rate: 9.95414e-08 | Batch Size: 64 
                             | Elements per Batch: 64,549 | Elements per Second:
                             18,212 | Number of Examples: 64 | Number of        
                             Elements: 64,549 | Number of Target Elements:      
                             34,810 | Total Number of Examples: 7,344 | Total   
                             Number of Elements: 8,282,191 | Total Number of    
                             Target Elements: 3,629,123 | Peak Active Device    
                             Memory: 58.95 GiB | Peak Active Device Memory (%): 
                             75% | Peak Reserved Device Memory: 74.13 GiB | Peak
                             Reserved Device Memory (%): 94%                    
[07/18/25 14:45:03] INFO     fairseq2 - Train Metrics (step 116) - DPO Loss:    
                             0.335172 | Chosen Sequence Log Probabilities:      
                             -366.328 | Rejected Sequence Log Probabilities:    
                             -341.617 | Chosen Sequence Length: 471.078 |       
                             Rejected Sequence Length: 531.547 | NLL Loss:      
                             0.77776 | Gradient Norm: 32.5508 | Data Epoch: 2 | 
                             Data Read Time: <1s | Elapsed Time: 4s | Wall Time:
                             697s | Learning Rate: 9.95305e-08 | Batch Size: 64 
                             | Elements per Batch: 66,506 | Elements per Second:
                             15,585 | Number of Examples: 64 | Number of        
                             Elements: 66,506 | Number of Target Elements:      
                             30,149 | Total Number of Examples: 7,408 | Total   
                             Number of Elements: 8,348,697 | Total Number of    
                             Target Elements: 3,659,272 | Peak Active Device    
                             Memory: 59.16 GiB | Peak Active Device Memory (%): 
                             75% | Peak Reserved Device Memory: 74.13 GiB | Peak
                             Reserved Device Memory (%): 94%                    
[07/18/25 14:45:07] INFO     fairseq2 - Train Metrics (step 117) - DPO Loss:    
                             0.324541 | Chosen Sequence Log Probabilities:      
                             -341.457 | Rejected Sequence Log Probabilities:    
                             -311.902 | Chosen Sequence Length: 411.703 |       
                             Rejected Sequence Length: 415.625 | NLL Loss:      
                             0.829384 | Gradient Norm: 34.6632 | Data Epoch: 2 |
                             Data Read Time: <1s | Elapsed Time: 3s | Wall Time:
                             701s | Learning Rate: 9.95195e-08 | Batch Size: 64 
                             | Elements per Batch: 62,974 | Elements per Second:
                             15,851 | Number of Examples: 64 | Number of        
                             Elements: 62,974 | Number of Target Elements:      
                             26,349 | Total Number of Examples: 7,472 | Total   
                             Number of Elements: 8,411,671 | Total Number of    
                             Target Elements: 3,685,621 | Peak Active Device    
                             Memory: 59.25 GiB | Peak Active Device Memory (%): 
                             75% | Peak Reserved Device Memory: 74.13 GiB | Peak
                             Reserved Device Memory (%): 94%                    
[07/18/25 14:45:11] INFO     fairseq2 - Train Metrics (step 118) - DPO Loss:    
                             0.342991 | Chosen Sequence Log Probabilities:      
                             -342.824 | Rejected Sequence Log Probabilities:    
                             -299.402 | Chosen Sequence Length: 420.078 |       
                             Rejected Sequence Length: 433.594 | NLL Loss:      
                             0.816021 | Gradient Norm: 52.3951 | Data Epoch: 2 |
                             Data Read Time: <1s | Elapsed Time: 4s | Wall Time:
                             705s | Learning Rate: 9.95085e-08 | Batch Size: 64 
                             | Elements per Batch: 66,209 | Elements per Second:
                             15,960 | Number of Examples: 64 | Number of        
                             Elements: 66,209 | Number of Target Elements:      
                             26,885 | Total Number of Examples: 7,536 | Total   
                             Number of Elements: 8,477,880 | Total Number of    
                             Target Elements: 3,712,506 | Peak Active Device    
                             Memory: 59.20 GiB | Peak Active Device Memory (%): 
                             75% | Peak Reserved Device Memory: 74.13 GiB | Peak
                             Reserved Device Memory (%): 94%                    
[07/18/25 14:45:16] INFO     fairseq2 - Train Metrics (step 119) - DPO Loss:    
                             0.382107 | Chosen Sequence Log Probabilities:      
                             -329.012 | Rejected Sequence Log Probabilities:    
                             -305.146 | Chosen Sequence Length: 425.438 |       
                             Rejected Sequence Length: 512.219 | NLL Loss:      
                             0.772992 | Gradient Norm: 35.2951 | Data Epoch: 2 |
                             Data Read Time: <1s | Elapsed Time: 4s | Wall Time:
                             710s | Learning Rate: 9.94972e-08 | Batch Size: 64 
                             | Elements per Batch: 63,527 | Elements per Second:
                             14,932 | Number of Examples: 64 | Number of        
                             Elements: 63,527 | Number of Target Elements:      
                             27,228 | Total Number of Examples: 7,600 | Total   
                             Number of Elements: 8,541,407 | Total Number of    
                             Target Elements: 3,739,734 | Peak Active Device    
                             Memory: 59.31 GiB | Peak Active Device Memory (%): 
                             75% | Peak Reserved Device Memory: 74.13 GiB | Peak
                             Reserved Device Memory (%): 94%                    
[07/18/25 14:45:20] INFO     fairseq2 - Train Metrics (step 120) - DPO Loss:    
                             0.304595 | Chosen Sequence Log Probabilities:      
                             -423.008 | Rejected Sequence Log Probabilities:    
                             -378.615 | Chosen Sequence Length: 555.516 |       
                             Rejected Sequence Length: 539.062 | NLL Loss:      
                             0.761506 | Gradient Norm: 35.4026 | Data Epoch: 2 |
                             Data Read Time: <1s | Elapsed Time: 3s | Wall Time:
                             714s | Learning Rate: 9.94859e-08 | Batch Size: 64 
                             | Elements per Batch: 75,875 | Elements per Second:
                             18,974 | Number of Examples: 64 | Number of        
                             Elements: 75,875 | Number of Target Elements:      
                             35,553 | Total Number of Examples: 7,664 | Total   
                             Number of Elements: 8,617,282 | Total Number of    
                             Target Elements: 3,775,287 | Peak Active Device    
                             Memory: 59.57 GiB | Peak Active Device Memory (%): 
                             76% | Peak Reserved Device Memory: 74.13 GiB | Peak
                             Reserved Device Memory (%): 94%                    
[07/18/25 14:45:24] INFO     fairseq2 - Train Metrics (step 121) - DPO Loss:    
                             0.412422 | Chosen Sequence Log Probabilities:      
                             -332.348 | Rejected Sequence Log Probabilities:    
                             -306.732 | Chosen Sequence Length: 451.734 |       
                             Rejected Sequence Length: 509.469 | NLL Loss:      
                             0.735761 | Gradient Norm: 34.8679 | Data Epoch: 2 |
                             Data Read Time: <1s | Elapsed Time: 4s | Wall Time:
                             718s | Learning Rate: 9.94744e-08 | Batch Size: 64 
                             | Elements per Batch: 76,692 | Elements per Second:
                             17,086 | Number of Examples: 64 | Number of        
                             Elements: 76,692 | Number of Target Elements:      
                             28,911 | Total Number of Examples: 7,728 | Total   
                             Number of Elements: 8,693,974 | Total Number of    
                             Target Elements: 3,804,198 | Peak Active Device    
                             Memory: 59.23 GiB | Peak Active Device Memory (%): 
                             75% | Peak Reserved Device Memory: 74.13 GiB | Peak
                             Reserved Device Memory (%): 94%                    
[07/18/25 14:45:29] INFO     fairseq2 - Train Metrics (step 122) - DPO Loss:    
                             0.30661 | Chosen Sequence Log Probabilities:       
                             -416.619 | Rejected Sequence Log Probabilities:    
                             -375.545 | Chosen Sequence Length: 490.312 |       
                             Rejected Sequence Length: 556.359 | NLL Loss:      
                             0.849716 | Gradient Norm: 31.3178 | Data Epoch: 2 |
                             Data Read Time: <1s | Elapsed Time: 4s | Wall Time:
                             723s | Learning Rate: 9.94628e-08 | Batch Size: 64 
                             | Elements per Batch: 75,550 | Elements per Second:
                             16,249 | Number of Examples: 64 | Number of        
                             Elements: 75,550 | Number of Target Elements:      
                             31,380 | Total Number of Examples: 7,792 | Total   
                             Number of Elements: 8,769,524 | Total Number of    
                             Target Elements: 3,835,578 | Peak Active Device    
                             Memory: 59.16 GiB | Peak Active Device Memory (%): 
                             75% | Peak Reserved Device Memory: 74.13 GiB | Peak
                             Reserved Device Memory (%): 94%                    
[07/18/25 14:45:33] INFO     fairseq2 - Train Metrics (step 123) - DPO Loss:    
                             0.359186 | Chosen Sequence Log Probabilities:      
                             -338.406 | Rejected Sequence Log Probabilities:    
                             -345.652 | Chosen Sequence Length: 424.781 |       
                             Rejected Sequence Length: 431.531 | NLL Loss:      
                             0.79644 | Gradient Norm: 35.1645 | Data Epoch: 2 | 
                             Data Read Time: <1s | Elapsed Time: 3s | Wall Time:
                             727s | Learning Rate: 9.94511e-08 | Batch Size: 64 
                             | Elements per Batch: 65,597 | Elements per Second:
                             16,499 | Number of Examples: 64 | Number of        
                             Elements: 65,597 | Number of Target Elements:      
                             27,186 | Total Number of Examples: 7,856 | Total   
                             Number of Elements: 8,835,121 | Total Number of    
                             Target Elements: 3,862,764 | Peak Active Device    
                             Memory: 58.82 GiB | Peak Active Device Memory (%): 
                             75% | Peak Reserved Device Memory: 74.13 GiB | Peak
                             Reserved Device Memory (%): 94%                    
[07/18/25 14:45:37] INFO     fairseq2 - Train Metrics (step 124) - DPO Loss:    
                             0.306251 | Chosen Sequence Log Probabilities:      
                             -370.594 | Rejected Sequence Log Probabilities:    
                             -333.805 | Chosen Sequence Length: 500.828 |       
                             Rejected Sequence Length: 579.281 | NLL Loss:      
                             0.739937 | Gradient Norm: 30.5875 | Data Epoch: 2 |
                             Data Read Time: <1s | Elapsed Time: 4s | Wall Time:
                             731s | Learning Rate: 9.94393e-08 | Batch Size: 64 
                             | Elements per Batch: 66,631 | Elements per Second:
                             15,664 | Number of Examples: 64 | Number of        
                             Elements: 66,631 | Number of Target Elements:      
                             32,053 | Total Number of Examples: 7,920 | Total   
                             Number of Elements: 8,901,752 | Total Number of    
                             Target Elements: 3,894,817 | Peak Active Device    
                             Memory: 59.12 GiB | Peak Active Device Memory (%): 
                             75% | Peak Reserved Device Memory: 74.13 GiB | Peak
                             Reserved Device Memory (%): 94%                    
[07/18/25 14:45:41] INFO     fairseq2 - Train Metrics (step 125) - DPO Loss:    
                             0.333678 | Chosen Sequence Log Probabilities:      
                             -407.449 | Rejected Sequence Log Probabilities:    
                             -364.457 | Chosen Sequence Length: 488.281 |       
                             Rejected Sequence Length: 539.609 | NLL Loss:      
                             0.83456 | Gradient Norm: 32.5495 | Data Epoch: 2 | 
                             Data Read Time: <1s | Elapsed Time: 4s | Wall Time:
                             736s | Learning Rate: 9.94273e-08 | Batch Size: 64 
                             | Elements per Batch: 67,308 | Elements per Second:
                             16,105 | Number of Examples: 64 | Number of        
                             Elements: 67,308 | Number of Target Elements:      
                             31,250 | Total Number of Examples: 7,984 | Total   
                             Number of Elements: 8,969,060 | Total Number of    
                             Target Elements: 3,926,067 | Peak Active Device    
                             Memory: 59.54 GiB | Peak Active Device Memory (%): 
                             76% | Peak Reserved Device Memory: 74.13 GiB | Peak
                             Reserved Device Memory (%): 94%                    
[07/18/25 14:45:46] INFO     fairseq2 - Train Metrics (step 126) - DPO Loss:    
                             0.349566 | Chosen Sequence Log Probabilities:      
                             -319.652 | Rejected Sequence Log Probabilities:    
                             -299.818 | Chosen Sequence Length: 471.453 |       
                             Rejected Sequence Length: 435.031 | NLL Loss:      
                             0.677736 | Gradient Norm: 36.5801 | Data Epoch: 2 |
                             Data Read Time: <1s | Elapsed Time: 4s | Wall Time:
                             740s | Learning Rate: 9.94152e-08 | Batch Size: 64 
                             | Elements per Batch: 82,812 | Elements per Second:
                             17,719 | Number of Examples: 64 | Number of        
                             Elements: 82,812 | Number of Target Elements:      
                             30,173 | Total Number of Examples: 8,048 | Total   
                             Number of Elements: 9,051,872 | Total Number of    
                             Target Elements: 3,956,240 | Peak Active Device    
                             Memory: 59.50 GiB | Peak Active Device Memory (%): 
                             76% | Peak Reserved Device Memory: 74.13 GiB | Peak
                             Reserved Device Memory (%): 94%                    
[07/18/25 14:45:51] INFO     fairseq2 - Train Metrics (step 127) - DPO Loss:    
                             0.369341 | Chosen Sequence Log Probabilities:      
                             -375.148 | Rejected Sequence Log Probabilities:    
                             -368.609 | Chosen Sequence Length: 423.391 |       
                             Rejected Sequence Length: 474.375 | NLL Loss:      
                             0.886055 | Gradient Norm: 34.3057 | Data Epoch: 2 |
                             Data Read Time: <1s | Elapsed Time: 4s | Wall Time:
                             745s | Learning Rate: 9.9403e-08 | Batch Size: 64 |
                             Elements per Batch: 68,538 | Elements per Second:  
                             16,129 | Number of Examples: 64 | Number of        
                             Elements: 68,538 | Number of Target Elements:      
                             27,097 | Total Number of Examples: 8,112 | Total   
                             Number of Elements: 9,120,410 | Total Number of    
                             Target Elements: 3,983,337 | Peak Active Device    
                             Memory: 59.05 GiB | Peak Active Device Memory (%): 
                             75% | Peak Reserved Device Memory: 74.13 GiB | Peak
                             Reserved Device Memory (%): 94%                    
[07/18/25 14:45:54] INFO     fairseq2 - Train Metrics (step 128) - DPO Loss:    
                             0.282181 | Chosen Sequence Log Probabilities:      
                             -419.547 | Rejected Sequence Log Probabilities:    
                             -385.469 | Chosen Sequence Length: 459.484 |       
                             Rejected Sequence Length: 504.062 | NLL Loss:      
                             0.912776 | Gradient Norm: 31.0824 | Data Epoch: 2 |
                             Data Read Time: <1s | Elapsed Time: 3s | Wall Time:
                             748s | Learning Rate: 9.93906e-08 | Batch Size: 64 
                             | Elements per Batch: 65,766 | Elements per Second:
                             17,983 | Number of Examples: 64 | Number of        
                             Elements: 65,766 | Number of Target Elements:      
                             29,407 | Total Number of Examples: 8,176 | Total   
                             Number of Elements: 9,186,176 | Total Number of    
                             Target Elements: 4,012,744 | Peak Active Device    
                             Memory: 59.40 GiB | Peak Active Device Memory (%): 
                             76% | Peak Reserved Device Memory: 74.13 GiB | Peak
                             Reserved Device Memory (%): 94%                    
[07/18/25 14:45:58] INFO     fairseq2 - Train Metrics (step 129) - DPO Loss:    
                             0.309134 | Chosen Sequence Log Probabilities:      
                             -345.984 | Rejected Sequence Log Probabilities:    
                             -334.185 | Chosen Sequence Length: 443.297 |       
                             Rejected Sequence Length: 480.781 | NLL Loss:      
                             0.780545 | Gradient Norm: 31.037 | Data Epoch: 2 | 
                             Data Read Time: <1s | Elapsed Time: 4s | Wall Time:
                             753s | Learning Rate: 9.93782e-08 | Batch Size: 64 
                             | Elements per Batch: 65,002 | Elements per Second:
                             15,953 | Number of Examples: 64 | Number of        
                             Elements: 65,002 | Number of Target Elements:      
                             28,371 | Total Number of Examples: 8,240 | Total   
                             Number of Elements: 9,251,178 | Total Number of    
                             Target Elements: 4,041,115 | Peak Active Device    
                             Memory: 59.12 GiB | Peak Active Device Memory (%): 
                             75% | Peak Reserved Device Memory: 74.13 GiB | Peak
                             Reserved Device Memory (%): 94%                    
[07/18/25 14:46:03] INFO     fairseq2 - Train Metrics (step 130) - DPO Loss:    
                             0.308473 | Chosen Sequence Log Probabilities:      
                             -436.57 | Rejected Sequence Log Probabilities:     
                             -366.723 | Chosen Sequence Length: 505.844 |       
                             Rejected Sequence Length: 538.156 | NLL Loss:      
                             0.863004 | Gradient Norm: 35.3707 | Data Epoch: 2 |
                             Data Read Time: <1s | Elapsed Time: 4s | Wall Time:
                             757s | Learning Rate: 9.93656e-08 | Batch Size: 64 
                             | Elements per Batch: 73,317 | Elements per Second:
                             15,989 | Number of Examples: 64 | Number of        
                             Elements: 73,317 | Number of Target Elements:      
                             32,374 | Total Number of Examples: 8,304 | Total   
                             Number of Elements: 9,324,495 | Total Number of    
                             Target Elements: 4,073,489 | Peak Active Device    
                             Memory: 58.93 GiB | Peak Active Device Memory (%): 
                             75% | Peak Reserved Device Memory: 74.13 GiB | Peak
                             Reserved Device Memory (%): 94%                    
[07/18/25 14:46:08] INFO     fairseq2 - Train Metrics (step 131) - DPO Loss:    
                             0.314098 | Chosen Sequence Log Probabilities:      
                             -393.297 | Rejected Sequence Log Probabilities:    
                             -357.656 | Chosen Sequence Length: 500.203 |       
                             Rejected Sequence Length: 532.234 | NLL Loss:      
                             0.786225 | Gradient Norm: 29.6455 | Data Epoch: 2 |
                             Data Read Time: <1s | Elapsed Time: 4s | Wall Time:
                             762s | Learning Rate: 9.93528e-08 | Batch Size: 64 
                             | Elements per Batch: 71,265 | Elements per Second:
                             15,614 | Number of Examples: 64 | Number of        
                             Elements: 71,265 | Number of Target Elements:      
                             32,013 | Total Number of Examples: 8,368 | Total   
                             Number of Elements: 9,395,760 | Total Number of    
                             Target Elements: 4,105,502 | Peak Active Device    
                             Memory: 58.94 GiB | Peak Active Device Memory (%): 
                             75% | Peak Reserved Device Memory: 74.13 GiB | Peak
                             Reserved Device Memory (%): 94%                    
[07/18/25 14:46:12] INFO     fairseq2 - Train Metrics (step 132) - DPO Loss:    
                             0.287786 | Chosen Sequence Log Probabilities:      
                             -379.873 | Rejected Sequence Log Probabilities:    
                             -316.123 | Chosen Sequence Length: 543.453 |       
                             Rejected Sequence Length: 494.406 | NLL Loss:      
                             0.699131 | Gradient Norm: 30.8923 | Data Epoch: 2 |
                             Data Read Time: <1s | Elapsed Time: 3s | Wall Time:
                             766s | Learning Rate: 9.934e-08 | Batch Size: 64 | 
                             Elements per Batch: 73,581 | Elements per Second:  
                             18,504 | Number of Examples: 64 | Number of        
                             Elements: 73,581 | Number of Target Elements:      
                             34,781 | Total Number of Examples: 8,432 | Total   
                             Number of Elements: 9,469,341 | Total Number of    
                             Target Elements: 4,140,283 | Peak Active Device    
                             Memory: 59.02 GiB | Peak Active Device Memory (%): 
                             75% | Peak Reserved Device Memory: 69.19 GiB | Peak
                             Reserved Device Memory (%): 88%                    
[07/18/25 14:46:16] INFO     fairseq2 - Train Metrics (step 133) - DPO Loss:    
                             0.299087 | Chosen Sequence Log Probabilities:      
                             -357.543 | Rejected Sequence Log Probabilities:    
                             -328.758 | Chosen Sequence Length: 501.188 |       
                             Rejected Sequence Length: 490.5 | NLL Loss:        
                             0.713532 | Gradient Norm: 29.8738 | Data Epoch: 2 |
                             Data Read Time: <1s | Elapsed Time: 4s | Wall Time:
                             770s | Learning Rate: 9.9327e-08 | Batch Size: 64 |
                             Elements per Batch: 69,980 | Elements per Second:  
                             17,013 | Number of Examples: 64 | Number of        
                             Elements: 69,980 | Number of Target Elements:      
                             32,076 | Total Number of Examples: 8,496 | Total   
                             Number of Elements: 9,539,321 | Total Number of    
                             Target Elements: 4,172,359 | Peak Active Device    
                             Memory: 59.34 GiB | Peak Active Device Memory (%): 
                             75% | Peak Reserved Device Memory: 69.19 GiB | Peak
                             Reserved Device Memory (%): 88%                    
[07/18/25 14:46:20] INFO     fairseq2 - Train Metrics (step 134) - DPO Loss:    
                             0.305897 | Chosen Sequence Log Probabilities:      
                             -395.57 | Rejected Sequence Log Probabilities:     
                             -340.484 | Chosen Sequence Length: 514.375 |       
                             Rejected Sequence Length: 475.984 | NLL Loss:      
                             0.769071 | Gradient Norm: 28.0908 | Data Epoch: 2 |
                             Data Read Time: <1s | Elapsed Time: 4s | Wall Time:
                             774s | Learning Rate: 9.93139e-08 | Batch Size: 64 
                             | Elements per Batch: 75,619 | Elements per Second:
                             17,975 | Number of Examples: 64 | Number of        
                             Elements: 75,619 | Number of Target Elements:      
                             32,920 | Total Number of Examples: 8,560 | Total   
                             Number of Elements: 9,614,940 | Total Number of    
                             Target Elements: 4,205,279 | Peak Active Device    
                             Memory: 59.64 GiB | Peak Active Device Memory (%): 
                             76% | Peak Reserved Device Memory: 75.20 GiB | Peak
                             Reserved Device Memory (%): 95%                    
[07/18/25 14:46:24] INFO     fairseq2 - Train Metrics (step 135) - DPO Loss:    
                             0.325814 | Chosen Sequence Log Probabilities:      
                             -376.043 | Rejected Sequence Log Probabilities:    
                             -351.617 | Chosen Sequence Length: 441.266 |       
                             Rejected Sequence Length: 467.703 | NLL Loss:      
                             0.852316 | Gradient Norm: 32.5352 | Data Epoch: 2 |
                             Data Read Time: <1s | Elapsed Time: 4s | Wall Time:
                             779s | Learning Rate: 9.93007e-08 | Batch Size: 64 
                             | Elements per Batch: 72,578 | Elements per Second:
                             17,122 | Number of Examples: 64 | Number of        
                             Elements: 72,578 | Number of Target Elements:      
                             28,241 | Total Number of Examples: 8,624 | Total   
                             Number of Elements: 9,687,518 | Total Number of    
                             Target Elements: 4,233,520 | Peak Active Device    
                             Memory: 58.99 GiB | Peak Active Device Memory (%): 
                             75% | Peak Reserved Device Memory: 75.20 GiB | Peak
                             Reserved Device Memory (%): 95%                    
[07/18/25 14:46:28] INFO     fairseq2 - Train Metrics (step 136) - DPO Loss:    
                             0.355689 | Chosen Sequence Log Probabilities:      
                             -384.852 | Rejected Sequence Log Probabilities:    
                             -344.129 | Chosen Sequence Length: 465.656 |       
                             Rejected Sequence Length: 457.062 | NLL Loss:      
                             0.826593 | Gradient Norm: 36.366 | Data Epoch: 2 | 
                             Data Read Time: <1s | Elapsed Time: 3s | Wall Time:
                             782s | Learning Rate: 9.92873e-08 | Batch Size: 64 
                             | Elements per Batch: 75,087 | Elements per Second:
                             20,232 | Number of Examples: 64 | Number of        
                             Elements: 75,087 | Number of Target Elements:      
                             29,802 | Total Number of Examples: 8,688 | Total   
                             Number of Elements: 9,762,605 | Total Number of    
                             Target Elements: 4,263,322 | Peak Active Device    
                             Memory: 59.06 GiB | Peak Active Device Memory (%): 
                             75% | Peak Reserved Device Memory: 75.20 GiB | Peak
                             Reserved Device Memory (%): 95%                    
[07/18/25 14:46:33] INFO     fairseq2 - Train Metrics (step 137) - DPO Loss:    
                             0.343824 | Chosen Sequence Log Probabilities:      
                             -380.729 | Rejected Sequence Log Probabilities:    
                             -353.6 | Chosen Sequence Length: 505.438 | Rejected
                             Sequence Length: 492.969 | NLL Loss: 0.753553 |    
                             Gradient Norm: 37.2549 | Data Epoch: 2 | Data Read 
                             Time: <1s | Elapsed Time: 4s | Wall Time: 787s |   
                             Learning Rate: 9.92739e-08 | Batch Size: 64 |      
                             Elements per Batch: 73,132 | Elements per Second:  
                             15,221 | Number of Examples: 64 | Number of        
                             Elements: 73,132 | Number of Target Elements:      
                             32,348 | Total Number of Examples: 8,752 | Total   
                             Number of Elements: 9,835,737 | Total Number of    
                             Target Elements: 4,295,670 | Peak Active Device    
                             Memory: 59.43 GiB | Peak Active Device Memory (%): 
                             76% | Peak Reserved Device Memory: 75.20 GiB | Peak
                             Reserved Device Memory (%): 95%                    
[07/18/25 14:46:38] INFO     fairseq2 - Train Metrics (step 138) - DPO Loss:    
                             0.272811 | Chosen Sequence Log Probabilities:      
                             -428.43 | Rejected Sequence Log Probabilities:     
                             -367.68 | Chosen Sequence Length: 516.109 |        
                             Rejected Sequence Length: 534.547 | NLL Loss:      
                             0.829835 | Gradient Norm: 29.4662 | Data Epoch: 2 |
                             Data Read Time: <1s | Elapsed Time: 4s | Wall Time:
                             792s | Learning Rate: 9.92603e-08 | Batch Size: 64 
                             | Elements per Batch: 73,421 | Elements per Second:
                             15,415 | Number of Examples: 64 | Number of        
                             Elements: 73,421 | Number of Target Elements:      
                             33,031 | Total Number of Examples: 8,816 | Total   
                             Number of Elements: 9,909,158 | Total Number of    
                             Target Elements: 4,328,701 | Peak Active Device    
                             Memory: 59.00 GiB | Peak Active Device Memory (%): 
                             75% | Peak Reserved Device Memory: 75.20 GiB | Peak
                             Reserved Device Memory (%): 95%                    
[07/18/25 14:46:42] INFO     fairseq2 - Train Metrics (step 139) - DPO Loss:    
                             0.233718 | Chosen Sequence Log Probabilities:      
                             -402.32 | Rejected Sequence Log Probabilities:     
                             -361.82 | Chosen Sequence Length: 492.578 |        
                             Rejected Sequence Length: 497.406 | NLL Loss:      
                             0.816794 | Gradient Norm: 30.8761 | Data Epoch: 2 |
                             Data Read Time: <1s | Elapsed Time: 4s | Wall Time:
                             796s | Learning Rate: 9.92465e-08 | Batch Size: 64 
                             | Elements per Batch: 71,594 | Elements per Second:
                             17,285 | Number of Examples: 64 | Number of        
                             Elements: 71,594 | Number of Target Elements:      
                             31,525 | Total Number of Examples: 8,880 | Total   
                             Number of Elements: 9,980,752 | Total Number of    
                             Target Elements: 4,360,226 | Peak Active Device    
                             Memory: 59.09 GiB | Peak Active Device Memory (%): 
                             75% | Peak Reserved Device Memory: 75.20 GiB | Peak
                             Reserved Device Memory (%): 95%                    
[07/18/25 14:46:46] INFO     fairseq2 - Train Metrics (step 140) - DPO Loss:    
                             0.322116 | Chosen Sequence Log Probabilities:      
                             -460.596 | Rejected Sequence Log Probabilities:    
                             -426.225 | Chosen Sequence Length: 501.562 |       
                             Rejected Sequence Length: 516.922 | NLL Loss:      
                             0.918602 | Gradient Norm: 36.2973 | Data Epoch: 2 |
                             Data Read Time: <1s | Elapsed Time: 4s | Wall Time:
                             801s | Learning Rate: 9.92327e-08 | Batch Size: 64 
                             | Elements per Batch: 67,575 | Elements per Second:
                             15,727 | Number of Examples: 64 | Number of        
                             Elements: 67,575 | Number of Target Elements:      
                             32,100 | Total Number of Examples: 8,944 | Total   
                             Number of Elements: 10,048,327 | Total Number of   
                             Target Elements: 4,392,326 | Peak Active Device    
                             Memory: 59.74 GiB | Peak Active Device Memory (%): 
                             76% | Peak Reserved Device Memory: 75.20 GiB | Peak
                             Reserved Device Memory (%): 95%                    
[07/18/25 14:46:51] INFO     fairseq2 - Train Metrics (step 141) - DPO Loss:    
                             0.314559 | Chosen Sequence Log Probabilities:      
                             -391.373 | Rejected Sequence Log Probabilities:    
                             -361.367 | Chosen Sequence Length: 495.594 |       
                             Rejected Sequence Length: 530.547 | NLL Loss:      
                             0.789847 | Gradient Norm: 41.9709 | Data Epoch: 2 |
                             Data Read Time: <1s | Elapsed Time: 4s | Wall Time:
                             805s | Learning Rate: 9.92187e-08 | Batch Size: 64 
                             | Elements per Batch: 69,552 | Elements per Second:
                             16,661 | Number of Examples: 64 | Number of        
                             Elements: 69,552 | Number of Target Elements:      
                             31,718 | Total Number of Examples: 9,008 | Total   
                             Number of Elements: 10,117,879 | Total Number of   
                             Target Elements: 4,424,044 | Peak Active Device    
                             Memory: 58.74 GiB | Peak Active Device Memory (%): 
                             75% | Peak Reserved Device Memory: 74.76 GiB | Peak
                             Reserved Device Memory (%): 95%                    
[07/18/25 14:46:55] INFO     fairseq2 - Train Metrics (step 142) - DPO Loss:    
                             0.322692 | Chosen Sequence Log Probabilities:      
                             -440.643 | Rejected Sequence Log Probabilities:    
                             -316.766 | Chosen Sequence Length: 530.234 |       
                             Rejected Sequence Length: 447.219 | NLL Loss:      
                             0.831335 | Gradient Norm: 31.888 | Data Epoch: 2 | 
                             Data Read Time: <1s | Elapsed Time: 4s | Wall Time:
                             810s | Learning Rate: 9.92046e-08 | Batch Size: 64 
                             | Elements per Batch: 77,634 | Elements per Second:
                             16,962 | Number of Examples: 64 | Number of        
                             Elements: 77,634 | Number of Target Elements:      
                             33,935 | Total Number of Examples: 9,072 | Total   
                             Number of Elements: 10,195,513 | Total Number of   
                             Target Elements: 4,457,979 | Peak Active Device    
                             Memory: 59.20 GiB | Peak Active Device Memory (%): 
                             75% | Peak Reserved Device Memory: 69.88 GiB | Peak
                             Reserved Device Memory (%): 89%                    
[07/18/25 14:47:00] INFO     fairseq2 - Train Metrics (step 143) - DPO Loss:    
                             0.278206 | Chosen Sequence Log Probabilities:      
                             -364.906 | Rejected Sequence Log Probabilities:    
                             -371.793 | Chosen Sequence Length: 456.562 |       
                             Rejected Sequence Length: 483.531 | NLL Loss:      
                             0.799299 | Gradient Norm: 30.4745 | Data Epoch: 2 |
                             Data Read Time: <1s | Elapsed Time: 4s | Wall Time:
                             814s | Learning Rate: 9.91904e-08 | Batch Size: 64 
                             | Elements per Batch: 77,895 | Elements per Second:
                             18,453 | Number of Examples: 64 | Number of        
                             Elements: 77,895 | Number of Target Elements:      
                             29,220 | Total Number of Examples: 9,136 | Total   
                             Number of Elements: 10,273,408 | Total Number of   
                             Target Elements: 4,487,199 | Peak Active Device    
                             Memory: 59.14 GiB | Peak Active Device Memory (%): 
                             75% | Peak Reserved Device Memory: 69.88 GiB | Peak
                             Reserved Device Memory (%): 89%                    
[07/18/25 14:47:04] INFO     fairseq2 - Train Metrics (step 144) - DPO Loss:    
                             0.340636 | Chosen Sequence Log Probabilities:      
                             -423.414 | Rejected Sequence Log Probabilities:    
                             -353.869 | Chosen Sequence Length: 539.797 |       
                             Rejected Sequence Length: 491.984 | NLL Loss:      
                             0.78475 | Gradient Norm: 37.6579 | Data Epoch: 2 | 
                             Data Read Time: <1s | Elapsed Time: 4s | Wall Time:
                             818s | Learning Rate: 9.9176e-08 | Batch Size: 64 |
                             Elements per Batch: 76,871 | Elements per Second:  
                             18,656 | Number of Examples: 64 | Number of        
                             Elements: 76,871 | Number of Target Elements:      
                             34,547 | Total Number of Examples: 9,200 | Total   
                             Number of Elements: 10,350,279 | Total Number of   
                             Target Elements: 4,521,746 | Peak Active Device    
                             Memory: 59.62 GiB | Peak Active Device Memory (%): 
                             76% | Peak Reserved Device Memory: 69.88 GiB | Peak
                             Reserved Device Memory (%): 89%                    
[07/18/25 14:47:08] INFO     fairseq2 - Train Metrics (step 145) - DPO Loss:    
                             0.282262 | Chosen Sequence Log Probabilities:      
                             -362.207 | Rejected Sequence Log Probabilities:    
                             -325.617 | Chosen Sequence Length: 484.578 |       
                             Rejected Sequence Length: 475.391 | NLL Loss:      
                             0.747826 | Gradient Norm: 30.7523 | Data Epoch: 2 |
                             Data Read Time: <1s | Elapsed Time: 4s | Wall Time:
                             822s | Learning Rate: 9.91615e-08 | Batch Size: 64 
                             | Elements per Batch: 70,427 | Elements per Second:
                             16,884 | Number of Examples: 64 | Number of        
                             Elements: 70,427 | Number of Target Elements:      
                             31,013 | Total Number of Examples: 9,264 | Total   
                             Number of Elements: 10,420,706 | Total Number of   
                             Target Elements: 4,552,759 | Peak Active Device    
                             Memory: 59.34 GiB | Peak Active Device Memory (%): 
                             75% | Peak Reserved Device Memory: 69.88 GiB | Peak
                             Reserved Device Memory (%): 89%                    
[07/18/25 14:47:12] INFO     fairseq2 - Train Metrics (step 146) - DPO Loss:    
                             0.267307 | Chosen Sequence Log Probabilities:      
                             -358.766 | Rejected Sequence Log Probabilities:    
                             -348.738 | Chosen Sequence Length: 441.297 |       
                             Rejected Sequence Length: 472.391 | NLL Loss:      
                             0.813229 | Gradient Norm: 30.5634 | Data Epoch: 2 |
                             Data Read Time: <1s | Elapsed Time: 3s | Wall Time:
                             826s | Learning Rate: 9.91469e-08 | Batch Size: 64 
                             | Elements per Batch: 69,095 | Elements per Second:
                             17,575 | Number of Examples: 64 | Number of        
                             Elements: 69,095 | Number of Target Elements:      
                             28,243 | Total Number of Examples: 9,328 | Total   
                             Number of Elements: 10,489,801 | Total Number of   
                             Target Elements: 4,581,002 | Peak Active Device    
                             Memory: 59.11 GiB | Peak Active Device Memory (%): 
                             75% | Peak Reserved Device Memory: 69.88 GiB | Peak
                             Reserved Device Memory (%): 89%                    
[07/18/25 14:47:17] INFO     fairseq2 - Train Metrics (step 147) - DPO Loss:    
                             0.320639 | Chosen Sequence Log Probabilities:      
                             -421.715 | Rejected Sequence Log Probabilities:    
                             -411.928 | Chosen Sequence Length: 461.609 |       
                             Rejected Sequence Length: 496.25 | NLL Loss:       
                             0.913752 | Gradient Norm: 36.0653 | Data Epoch: 2 |
                             Data Read Time: <1s | Elapsed Time: 4s | Wall Time:
                             831s | Learning Rate: 9.91322e-08 | Batch Size: 64 
                             | Elements per Batch: 70,234 | Elements per Second:
                             14,711 | Number of Examples: 64 | Number of        
                             Elements: 70,234 | Number of Target Elements:      
                             29,543 | Total Number of Examples: 9,392 | Total   
                             Number of Elements: 10,560,035 | Total Number of   
                             Target Elements: 4,610,545 | Peak Active Device    
                             Memory: 59.52 GiB | Peak Active Device Memory (%): 
                             76% | Peak Reserved Device Memory: 69.88 GiB | Peak
                             Reserved Device Memory (%): 89%                    
[07/18/25 14:47:20] INFO     fairseq2 - Train Metrics (step 148) - DPO Loss:    
                             0.284656 | Chosen Sequence Log Probabilities:      
                             -443.936 | Rejected Sequence Log Probabilities:    
                             -368.725 | Chosen Sequence Length: 467.172 |       
                             Rejected Sequence Length: 523.625 | NLL Loss:      
                             0.950223 | Gradient Norm: 36.4742 | Data Epoch: 2 |
                             Data Read Time: <1s | Elapsed Time: 3s | Wall Time:
                             835s | Learning Rate: 9.91173e-08 | Batch Size: 64 
                             | Elements per Batch: 57,169 | Elements per Second:
                             16,211 | Number of Examples: 64 | Number of        
                             Elements: 57,169 | Number of Target Elements:      
                             29,899 | Total Number of Examples: 9,456 | Total   
                             Number of Elements: 10,617,204 | Total Number of   
                             Target Elements: 4,640,444 | Peak Active Device    
                             Memory: 59.76 GiB | Peak Active Device Memory (%): 
                             76% | Peak Reserved Device Memory: 74.91 GiB | Peak
                             Reserved Device Memory (%): 95%                    
[07/18/25 14:47:25] INFO     fairseq2 - Train Metrics (step 149) - DPO Loss:    
                             0.312017 | Chosen Sequence Log Probabilities:      
                             -360.359 | Rejected Sequence Log Probabilities:    
                             -309.617 | Chosen Sequence Length: 488.391 |       
                             Rejected Sequence Length: 444.266 | NLL Loss:      
                             0.737916 | Gradient Norm: 33.1245 | Data Epoch: 2 |
                             Data Read Time: <1s | Elapsed Time: 4s | Wall Time:
                             839s | Learning Rate: 9.91024e-08 | Batch Size: 64 
                             | Elements per Batch: 76,952 | Elements per Second:
                             16,453 | Number of Examples: 64 | Number of        
                             Elements: 76,952 | Number of Target Elements:      
                             31,257 | Total Number of Examples: 9,520 | Total   
                             Number of Elements: 10,694,156 | Total Number of   
                             Target Elements: 4,671,701 | Peak Active Device    
                             Memory: 58.92 GiB | Peak Active Device Memory (%): 
                             75% | Peak Reserved Device Memory: 74.91 GiB | Peak
                             Reserved Device Memory (%): 95%                    
[07/18/25 14:47:30] INFO     fairseq2 - Train Metrics (step 150) - DPO Loss:    
                             0.275876 | Chosen Sequence Log Probabilities:      
                             -382.84 | Rejected Sequence Log Probabilities:     
                             -340.982 | Chosen Sequence Length: 497.875 |       
                             Rejected Sequence Length: 506.047 | NLL Loss:      
                             0.769359 | Gradient Norm: 31.1103 | Data Epoch: 2 |
                             Data Read Time: <1s | Elapsed Time: 4s | Wall Time:
                             844s | Learning Rate: 9.90873e-08 | Batch Size: 64 
                             | Elements per Batch: 80,513 | Elements per Second:
                             18,958 | Number of Examples: 64 | Number of        
                             Elements: 80,513 | Number of Target Elements:      
                             31,864 | Total Number of Examples: 9,584 | Total   
                             Number of Elements: 10,774,669 | Total Number of   
                             Target Elements: 4,703,565 | Peak Active Device    
                             Memory: 59.52 GiB | Peak Active Device Memory (%): 
                             76% | Peak Reserved Device Memory: 74.91 GiB | Peak
                             Reserved Device Memory (%): 95%                    
[07/18/25 14:47:34] INFO     fairseq2 - Train Metrics (step 151) - DPO Loss:    
                             0.275059 | Chosen Sequence Log Probabilities:      
                             -419.462 | Rejected Sequence Log Probabilities:    
                             -387.812 | Chosen Sequence Length: 527.594 |       
                             Rejected Sequence Length: 536.391 | NLL Loss:      
                             0.794972 | Gradient Norm: 33.2406 | Data Epoch: 2 |
                             Data Read Time: <1s | Elapsed Time: 4s | Wall Time:
                             848s | Learning Rate: 9.9072e-08 | Batch Size: 64 |
                             Elements per Batch: 74,853 | Elements per Second:  
                             15,933 | Number of Examples: 64 | Number of        
                             Elements: 74,853 | Number of Target Elements:      
                             33,766 | Total Number of Examples: 9,648 | Total   
                             Number of Elements: 10,849,522 | Total Number of   
                             Target Elements: 4,737,331 | Peak Active Device    
                             Memory: 59.38 GiB | Peak Active Device Memory (%): 
                             75% | Peak Reserved Device Memory: 74.91 GiB | Peak
                             Reserved Device Memory (%): 95%                    
[07/18/25 14:47:38] INFO     fairseq2 - Train Metrics (step 152) - DPO Loss:    
                             0.228881 | Chosen Sequence Log Probabilities:      
                             -434.795 | Rejected Sequence Log Probabilities:    
                             -365.145 | Chosen Sequence Length: 522.812 |       
                             Rejected Sequence Length: 533.578 | NLL Loss:      
                             0.831682 | Gradient Norm: 31.0808 | Data Epoch: 2 |
                             Data Read Time: <1s | Elapsed Time: 3s | Wall Time:
                             852s | Learning Rate: 9.90567e-08 | Batch Size: 64 
                             | Elements per Batch: 64,776 | Elements per Second:
                             18,428 | Number of Examples: 64 | Number of        
                             Elements: 64,776 | Number of Target Elements:      
                             33,460 | Total Number of Examples: 9,712 | Total   
                             Number of Elements: 10,914,298 | Total Number of   
                             Target Elements: 4,770,791 | Peak Active Device    
                             Memory: 59.20 GiB | Peak Active Device Memory (%): 
                             75% | Peak Reserved Device Memory: 74.91 GiB | Peak
                             Reserved Device Memory (%): 95%                    
[07/18/25 14:47:43] INFO     fairseq2 - Train Metrics (step 153) - DPO Loss:    
                             0.283616 | Chosen Sequence Log Probabilities:      
                             -376.523 | Rejected Sequence Log Probabilities:    
                             -347.309 | Chosen Sequence Length: 548.5 | Rejected
                             Sequence Length: 537.797 | NLL Loss: 0.686509 |    
                             Gradient Norm: 32.4167 | Data Epoch: 2 | Data Read 
                             Time: <1s | Elapsed Time: 5s | Wall Time: 857s |   
                             Learning Rate: 9.90412e-08 | Batch Size: 64 |      
                             Elements per Batch: 80,596 | Elements per Second:  
                             15,906 | Number of Examples: 64 | Number of        
                             Elements: 80,596 | Number of Target Elements:      
                             35,104 | Total Number of Examples: 9,776 | Total   
                             Number of Elements: 10,994,894 | Total Number of   
                             Target Elements: 4,805,895 | Peak Active Device    
                             Memory: 60.18 GiB | Peak Active Device Memory (%): 
                             76% | Peak Reserved Device Memory: 74.91 GiB | Peak
                             Reserved Device Memory (%): 95%                    
[07/18/25 14:47:48] INFO     fairseq2 - Train Metrics (step 154) - DPO Loss:    
                             0.37121 | Chosen Sequence Log Probabilities:       
                             -785.57 | Rejected Sequence Log Probabilities:     
                             -326.707 | Chosen Sequence Length: 566.859 |       
                             Rejected Sequence Length: 528.266 | NLL Loss:      
                             1.38448 | Gradient Norm: 52.9162 | Data Epoch: 2 | 
                             Data Read Time: <1s | Elapsed Time: 5s | Wall Time:
                             862s | Learning Rate: 9.90256e-08 | Batch Size: 64 
                             | Elements per Batch: 86,144 | Elements per Second:
                             17,168 | Number of Examples: 64 | Number of        
                             Elements: 86,144 | Number of Target Elements:      
                             36,279 | Total Number of Examples: 9,840 | Total   
                             Number of Elements: 11,081,038 | Total Number of   
                             Target Elements: 4,842,174 | Peak Active Device    
                             Memory: 59.42 GiB | Peak Active Device Memory (%): 
                             76% | Peak Reserved Device Memory: 74.12 GiB | Peak
                             Reserved Device Memory (%): 94%                    
[07/18/25 14:47:52] INFO     fairseq2 - Train Metrics (step 155) - DPO Loss:    
                             0.254144 | Chosen Sequence Log Probabilities:      
                             -416.965 | Rejected Sequence Log Probabilities:    
                             -395.445 | Chosen Sequence Length: 507.094 |       
                             Rejected Sequence Length: 495.844 | NLL Loss:      
                             0.822176 | Gradient Norm: 31.3737 | Data Epoch: 2 |
                             Data Read Time: <1s | Elapsed Time: 3s | Wall Time:
                             866s | Learning Rate: 9.90099e-08 | Batch Size: 64 
                             | Elements per Batch: 72,333 | Elements per Second:
                             18,850 | Number of Examples: 64 | Number of        
                             Elements: 72,333 | Number of Target Elements:      
                             32,454 | Total Number of Examples: 9,904 | Total   
                             Number of Elements: 11,153,371 | Total Number of   
                             Target Elements: 4,874,628 | Peak Active Device    
                             Memory: 59.22 GiB | Peak Active Device Memory (%): 
                             75% | Peak Reserved Device Memory: 74.12 GiB | Peak
                             Reserved Device Memory (%): 94%                    
[07/18/25 14:47:57] INFO     fairseq2 - Train Metrics (step 156) - DPO Loss:    
                             0.235136 | Chosen Sequence Log Probabilities:      
                             -379.748 | Rejected Sequence Log Probabilities:    
                             -342.43 | Chosen Sequence Length: 519.891 |        
                             Rejected Sequence Length: 572.188 | NLL Loss:      
                             0.730368 | Gradient Norm: 29.1412 | Data Epoch: 2 |
                             Data Read Time: <1s | Elapsed Time: 4s | Wall Time:
                             871s | Learning Rate: 9.8994e-08 | Batch Size: 64 |
                             Elements per Batch: 75,473 | Elements per Second:  
                             16,053 | Number of Examples: 64 | Number of        
                             Elements: 75,473 | Number of Target Elements:      
                             33,273 | Total Number of Examples: 9,968 | Total   
                             Number of Elements: 11,228,844 | Total Number of   
                             Target Elements: 4,907,901 | Peak Active Device    
                             Memory: 59.74 GiB | Peak Active Device Memory (%): 
                             76% | Peak Reserved Device Memory: 75.35 GiB | Peak
                             Reserved Device Memory (%): 96%                    
[07/18/25 14:48:01] INFO     fairseq2 - Train Metrics (step 157) - DPO Loss:    
                             0.289793 | Chosen Sequence Log Probabilities:      
                             -431.662 | Rejected Sequence Log Probabilities:    
                             -401.699 | Chosen Sequence Length: 483.062 |       
                             Rejected Sequence Length: 509.594 | NLL Loss:      
                             0.89345 | Gradient Norm: 30.1453 | Data Epoch: 2 | 
                             Data Read Time: <1s | Elapsed Time: 4s | Wall Time:
                             875s | Learning Rate: 9.8978e-08 | Batch Size: 64 |
                             Elements per Batch: 75,651 | Elements per Second:  
                             17,570 | Number of Examples: 64 | Number of        
                             Elements: 75,651 | Number of Target Elements:      
                             30,916 | Total Number of Examples: 10,032 | Total  
                             Number of Elements: 11,304,495 | Total Number of   
                             Target Elements: 4,938,817 | Peak Active Device    
                             Memory: 59.19 GiB | Peak Active Device Memory (%): 
                             75% | Peak Reserved Device Memory: 72.02 GiB | Peak
                             Reserved Device Memory (%): 91%                    
[07/18/25 14:48:05] INFO     fairseq2 - Train Metrics (step 158) - DPO Loss:    
                             0.315339 | Chosen Sequence Log Probabilities:      
                             -422.689 | Rejected Sequence Log Probabilities:    
                             -387.506 | Chosen Sequence Length: 543.578 |       
                             Rejected Sequence Length: 564.422 | NLL Loss:      
                             0.777551 | Gradient Norm: 32.7433 | Data Epoch: 2 |
                             Data Read Time: <1s | Elapsed Time: 4s | Wall Time:
                             880s | Learning Rate: 9.89619e-08 | Batch Size: 64 
                             | Elements per Batch: 72,098 | Elements per Second:
                             16,600 | Number of Examples: 64 | Number of        
                             Elements: 72,098 | Number of Target Elements:      
                             34,789 | Total Number of Examples: 10,096 | Total  
                             Number of Elements: 11,376,593 | Total Number of   
                             Target Elements: 4,973,606 | Peak Active Device    
                             Memory: 59.05 GiB | Peak Active Device Memory (%): 
                             75% | Peak Reserved Device Memory: 72.02 GiB | Peak
                             Reserved Device Memory (%): 91%                    
[07/18/25 14:48:10] INFO     fairseq2 - Train Metrics (step 159) - DPO Loss:    
                             0.287013 | Chosen Sequence Log Probabilities:      
                             -418.562 | Rejected Sequence Log Probabilities:    
                             -379.273 | Chosen Sequence Length: 525.391 |       
                             Rejected Sequence Length: 517.969 | NLL Loss:      
                             0.796905 | Gradient Norm: 37.9311 | Data Epoch: 2 |
                             Data Read Time: <1s | Elapsed Time: 4s | Wall Time:
                             884s | Learning Rate: 9.89457e-08 | Batch Size: 64 
                             | Elements per Batch: 75,535 | Elements per Second:
                             17,800 | Number of Examples: 64 | Number of        
                             Elements: 75,535 | Number of Target Elements:      
                             33,625 | Total Number of Examples: 10,160 | Total  
                             Number of Elements: 11,452,128 | Total Number of   
                             Target Elements: 5,007,231 | Peak Active Device    
                             Memory: 59.32 GiB | Peak Active Device Memory (%): 
                             75% | Peak Reserved Device Memory: 72.02 GiB | Peak
                             Reserved Device Memory (%): 91%                    
[07/18/25 14:48:14] INFO     fairseq2 - Train Metrics (step 160) - DPO Loss:    
                             0.255898 | Chosen Sequence Log Probabilities:      
                             -380.297 | Rejected Sequence Log Probabilities:    
                             -375.41 | Chosen Sequence Length: 455.656 |        
                             Rejected Sequence Length: 466.125 | NLL Loss:      
                             0.834679 | Gradient Norm: 26.1911 | Data Epoch: 2 |
                             Data Read Time: <1s | Elapsed Time: 3s | Wall Time:
                             888s | Learning Rate: 9.89294e-08 | Batch Size: 64 
                             | Elements per Batch: 66,991 | Elements per Second:
                             17,194 | Number of Examples: 64 | Number of        
                             Elements: 66,991 | Number of Target Elements:      
                             29,162 | Total Number of Examples: 10,224 | Total  
                             Number of Elements: 11,519,119 | Total Number of   
                             Target Elements: 5,036,393 | Peak Active Device    
                             Memory: 59.06 GiB | Peak Active Device Memory (%): 
                             75% | Peak Reserved Device Memory: 72.04 GiB | Peak
                             Reserved Device Memory (%): 91%                    
[07/18/25 14:48:19] INFO     fairseq2 - Train Metrics (step 161) - DPO Loss:    
                             0.243511 | Chosen Sequence Log Probabilities:      
                             -420.426 | Rejected Sequence Log Probabilities:    
                             -369.77 | Chosen Sequence Length: 530.125 |        
                             Rejected Sequence Length: 559.109 | NLL Loss:      
                             0.793373 | Gradient Norm: 38.5131 | Data Epoch: 2 |
                             Data Read Time: <1s | Elapsed Time: 4s | Wall Time:
                             893s | Learning Rate: 9.89129e-08 | Batch Size: 64 
                             | Elements per Batch: 75,638 | Elements per Second:
                             16,713 | Number of Examples: 64 | Number of        
                             Elements: 75,638 | Number of Target Elements:      
                             33,928 | Total Number of Examples: 10,288 | Total  
                             Number of Elements: 11,594,757 | Total Number of   
                             Target Elements: 5,070,321 | Peak Active Device    
                             Memory: 59.12 GiB | Peak Active Device Memory (%): 
                             75% | Peak Reserved Device Memory: 72.04 GiB | Peak
                             Reserved Device Memory (%): 91%                    
[07/18/25 14:48:23] INFO     fairseq2 - Train Metrics (step 162) - DPO Loss:    
                             0.313498 | Chosen Sequence Log Probabilities:      
                             -432.059 | Rejected Sequence Log Probabilities:    
                             -422.496 | Chosen Sequence Length: 461.656 |       
                             Rejected Sequence Length: 515.156 | NLL Loss:      
                             0.93579 | Gradient Norm: 41.5303 | Data Epoch: 2 | 
                             Data Read Time: <1s | Elapsed Time: 3s | Wall Time:
                             897s | Learning Rate: 9.88963e-08 | Batch Size: 64 
                             | Elements per Batch: 71,582 | Elements per Second:
                             17,961 | Number of Examples: 64 | Number of        
                             Elements: 71,582 | Number of Target Elements:      
                             29,546 | Total Number of Examples: 10,352 | Total  
                             Number of Elements: 11,666,339 | Total Number of   
                             Target Elements: 5,099,867 | Peak Active Device    
                             Memory: 59.62 GiB | Peak Active Device Memory (%): 
                             76% | Peak Reserved Device Memory: 72.04 GiB | Peak
                             Reserved Device Memory (%): 91%                    
[07/18/25 14:48:27] INFO     fairseq2 - Train Metrics (step 163) - DPO Loss:    
                             0.23655 | Chosen Sequence Log Probabilities:       
                             -413.633 | Rejected Sequence Log Probabilities:    
                             -434.277 | Chosen Sequence Length: 487.203 |       
                             Rejected Sequence Length: 586.797 | NLL Loss:      
                             0.849058 | Gradient Norm: 28.5823 | Data Epoch: 2 |
                             Data Read Time: <1s | Elapsed Time: 3s | Wall Time:
                             901s | Learning Rate: 9.88796e-08 | Batch Size: 64 
                             | Elements per Batch: 68,135 | Elements per Second:
                             17,376 | Number of Examples: 64 | Number of        
                             Elements: 68,135 | Number of Target Elements:      
                             31,181 | Total Number of Examples: 10,416 | Total  
                             Number of Elements: 11,734,474 | Total Number of   
                             Target Elements: 5,131,048 | Peak Active Device    
                             Memory: 59.46 GiB | Peak Active Device Memory (%): 
                             76% | Peak Reserved Device Memory: 72.04 GiB | Peak
                             Reserved Device Memory (%): 91%                    
[07/18/25 14:48:31] INFO     fairseq2 - Train Metrics (step 164) - DPO Loss:    
                             0.26043 | Chosen Sequence Log Probabilities:       
                             -447.816 | Rejected Sequence Log Probabilities:    
                             -378.668 | Chosen Sequence Length: 515.469 |       
                             Rejected Sequence Length: 439.344 | NLL Loss:      
                             0.8685 | Gradient Norm: 28.0401 | Data Epoch: 2 |  
                             Data Read Time: <1s | Elapsed Time: 4s | Wall Time:
                             905s | Learning Rate: 9.88627e-08 | Batch Size: 64 
                             | Elements per Batch: 72,475 | Elements per Second:
                             16,774 | Number of Examples: 64 | Number of        
                             Elements: 72,475 | Number of Target Elements:      
                             32,990 | Total Number of Examples: 10,480 | Total  
                             Number of Elements: 11,806,949 | Total Number of   
                             Target Elements: 5,164,038 | Peak Active Device    
                             Memory: 59.18 GiB | Peak Active Device Memory (%): 
                             75% | Peak Reserved Device Memory: 72.04 GiB | Peak
                             Reserved Device Memory (%): 91%                    
[07/18/25 14:48:35] INFO     fairseq2 - Train Metrics (step 165) - DPO Loss:    
                             0.288567 | Chosen Sequence Log Probabilities:      
                             -395.508 | Rejected Sequence Log Probabilities:    
                             -364.9 | Chosen Sequence Length: 442.344 | Rejected
                             Sequence Length: 474.25 | NLL Loss: 0.893862 |     
                             Gradient Norm: 27.8082 | Data Epoch: 2 | Data Read 
                             Time: <1s | Elapsed Time: 4s | Wall Time: 909s |   
                             Learning Rate: 9.88458e-08 | Batch Size: 64 |      
                             Elements per Batch: 72,904 | Elements per Second:  
                             17,844 | Number of Examples: 64 | Number of        
                             Elements: 72,904 | Number of Target Elements:      
                             28,310 | Total Number of Examples: 10,544 | Total  
                             Number of Elements: 11,879,853 | Total Number of   
                             Target Elements: 5,192,348 | Peak Active Device    
                             Memory: 59.23 GiB | Peak Active Device Memory (%): 
                             75% | Peak Reserved Device Memory: 72.04 GiB | Peak
                             Reserved Device Memory (%): 91%                    
[07/18/25 14:48:39] INFO     fairseq2 - Train Metrics (step 166) - DPO Loss:    
                             0.259214 | Chosen Sequence Log Probabilities:      
                             -344.262 | Rejected Sequence Log Probabilities:    
                             -309.791 | Chosen Sequence Length: 456.922 |       
                             Rejected Sequence Length: 453.156 | NLL Loss:      
                             0.753435 | Gradient Norm: 34.0092 | Data Epoch: 2 |
                             Data Read Time: <1s | Elapsed Time: 4s | Wall Time:
                             914s | Learning Rate: 9.88287e-08 | Batch Size: 64 
                             | Elements per Batch: 68,284 | Elements per Second:
                             16,346 | Number of Examples: 64 | Number of        
                             Elements: 68,284 | Number of Target Elements:      
                             29,243 | Total Number of Examples: 10,608 | Total  
                             Number of Elements: 11,948,137 | Total Number of   
                             Target Elements: 5,221,591 | Peak Active Device    
                             Memory: 59.20 GiB | Peak Active Device Memory (%): 
                             75% | Peak Reserved Device Memory: 72.04 GiB | Peak
                             Reserved Device Memory (%): 91%                    
[07/18/25 14:48:44] INFO     fairseq2 - Train Metrics (step 167) - DPO Loss:    
                             0.243302 | Chosen Sequence Log Probabilities:      
                             -355.365 | Rejected Sequence Log Probabilities:    
                             -355.656 | Chosen Sequence Length: 448.906 |       
                             Rejected Sequence Length: 498.219 | NLL Loss:      
                             0.79196 | Gradient Norm: 26.2632 | Data Epoch: 2 | 
                             Data Read Time: <1s | Elapsed Time: 4s | Wall Time:
                             918s | Learning Rate: 9.88114e-08 | Batch Size: 64 
                             | Elements per Batch: 74,365 | Elements per Second:
                             17,315 | Number of Examples: 64 | Number of        
                             Elements: 74,365 | Number of Target Elements:      
                             28,730 | Total Number of Examples: 10,672 | Total  
                             Number of Elements: 12,022,502 | Total Number of   
                             Target Elements: 5,250,321 | Peak Active Device    
                             Memory: 59.73 GiB | Peak Active Device Memory (%): 
                             76% | Peak Reserved Device Memory: 72.04 GiB | Peak
                             Reserved Device Memory (%): 91%                    
[07/18/25 14:48:48] INFO     fairseq2 - Train Metrics (step 168) - DPO Loss:    
                             0.201912 | Chosen Sequence Log Probabilities:      
                             -386.836 | Rejected Sequence Log Probabilities:    
                             -314.863 | Chosen Sequence Length: 511.688 |       
                             Rejected Sequence Length: 556.328 | NLL Loss:      
                             0.75608 | Gradient Norm: 24.4663 | Data Epoch: 2 | 
                             Data Read Time: <1s | Elapsed Time: 4s | Wall Time:
                             922s | Learning Rate: 9.87941e-08 | Batch Size: 64 
                             | Elements per Batch: 76,629 | Elements per Second:
                             18,653 | Number of Examples: 64 | Number of        
                             Elements: 76,629 | Number of Target Elements:      
                             32,748 | Total Number of Examples: 10,736 | Total  
                             Number of Elements: 12,099,131 | Total Number of   
                             Target Elements: 5,283,069 | Peak Active Device    
                             Memory: 59.61 GiB | Peak Active Device Memory (%): 
                             76% | Peak Reserved Device Memory: 72.04 GiB | Peak
                             Reserved Device Memory (%): 91%                    
[07/18/25 14:48:52] INFO     fairseq2 - Train Metrics (step 169) - DPO Loss:    
                             0.291238 | Chosen Sequence Log Probabilities:      
                             -458.098 | Rejected Sequence Log Probabilities:    
                             -433.842 | Chosen Sequence Length: 521.875 |       
                             Rejected Sequence Length: 485.328 | NLL Loss:      
                             0.878173 | Gradient Norm: 32.5272 | Data Epoch: 2 |
                             Data Read Time: <1s | Elapsed Time: 3s | Wall Time:
                             926s | Learning Rate: 9.87766e-08 | Batch Size: 64 
                             | Elements per Batch: 73,934 | Elements per Second:
                             18,686 | Number of Examples: 64 | Number of        
                             Elements: 73,934 | Number of Target Elements:      
                             33,400 | Total Number of Examples: 10,800 | Total  
                             Number of Elements: 12,173,065 | Total Number of   
                             Target Elements: 5,316,469 | Peak Active Device    
                             Memory: 59.19 GiB | Peak Active Device Memory (%): 
                             75% | Peak Reserved Device Memory: 72.04 GiB | Peak
                             Reserved Device Memory (%): 91%                    
[07/18/25 14:48:57] INFO     fairseq2 - Train Metrics (step 170) - DPO Loss:    
                             0.27127 | Chosen Sequence Log Probabilities:       
                             -330.556 | Rejected Sequence Log Probabilities:    
                             -367.523 | Chosen Sequence Length: 452.828 |       
                             Rejected Sequence Length: 488.75 | NLL Loss:       
                             0.729947 | Gradient Norm: 25.8881 | Data Epoch: 2 |
                             Data Read Time: <1s | Elapsed Time: 4s | Wall Time:
                             931s | Learning Rate: 9.8759e-08 | Batch Size: 64 |
                             Elements per Batch: 70,802 | Elements per Second:  
                             15,094 | Number of Examples: 64 | Number of        
                             Elements: 70,802 | Number of Target Elements:      
                             28,981 | Total Number of Examples: 10,864 | Total  
                             Number of Elements: 12,243,867 | Total Number of   
                             Target Elements: 5,345,450 | Peak Active Device    
                             Memory: 59.43 GiB | Peak Active Device Memory (%): 
                             76% | Peak Reserved Device Memory: 72.04 GiB | Peak
                             Reserved Device Memory (%): 91%                    
[07/18/25 14:49:01] INFO     fairseq2 - Train Metrics (step 171) - DPO Loss:    
                             0.212924 | Chosen Sequence Log Probabilities:      
                             -384.143 | Rejected Sequence Log Probabilities:    
                             -359.102 | Chosen Sequence Length: 436.062 |       
                             Rejected Sequence Length: 482.734 | NLL Loss:      
                             0.88112 | Gradient Norm: 25.257 | Data Epoch: 2 |  
                             Data Read Time: <1s | Elapsed Time: 4s | Wall Time:
                             935s | Learning Rate: 9.87413e-08 | Batch Size: 64 
                             | Elements per Batch: 66,871 | Elements per Second:
                             16,631 | Number of Examples: 64 | Number of        
                             Elements: 66,871 | Number of Target Elements:      
                             27,908 | Total Number of Examples: 10,928 | Total  
                             Number of Elements: 12,310,738 | Total Number of   
                             Target Elements: 5,373,358 | Peak Active Device    
                             Memory: 59.09 GiB | Peak Active Device Memory (%): 
                             75% | Peak Reserved Device Memory: 72.04 GiB | Peak
                             Reserved Device Memory (%): 91%                    
[07/18/25 14:49:05] INFO     fairseq2 - Train Metrics (step 172) - DPO Loss:    
                             0.262024 | Chosen Sequence Log Probabilities:      
                             -324.135 | Rejected Sequence Log Probabilities:    
                             -356.656 | Chosen Sequence Length: 431.875 |       
                             Rejected Sequence Length: 472.719 | NLL Loss:      
                             0.750732 | Gradient Norm: 32.2021 | Data Epoch: 2 |
                             Data Read Time: <1s | Elapsed Time: 4s | Wall Time:
                             939s | Learning Rate: 9.87235e-08 | Batch Size: 64 
                             | Elements per Batch: 76,257 | Elements per Second:
                             18,203 | Number of Examples: 64 | Number of        
                             Elements: 76,257 | Number of Target Elements:      
                             27,640 | Total Number of Examples: 10,992 | Total  
                             Number of Elements: 12,386,995 | Total Number of   
                             Target Elements: 5,400,998 | Peak Active Device    
                             Memory: 59.18 GiB | Peak Active Device Memory (%): 
                             75% | Peak Reserved Device Memory: 72.04 GiB | Peak
                             Reserved Device Memory (%): 91%                    
[07/18/25 14:49:10] INFO     fairseq2 - Train Metrics (step 173) - DPO Loss:    
                             0.220515 | Chosen Sequence Log Probabilities:      
                             -467.379 | Rejected Sequence Log Probabilities:    
                             -403.895 | Chosen Sequence Length: 546.703 |       
                             Rejected Sequence Length: 539.156 | NLL Loss:      
                             0.854927 | Gradient Norm: 29.4428 | Data Epoch: 2 |
                             Data Read Time: <1s | Elapsed Time: 4s | Wall Time:
                             944s | Learning Rate: 9.87055e-08 | Batch Size: 64 
                             | Elements per Batch: 80,176 | Elements per Second:
                             17,604 | Number of Examples: 64 | Number of        
                             Elements: 80,176 | Number of Target Elements:      
                             34,989 | Total Number of Examples: 11,056 | Total  
                             Number of Elements: 12,467,171 | Total Number of   
                             Target Elements: 5,435,987 | Peak Active Device    
                             Memory: 59.61 GiB | Peak Active Device Memory (%): 
                             76% | Peak Reserved Device Memory: 72.04 GiB | Peak
                             Reserved Device Memory (%): 91%                    
[07/18/25 14:49:14] INFO     fairseq2 - Train Metrics (step 174) - DPO Loss:    
                             0.219273 | Chosen Sequence Log Probabilities:      
                             -379.42 | Rejected Sequence Log Probabilities:     
                             -361.236 | Chosen Sequence Length: 459.094 |       
                             Rejected Sequence Length: 519.391 | NLL Loss:      
                             0.826666 | Gradient Norm: 27.4822 | Data Epoch: 2 |
                             Data Read Time: <1s | Elapsed Time: 4s | Wall Time:
                             948s | Learning Rate: 9.86874e-08 | Batch Size: 64 
                             | Elements per Batch: 66,777 | Elements per Second:
                             16,682 | Number of Examples: 64 | Number of        
                             Elements: 66,777 | Number of Target Elements:      
                             29,382 | Total Number of Examples: 11,120 | Total  
                             Number of Elements: 12,533,948 | Total Number of   
                             Target Elements: 5,465,369 | Peak Active Device    
                             Memory: 59.48 GiB | Peak Active Device Memory (%): 
                             76% | Peak Reserved Device Memory: 72.04 GiB | Peak
                             Reserved Device Memory (%): 91%                    
[07/18/25 14:49:18] INFO     fairseq2 - Train Metrics (step 175) - DPO Loss:    
                             0.247521 | Chosen Sequence Log Probabilities:      
                             -460.246 | Rejected Sequence Log Probabilities:    
                             -429.547 | Chosen Sequence Length: 496.75 |        
                             Rejected Sequence Length: 515.141 | NLL Loss:      
                             0.926357 | Gradient Norm: 34.1142 | Data Epoch: 2 |
                             Data Read Time: <1s | Elapsed Time: 3s | Wall Time:
                             952s | Learning Rate: 9.86692e-08 | Batch Size: 64 
                             | Elements per Batch: 64,826 | Elements per Second:
                             16,786 | Number of Examples: 64 | Number of        
                             Elements: 64,826 | Number of Target Elements:      
                             31,792 | Total Number of Examples: 11,184 | Total  
                             Number of Elements: 12,598,774 | Total Number of   
                             Target Elements: 5,497,161 | Peak Active Device    
                             Memory: 59.11 GiB | Peak Active Device Memory (%): 
                             75% | Peak Reserved Device Memory: 72.04 GiB | Peak
                             Reserved Device Memory (%): 91%                    
[07/18/25 14:49:22] INFO     fairseq2 - Train Metrics (step 176) - DPO Loss:    
                             0.33832 | Chosen Sequence Log Probabilities:       
                             -367.152 | Rejected Sequence Log Probabilities:    
                             -330.273 | Chosen Sequence Length: 441.781 |       
                             Rejected Sequence Length: 423.328 | NLL Loss:      
                             0.831262 | Gradient Norm: 32.035 | Data Epoch: 2 | 
                             Data Read Time: <1s | Elapsed Time: 4s | Wall Time:
                             956s | Learning Rate: 9.86509e-08 | Batch Size: 64 
                             | Elements per Batch: 68,095 | Elements per Second:
                             16,860 | Number of Examples: 64 | Number of        
                             Elements: 68,095 | Number of Target Elements:      
                             28,274 | Total Number of Examples: 11,248 | Total  
                             Number of Elements: 12,666,869 | Total Number of   
                             Target Elements: 5,525,435 | Peak Active Device    
                             Memory: 59.22 GiB | Peak Active Device Memory (%): 
                             75% | Peak Reserved Device Memory: 72.04 GiB | Peak
                             Reserved Device Memory (%): 91%                    
[07/18/25 14:49:27] INFO     fairseq2 - Train Metrics (step 177) - DPO Loss:    
                             0.177744 | Chosen Sequence Log Probabilities:      
                             -427.664 | Rejected Sequence Log Probabilities:    
                             -397.906 | Chosen Sequence Length: 500.078 |       
                             Rejected Sequence Length: 562.031 | NLL Loss:      
                             0.854986 | Gradient Norm: 23.9306 | Data Epoch: 2 |
                             Data Read Time: <1s | Elapsed Time: 4s | Wall Time:
                             961s | Learning Rate: 9.86324e-08 | Batch Size: 64 
                             | Elements per Batch: 71,652 | Elements per Second:
                             14,886 | Number of Examples: 64 | Number of        
                             Elements: 71,652 | Number of Target Elements:      
                             32,005 | Total Number of Examples: 11,312 | Total  
                             Number of Elements: 12,738,521 | Total Number of   
                             Target Elements: 5,557,440 | Peak Active Device    
                             Memory: 59.28 GiB | Peak Active Device Memory (%): 
                             75% | Peak Reserved Device Memory: 72.04 GiB | Peak
                             Reserved Device Memory (%): 91%                    
[07/18/25 14:49:31] INFO     fairseq2 - Train Metrics (step 178) - DPO Loss:    
                             0.303529 | Chosen Sequence Log Probabilities:      
                             -368.584 | Rejected Sequence Log Probabilities:    
                             -355.389 | Chosen Sequence Length: 483.047 |       
                             Rejected Sequence Length: 470.562 | NLL Loss:      
                             0.763131 | Gradient Norm: 36.6648 | Data Epoch: 2 |
                             Data Read Time: <1s | Elapsed Time: 4s | Wall Time:
                             965s | Learning Rate: 9.86138e-08 | Batch Size: 64 
                             | Elements per Batch: 71,638 | Elements per Second:
                             16,682 | Number of Examples: 64 | Number of        
                             Elements: 71,638 | Number of Target Elements:      
                             30,915 | Total Number of Examples: 11,376 | Total  
                             Number of Elements: 12,810,159 | Total Number of   
                             Target Elements: 5,588,355 | Peak Active Device    
                             Memory: 59.53 GiB | Peak Active Device Memory (%): 
                             76% | Peak Reserved Device Memory: 72.04 GiB | Peak
                             Reserved Device Memory (%): 91%                    
[07/18/25 14:49:35] INFO     fairseq2 - Train Metrics (step 179) - DPO Loss:    
                             0.191945 | Chosen Sequence Log Probabilities:      
                             -363.457 | Rejected Sequence Log Probabilities:    
                             -390.539 | Chosen Sequence Length: 477.406 |       
                             Rejected Sequence Length: 533.453 | NLL Loss:      
                             0.761038 | Gradient Norm: 24.0382 | Data Epoch: 2 |
                             Data Read Time: <1s | Elapsed Time: 4s | Wall Time:
                             969s | Learning Rate: 9.85951e-08 | Batch Size: 64 
                             | Elements per Batch: 64,343 | Elements per Second:
                             16,034 | Number of Examples: 64 | Number of        
                             Elements: 64,343 | Number of Target Elements:      
                             30,554 | Total Number of Examples: 11,440 | Total  
                             Number of Elements: 12,874,502 | Total Number of   
                             Target Elements: 5,618,909 | Peak Active Device    
                             Memory: 58.87 GiB | Peak Active Device Memory (%): 
                             75% | Peak Reserved Device Memory: 72.04 GiB | Peak
                             Reserved Device Memory (%): 91%                    
[07/18/25 14:49:40] INFO     fairseq2 - Train Metrics (step 180) - DPO Loss:    
                             0.284496 | Chosen Sequence Log Probabilities:      
                             -448.441 | Rejected Sequence Log Probabilities:    
                             -385.977 | Chosen Sequence Length: 584.891 |       
                             Rejected Sequence Length: 574.875 | NLL Loss:      
                             0.76666 | Gradient Norm: 38.5914 | Data Epoch: 2 | 
                             Data Read Time: <1s | Elapsed Time: 4s | Wall Time:
                             974s | Learning Rate: 9.85763e-08 | Batch Size: 64 
                             | Elements per Batch: 76,625 | Elements per Second:
                             15,489 | Number of Examples: 64 | Number of        
                             Elements: 76,625 | Number of Target Elements:      
                             37,433 | Total Number of Examples: 11,504 | Total  
                             Number of Elements: 12,951,127 | Total Number of   
                             Target Elements: 5,656,342 | Peak Active Device    
                             Memory: 59.50 GiB | Peak Active Device Memory (%): 
                             76% | Peak Reserved Device Memory: 72.04 GiB | Peak
                             Reserved Device Memory (%): 91%                    
[07/18/25 14:49:45] INFO     fairseq2 - Train Metrics (step 181) - DPO Loss:    
                             0.210091 | Chosen Sequence Log Probabilities:      
                             -426.277 | Rejected Sequence Log Probabilities:    
                             -355.395 | Chosen Sequence Length: 485.234 |       
                             Rejected Sequence Length: 509.938 | NLL Loss:      
                             0.87857 | Gradient Norm: 30.3078 | Data Epoch: 2 | 
                             Data Read Time: <1s | Elapsed Time: 4s | Wall Time:
                             979s | Learning Rate: 9.85573e-08 | Batch Size: 64 
                             | Elements per Batch: 67,170 | Elements per Second:
                             15,159 | Number of Examples: 64 | Number of        
                             Elements: 67,170 | Number of Target Elements:      
                             31,055 | Total Number of Examples: 11,568 | Total  
                             Number of Elements: 13,018,297 | Total Number of   
                             Target Elements: 5,687,397 | Peak Active Device    
                             Memory: 59.13 GiB | Peak Active Device Memory (%): 
                             75% | Peak Reserved Device Memory: 72.04 GiB | Peak
                             Reserved Device Memory (%): 91%                    
[07/18/25 14:49:50] INFO     fairseq2 - Train Metrics (step 182) - DPO Loss:    
                             0.243402 | Chosen Sequence Log Probabilities:      
                             -390.725 | Rejected Sequence Log Probabilities:    
                             -354.594 | Chosen Sequence Length: 487.891 |       
                             Rejected Sequence Length: 489.219 | NLL Loss:      
                             0.800769 | Gradient Norm: 31.7442 | Data Epoch: 2 |
                             Data Read Time: <1s | Elapsed Time: 5s | Wall Time:
                             984s | Learning Rate: 9.85383e-08 | Batch Size: 64 
                             | Elements per Batch: 81,467 | Elements per Second:
                             15,710 | Number of Examples: 64 | Number of        
                             Elements: 81,467 | Number of Target Elements:      
                             31,225 | Total Number of Examples: 11,632 | Total  
                             Number of Elements: 13,099,764 | Total Number of   
                             Target Elements: 5,718,622 | Peak Active Device    
                             Memory: 59.73 GiB | Peak Active Device Memory (%): 
                             76% | Peak Reserved Device Memory: 75.25 GiB | Peak
                             Reserved Device Memory (%): 96%                    
[07/18/25 14:49:54] INFO     fairseq2 - Train Metrics (step 183) - DPO Loss:    
                             0.227587 | Chosen Sequence Log Probabilities:      
                             -350.957 | Rejected Sequence Log Probabilities:    
                             -338.656 | Chosen Sequence Length: 412.672 |       
                             Rejected Sequence Length: 448.953 | NLL Loss:      
                             0.850559 | Gradient Norm: 25.6485 | Data Epoch: 2 |
                             Data Read Time: <1s | Elapsed Time: 4s | Wall Time:
                             988s | Learning Rate: 9.85191e-08 | Batch Size: 64 
                             | Elements per Batch: 66,245 | Elements per Second:
                             15,751 | Number of Examples: 64 | Number of        
                             Elements: 66,245 | Number of Target Elements:      
                             26,411 | Total Number of Examples: 11,696 | Total  
                             Number of Elements: 13,166,009 | Total Number of   
                             Target Elements: 5,745,033 | Peak Active Device    
                             Memory: 59.55 GiB | Peak Active Device Memory (%): 
                             76% | Peak Reserved Device Memory: 71.58 GiB | Peak
                             Reserved Device Memory (%): 91%                    
[07/18/25 14:49:58] INFO     fairseq2 - Train Metrics (step 184) - DPO Loss:    
                             0.320817 | Chosen Sequence Log Probabilities:      
                             -357.289 | Rejected Sequence Log Probabilities:    
                             -306.879 | Chosen Sequence Length: 471.719 |       
                             Rejected Sequence Length: 447.172 | NLL Loss:      
                             0.757389 | Gradient Norm: 33.9464 | Data Epoch: 2 |
                             Data Read Time: <1s | Elapsed Time: 3s | Wall Time:
                             992s | Learning Rate: 9.84997e-08 | Batch Size: 64 
                             | Elements per Batch: 66,026 | Elements per Second:
                             17,442 | Number of Examples: 64 | Number of        
                             Elements: 66,026 | Number of Target Elements:      
                             30,190 | Total Number of Examples: 11,760 | Total  
                             Number of Elements: 13,232,035 | Total Number of   
                             Target Elements: 5,775,223 | Peak Active Device    
                             Memory: 59.50 GiB | Peak Active Device Memory (%): 
                             76% | Peak Reserved Device Memory: 71.58 GiB | Peak
                             Reserved Device Memory (%): 91%                    
[07/18/25 14:50:02] INFO     fairseq2 - Train Metrics (step 185) - DPO Loss:    
                             0.209897 | Chosen Sequence Log Probabilities:      
                             -348.914 | Rejected Sequence Log Probabilities:    
                             -319.68 | Chosen Sequence Length: 469.766 |        
                             Rejected Sequence Length: 505.672 | NLL Loss:      
                             0.743097 | Gradient Norm: 21.595 | Data Epoch: 2 | 
                             Data Read Time: <1s | Elapsed Time: 4s | Wall Time:
                             997s | Learning Rate: 9.84803e-08 | Batch Size: 64 
                             | Elements per Batch: 68,936 | Elements per Second:
                             16,004 | Number of Examples: 64 | Number of        
                             Elements: 68,936 | Number of Target Elements:      
                             30,065 | Total Number of Examples: 11,824 | Total  
                             Number of Elements: 13,300,971 | Total Number of   
                             Target Elements: 5,805,288 | Peak Active Device    
                             Memory: 58.85 GiB | Peak Active Device Memory (%): 
                             75% | Peak Reserved Device Memory: 71.58 GiB | Peak
                             Reserved Device Memory (%): 91%                    
[07/18/25 14:50:07] INFO     fairseq2 - Train Metrics (step 186) - DPO Loss:    
                             0.232837 | Chosen Sequence Log Probabilities:      
                             -411.111 | Rejected Sequence Log Probabilities:    
                             -426.725 | Chosen Sequence Length: 493.609 |       
                             Rejected Sequence Length: 524.656 | NLL Loss:      
                             0.833153 | Gradient Norm: 28.8397 | Data Epoch: 2 |
                             Data Read Time: <1s | Elapsed Time: 4s | Wall Time:
                             1,001s | Learning Rate: 9.84607e-08 | Batch Size:  
                             64 | Elements per Batch: 72,725 | Elements per     
                             Second: 17,165 | Number of Examples: 64 | Number of
                             Elements: 72,725 | Number of Target Elements:      
                             31,591 | Total Number of Examples: 11,888 | Total  
                             Number of Elements: 13,373,696 | Total Number of   
                             Target Elements: 5,836,879 | Peak Active Device    
                             Memory: 59.13 GiB | Peak Active Device Memory (%): 
                             75% | Peak Reserved Device Memory: 71.58 GiB | Peak
                             Reserved Device Memory (%): 91%                    
[07/18/25 14:50:12] INFO     fairseq2 - Train Metrics (step 187) - DPO Loss:    
                             0.200691 | Chosen Sequence Log Probabilities:      
                             -397.73 | Rejected Sequence Log Probabilities:     
                             -389.41 | Chosen Sequence Length: 521.719 |        
                             Rejected Sequence Length: 519.109 | NLL Loss:      
                             0.762408 | Gradient Norm: 25.537 | Data Epoch: 2 | 
                             Data Read Time: <1s | Elapsed Time: 4s | Wall Time:
                             1,006s | Learning Rate: 9.8441e-08 | Batch Size: 64
                             | Elements per Batch: 76,387 | Elements per Second:
                             15,403 | Number of Examples: 64 | Number of        
                             Elements: 76,387 | Number of Target Elements:      
                             33,390 | Total Number of Examples: 11,952 | Total  
                             Number of Elements: 13,450,083 | Total Number of   
                             Target Elements: 5,870,269 | Peak Active Device    
                             Memory: 59.23 GiB | Peak Active Device Memory (%): 
                             75% | Peak Reserved Device Memory: 71.58 GiB | Peak
                             Reserved Device Memory (%): 91%                    
[07/18/25 14:50:16] INFO     fairseq2 - Train Metrics (step 188) - DPO Loss:    
                             0.247801 | Chosen Sequence Log Probabilities:      
                             -414.281 | Rejected Sequence Log Probabilities:    
                             -368.131 | Chosen Sequence Length: 493.375 |       
                             Rejected Sequence Length: 477.016 | NLL Loss:      
                             0.839815 | Gradient Norm: 35.9212 | Data Epoch: 2 |
                             Data Read Time: <1s | Elapsed Time: 3s | Wall Time:
                             1,010s | Learning Rate: 9.84212e-08 | Batch Size:  
                             64 | Elements per Batch: 68,820 | Elements per     
                             Second: 17,651 | Number of Examples: 64 | Number of
                             Elements: 68,820 | Number of Target Elements:      
                             31,576 | Total Number of Examples: 12,016 | Total  
                             Number of Elements: 13,518,903 | Total Number of   
                             Target Elements: 5,901,845 | Peak Active Device    
                             Memory: 59.13 GiB | Peak Active Device Memory (%): 
                             75% | Peak Reserved Device Memory: 71.58 GiB | Peak
                             Reserved Device Memory (%): 91%                    
[07/18/25 14:50:20] INFO     fairseq2 - Train Metrics (step 189) - DPO Loss:    
                             0.232972 | Chosen Sequence Log Probabilities:      
                             -387.969 | Rejected Sequence Log Probabilities:    
                             -353.863 | Chosen Sequence Length: 485.234 |       
                             Rejected Sequence Length: 511.391 | NLL Loss:      
                             0.799965 | Gradient Norm: 24.2376 | Data Epoch: 2 |
                             Data Read Time: <1s | Elapsed Time: 4s | Wall Time:
                             1,015s | Learning Rate: 9.84013e-08 | Batch Size:  
                             64 | Elements per Batch: 70,901 | Elements per     
                             Second: 15,267 | Number of Examples: 64 | Number of
                             Elements: 70,901 | Number of Target Elements:      
                             31,055 | Total Number of Examples: 12,080 | Total  
                             Number of Elements: 13,589,804 | Total Number of   
                             Target Elements: 5,932,900 | Peak Active Device    
                             Memory: 59.19 GiB | Peak Active Device Memory (%): 
                             75% | Peak Reserved Device Memory: 71.58 GiB | Peak
                             Reserved Device Memory (%): 91%                    
[07/18/25 14:50:25] INFO     fairseq2 - Train Metrics (step 190) - DPO Loss:    
                             0.213498 | Chosen Sequence Log Probabilities:      
                             -386.297 | Rejected Sequence Log Probabilities:    
                             -389.391 | Chosen Sequence Length: 514.359 |       
                             Rejected Sequence Length: 525.938 | NLL Loss:      
                             0.751128 | Gradient Norm: 23.5647 | Data Epoch: 2 |
                             Data Read Time: <1s | Elapsed Time: 4s | Wall Time:
                             1,019s | Learning Rate: 9.83812e-08 | Batch Size:  
                             64 | Elements per Batch: 76,467 | Elements per     
                             Second: 17,999 | Number of Examples: 64 | Number of
                             Elements: 76,467 | Number of Target Elements:      
                             32,919 | Total Number of Examples: 12,144 | Total  
                             Number of Elements: 13,666,271 | Total Number of   
                             Target Elements: 5,965,819 | Peak Active Device    
                             Memory: 59.02 GiB | Peak Active Device Memory (%): 
                             75% | Peak Reserved Device Memory: 71.58 GiB | Peak
                             Reserved Device Memory (%): 91%                    
[07/18/25 14:50:28] INFO     fairseq2 - Train Metrics (step 191) - DPO Loss:    
                             0.206996 | Chosen Sequence Log Probabilities:      
                             -388.398 | Rejected Sequence Log Probabilities:    
                             -358.797 | Chosen Sequence Length: 426.891 |       
                             Rejected Sequence Length: 466.422 | NLL Loss:      
                             0.910173 | Gradient Norm: 25.6886 | Data Epoch: 2 |
                             Data Read Time: <1s | Elapsed Time: 3s | Wall Time:
                             1,023s | Learning Rate: 9.8361e-08 | Batch Size: 64
                             | Elements per Batch: 60,496 | Elements per Second:
                             16,213 | Number of Examples: 64 | Number of        
                             Elements: 60,496 | Number of Target Elements:      
                             27,321 | Total Number of Examples: 12,208 | Total  
                             Number of Elements: 13,726,767 | Total Number of   
                             Target Elements: 5,993,140 | Peak Active Device    
                             Memory: 59.37 GiB | Peak Active Device Memory (%): 
                             75% | Peak Reserved Device Memory: 71.58 GiB | Peak
                             Reserved Device Memory (%): 91%                    
[07/18/25 14:50:32] INFO     fairseq2 - Train Metrics (step 192) - DPO Loss:    
                             0.265492 | Chosen Sequence Log Probabilities:      
                             -436.74 | Rejected Sequence Log Probabilities:     
                             -402.057 | Chosen Sequence Length: 646.875 |       
                             Rejected Sequence Length: 613.188 | NLL Loss:      
                             0.67504 | Gradient Norm: 30.6189 | Data Epoch: 2 | 
                             Data Read Time: <1s | Elapsed Time: 3s | Wall Time:
                             1,026s | Learning Rate: 9.83407e-08 | Batch Size:  
                             48 | Elements per Batch: 62,596 | Elements per     
                             Second: 19,320 | Number of Examples: 48 | Number of
                             Elements: 62,596 | Number of Target Elements:      
                             31,050 | Total Number of Examples: 12,256 | Total  
                             Number of Elements: 13,789,363 | Total Number of   
                             Target Elements: 6,024,190 | Peak Active Device    
                             Memory: 59.05 GiB | Peak Active Device Memory (%): 
                             75% | Peak Reserved Device Memory: 71.58 GiB | Peak
                             Reserved Device Memory (%): 91%                    
                    INFO     fairseq2 - End of epoch 2 reached at training step 
                             193.                                               
                    INFO     fairseq2 - Saving checkpoint after step 192.       
[07/18/25 14:50:38] INFO     fairseq2 - Saving the trainer state.               
[07/18/25 14:50:46] INFO     fairseq2 - Trainer state saved.                    
                    INFO     fairseq2 - Saving the model.                       
                    INFO     fairseq2 - Extracting the consolidated FSDP model  
                             state on rank 0.                                   
[07/18/25 14:51:24] INFO     fairseq2 - Model state extracted.                  
[07/18/25 14:52:21] INFO     fairseq2 - Model saved.                            
                    INFO     fairseq2 - Checkpoint complete.                    
[07/18/25 14:52:26] INFO     fairseq2 - Train Metrics (step 193) - DPO Loss:    
                             0.192752 | Chosen Sequence Log Probabilities:      
                             -410.02 | Rejected Sequence Log Probabilities:     
                             -411.496 | Chosen Sequence Length: 470.344 |       
                             Rejected Sequence Length: 541.281 | NLL Loss:      
                             0.872166 | Gradient Norm: 26.7529 | Data Epoch: 3 |
                             Data Read Time: 1s | Elapsed Time: 5s | Wall Time: 
                             1,141s | Learning Rate: 9.83203e-08 | Batch Size:  
                             64 | Elements per Batch: 67,565 | Elements per     
                             Second: 12,538 | Number of Examples: 64 | Number of
                             Elements: 67,565 | Number of Target Elements:      
                             30,102 | Total Number of Examples: 12,320 | Total  
                             Number of Elements: 13,856,928 | Total Number of   
                             Target Elements: 6,054,292 | Peak Active Device    
                             Memory: 59.32 GiB | Peak Active Device Memory (%): 
                             75% | Peak Reserved Device Memory: 75.49 GiB | Peak
                             Reserved Device Memory (%): 96%                    
[07/18/25 14:52:33] INFO     fairseq2 - Train Metrics (step 194) - DPO Loss:    
                             0.18858 | Chosen Sequence Log Probabilities:       
                             -395.441 | Rejected Sequence Log Probabilities:    
                             -355.379 | Chosen Sequence Length: 477.062 |       
                             Rejected Sequence Length: 480.859 | NLL Loss:      
                             0.829165 | Gradient Norm: 24.6101 | Data Epoch: 3 |
                             Data Read Time: <1s | Elapsed Time: 6s | Wall Time:
                             1,147s | Learning Rate: 9.82997e-08 | Batch Size:  
                             64 | Elements per Batch: 73,551 | Elements per     
                             Second: 10,871 | Number of Examples: 64 | Number of
                             Elements: 73,551 | Number of Target Elements:      
                             30,532 | Total Number of Examples: 12,384 | Total  
                             Number of Elements: 13,930,479 | Total Number of   
                             Target Elements: 6,084,824 | Peak Active Device    
                             Memory: 59.16 GiB | Peak Active Device Memory (%): 
                             75% | Peak Reserved Device Memory: 75.49 GiB | Peak
                             Reserved Device Memory (%): 96%                    
[07/18/25 14:52:38] INFO     fairseq2 - Train Metrics (step 195) - DPO Loss:    
                             0.215292 | Chosen Sequence Log Probabilities:      
                             -355.23 | Rejected Sequence Log Probabilities:     
                             -383.141 | Chosen Sequence Length: 456.266 |       
                             Rejected Sequence Length: 483.109 | NLL Loss:      
                             0.778327 | Gradient Norm: 30.449 | Data Epoch: 3 | 
                             Data Read Time: <1s | Elapsed Time: 4s | Wall Time:
                             1,152s | Learning Rate: 9.82791e-08 | Batch Size:  
                             64 | Elements per Batch: 69,397 | Elements per     
                             Second: 14,965 | Number of Examples: 64 | Number of
                             Elements: 69,397 | Number of Target Elements:      
                             29,201 | Total Number of Examples: 12,448 | Total  
                             Number of Elements: 13,999,876 | Total Number of   
                             Target Elements: 6,114,025 | Peak Active Device    
                             Memory: 59.12 GiB | Peak Active Device Memory (%): 
                             75% | Peak Reserved Device Memory: 75.49 GiB | Peak
                             Reserved Device Memory (%): 96%                    
[07/18/25 14:52:43] INFO     fairseq2 - Train Metrics (step 196) - DPO Loss:    
                             0.243899 | Chosen Sequence Log Probabilities:      
                             -430.195 | Rejected Sequence Log Probabilities:    
                             -386.609 | Chosen Sequence Length: 540.797 |       
                             Rejected Sequence Length: 489.141 | NLL Loss:      
                             0.795642 | Gradient Norm: 28.6121 | Data Epoch: 3 |
                             Data Read Time: <1s | Elapsed Time: 4s | Wall Time:
                             1,157s | Learning Rate: 9.82583e-08 | Batch Size:  
                             64 | Elements per Batch: 74,894 | Elements per     
                             Second: 16,297 | Number of Examples: 64 | Number of
                             Elements: 74,894 | Number of Target Elements:      
                             34,611 | Total Number of Examples: 12,512 | Total  
                             Number of Elements: 14,074,770 | Total Number of   
                             Target Elements: 6,148,636 | Peak Active Device    
                             Memory: 59.19 GiB | Peak Active Device Memory (%): 
                             75% | Peak Reserved Device Memory: 75.49 GiB | Peak
                             Reserved Device Memory (%): 96%                    
[07/18/25 14:52:47] INFO     fairseq2 - Train Metrics (step 197) - DPO Loss:    
                             0.210623 | Chosen Sequence Log Probabilities:      
                             -342.77 | Rejected Sequence Log Probabilities:     
                             -338.656 | Chosen Sequence Length: 469.094 |       
                             Rejected Sequence Length: 502.094 | NLL Loss:      
                             0.731022 | Gradient Norm: 23.3946 | Data Epoch: 3 |
                             Data Read Time: <1s | Elapsed Time: 3s | Wall Time:
                             1,161s | Learning Rate: 9.82373e-08 | Batch Size:  
                             64 | Elements per Batch: 67,008 | Elements per     
                             Second: 17,104 | Number of Examples: 64 | Number of
                             Elements: 67,008 | Number of Target Elements:      
                             30,022 | Total Number of Examples: 12,576 | Total  
                             Number of Elements: 14,141,778 | Total Number of   
                             Target Elements: 6,178,658 | Peak Active Device    
                             Memory: 59.45 GiB | Peak Active Device Memory (%): 
                             76% | Peak Reserved Device Memory: 75.49 GiB | Peak
                             Reserved Device Memory (%): 96%                    
[07/18/25 14:52:51] INFO     fairseq2 - Train Metrics (step 198) - DPO Loss:    
                             0.255713 | Chosen Sequence Log Probabilities:      
                             -370.191 | Rejected Sequence Log Probabilities:    
                             -360.818 | Chosen Sequence Length: 396.125 |       
                             Rejected Sequence Length: 409.562 | NLL Loss:      
                             0.934374 | Gradient Norm: 30.6168 | Data Epoch: 3 |
                             Data Read Time: <1s | Elapsed Time: 3s | Wall Time:
                             1,165s | Learning Rate: 9.82163e-08 | Batch Size:  
                             64 | Elements per Batch: 60,968 | Elements per     
                             Second: 15,357 | Number of Examples: 64 | Number of
                             Elements: 60,968 | Number of Target Elements:      
                             25,352 | Total Number of Examples: 12,640 | Total  
                             Number of Elements: 14,202,746 | Total Number of   
                             Target Elements: 6,204,010 | Peak Active Device    
                             Memory: 59.20 GiB | Peak Active Device Memory (%): 
                             75% | Peak Reserved Device Memory: 75.49 GiB | Peak
                             Reserved Device Memory (%): 96%                    
[07/18/25 14:52:55] INFO     fairseq2 - Train Metrics (step 199) - DPO Loss:    
                             0.301303 | Chosen Sequence Log Probabilities:      
                             -419.91 | Rejected Sequence Log Probabilities:     
                             -392.477 | Chosen Sequence Length: 465.562 |       
                             Rejected Sequence Length: 452.719 | NLL Loss:      
                             0.901569 | Gradient Norm: 26.94 | Data Epoch: 3 |  
                             Data Read Time: <1s | Elapsed Time: 4s | Wall Time:
                             1,170s | Learning Rate: 9.81951e-08 | Batch Size:  
                             64 | Elements per Batch: 75,109 | Elements per     
                             Second: 15,725 | Number of Examples: 64 | Number of
                             Elements: 75,109 | Number of Target Elements:      
                             29,796 | Total Number of Examples: 12,704 | Total  
                             Number of Elements: 14,277,855 | Total Number of   
                             Target Elements: 6,233,806 | Peak Active Device    
                             Memory: 60.04 GiB | Peak Active Device Memory (%): 
                             76% | Peak Reserved Device Memory: 75.49 GiB | Peak
                             Reserved Device Memory (%): 96%                    
[07/18/25 14:53:00] INFO     fairseq2 - Train Metrics (step 200) - DPO Loss:    
                             0.196435 | Chosen Sequence Log Probabilities:      
                             -439.211 | Rejected Sequence Log Probabilities:    
                             -382.094 | Chosen Sequence Length: 499.578 |       
                             Rejected Sequence Length: 502.328 | NLL Loss:      
                             0.879182 | Gradient Norm: 27.088 | Data Epoch: 3 | 
                             Data Read Time: <1s | Elapsed Time: 4s | Wall Time:
                             1,174s | Learning Rate: 9.81738e-08 | Batch Size:  
                             64 | Elements per Batch: 77,924 | Elements per     
                             Second: 18,308 | Number of Examples: 64 | Number of
                             Elements: 77,924 | Number of Target Elements:      
                             31,973 | Total Number of Examples: 12,768 | Total  
                             Number of Elements: 14,355,779 | Total Number of   
                             Target Elements: 6,265,779 | Peak Active Device    
                             Memory: 59.81 GiB | Peak Active Device Memory (%): 
                             76% | Peak Reserved Device Memory: 75.49 GiB | Peak
                             Reserved Device Memory (%): 96%                    
[07/18/25 14:53:04] INFO     fairseq2 - Train Metrics (step 201) - DPO Loss:    
                             0.2011 | Chosen Sequence Log Probabilities:        
                             -318.791 | Rejected Sequence Log Probabilities:    
                             -292.637 | Chosen Sequence Length: 432.078 |       
                             Rejected Sequence Length: 426.812 | NLL Loss:      
                             0.737666 | Gradient Norm: 26.3362 | Data Epoch: 3 |
                             Data Read Time: <1s | Elapsed Time: 4s | Wall Time:
                             1,178s | Learning Rate: 9.81524e-08 | Batch Size:  
                             64 | Elements per Batch: 71,705 | Elements per     
                             Second: 16,112 | Number of Examples: 64 | Number of
                             Elements: 71,705 | Number of Target Elements:      
                             27,653 | Total Number of Examples: 12,832 | Total  
                             Number of Elements: 14,427,484 | Total Number of   
                             Target Elements: 6,293,432 | Peak Active Device    
                             Memory: 59.38 GiB | Peak Active Device Memory (%): 
                             75% | Peak Reserved Device Memory: 75.49 GiB | Peak
                             Reserved Device Memory (%): 96%                    
[07/18/25 14:53:08] INFO     fairseq2 - Train Metrics (step 202) - DPO Loss:    
                             0.255492 | Chosen Sequence Log Probabilities:      
                             -342.867 | Rejected Sequence Log Probabilities:    
                             -330.059 | Chosen Sequence Length: 429.328 |       
                             Rejected Sequence Length: 450.906 | NLL Loss:      
                             0.798877 | Gradient Norm: 27.6782 | Data Epoch: 3 |
                             Data Read Time: <1s | Elapsed Time: 3s | Wall Time:
                             1,182s | Learning Rate: 9.81309e-08 | Batch Size:  
                             64 | Elements per Batch: 71,011 | Elements per     
                             Second: 19,917 | Number of Examples: 64 | Number of
                             Elements: 71,011 | Number of Target Elements:      
                             27,477 | Total Number of Examples: 12,896 | Total  
                             Number of Elements: 14,498,495 | Total Number of   
                             Target Elements: 6,320,909 | Peak Active Device    
                             Memory: 59.34 GiB | Peak Active Device Memory (%): 
                             75% | Peak Reserved Device Memory: 75.49 GiB | Peak
                             Reserved Device Memory (%): 96%                    
[07/18/25 14:53:12] INFO     fairseq2 - Train Metrics (step 203) - DPO Loss:    
                             0.238797 | Chosen Sequence Log Probabilities:      
                             -405.43 | Rejected Sequence Log Probabilities:     
                             -359.131 | Chosen Sequence Length: 484.688 |       
                             Rejected Sequence Length: 546.078 | NLL Loss:      
                             0.836535 | Gradient Norm: 33.1761 | Data Epoch: 3 |
                             Data Read Time: <1s | Elapsed Time: 3s | Wall Time:
                             1,186s | Learning Rate: 9.81092e-08 | Batch Size:  
                             64 | Elements per Batch: 64,352 | Elements per     
                             Second: 16,127 | Number of Examples: 64 | Number of
                             Elements: 64,352 | Number of Target Elements:      
                             31,020 | Total Number of Examples: 12,960 | Total  
                             Number of Elements: 14,562,847 | Total Number of   
                             Target Elements: 6,351,929 | Peak Active Device    
                             Memory: 59.03 GiB | Peak Active Device Memory (%): 
                             75% | Peak Reserved Device Memory: 75.49 GiB | Peak
                             Reserved Device Memory (%): 96%                    
[07/18/25 14:53:17] INFO     fairseq2 - Train Metrics (step 204) - DPO Loss:    
                             0.197919 | Chosen Sequence Log Probabilities:      
                             -393.131 | Rejected Sequence Log Probabilities:    
                             -383.566 | Chosen Sequence Length: 497.5 | Rejected
                             Sequence Length: 523.234 | NLL Loss: 0.790352 |    
                             Gradient Norm: 24.0946 | Data Epoch: 3 | Data Read 
                             Time: <1s | Elapsed Time: 4s | Wall Time: 1,191s | 
                             Learning Rate: 9.80874e-08 | Batch Size: 64 |      
                             Elements per Batch: 80,612 | Elements per Second:  
                             17,471 | Number of Examples: 64 | Number of        
                             Elements: 80,612 | Number of Target Elements:      
                             31,840 | Total Number of Examples: 13,024 | Total  
                             Number of Elements: 14,643,459 | Total Number of   
                             Target Elements: 6,383,769 | Peak Active Device    
                             Memory: 59.43 GiB | Peak Active Device Memory (%): 
                             76% | Peak Reserved Device Memory: 75.49 GiB | Peak
                             Reserved Device Memory (%): 96%                    
[07/18/25 14:53:21] INFO     fairseq2 - Train Metrics (step 205) - DPO Loss:    
                             0.182594 | Chosen Sequence Log Probabilities:      
                             -385.902 | Rejected Sequence Log Probabilities:    
                             -386.643 | Chosen Sequence Length: 470.594 |       
                             Rejected Sequence Length: 509.375 | NLL Loss:      
                             0.819903 | Gradient Norm: 26.1134 | Data Epoch: 3 |
                             Data Read Time: <1s | Elapsed Time: 4s | Wall Time:
                             1,195s | Learning Rate: 9.80655e-08 | Batch Size:  
                             64 | Elements per Batch: 71,043 | Elements per     
                             Second: 17,522 | Number of Examples: 64 | Number of
                             Elements: 71,043 | Number of Target Elements:      
                             30,118 | Total Number of Examples: 13,088 | Total  
                             Number of Elements: 14,714,502 | Total Number of   
                             Target Elements: 6,413,887 | Peak Active Device    
                             Memory: 59.11 GiB | Peak Active Device Memory (%): 
                             75% | Peak Reserved Device Memory: 75.49 GiB | Peak
                             Reserved Device Memory (%): 96%                    
[07/18/25 14:53:25] INFO     fairseq2 - Train Metrics (step 206) - DPO Loss:    
                             0.172195 | Chosen Sequence Log Probabilities:      
                             -424.484 | Rejected Sequence Log Probabilities:    
                             -402.578 | Chosen Sequence Length: 522.594 |       
                             Rejected Sequence Length: 564.234 | NLL Loss:      
                             0.811975 | Gradient Norm: 22.7373 | Data Epoch: 3 |
                             Data Read Time: <1s | Elapsed Time: 4s | Wall Time:
                             1,199s | Learning Rate: 9.80435e-08 | Batch Size:  
                             64 | Elements per Batch: 77,622 | Elements per     
                             Second: 18,492 | Number of Examples: 64 | Number of
                             Elements: 77,622 | Number of Target Elements:      
                             33,446 | Total Number of Examples: 13,152 | Total  
                             Number of Elements: 14,792,124 | Total Number of   
                             Target Elements: 6,447,333 | Peak Active Device    
                             Memory: 59.19 GiB | Peak Active Device Memory (%): 
                             75% | Peak Reserved Device Memory: 75.49 GiB | Peak
                             Reserved Device Memory (%): 96%                    
[07/18/25 14:53:30] INFO     fairseq2 - Train Metrics (step 207) - DPO Loss:    
                             0.18253 | Chosen Sequence Log Probabilities:       
                             -455.225 | Rejected Sequence Log Probabilities:    
                             -438.961 | Chosen Sequence Length: 530.781 |       
                             Rejected Sequence Length: 555.828 | NLL Loss:      
                             0.857915 | Gradient Norm: 22.4572 | Data Epoch: 3 |
                             Data Read Time: <1s | Elapsed Time: 4s | Wall Time:
                             1,204s | Learning Rate: 9.80214e-08 | Batch Size:  
                             64 | Elements per Batch: 74,618 | Elements per     
                             Second: 16,010 | Number of Examples: 64 | Number of
                             Elements: 74,618 | Number of Target Elements:      
                             33,970 | Total Number of Examples: 13,216 | Total  
                             Number of Elements: 14,866,742 | Total Number of   
                             Target Elements: 6,481,303 | Peak Active Device    
                             Memory: 59.43 GiB | Peak Active Device Memory (%): 
                             76% | Peak Reserved Device Memory: 75.49 GiB | Peak
                             Reserved Device Memory (%): 96%                    
[07/18/25 14:53:34] INFO     fairseq2 - Train Metrics (step 208) - DPO Loss:    
                             0.203235 | Chosen Sequence Log Probabilities:      
                             -454.129 | Rejected Sequence Log Probabilities:    
                             -421.023 | Chosen Sequence Length: 554.422 |       
                             Rejected Sequence Length: 549.109 | NLL Loss:      
                             0.819473 | Gradient Norm: 28.5479 | Data Epoch: 3 |
                             Data Read Time: <1s | Elapsed Time: 3s | Wall Time:
                             1,208s | Learning Rate: 9.79991e-08 | Batch Size:  
                             64 | Elements per Batch: 70,071 | Elements per     
                             Second: 17,677 | Number of Examples: 64 | Number of
                             Elements: 70,071 | Number of Target Elements:      
                             35,483 | Total Number of Examples: 13,280 | Total  
                             Number of Elements: 14,936,813 | Total Number of   
                             Target Elements: 6,516,786 | Peak Active Device    
                             Memory: 59.12 GiB | Peak Active Device Memory (%): 
                             75% | Peak Reserved Device Memory: 75.49 GiB | Peak
                             Reserved Device Memory (%): 96%                    
[07/18/25 14:53:38] INFO     fairseq2 - Train Metrics (step 209) - DPO Loss:    
                             0.158675 | Chosen Sequence Log Probabilities:      
                             -431.203 | Rejected Sequence Log Probabilities:    
                             -443.348 | Chosen Sequence Length: 532.688 |       
                             Rejected Sequence Length: 536.281 | NLL Loss:      
                             0.809656 | Gradient Norm: 18.1864 | Data Epoch: 3 |
                             Data Read Time: <1s | Elapsed Time: 4s | Wall Time:
                             1,213s | Learning Rate: 9.79767e-08 | Batch Size:  
                             64 | Elements per Batch: 64,720 | Elements per     
                             Second: 14,007 | Number of Examples: 64 | Number of
                             Elements: 64,720 | Number of Target Elements:      
                             34,092 | Total Number of Examples: 13,344 | Total  
                             Number of Elements: 15,001,533 | Total Number of   
                             Target Elements: 6,550,878 | Peak Active Device    
                             Memory: 59.32 GiB | Peak Active Device Memory (%): 
                             75% | Peak Reserved Device Memory: 75.49 GiB | Peak
                             Reserved Device Memory (%): 96%                    
[07/18/25 14:53:43] INFO     fairseq2 - Train Metrics (step 210) - DPO Loss:    
                             0.216348 | Chosen Sequence Log Probabilities:      
                             -477.631 | Rejected Sequence Log Probabilities:    
                             -416.082 | Chosen Sequence Length: 535.672 |       
                             Rejected Sequence Length: 546.203 | NLL Loss:      
                             0.891885 | Gradient Norm: 23.293 | Data Epoch: 3 | 
                             Data Read Time: <1s | Elapsed Time: 4s | Wall Time:
                             1,217s | Learning Rate: 9.79542e-08 | Batch Size:  
                             64 | Elements per Batch: 74,978 | Elements per     
                             Second: 18,352 | Number of Examples: 64 | Number of
                             Elements: 74,978 | Number of Target Elements:      
                             34,283 | Total Number of Examples: 13,408 | Total  
                             Number of Elements: 15,076,511 | Total Number of   
                             Target Elements: 6,585,161 | Peak Active Device    
                             Memory: 59.55 GiB | Peak Active Device Memory (%): 
                             76% | Peak Reserved Device Memory: 75.49 GiB | Peak
                             Reserved Device Memory (%): 96%                    
[07/18/25 14:53:47] INFO     fairseq2 - Train Metrics (step 211) - DPO Loss:    
                             0.221163 | Chosen Sequence Log Probabilities:      
                             -405.637 | Rejected Sequence Log Probabilities:    
                             -373.771 | Chosen Sequence Length: 502.281 |       
                             Rejected Sequence Length: 514.562 | NLL Loss:      
                             0.807601 | Gradient Norm: 25.0712 | Data Epoch: 3 |
                             Data Read Time: <1s | Elapsed Time: 4s | Wall Time:
                             1,222s | Learning Rate: 9.79315e-08 | Batch Size:  
                             64 | Elements per Batch: 70,372 | Elements per     
                             Second: 14,439 | Number of Examples: 64 | Number of
                             Elements: 70,372 | Number of Target Elements:      
                             32,146 | Total Number of Examples: 13,472 | Total  
                             Number of Elements: 15,146,883 | Total Number of   
                             Target Elements: 6,617,307 | Peak Active Device    
                             Memory: 59.48 GiB | Peak Active Device Memory (%): 
                             76% | Peak Reserved Device Memory: 75.49 GiB | Peak
                             Reserved Device Memory (%): 96%                    
[07/18/25 14:53:51] INFO     fairseq2 - Train Metrics (step 212) - DPO Loss:    
                             0.207433 | Chosen Sequence Log Probabilities:      
                             -388.789 | Rejected Sequence Log Probabilities:    
                             -356.883 | Chosen Sequence Length: 439.281 |       
                             Rejected Sequence Length: 463.375 | NLL Loss:      
                             0.885074 | Gradient Norm: 24.9938 | Data Epoch: 3 |
                             Data Read Time: <1s | Elapsed Time: 3s | Wall Time:
                             1,226s | Learning Rate: 9.79088e-08 | Batch Size:  
                             64 | Elements per Batch: 67,003 | Elements per     
                             Second: 17,082 | Number of Examples: 64 | Number of
                             Elements: 67,003 | Number of Target Elements:      
                             28,114 | Total Number of Examples: 13,536 | Total  
                             Number of Elements: 15,213,886 | Total Number of   
                             Target Elements: 6,645,421 | Peak Active Device    
                             Memory: 59.37 GiB | Peak Active Device Memory (%): 
                             75% | Peak Reserved Device Memory: 75.49 GiB | Peak
                             Reserved Device Memory (%): 96%                    
[07/18/25 14:53:56] INFO     fairseq2 - Train Metrics (step 213) - DPO Loss:    
                             0.190668 | Chosen Sequence Log Probabilities:      
                             -365.648 | Rejected Sequence Log Probabilities:    
                             -350.688 | Chosen Sequence Length: 461.406 |       
                             Rejected Sequence Length: 493.906 | NLL Loss:      
                             0.792255 | Gradient Norm: 29.8928 | Data Epoch: 3 |
                             Data Read Time: <1s | Elapsed Time: 4s | Wall Time:
                             1,230s | Learning Rate: 9.78859e-08 | Batch Size:  
                             64 | Elements per Batch: 73,070 | Elements per     
                             Second: 17,810 | Number of Examples: 64 | Number of
                             Elements: 73,070 | Number of Target Elements:      
                             29,530 | Total Number of Examples: 13,600 | Total  
                             Number of Elements: 15,286,956 | Total Number of   
                             Target Elements: 6,674,951 | Peak Active Device    
                             Memory: 59.22 GiB | Peak Active Device Memory (%): 
                             75% | Peak Reserved Device Memory: 75.49 GiB | Peak
                             Reserved Device Memory (%): 96%                    
[07/18/25 14:54:00] INFO     fairseq2 - Train Metrics (step 214) - DPO Loss:    
                             0.20615 | Chosen Sequence Log Probabilities:       
                             -328.504 | Rejected Sequence Log Probabilities:    
                             -346.789 | Chosen Sequence Length: 437.812 |       
                             Rejected Sequence Length: 457.094 | NLL Loss:      
                             0.750293 | Gradient Norm: 29.6317 | Data Epoch: 3 |
                             Data Read Time: <1s | Elapsed Time: 4s | Wall Time:
                             1,234s | Learning Rate: 9.78629e-08 | Batch Size:  
                             64 | Elements per Batch: 69,270 | Elements per     
                             Second: 15,693 | Number of Examples: 64 | Number of
                             Elements: 69,270 | Number of Target Elements:      
                             28,020 | Total Number of Examples: 13,664 | Total  
                             Number of Elements: 15,356,226 | Total Number of   
                             Target Elements: 6,702,971 | Peak Active Device    
                             Memory: 59.13 GiB | Peak Active Device Memory (%): 
                             75% | Peak Reserved Device Memory: 75.49 GiB | Peak
                             Reserved Device Memory (%): 96%                    
[07/18/25 14:54:04] INFO     fairseq2 - Train Metrics (step 215) - DPO Loss:    
                             0.167754 | Chosen Sequence Log Probabilities:      
                             -402.242 | Rejected Sequence Log Probabilities:    
                             -343.461 | Chosen Sequence Length: 470.859 |       
                             Rejected Sequence Length: 487.484 | NLL Loss:      
                             0.854323 | Gradient Norm: 19.9754 | Data Epoch: 3 |
                             Data Read Time: <1s | Elapsed Time: 3s | Wall Time:
                             1,238s | Learning Rate: 9.78398e-08 | Batch Size:  
                             64 | Elements per Batch: 64,646 | Elements per     
                             Second: 16,172 | Number of Examples: 64 | Number of
                             Elements: 64,646 | Number of Target Elements:      
                             30,135 | Total Number of Examples: 13,728 | Total  
                             Number of Elements: 15,420,872 | Total Number of   
                             Target Elements: 6,733,106 | Peak Active Device    
                             Memory: 59.10 GiB | Peak Active Device Memory (%): 
                             75% | Peak Reserved Device Memory: 75.49 GiB | Peak
                             Reserved Device Memory (%): 96%                    
[07/18/25 14:54:09] INFO     fairseq2 - Train Metrics (step 216) - DPO Loss:    
                             0.171946 | Chosen Sequence Log Probabilities:      
                             -406.398 | Rejected Sequence Log Probabilities:    
                             -382.867 | Chosen Sequence Length: 506.781 |       
                             Rejected Sequence Length: 515.75 | NLL Loss:       
                             0.801853 | Gradient Norm: 22.1573 | Data Epoch: 3 |
                             Data Read Time: <1s | Elapsed Time: 4s | Wall Time:
                             1,243s | Learning Rate: 9.78165e-08 | Batch Size:  
                             64 | Elements per Batch: 78,346 | Elements per     
                             Second: 18,118 | Number of Examples: 64 | Number of
                             Elements: 78,346 | Number of Target Elements:      
                             32,434 | Total Number of Examples: 13,792 | Total  
                             Number of Elements: 15,499,218 | Total Number of   
                             Target Elements: 6,765,540 | Peak Active Device    
                             Memory: 59.69 GiB | Peak Active Device Memory (%): 
                             76% | Peak Reserved Device Memory: 75.49 GiB | Peak
                             Reserved Device Memory (%): 96%                    
[07/18/25 14:54:12] INFO     fairseq2 - Train Metrics (step 217) - DPO Loss:    
                             0.194119 | Chosen Sequence Log Probabilities:      
                             -391.688 | Rejected Sequence Log Probabilities:    
                             -380.883 | Chosen Sequence Length: 458.594 |       
                             Rejected Sequence Length: 460.688 | NLL Loss:      
                             0.854257 | Gradient Norm: 23.7226 | Data Epoch: 3 |
                             Data Read Time: <1s | Elapsed Time: 3s | Wall Time:
                             1,247s | Learning Rate: 9.77932e-08 | Batch Size:  
                             64 | Elements per Batch: 68,928 | Elements per     
                             Second: 17,949 | Number of Examples: 64 | Number of
                             Elements: 68,928 | Number of Target Elements:      
                             29,350 | Total Number of Examples: 13,856 | Total  
                             Number of Elements: 15,568,146 | Total Number of   
                             Target Elements: 6,794,890 | Peak Active Device    
                             Memory: 59.06 GiB | Peak Active Device Memory (%): 
                             75% | Peak Reserved Device Memory: 75.49 GiB | Peak
                             Reserved Device Memory (%): 96%                    
[07/18/25 14:54:17] INFO     fairseq2 - Train Metrics (step 218) - DPO Loss:    
                             0.190656 | Chosen Sequence Log Probabilities:      
                             -377.461 | Rejected Sequence Log Probabilities:    
                             -395.738 | Chosen Sequence Length: 447.516 |       
                             Rejected Sequence Length: 504.875 | NLL Loss:      
                             0.843557 | Gradient Norm: 23.62 | Data Epoch: 3 |  
                             Data Read Time: <1s | Elapsed Time: 4s | Wall Time:
                             1,251s | Learning Rate: 9.77697e-08 | Batch Size:  
                             64 | Elements per Batch: 71,368 | Elements per     
                             Second: 15,391 | Number of Examples: 64 | Number of
                             Elements: 71,368 | Number of Target Elements:      
                             28,641 | Total Number of Examples: 13,920 | Total  
                             Number of Elements: 15,639,514 | Total Number of   
                             Target Elements: 6,823,531 | Peak Active Device    
                             Memory: 59.58 GiB | Peak Active Device Memory (%): 
                             76% | Peak Reserved Device Memory: 75.49 GiB | Peak
                             Reserved Device Memory (%): 96%                    
[07/18/25 14:54:22] INFO     fairseq2 - Train Metrics (step 219) - DPO Loss:    
                             0.199698 | Chosen Sequence Log Probabilities:      
                             -436.473 | Rejected Sequence Log Probabilities:    
                             -369.387 | Chosen Sequence Length: 513 | Rejected  
                             Sequence Length: 494.172 | NLL Loss: 0.850751 |    
                             Gradient Norm: 28.15 | Data Epoch: 3 | Data Read   
                             Time: <1s | Elapsed Time: 4s | Wall Time: 1,256s | 
                             Learning Rate: 9.77461e-08 | Batch Size: 64 |      
                             Elements per Batch: 72,709 | Elements per Second:  
                             16,341 | Number of Examples: 64 | Number of        
                             Elements: 72,709 | Number of Target Elements:      
                             32,832 | Total Number of Examples: 13,984 | Total  
                             Number of Elements: 15,712,223 | Total Number of   
                             Target Elements: 6,856,363 | Peak Active Device    
                             Memory: 59.43 GiB | Peak Active Device Memory (%): 
                             76% | Peak Reserved Device Memory: 75.49 GiB | Peak
                             Reserved Device Memory (%): 96%                    
[07/18/25 14:54:27] INFO     fairseq2 - Train Metrics (step 220) - DPO Loss:    
                             0.147207 | Chosen Sequence Log Probabilities:      
                             -403.318 | Rejected Sequence Log Probabilities:    
                             -375.477 | Chosen Sequence Length: 495.781 |       
                             Rejected Sequence Length: 495.781 | NLL Loss:      
                             0.813133 | Gradient Norm: 19.4029 | Data Epoch: 3 |
                             Data Read Time: <1s | Elapsed Time: 5s | Wall Time:
                             1,261s | Learning Rate: 9.77223e-08 | Batch Size:  
                             64 | Elements per Batch: 73,140 | Elements per     
                             Second: 14,400 | Number of Examples: 64 | Number of
                             Elements: 73,140 | Number of Target Elements:      
                             31,730 | Total Number of Examples: 14,048 | Total  
                             Number of Elements: 15,785,363 | Total Number of   
                             Target Elements: 6,888,093 | Peak Active Device    
                             Memory: 60.28 GiB | Peak Active Device Memory (%): 
                             77% | Peak Reserved Device Memory: 75.49 GiB | Peak
                             Reserved Device Memory (%): 96%                    
[07/18/25 14:54:31] INFO     fairseq2 - Train Metrics (step 221) - DPO Loss:    
                             0.185124 | Chosen Sequence Log Probabilities:      
                             -447.121 | Rejected Sequence Log Probabilities:    
                             -433.184 | Chosen Sequence Length: 507.484 |       
                             Rejected Sequence Length: 509.641 | NLL Loss:      
                             0.881019 | Gradient Norm: 23.5488 | Data Epoch: 3 |
                             Data Read Time: <1s | Elapsed Time: 4s | Wall Time:
                             1,265s | Learning Rate: 9.76985e-08 | Batch Size:  
                             64 | Elements per Batch: 74,002 | Elements per     
                             Second: 17,458 | Number of Examples: 64 | Number of
                             Elements: 74,002 | Number of Target Elements:      
                             32,479 | Total Number of Examples: 14,112 | Total  
                             Number of Elements: 15,859,365 | Total Number of   
                             Target Elements: 6,920,572 | Peak Active Device    
                             Memory: 59.21 GiB | Peak Active Device Memory (%): 
                             75% | Peak Reserved Device Memory: 72.41 GiB | Peak
                             Reserved Device Memory (%): 92%                    
[07/18/25 14:54:35] INFO     fairseq2 - Train Metrics (step 222) - DPO Loss:    
                             0.189589 | Chosen Sequence Log Probabilities:      
                             -404.328 | Rejected Sequence Log Probabilities:    
                             -384.141 | Chosen Sequence Length: 534.547 |       
                             Rejected Sequence Length: 519.656 | NLL Loss:      
                             0.756327 | Gradient Norm: 23.1322 | Data Epoch: 3 |
                             Data Read Time: <1s | Elapsed Time: 3s | Wall Time:
                             1,269s | Learning Rate: 9.76745e-08 | Batch Size:  
                             64 | Elements per Batch: 71,697 | Elements per     
                             Second: 18,424 | Number of Examples: 64 | Number of
                             Elements: 71,697 | Number of Target Elements:      
                             34,211 | Total Number of Examples: 14,176 | Total  
                             Number of Elements: 15,931,062 | Total Number of   
                             Target Elements: 6,954,783 | Peak Active Device    
                             Memory: 59.13 GiB | Peak Active Device Memory (%): 
                             75% | Peak Reserved Device Memory: 72.41 GiB | Peak
                             Reserved Device Memory (%): 92%                    
[07/18/25 14:54:39] INFO     fairseq2 - Train Metrics (step 223) - DPO Loss:    
                             0.207786 | Chosen Sequence Log Probabilities:      
                             -386.449 | Rejected Sequence Log Probabilities:    
                             -363.566 | Chosen Sequence Length: 478.594 |       
                             Rejected Sequence Length: 469.891 | NLL Loss:      
                             0.80783 | Gradient Norm: 22.0607 | Data Epoch: 3 | 
                             Data Read Time: <1s | Elapsed Time: 4s | Wall Time:
                             1,274s | Learning Rate: 9.76504e-08 | Batch Size:  
                             64 | Elements per Batch: 70,437 | Elements per     
                             Second: 16,673 | Number of Examples: 64 | Number of
                             Elements: 70,437 | Number of Target Elements:      
                             30,630 | Total Number of Examples: 14,240 | Total  
                             Number of Elements: 16,001,499 | Total Number of   
                             Target Elements: 6,985,413 | Peak Active Device    
                             Memory: 59.06 GiB | Peak Active Device Memory (%): 
                             75% | Peak Reserved Device Memory: 72.41 GiB | Peak
                             Reserved Device Memory (%): 92%                    
[07/18/25 14:54:44] INFO     fairseq2 - Train Metrics (step 224) - DPO Loss:    
                             0.213579 | Chosen Sequence Log Probabilities:      
                             -377.91 | Rejected Sequence Log Probabilities:     
                             -345.984 | Chosen Sequence Length: 487.234 |       
                             Rejected Sequence Length: 494.641 | NLL Loss:      
                             0.775635 | Gradient Norm: 23.4652 | Data Epoch: 3 |
                             Data Read Time: <1s | Elapsed Time: 4s | Wall Time:
                             1,278s | Learning Rate: 9.76262e-08 | Batch Size:  
                             64 | Elements per Batch: 79,013 | Elements per     
                             Second: 17,430 | Number of Examples: 64 | Number of
                             Elements: 79,013 | Number of Target Elements:      
                             31,183 | Total Number of Examples: 14,304 | Total  
                             Number of Elements: 16,080,512 | Total Number of   
                             Target Elements: 7,016,596 | Peak Active Device    
                             Memory: 59.52 GiB | Peak Active Device Memory (%): 
                             76% | Peak Reserved Device Memory: 72.41 GiB | Peak
                             Reserved Device Memory (%): 92%                    
[07/18/25 14:54:49] INFO     fairseq2 - Train Metrics (step 225) - DPO Loss:    
                             0.192738 | Chosen Sequence Log Probabilities:      
                             -393.117 | Rejected Sequence Log Probabilities:    
                             -356.117 | Chosen Sequence Length: 468.672 |       
                             Rejected Sequence Length: 493.531 | NLL Loss:      
                             0.839086 | Gradient Norm: 23.4718 | Data Epoch: 3 |
                             Data Read Time: <1s | Elapsed Time: 4s | Wall Time:
                             1,283s | Learning Rate: 9.76019e-08 | Batch Size:  
                             64 | Elements per Batch: 72,816 | Elements per     
                             Second: 15,071 | Number of Examples: 64 | Number of
                             Elements: 72,816 | Number of Target Elements:      
                             29,995 | Total Number of Examples: 14,368 | Total  
                             Number of Elements: 16,153,328 | Total Number of   
                             Target Elements: 7,046,591 | Peak Active Device    
                             Memory: 59.02 GiB | Peak Active Device Memory (%): 
                             75% | Peak Reserved Device Memory: 72.41 GiB | Peak
                             Reserved Device Memory (%): 92%                    
[07/18/25 14:54:53] INFO     fairseq2 - Train Metrics (step 226) - DPO Loss:    
                             0.218114 | Chosen Sequence Log Probabilities:      
                             -422.938 | Rejected Sequence Log Probabilities:    
                             -416.324 | Chosen Sequence Length: 572.891 |       
                             Rejected Sequence Length: 523.812 | NLL Loss:      
                             0.738304 | Gradient Norm: 28.1262 | Data Epoch: 3 |
                             Data Read Time: <1s | Elapsed Time: 4s | Wall Time:
                             1,288s | Learning Rate: 9.75774e-08 | Batch Size:  
                             64 | Elements per Batch: 87,994 | Elements per     
                             Second: 19,280 | Number of Examples: 64 | Number of
                             Elements: 87,994 | Number of Target Elements:      
                             36,665 | Total Number of Examples: 14,432 | Total  
                             Number of Elements: 16,241,322 | Total Number of   
                             Target Elements: 7,083,256 | Peak Active Device    
                             Memory: 59.30 GiB | Peak Active Device Memory (%): 
                             75% | Peak Reserved Device Memory: 72.41 GiB | Peak
                             Reserved Device Memory (%): 92%                    
[07/18/25 14:54:58] INFO     fairseq2 - Train Metrics (step 227) - DPO Loss:    
                             0.153165 | Chosen Sequence Log Probabilities:      
                             -371.898 | Rejected Sequence Log Probabilities:    
                             -373.777 | Chosen Sequence Length: 503.812 |       
                             Rejected Sequence Length: 496.766 | NLL Loss:      
                             0.738054 | Gradient Norm: 21.0629 | Data Epoch: 3 |
                             Data Read Time: <1s | Elapsed Time: 4s | Wall Time:
                             1,292s | Learning Rate: 9.75528e-08 | Batch Size:  
                             64 | Elements per Batch: 83,736 | Elements per     
                             Second: 18,392 | Number of Examples: 64 | Number of
                             Elements: 83,736 | Number of Target Elements:      
                             32,244 | Total Number of Examples: 14,496 | Total  
                             Number of Elements: 16,325,058 | Total Number of   
                             Target Elements: 7,115,500 | Peak Active Device    
                             Memory: 59.30 GiB | Peak Active Device Memory (%): 
                             75% | Peak Reserved Device Memory: 72.41 GiB | Peak
                             Reserved Device Memory (%): 92%                    
[07/18/25 14:55:03] INFO     fairseq2 - Train Metrics (step 228) - DPO Loss:    
                             0.168694 | Chosen Sequence Log Probabilities:      
                             -430.293 | Rejected Sequence Log Probabilities:    
                             -396.965 | Chosen Sequence Length: 476.594 |       
                             Rejected Sequence Length: 560.703 | NLL Loss:      
                             0.902823 | Gradient Norm: 21.7643 | Data Epoch: 3 |
                             Data Read Time: <1s | Elapsed Time: 4s | Wall Time:
                             1,297s | Learning Rate: 9.75281e-08 | Batch Size:  
                             64 | Elements per Batch: 70,020 | Elements per     
                             Second: 15,940 | Number of Examples: 64 | Number of
                             Elements: 70,020 | Number of Target Elements:      
                             30,502 | Total Number of Examples: 14,560 | Total  
                             Number of Elements: 16,395,078 | Total Number of   
                             Target Elements: 7,146,002 | Peak Active Device    
                             Memory: 59.25 GiB | Peak Active Device Memory (%): 
                             75% | Peak Reserved Device Memory: 72.41 GiB | Peak
                             Reserved Device Memory (%): 92%                    
[07/18/25 14:55:07] INFO     fairseq2 - Train Metrics (step 229) - DPO Loss:    
                             0.274481 | Chosen Sequence Log Probabilities:      
                             -423.539 | Rejected Sequence Log Probabilities:    
                             -387.672 | Chosen Sequence Length: 517.625 |       
                             Rejected Sequence Length: 504.641 | NLL Loss:      
                             0.817765 | Gradient Norm: 27.0077 | Data Epoch: 3 |
                             Data Read Time: <1s | Elapsed Time: 4s | Wall Time:
                             1,302s | Learning Rate: 9.75033e-08 | Batch Size:  
                             64 | Elements per Batch: 77,316 | Elements per     
                             Second: 16,010 | Number of Examples: 64 | Number of
                             Elements: 77,316 | Number of Target Elements:      
                             33,128 | Total Number of Examples: 14,624 | Total  
                             Number of Elements: 16,472,394 | Total Number of   
                             Target Elements: 7,179,130 | Peak Active Device    
                             Memory: 59.36 GiB | Peak Active Device Memory (%): 
                             75% | Peak Reserved Device Memory: 72.41 GiB | Peak
                             Reserved Device Memory (%): 92%                    
[07/18/25 14:55:12] INFO     fairseq2 - Train Metrics (step 230) - DPO Loss:    
                             0.186588 | Chosen Sequence Log Probabilities:      
                             -382.711 | Rejected Sequence Log Probabilities:    
                             -365.256 | Chosen Sequence Length: 486.641 |       
                             Rejected Sequence Length: 480.844 | NLL Loss:      
                             0.786646 | Gradient Norm: 19.405 | Data Epoch: 3 | 
                             Data Read Time: <1s | Elapsed Time: 4s | Wall Time:
                             1,306s | Learning Rate: 9.74784e-08 | Batch Size:  
                             64 | Elements per Batch: 71,982 | Elements per     
                             Second: 16,779 | Number of Examples: 64 | Number of
                             Elements: 71,982 | Number of Target Elements:      
                             31,145 | Total Number of Examples: 14,688 | Total  
                             Number of Elements: 16,544,376 | Total Number of   
                             Target Elements: 7,210,275 | Peak Active Device    
                             Memory: 59.25 GiB | Peak Active Device Memory (%): 
                             75% | Peak Reserved Device Memory: 72.41 GiB | Peak
                             Reserved Device Memory (%): 92%                    
[07/18/25 14:55:16] INFO     fairseq2 - Train Metrics (step 231) - DPO Loss:    
                             0.13909 | Chosen Sequence Log Probabilities:       
                             -455.766 | Rejected Sequence Log Probabilities:    
                             -438.539 | Chosen Sequence Length: 513.734 |       
                             Rejected Sequence Length: 582.125 | NLL Loss:      
                             0.887548 | Gradient Norm: 26.4368 | Data Epoch: 3 |
                             Data Read Time: <1s | Elapsed Time: 4s | Wall Time:
                             1,310s | Learning Rate: 9.74533e-08 | Batch Size:  
                             64 | Elements per Batch: 64,504 | Elements per     
                             Second: 15,062 | Number of Examples: 64 | Number of
                             Elements: 64,504 | Number of Target Elements:      
                             32,879 | Total Number of Examples: 14,752 | Total  
                             Number of Elements: 16,608,880 | Total Number of   
                             Target Elements: 7,243,154 | Peak Active Device    
                             Memory: 59.12 GiB | Peak Active Device Memory (%): 
                             75% | Peak Reserved Device Memory: 72.41 GiB | Peak
                             Reserved Device Memory (%): 92%                    
[07/18/25 14:55:20] INFO     fairseq2 - Train Metrics (step 232) - DPO Loss:    
                             0.138784 | Chosen Sequence Log Probabilities:      
                             -437.455 | Rejected Sequence Log Probabilities:    
                             -387.828 | Chosen Sequence Length: 471.234 |       
                             Rejected Sequence Length: 463.141 | NLL Loss:      
                             0.928241 | Gradient Norm: 17.964 | Data Epoch: 3 | 
                             Data Read Time: <1s | Elapsed Time: 3s | Wall Time:
                             1,314s | Learning Rate: 9.74281e-08 | Batch Size:  
                             64 | Elements per Batch: 59,531 | Elements per     
                             Second: 17,492 | Number of Examples: 64 | Number of
                             Elements: 59,531 | Number of Target Elements:      
                             30,159 | Total Number of Examples: 14,816 | Total  
                             Number of Elements: 16,668,411 | Total Number of   
                             Target Elements: 7,273,313 | Peak Active Device    
                             Memory: 58.92 GiB | Peak Active Device Memory (%): 
                             75% | Peak Reserved Device Memory: 72.41 GiB | Peak
                             Reserved Device Memory (%): 92%                    
[07/18/25 14:55:23] INFO     fairseq2 - Train Metrics (step 233) - DPO Loss:    
                             0.17819 | Chosen Sequence Log Probabilities:       
                             -455.371 | Rejected Sequence Log Probabilities:    
                             -413.336 | Chosen Sequence Length: 441.25 |        
                             Rejected Sequence Length: 459.25 | NLL Loss:       
                             1.03177 | Gradient Norm: 26.4611 | Data Epoch: 3 | 
                             Data Read Time: <1s | Elapsed Time: 3s | Wall Time:
                             1,318s | Learning Rate: 9.74028e-08 | Batch Size:  
                             64 | Elements per Batch: 58,245 | Elements per     
                             Second: 15,801 | Number of Examples: 64 | Number of
                             Elements: 58,245 | Number of Target Elements:      
                             28,240 | Total Number of Examples: 14,880 | Total  
                             Number of Elements: 16,726,656 | Total Number of   
                             Target Elements: 7,301,553 | Peak Active Device    
                             Memory: 59.11 GiB | Peak Active Device Memory (%): 
                             75% | Peak Reserved Device Memory: 72.41 GiB | Peak
                             Reserved Device Memory (%): 92%                    
[07/18/25 14:55:28] INFO     fairseq2 - Train Metrics (step 234) - DPO Loss:    
                             0.159368 | Chosen Sequence Log Probabilities:      
                             -416.184 | Rejected Sequence Log Probabilities:    
                             -371.797 | Chosen Sequence Length: 517.297 |       
                             Rejected Sequence Length: 529.109 | NLL Loss:      
                             0.804733 | Gradient Norm: 16.9629 | Data Epoch: 3 |
                             Data Read Time: <1s | Elapsed Time: 4s | Wall Time:
                             1,322s | Learning Rate: 9.73774e-08 | Batch Size:  
                             64 | Elements per Batch: 72,406 | Elements per     
                             Second: 16,761 | Number of Examples: 64 | Number of
                             Elements: 72,406 | Number of Target Elements:      
                             33,107 | Total Number of Examples: 14,944 | Total  
                             Number of Elements: 16,799,062 | Total Number of   
                             Target Elements: 7,334,660 | Peak Active Device    
                             Memory: 58.81 GiB | Peak Active Device Memory (%): 
                             75% | Peak Reserved Device Memory: 72.41 GiB | Peak
                             Reserved Device Memory (%): 92%                    
[07/18/25 14:55:32] INFO     fairseq2 - Train Metrics (step 235) - DPO Loss:    
                             0.141415 | Chosen Sequence Log Probabilities:      
                             -433.453 | Rejected Sequence Log Probabilities:    
                             -393.141 | Chosen Sequence Length: 484.641 |       
                             Rejected Sequence Length: 560.609 | NLL Loss:      
                             0.894501 | Gradient Norm: 20.1045 | Data Epoch: 3 |
                             Data Read Time: <1s | Elapsed Time: 4s | Wall Time:
                             1,326s | Learning Rate: 9.73518e-08 | Batch Size:  
                             64 | Elements per Batch: 66,817 | Elements per     
                             Second: 16,063 | Number of Examples: 64 | Number of
                             Elements: 66,817 | Number of Target Elements:      
                             31,017 | Total Number of Examples: 15,008 | Total  
                             Number of Elements: 16,865,879 | Total Number of   
                             Target Elements: 7,365,677 | Peak Active Device    
                             Memory: 58.99 GiB | Peak Active Device Memory (%): 
                             75% | Peak Reserved Device Memory: 72.41 GiB | Peak
                             Reserved Device Memory (%): 92%                    
[07/18/25 14:55:36] INFO     fairseq2 - Train Metrics (step 236) - DPO Loss:    
                             0.157811 | Chosen Sequence Log Probabilities:      
                             -465.633 | Rejected Sequence Log Probabilities:    
                             -405.844 | Chosen Sequence Length: 550.859 |       
                             Rejected Sequence Length: 518.891 | NLL Loss:      
                             0.845639 | Gradient Norm: 15.6645 | Data Epoch: 3 |
                             Data Read Time: <1s | Elapsed Time: 4s | Wall Time:
                             1,331s | Learning Rate: 9.73262e-08 | Batch Size:  
                             64 | Elements per Batch: 79,872 | Elements per     
                             Second: 18,364 | Number of Examples: 64 | Number of
                             Elements: 79,872 | Number of Target Elements:      
                             35,255 | Total Number of Examples: 15,072 | Total  
                             Number of Elements: 16,945,751 | Total Number of   
                             Target Elements: 7,400,932 | Peak Active Device    
                             Memory: 59.17 GiB | Peak Active Device Memory (%): 
                             75% | Peak Reserved Device Memory: 72.41 GiB | Peak
                             Reserved Device Memory (%): 92%                    
[07/18/25 14:55:41] INFO     fairseq2 - Train Metrics (step 237) - DPO Loss:    
                             0.271534 | Chosen Sequence Log Probabilities:      
                             -780.73 | Rejected Sequence Log Probabilities:     
                             -327.559 | Chosen Sequence Length: 565.141 |       
                             Rejected Sequence Length: 490.422 | NLL Loss:      
                             1.38056 | Gradient Norm: 57.4023 | Data Epoch: 3 | 
                             Data Read Time: <1s | Elapsed Time: 4s | Wall Time:
                             1,335s | Learning Rate: 9.73004e-08 | Batch Size:  
                             64 | Elements per Batch: 75,604 | Elements per     
                             Second: 16,705 | Number of Examples: 64 | Number of
                             Elements: 75,604 | Number of Target Elements:      
                             36,169 | Total Number of Examples: 15,136 | Total  
                             Number of Elements: 17,021,355 | Total Number of   
                             Target Elements: 7,437,101 | Peak Active Device    
                             Memory: 59.44 GiB | Peak Active Device Memory (%): 
                             76% | Peak Reserved Device Memory: 72.41 GiB | Peak
                             Reserved Device Memory (%): 92%                    
[07/18/25 14:55:45] INFO     fairseq2 - Train Metrics (step 238) - DPO Loss:    
                             0.181435 | Chosen Sequence Log Probabilities:      
                             -395.176 | Rejected Sequence Log Probabilities:    
                             -385.91 | Chosen Sequence Length: 445.469 |        
                             Rejected Sequence Length: 448.906 | NLL Loss:      
                             0.886953 | Gradient Norm: 19.8053 | Data Epoch: 3 |
                             Data Read Time: <1s | Elapsed Time: 3s | Wall Time:
                             1,339s | Learning Rate: 9.72745e-08 | Batch Size:  
                             64 | Elements per Batch: 66,530 | Elements per     
                             Second: 17,919 | Number of Examples: 64 | Number of
                             Elements: 66,530 | Number of Target Elements:      
                             28,510 | Total Number of Examples: 15,200 | Total  
                             Number of Elements: 17,087,885 | Total Number of   
                             Target Elements: 7,465,611 | Peak Active Device    
                             Memory: 59.04 GiB | Peak Active Device Memory (%): 
                             75% | Peak Reserved Device Memory: 72.41 GiB | Peak
                             Reserved Device Memory (%): 92%                    
[07/18/25 14:55:49] INFO     fairseq2 - Train Metrics (step 239) - DPO Loss:    
                             0.279574 | Chosen Sequence Log Probabilities:      
                             -432.352 | Rejected Sequence Log Probabilities:    
                             -373.289 | Chosen Sequence Length: 501.547 |       
                             Rejected Sequence Length: 509.031 | NLL Loss:      
                             0.862349 | Gradient Norm: 32.5601 | Data Epoch: 3 |
                             Data Read Time: <1s | Elapsed Time: 3s | Wall Time:
                             1,343s | Learning Rate: 9.72485e-08 | Batch Size:  
                             64 | Elements per Batch: 71,847 | Elements per     
                             Second: 18,500 | Number of Examples: 64 | Number of
                             Elements: 71,847 | Number of Target Elements:      
                             32,099 | Total Number of Examples: 15,264 | Total  
                             Number of Elements: 17,159,732 | Total Number of   
                             Target Elements: 7,497,710 | Peak Active Device    
                             Memory: 59.20 GiB | Peak Active Device Memory (%): 
                             75% | Peak Reserved Device Memory: 72.41 GiB | Peak
                             Reserved Device Memory (%): 92%                    
[07/18/25 14:55:54] INFO     fairseq2 - Train Metrics (step 240) - DPO Loss:    
                             0.189992 | Chosen Sequence Log Probabilities:      
                             -374.691 | Rejected Sequence Log Probabilities:    
                             -344.705 | Chosen Sequence Length: 456.047 |       
                             Rejected Sequence Length: 453.641 | NLL Loss:      
                             0.821755 | Gradient Norm: 24.1681 | Data Epoch: 3 |
                             Data Read Time: <1s | Elapsed Time: 4s | Wall Time:
                             1,348s | Learning Rate: 9.72223e-08 | Batch Size:  
                             64 | Elements per Batch: 73,509 | Elements per     
                             Second: 16,809 | Number of Examples: 64 | Number of
                             Elements: 73,509 | Number of Target Elements:      
                             29,187 | Total Number of Examples: 15,328 | Total  
                             Number of Elements: 17,233,241 | Total Number of   
                             Target Elements: 7,526,897 | Peak Active Device    
                             Memory: 59.56 GiB | Peak Active Device Memory (%): 
                             76% | Peak Reserved Device Memory: 72.41 GiB | Peak
                             Reserved Device Memory (%): 92%                    
[07/18/25 14:55:58] INFO     fairseq2 - Train Metrics (step 241) - DPO Loss:    
                             0.197652 | Chosen Sequence Log Probabilities:      
                             -379.121 | Rejected Sequence Log Probabilities:    
                             -408.742 | Chosen Sequence Length: 445.156 |       
                             Rejected Sequence Length: 444.422 | NLL Loss:      
                             0.851631 | Gradient Norm: 24.5671 | Data Epoch: 3 |
                             Data Read Time: <1s | Elapsed Time: 3s | Wall Time:
                             1,352s | Learning Rate: 9.7196e-08 | Batch Size: 64
                             | Elements per Batch: 71,894 | Elements per Second:
                             18,265 | Number of Examples: 64 | Number of        
                             Elements: 71,894 | Number of Target Elements:      
                             28,490 | Total Number of Examples: 15,392 | Total  
                             Number of Elements: 17,305,135 | Total Number of   
                             Target Elements: 7,555,387 | Peak Active Device    
                             Memory: 59.92 GiB | Peak Active Device Memory (%): 
                             76% | Peak Reserved Device Memory: 72.41 GiB | Peak
                             Reserved Device Memory (%): 92%                    
[07/18/25 14:56:02] INFO     fairseq2 - Train Metrics (step 242) - DPO Loss:    
                             0.198499 | Chosen Sequence Log Probabilities:      
                             -409.652 | Rejected Sequence Log Probabilities:    
                             -347.234 | Chosen Sequence Length: 473.406 |       
                             Rejected Sequence Length: 463.844 | NLL Loss:      
                             0.865388 | Gradient Norm: 31.0428 | Data Epoch: 3 |
                             Data Read Time: <1s | Elapsed Time: 4s | Wall Time:
                             1,356s | Learning Rate: 9.71697e-08 | Batch Size:  
                             64 | Elements per Batch: 67,750 | Elements per     
                             Second: 16,780 | Number of Examples: 64 | Number of
                             Elements: 67,750 | Number of Target Elements:      
                             30,298 | Total Number of Examples: 15,456 | Total  
                             Number of Elements: 17,372,885 | Total Number of   
                             Target Elements: 7,585,685 | Peak Active Device    
                             Memory: 59.03 GiB | Peak Active Device Memory (%): 
                             75% | Peak Reserved Device Memory: 72.41 GiB | Peak
                             Reserved Device Memory (%): 92%                    
[07/18/25 14:56:05] INFO     fairseq2 - Train Metrics (step 243) - DPO Loss:    
                             0.256936 | Chosen Sequence Log Probabilities:      
                             -395.695 | Rejected Sequence Log Probabilities:    
                             -399.578 | Chosen Sequence Length: 459.781 |       
                             Rejected Sequence Length: 512.062 | NLL Loss:      
                             0.860699 | Gradient Norm: 42.6196 | Data Epoch: 3 |
                             Data Read Time: <1s | Elapsed Time: 3s | Wall Time:
                             1,360s | Learning Rate: 9.71432e-08 | Batch Size:  
                             64 | Elements per Batch: 76,326 | Elements per     
                             Second: 20,532 | Number of Examples: 64 | Number of
                             Elements: 76,326 | Number of Target Elements:      
                             29,426 | Total Number of Examples: 15,520 | Total  
                             Number of Elements: 17,449,211 | Total Number of   
                             Target Elements: 7,615,111 | Peak Active Device    
                             Memory: 59.26 GiB | Peak Active Device Memory (%): 
                             75% | Peak Reserved Device Memory: 72.41 GiB | Peak
                             Reserved Device Memory (%): 92%                    
[07/18/25 14:56:10] INFO     fairseq2 - Train Metrics (step 244) - DPO Loss:    
                             0.139189 | Chosen Sequence Log Probabilities:      
                             -410.516 | Rejected Sequence Log Probabilities:    
                             -369.664 | Chosen Sequence Length: 603.266 |       
                             Rejected Sequence Length: 536.406 | NLL Loss:      
                             0.680632 | Gradient Norm: 17.6381 | Data Epoch: 3 |
                             Data Read Time: <1s | Elapsed Time: 4s | Wall Time:
                             1,364s | Learning Rate: 9.71165e-08 | Batch Size:  
                             64 | Elements per Batch: 88,923 | Elements per     
                             Second: 20,514 | Number of Examples: 64 | Number of
                             Elements: 88,923 | Number of Target Elements:      
                             38,609 | Total Number of Examples: 15,584 | Total  
                             Number of Elements: 17,538,134 | Total Number of   
                             Target Elements: 7,653,720 | Peak Active Device    
                             Memory: 59.35 GiB | Peak Active Device Memory (%): 
                             75% | Peak Reserved Device Memory: 72.41 GiB | Peak
                             Reserved Device Memory (%): 92%                    
[07/18/25 14:56:14] INFO     fairseq2 - Train Metrics (step 245) - DPO Loss:    
                             0.216011 | Chosen Sequence Log Probabilities:      
                             -338.227 | Rejected Sequence Log Probabilities:    
                             -321.316 | Chosen Sequence Length: 473.859 |       
                             Rejected Sequence Length: 489.719 | NLL Loss:      
                             0.713556 | Gradient Norm: 39.5099 | Data Epoch: 3 |
                             Data Read Time: <1s | Elapsed Time: 4s | Wall Time:
                             1,368s | Learning Rate: 9.70898e-08 | Batch Size:  
                             64 | Elements per Batch: 74,702 | Elements per     
                             Second: 17,772 | Number of Examples: 64 | Number of
                             Elements: 74,702 | Number of Target Elements:      
                             30,327 | Total Number of Examples: 15,648 | Total  
                             Number of Elements: 17,612,836 | Total Number of   
                             Target Elements: 7,684,047 | Peak Active Device    
                             Memory: 59.19 GiB | Peak Active Device Memory (%): 
                             75% | Peak Reserved Device Memory: 72.41 GiB | Peak
                             Reserved Device Memory (%): 92%                    
[07/18/25 14:56:18] INFO     fairseq2 - Train Metrics (step 246) - DPO Loss:    
                             0.175067 | Chosen Sequence Log Probabilities:      
                             -436.969 | Rejected Sequence Log Probabilities:    
                             -416.68 | Chosen Sequence Length: 516.75 | Rejected
                             Sequence Length: 559.297 | NLL Loss: 0.846033 |    
                             Gradient Norm: 27.0934 | Data Epoch: 3 | Data Read 
                             Time: <1s | Elapsed Time: 3s | Wall Time: 1,372s | 
                             Learning Rate: 9.70629e-08 | Batch Size: 64 |      
                             Elements per Batch: 64,152 | Elements per Second:  
                             16,327 | Number of Examples: 64 | Number of        
                             Elements: 64,152 | Number of Target Elements:      
                             33,072 | Total Number of Examples: 15,712 | Total  
                             Number of Elements: 17,676,988 | Total Number of   
                             Target Elements: 7,717,119 | Peak Active Device    
                             Memory: 59.05 GiB | Peak Active Device Memory (%): 
                             75% | Peak Reserved Device Memory: 72.41 GiB | Peak
                             Reserved Device Memory (%): 92%                    
[07/18/25 14:56:23] INFO     fairseq2 - Train Metrics (step 247) - DPO Loss:    
                             0.110407 | Chosen Sequence Log Probabilities:      
                             -498.203 | Rejected Sequence Log Probabilities:    
                             -400.523 | Chosen Sequence Length: 513.875 |       
                             Rejected Sequence Length: 545.719 | NLL Loss:      
                             0.969693 | Gradient Norm: 15.1678 | Data Epoch: 3 |
                             Data Read Time: <1s | Elapsed Time: 5s | Wall Time:
                             1,378s | Learning Rate: 9.70359e-08 | Batch Size:  
                             64 | Elements per Batch: 77,275 | Elements per     
                             Second: 14,935 | Number of Examples: 64 | Number of
                             Elements: 77,275 | Number of Target Elements:      
                             32,888 | Total Number of Examples: 15,776 | Total  
                             Number of Elements: 17,754,263 | Total Number of   
                             Target Elements: 7,750,007 | Peak Active Device    
                             Memory: 59.15 GiB | Peak Active Device Memory (%): 
                             75% | Peak Reserved Device Memory: 72.41 GiB | Peak
                             Reserved Device Memory (%): 92%                    
[07/18/25 14:56:28] INFO     fairseq2 - Train Metrics (step 248) - DPO Loss:    
                             0.183116 | Chosen Sequence Log Probabilities:      
                             -397.297 | Rejected Sequence Log Probabilities:    
                             -409.236 | Chosen Sequence Length: 559.766 |       
                             Rejected Sequence Length: 528.141 | NLL Loss:      
                             0.709983 | Gradient Norm: 30.3381 | Data Epoch: 3 |
                             Data Read Time: <1s | Elapsed Time: 4s | Wall Time:
                             1,382s | Learning Rate: 9.70088e-08 | Batch Size:  
                             64 | Elements per Batch: 79,717 | Elements per     
                             Second: 16,950 | Number of Examples: 64 | Number of
                             Elements: 79,717 | Number of Target Elements:      
                             35,825 | Total Number of Examples: 15,840 | Total  
                             Number of Elements: 17,833,980 | Total Number of   
                             Target Elements: 7,785,832 | Peak Active Device    
                             Memory: 59.52 GiB | Peak Active Device Memory (%): 
                             76% | Peak Reserved Device Memory: 72.41 GiB | Peak
                             Reserved Device Memory (%): 92%                    
[07/18/25 14:56:32] INFO     fairseq2 - Train Metrics (step 249) - DPO Loss:    
                             0.172818 | Chosen Sequence Log Probabilities:      
                             -415.695 | Rejected Sequence Log Probabilities:    
                             -419.434 | Chosen Sequence Length: 486.016 |       
                             Rejected Sequence Length: 468.531 | NLL Loss:      
                             0.854835 | Gradient Norm: 29.4802 | Data Epoch: 3 |
                             Data Read Time: <1s | Elapsed Time: 4s | Wall Time:
                             1,387s | Learning Rate: 9.69816e-08 | Batch Size:  
                             64 | Elements per Batch: 70,246 | Elements per     
                             Second: 16,512 | Number of Examples: 64 | Number of
                             Elements: 70,246 | Number of Target Elements:      
                             31,105 | Total Number of Examples: 15,904 | Total  
                             Number of Elements: 17,904,226 | Total Number of   
                             Target Elements: 7,816,937 | Peak Active Device    
                             Memory: 59.49 GiB | Peak Active Device Memory (%): 
                             76% | Peak Reserved Device Memory: 72.41 GiB | Peak
                             Reserved Device Memory (%): 92%                    
[07/18/25 14:56:37] INFO     fairseq2 - Train Metrics (step 250) - DPO Loss:    
                             0.210356 | Chosen Sequence Log Probabilities:      
                             -420.328 | Rejected Sequence Log Probabilities:    
                             -407.26 | Chosen Sequence Length: 500.188 |        
                             Rejected Sequence Length: 491.312 | NLL Loss:      
                             0.84016 | Gradient Norm: 23.9958 | Data Epoch: 3 | 
                             Data Read Time: <1s | Elapsed Time: 4s | Wall Time:
                             1,391s | Learning Rate: 9.69543e-08 | Batch Size:  
                             64 | Elements per Batch: 79,924 | Elements per     
                             Second: 17,759 | Number of Examples: 64 | Number of
                             Elements: 79,924 | Number of Target Elements:      
                             32,012 | Total Number of Examples: 15,968 | Total  
                             Number of Elements: 17,984,150 | Total Number of   
                             Target Elements: 7,848,949 | Peak Active Device    
                             Memory: 59.86 GiB | Peak Active Device Memory (%): 
                             76% | Peak Reserved Device Memory: 72.41 GiB | Peak
                             Reserved Device Memory (%): 92%                    
[07/18/25 14:56:42] INFO     fairseq2 - Train Metrics (step 251) - DPO Loss:    
                             0.141853 | Chosen Sequence Log Probabilities:      
                             -414.461 | Rejected Sequence Log Probabilities:    
                             -396.602 | Chosen Sequence Length: 529.656 |       
                             Rejected Sequence Length: 519.719 | NLL Loss:      
                             0.782646 | Gradient Norm: 21.4879 | Data Epoch: 3 |
                             Data Read Time: <1s | Elapsed Time: 4s | Wall Time:
                             1,396s | Learning Rate: 9.69268e-08 | Batch Size:  
                             64 | Elements per Batch: 75,487 | Elements per     
                             Second: 16,259 | Number of Examples: 64 | Number of
                             Elements: 75,487 | Number of Target Elements:      
                             33,898 | Total Number of Examples: 16,032 | Total  
                             Number of Elements: 18,059,637 | Total Number of   
                             Target Elements: 7,882,847 | Peak Active Device    
                             Memory: 60.20 GiB | Peak Active Device Memory (%): 
                             77% | Peak Reserved Device Memory: 74.07 GiB | Peak
                             Reserved Device Memory (%): 94%                    
[07/18/25 14:56:47] INFO     fairseq2 - Train Metrics (step 252) - DPO Loss:    
                             0.169407 | Chosen Sequence Log Probabilities:      
                             -379.637 | Rejected Sequence Log Probabilities:    
                             -384.104 | Chosen Sequence Length: 493.656 |       
                             Rejected Sequence Length: 479.844 | NLL Loss:      
                             0.769259 | Gradient Norm: 25.3993 | Data Epoch: 3 |
                             Data Read Time: <1s | Elapsed Time: 5s | Wall Time:
                             1,401s | Learning Rate: 9.68992e-08 | Batch Size:  
                             64 | Elements per Batch: 80,101 | Elements per     
                             Second: 15,697 | Number of Examples: 64 | Number of
                             Elements: 80,101 | Number of Target Elements:      
                             31,594 | Total Number of Examples: 16,096 | Total  
                             Number of Elements: 18,139,738 | Total Number of   
                             Target Elements: 7,914,441 | Peak Active Device    
                             Memory: 59.16 GiB | Peak Active Device Memory (%): 
                             75% | Peak Reserved Device Memory: 74.07 GiB | Peak
                             Reserved Device Memory (%): 94%                    
[07/18/25 14:56:51] INFO     fairseq2 - Train Metrics (step 253) - DPO Loss:    
                             0.212829 | Chosen Sequence Log Probabilities:      
                             -415.117 | Rejected Sequence Log Probabilities:    
                             -386.203 | Chosen Sequence Length: 485.297 |       
                             Rejected Sequence Length: 506.562 | NLL Loss:      
                             0.85541 | Gradient Norm: 29.3255 | Data Epoch: 3 | 
                             Data Read Time: <1s | Elapsed Time: 4s | Wall Time:
                             1,405s | Learning Rate: 9.68715e-08 | Batch Size:  
                             64 | Elements per Batch: 77,922 | Elements per     
                             Second: 19,036 | Number of Examples: 64 | Number of
                             Elements: 77,922 | Number of Target Elements:      
                             31,059 | Total Number of Examples: 16,160 | Total  
                             Number of Elements: 18,217,660 | Total Number of   
                             Target Elements: 7,945,500 | Peak Active Device    
                             Memory: 59.57 GiB | Peak Active Device Memory (%): 
                             76% | Peak Reserved Device Memory: 74.07 GiB | Peak
                             Reserved Device Memory (%): 94%                    
[07/18/25 14:56:55] INFO     fairseq2 - Train Metrics (step 254) - DPO Loss:    
                             0.170574 | Chosen Sequence Log Probabilities:      
                             -404.617 | Rejected Sequence Log Probabilities:    
                             -363.779 | Chosen Sequence Length: 463.922 |       
                             Rejected Sequence Length: 484.969 | NLL Loss:      
                             0.871928 | Gradient Norm: 23.1607 | Data Epoch: 3 |
                             Data Read Time: <1s | Elapsed Time: 4s | Wall Time:
                             1,409s | Learning Rate: 9.68437e-08 | Batch Size:  
                             64 | Elements per Batch: 71,292 | Elements per     
                             Second: 17,371 | Number of Examples: 64 | Number of
                             Elements: 71,292 | Number of Target Elements:      
                             29,691 | Total Number of Examples: 16,224 | Total  
                             Number of Elements: 18,288,952 | Total Number of   
                             Target Elements: 7,975,191 | Peak Active Device    
                             Memory: 59.47 GiB | Peak Active Device Memory (%): 
                             76% | Peak Reserved Device Memory: 74.07 GiB | Peak
                             Reserved Device Memory (%): 94%                    
[07/18/25 14:56:59] INFO     fairseq2 - Train Metrics (step 255) - DPO Loss:    
                             0.179788 | Chosen Sequence Log Probabilities:      
                             -447.473 | Rejected Sequence Log Probabilities:    
                             -428.77 | Chosen Sequence Length: 496.641 |        
                             Rejected Sequence Length: 513.734 | NLL Loss:      
                             0.900971 | Gradient Norm: 17.0075 | Data Epoch: 3 |
                             Data Read Time: <1s | Elapsed Time: 4s | Wall Time:
                             1,413s | Learning Rate: 9.68157e-08 | Batch Size:  
                             64 | Elements per Batch: 73,517 | Elements per     
                             Second: 18,314 | Number of Examples: 64 | Number of
                             Elements: 73,517 | Number of Target Elements:      
                             31,785 | Total Number of Examples: 16,288 | Total  
                             Number of Elements: 18,362,469 | Total Number of   
                             Target Elements: 8,006,976 | Peak Active Device    
                             Memory: 59.16 GiB | Peak Active Device Memory (%): 
                             75% | Peak Reserved Device Memory: 74.07 GiB | Peak
                             Reserved Device Memory (%): 94%                    
[07/18/25 14:57:04] INFO     fairseq2 - Train Metrics (step 256) - DPO Loss:    
                             0.157211 | Chosen Sequence Log Probabilities:      
                             -406.293 | Rejected Sequence Log Probabilities:    
                             -395.582 | Chosen Sequence Length: 499.75 |        
                             Rejected Sequence Length: 516.672 | NLL Loss:      
                             0.812607 | Gradient Norm: 21.8314 | Data Epoch: 3 |
                             Data Read Time: <1s | Elapsed Time: 4s | Wall Time:
                             1,418s | Learning Rate: 9.67877e-08 | Batch Size:  
                             64 | Elements per Batch: 70,408 | Elements per     
                             Second: 15,596 | Number of Examples: 64 | Number of
                             Elements: 70,408 | Number of Target Elements:      
                             31,984 | Total Number of Examples: 16,352 | Total  
                             Number of Elements: 18,432,877 | Total Number of   
                             Target Elements: 8,038,960 | Peak Active Device    
                             Memory: 58.92 GiB | Peak Active Device Memory (%): 
                             75% | Peak Reserved Device Memory: 74.07 GiB | Peak
                             Reserved Device Memory (%): 94%                    
[07/18/25 14:57:09] INFO     fairseq2 - Train Metrics (step 257) - DPO Loss:    
                             0.160484 | Chosen Sequence Log Probabilities:      
                             -421.316 | Rejected Sequence Log Probabilities:    
                             -388.184 | Chosen Sequence Length: 485.641 |       
                             Rejected Sequence Length: 511.516 | NLL Loss:      
                             0.867246 | Gradient Norm: 19.4875 | Data Epoch: 3 |
                             Data Read Time: <1s | Elapsed Time: 4s | Wall Time:
                             1,423s | Learning Rate: 9.67595e-08 | Batch Size:  
                             64 | Elements per Batch: 70,572 | Elements per     
                             Second: 15,091 | Number of Examples: 64 | Number of
                             Elements: 70,572 | Number of Target Elements:      
                             31,081 | Total Number of Examples: 16,416 | Total  
                             Number of Elements: 18,503,449 | Total Number of   
                             Target Elements: 8,070,041 | Peak Active Device    
                             Memory: 59.37 GiB | Peak Active Device Memory (%): 
                             75% | Peak Reserved Device Memory: 74.07 GiB | Peak
                             Reserved Device Memory (%): 94%                    
[07/18/25 14:57:13] INFO     fairseq2 - Train Metrics (step 258) - DPO Loss:    
                             0.182072 | Chosen Sequence Log Probabilities:      
                             -409.633 | Rejected Sequence Log Probabilities:    
                             -412.305 | Chosen Sequence Length: 484.969 |       
                             Rejected Sequence Length: 510.859 | NLL Loss:      
                             0.844536 | Gradient Norm: 24.5488 | Data Epoch: 3 |
                             Data Read Time: <1s | Elapsed Time: 4s | Wall Time:
                             1,427s | Learning Rate: 9.67312e-08 | Batch Size:  
                             64 | Elements per Batch: 69,550 | Elements per     
                             Second: 16,806 | Number of Examples: 64 | Number of
                             Elements: 69,550 | Number of Target Elements:      
                             31,038 | Total Number of Examples: 16,480 | Total  
                             Number of Elements: 18,572,999 | Total Number of   
                             Target Elements: 8,101,079 | Peak Active Device    
                             Memory: 59.46 GiB | Peak Active Device Memory (%): 
                             76% | Peak Reserved Device Memory: 74.07 GiB | Peak
                             Reserved Device Memory (%): 94%                    
[07/18/25 14:57:17] INFO     fairseq2 - Train Metrics (step 259) - DPO Loss:    
                             0.163332 | Chosen Sequence Log Probabilities:      
                             -377.168 | Rejected Sequence Log Probabilities:    
                             -329.234 | Chosen Sequence Length: 497.781 |       
                             Rejected Sequence Length: 530.609 | NLL Loss:      
                             0.757643 | Gradient Norm: 25.7625 | Data Epoch: 3 |
                             Data Read Time: <1s | Elapsed Time: 4s | Wall Time:
                             1,431s | Learning Rate: 9.67028e-08 | Batch Size:  
                             64 | Elements per Batch: 73,233 | Elements per     
                             Second: 17,136 | Number of Examples: 64 | Number of
                             Elements: 73,233 | Number of Target Elements:      
                             31,858 | Total Number of Examples: 16,544 | Total  
                             Number of Elements: 18,646,232 | Total Number of   
                             Target Elements: 8,132,937 | Peak Active Device    
                             Memory: 59.24 GiB | Peak Active Device Memory (%): 
                             75% | Peak Reserved Device Memory: 74.07 GiB | Peak
                             Reserved Device Memory (%): 94%                    
[07/18/25 14:57:21] INFO     fairseq2 - Train Metrics (step 260) - DPO Loss:    
                             0.161679 | Chosen Sequence Log Probabilities:      
                             -371.094 | Rejected Sequence Log Probabilities:    
                             -376.223 | Chosen Sequence Length: 447.734 |       
                             Rejected Sequence Length: 488.359 | NLL Loss:      
                             0.828581 | Gradient Norm: 32.0466 | Data Epoch: 3 |
                             Data Read Time: <1s | Elapsed Time: 4s | Wall Time:
                             1,435s | Learning Rate: 9.66743e-08 | Batch Size:  
                             64 | Elements per Batch: 68,614 | Elements per     
                             Second: 16,725 | Number of Examples: 64 | Number of
                             Elements: 68,614 | Number of Target Elements:      
                             28,655 | Total Number of Examples: 16,608 | Total  
                             Number of Elements: 18,714,846 | Total Number of   
                             Target Elements: 8,161,592 | Peak Active Device    
                             Memory: 59.17 GiB | Peak Active Device Memory (%): 
                             75% | Peak Reserved Device Memory: 74.07 GiB | Peak
                             Reserved Device Memory (%): 94%                    
[07/18/25 14:57:26] INFO     fairseq2 - Train Metrics (step 261) - DPO Loss:    
                             0.157132 | Chosen Sequence Log Probabilities:      
                             -455.969 | Rejected Sequence Log Probabilities:    
                             -443.387 | Chosen Sequence Length: 552.938 |       
                             Rejected Sequence Length: 533.641 | NLL Loss:      
                             0.824357 | Gradient Norm: 25.8564 | Data Epoch: 3 |
                             Data Read Time: <1s | Elapsed Time: 4s | Wall Time:
                             1,440s | Learning Rate: 9.66456e-08 | Batch Size:  
                             64 | Elements per Batch: 78,033 | Elements per     
                             Second: 16,070 | Number of Examples: 64 | Number of
                             Elements: 78,033 | Number of Target Elements:      
                             35,388 | Total Number of Examples: 16,672 | Total  
                             Number of Elements: 18,792,879 | Total Number of   
                             Target Elements: 8,196,980 | Peak Active Device    
                             Memory: 59.18 GiB | Peak Active Device Memory (%): 
                             75% | Peak Reserved Device Memory: 74.07 GiB | Peak
                             Reserved Device Memory (%): 94%                    
[07/18/25 14:57:30] INFO     fairseq2 - Train Metrics (step 262) - DPO Loss:    
                             0.123182 | Chosen Sequence Log Probabilities:      
                             -400.414 | Rejected Sequence Log Probabilities:    
                             -380.562 | Chosen Sequence Length: 488.016 |       
                             Rejected Sequence Length: 562.578 | NLL Loss:      
                             0.820775 | Gradient Norm: 17.6223 | Data Epoch: 3 |
                             Data Read Time: <1s | Elapsed Time: 3s | Wall Time:
                             1,444s | Learning Rate: 9.66168e-08 | Batch Size:  
                             64 | Elements per Batch: 67,444 | Elements per     
                             Second: 17,018 | Number of Examples: 64 | Number of
                             Elements: 67,444 | Number of Target Elements:      
                             31,233 | Total Number of Examples: 16,736 | Total  
                             Number of Elements: 18,860,323 | Total Number of   
                             Target Elements: 8,228,213 | Peak Active Device    
                             Memory: 59.10 GiB | Peak Active Device Memory (%): 
                             75% | Peak Reserved Device Memory: 74.07 GiB | Peak
                             Reserved Device Memory (%): 94%                    
[07/18/25 14:57:35] INFO     fairseq2 - Train Metrics (step 263) - DPO Loss:    
                             0.174397 | Chosen Sequence Log Probabilities:      
                             -378.605 | Rejected Sequence Log Probabilities:    
                             -374.996 | Chosen Sequence Length: 533.266 |       
                             Rejected Sequence Length: 540.25 | NLL Loss:       
                             0.709591 | Gradient Norm: 24.0754 | Data Epoch: 3 |
                             Data Read Time: <1s | Elapsed Time: 4s | Wall Time:
                             1,449s | Learning Rate: 9.65879e-08 | Batch Size:  
                             64 | Elements per Batch: 72,653 | Elements per     
                             Second: 16,566 | Number of Examples: 64 | Number of
                             Elements: 72,653 | Number of Target Elements:      
                             34,129 | Total Number of Examples: 16,800 | Total  
                             Number of Elements: 18,932,976 | Total Number of   
                             Target Elements: 8,262,342 | Peak Active Device    
                             Memory: 59.13 GiB | Peak Active Device Memory (%): 
                             75% | Peak Reserved Device Memory: 74.07 GiB | Peak
                             Reserved Device Memory (%): 94%                    
[07/18/25 14:57:39] INFO     fairseq2 - Train Metrics (step 264) - DPO Loss:    
                             0.163657 | Chosen Sequence Log Probabilities:      
                             -397.738 | Rejected Sequence Log Probabilities:    
                             -355.141 | Chosen Sequence Length: 511.469 |       
                             Rejected Sequence Length: 508.125 | NLL Loss:      
                             0.777697 | Gradient Norm: 25.7392 | Data Epoch: 3 |
                             Data Read Time: <1s | Elapsed Time: 4s | Wall Time:
                             1,453s | Learning Rate: 9.65589e-08 | Batch Size:  
                             64 | Elements per Batch: 70,635 | Elements per     
                             Second: 15,753 | Number of Examples: 64 | Number of
                             Elements: 70,635 | Number of Target Elements:      
                             32,734 | Total Number of Examples: 16,864 | Total  
                             Number of Elements: 19,003,611 | Total Number of   
                             Target Elements: 8,295,076 | Peak Active Device    
                             Memory: 59.32 GiB | Peak Active Device Memory (%): 
                             75% | Peak Reserved Device Memory: 74.07 GiB | Peak
                             Reserved Device Memory (%): 94%                    
[07/18/25 14:57:43] INFO     fairseq2 - Train Metrics (step 265) - DPO Loss:    
                             0.131986 | Chosen Sequence Log Probabilities:      
                             -425.771 | Rejected Sequence Log Probabilities:    
                             -404.236 | Chosen Sequence Length: 550.312 |       
                             Rejected Sequence Length: 550.734 | NLL Loss:      
                             0.773784 | Gradient Norm: 14.7432 | Data Epoch: 3 |
                             Data Read Time: <1s | Elapsed Time: 4s | Wall Time:
                             1,458s | Learning Rate: 9.65298e-08 | Batch Size:  
                             64 | Elements per Batch: 72,723 | Elements per     
                             Second: 17,457 | Number of Examples: 64 | Number of
                             Elements: 72,723 | Number of Target Elements:      
                             35,220 | Total Number of Examples: 16,928 | Total  
                             Number of Elements: 19,076,334 | Total Number of   
                             Target Elements: 8,330,296 | Peak Active Device    
                             Memory: 59.34 GiB | Peak Active Device Memory (%): 
                             75% | Peak Reserved Device Memory: 74.07 GiB | Peak
                             Reserved Device Memory (%): 94%                    
[07/18/25 14:57:48] INFO     fairseq2 - Train Metrics (step 266) - DPO Loss:    
                             0.171817 | Chosen Sequence Log Probabilities:      
                             -438.309 | Rejected Sequence Log Probabilities:    
                             -384.453 | Chosen Sequence Length: 564.406 |       
                             Rejected Sequence Length: 523.062 | NLL Loss:      
                             0.776252 | Gradient Norm: 22.6842 | Data Epoch: 3 |
                             Data Read Time: <1s | Elapsed Time: 4s | Wall Time:
                             1,462s | Learning Rate: 9.65006e-08 | Batch Size:  
                             64 | Elements per Batch: 75,570 | Elements per     
                             Second: 17,574 | Number of Examples: 64 | Number of
                             Elements: 75,570 | Number of Target Elements:      
                             36,122 | Total Number of Examples: 16,992 | Total  
                             Number of Elements: 19,151,904 | Total Number of   
                             Target Elements: 8,366,418 | Peak Active Device    
                             Memory: 60.16 GiB | Peak Active Device Memory (%): 
                             76% | Peak Reserved Device Memory: 74.07 GiB | Peak
                             Reserved Device Memory (%): 94%                    
[07/18/25 14:57:52] INFO     fairseq2 - Train Metrics (step 267) - DPO Loss:    
                             0.173173 | Chosen Sequence Log Probabilities:      
                             -384.141 | Rejected Sequence Log Probabilities:    
                             -345.73 | Chosen Sequence Length: 467.25 | Rejected
                             Sequence Length: 462.312 | NLL Loss: 0.822124 |    
                             Gradient Norm: 25.4785 | Data Epoch: 3 | Data Read 
                             Time: <1s | Elapsed Time: 4s | Wall Time: 1,466s | 
                             Learning Rate: 9.64712e-08 | Batch Size: 64 |      
                             Elements per Batch: 68,215 | Elements per Second:  
                             16,681 | Number of Examples: 64 | Number of        
                             Elements: 68,215 | Number of Target Elements:      
                             29,904 | Total Number of Examples: 17,056 | Total  
                             Number of Elements: 19,220,119 | Total Number of   
                             Target Elements: 8,396,322 | Peak Active Device    
                             Memory: 59.22 GiB | Peak Active Device Memory (%): 
                             75% | Peak Reserved Device Memory: 74.07 GiB | Peak
                             Reserved Device Memory (%): 94%                    
[07/18/25 14:57:56] INFO     fairseq2 - Train Metrics (step 268) - DPO Loss:    
                             0.123375 | Chosen Sequence Log Probabilities:      
                             -378.82 | Rejected Sequence Log Probabilities:     
                             -376.133 | Chosen Sequence Length: 496.438 |       
                             Rejected Sequence Length: 590.344 | NLL Loss:      
                             0.763031 | Gradient Norm: 17.3054 | Data Epoch: 3 |
                             Data Read Time: <1s | Elapsed Time: 4s | Wall Time:
                             1,470s | Learning Rate: 9.64417e-08 | Batch Size:  
                             64 | Elements per Batch: 72,355 | Elements per     
                             Second: 17,434 | Number of Examples: 64 | Number of
                             Elements: 72,355 | Number of Target Elements:      
                             31,772 | Total Number of Examples: 17,120 | Total  
                             Number of Elements: 19,292,474 | Total Number of   
                             Target Elements: 8,428,094 | Peak Active Device    
                             Memory: 59.68 GiB | Peak Active Device Memory (%): 
                             76% | Peak Reserved Device Memory: 74.07 GiB | Peak
                             Reserved Device Memory (%): 94%                    
[07/18/25 14:58:01] INFO     fairseq2 - Train Metrics (step 269) - DPO Loss:    
                             0.173005 | Chosen Sequence Log Probabilities:      
                             -410.924 | Rejected Sequence Log Probabilities:    
                             -375.883 | Chosen Sequence Length: 555.391 |       
                             Rejected Sequence Length: 562.453 | NLL Loss:      
                             0.740112 | Gradient Norm: 26.0291 | Data Epoch: 3 |
                             Data Read Time: <1s | Elapsed Time: 4s | Wall Time:
                             1,475s | Learning Rate: 9.64121e-08 | Batch Size:  
                             64 | Elements per Batch: 82,314 | Elements per     
                             Second: 17,774 | Number of Examples: 64 | Number of
                             Elements: 82,314 | Number of Target Elements:      
                             35,545 | Total Number of Examples: 17,184 | Total  
                             Number of Elements: 19,374,788 | Total Number of   
                             Target Elements: 8,463,639 | Peak Active Device    
                             Memory: 59.58 GiB | Peak Active Device Memory (%): 
                             76% | Peak Reserved Device Memory: 74.07 GiB | Peak
                             Reserved Device Memory (%): 94%                    
[07/18/25 14:58:05] INFO     fairseq2 - Train Metrics (step 270) - DPO Loss:    
                             0.148849 | Chosen Sequence Log Probabilities:      
                             -446.77 | Rejected Sequence Log Probabilities:     
                             -452.863 | Chosen Sequence Length: 528.812 |       
                             Rejected Sequence Length: 533.5 | NLL Loss:        
                             0.845401 | Gradient Norm: 32.0772 | Data Epoch: 3 |
                             Data Read Time: <1s | Elapsed Time: 4s | Wall Time:
                             1,479s | Learning Rate: 9.63824e-08 | Batch Size:  
                             64 | Elements per Batch: 78,361 | Elements per     
                             Second: 19,534 | Number of Examples: 64 | Number of
                             Elements: 78,361 | Number of Target Elements:      
                             33,844 | Total Number of Examples: 17,248 | Total  
                             Number of Elements: 19,453,149 | Total Number of   
                             Target Elements: 8,497,483 | Peak Active Device    
                             Memory: 59.59 GiB | Peak Active Device Memory (%): 
                             76% | Peak Reserved Device Memory: 74.07 GiB | Peak
                             Reserved Device Memory (%): 94%                    
[07/18/25 14:58:09] INFO     fairseq2 - Train Metrics (step 271) - DPO Loss:    
                             0.255087 | Chosen Sequence Log Probabilities:      
                             -376.888 | Rejected Sequence Log Probabilities:    
                             -352.307 | Chosen Sequence Length: 512.688 |       
                             Rejected Sequence Length: 484.422 | NLL Loss:      
                             0.735066 | Gradient Norm: 23.4153 | Data Epoch: 3 |
                             Data Read Time: <1s | Elapsed Time: 4s | Wall Time:
                             1,484s | Learning Rate: 9.63526e-08 | Batch Size:  
                             64 | Elements per Batch: 77,167 | Elements per     
                             Second: 17,794 | Number of Examples: 64 | Number of
                             Elements: 77,167 | Number of Target Elements:      
                             32,812 | Total Number of Examples: 17,312 | Total  
                             Number of Elements: 19,530,316 | Total Number of   
                             Target Elements: 8,530,295 | Peak Active Device    
                             Memory: 59.21 GiB | Peak Active Device Memory (%): 
                             75% | Peak Reserved Device Memory: 74.07 GiB | Peak
                             Reserved Device Memory (%): 94%                    
[07/18/25 14:58:13] INFO     fairseq2 - Train Metrics (step 272) - DPO Loss:    
                             0.224423 | Chosen Sequence Log Probabilities:      
                             -358.875 | Rejected Sequence Log Probabilities:    
                             -348.863 | Chosen Sequence Length: 419.031 |       
                             Rejected Sequence Length: 460.297 | NLL Loss:      
                             0.856487 | Gradient Norm: 37.5256 | Data Epoch: 3 |
                             Data Read Time: <1s | Elapsed Time: 3s | Wall Time:
                             1,487s | Learning Rate: 9.63226e-08 | Batch Size:  
                             64 | Elements per Batch: 56,932 | Elements per     
                             Second: 16,106 | Number of Examples: 64 | Number of
                             Elements: 56,932 | Number of Target Elements:      
                             26,818 | Total Number of Examples: 17,376 | Total  
                             Number of Elements: 19,587,248 | Total Number of   
                             Target Elements: 8,557,113 | Peak Active Device    
                             Memory: 58.94 GiB | Peak Active Device Memory (%): 
                             75% | Peak Reserved Device Memory: 74.07 GiB | Peak
                             Reserved Device Memory (%): 94%                    
[07/18/25 14:58:17] INFO     fairseq2 - Train Metrics (step 273) - DPO Loss:    
                             0.166186 | Chosen Sequence Log Probabilities:      
                             -393.547 | Rejected Sequence Log Probabilities:    
                             -369.559 | Chosen Sequence Length: 490.828 |       
                             Rejected Sequence Length: 520.344 | NLL Loss:      
                             0.801719 | Gradient Norm: 22.5728 | Data Epoch: 3 |
                             Data Read Time: <1s | Elapsed Time: 4s | Wall Time:
                             1,492s | Learning Rate: 9.62925e-08 | Batch Size:  
                             64 | Elements per Batch: 68,181 | Elements per     
                             Second: 15,576 | Number of Examples: 64 | Number of
                             Elements: 68,181 | Number of Target Elements:      
                             31,413 | Total Number of Examples: 17,440 | Total  
                             Number of Elements: 19,655,429 | Total Number of   
                             Target Elements: 8,588,526 | Peak Active Device    
                             Memory: 59.14 GiB | Peak Active Device Memory (%): 
                             75% | Peak Reserved Device Memory: 74.07 GiB | Peak
                             Reserved Device Memory (%): 94%                    
[07/18/25 14:58:21] INFO     fairseq2 - Train Metrics (step 274) - DPO Loss:    
                             0.189237 | Chosen Sequence Log Probabilities:      
                             -370.988 | Rejected Sequence Log Probabilities:    
                             -365.102 | Chosen Sequence Length: 464.172 |       
                             Rejected Sequence Length: 473.641 | NLL Loss:      
                             0.799435 | Gradient Norm: 24.6 | Data Epoch: 3 |   
                             Data Read Time: <1s | Elapsed Time: 3s | Wall Time:
                             1,495s | Learning Rate: 9.62623e-08 | Batch Size:  
                             64 | Elements per Batch: 62,207 | Elements per     
                             Second: 16,668 | Number of Examples: 64 | Number of
                             Elements: 62,207 | Number of Target Elements:      
                             29,707 | Total Number of Examples: 17,504 | Total  
                             Number of Elements: 19,717,636 | Total Number of   
                             Target Elements: 8,618,233 | Peak Active Device    
                             Memory: 59.06 GiB | Peak Active Device Memory (%): 
                             75% | Peak Reserved Device Memory: 74.07 GiB | Peak
                             Reserved Device Memory (%): 94%                    
[07/18/25 14:58:26] INFO     fairseq2 - Train Metrics (step 275) - DPO Loss:    
                             0.108932 | Chosen Sequence Log Probabilities:      
                             -361.688 | Rejected Sequence Log Probabilities:    
                             -354.391 | Chosen Sequence Length: 560.922 |       
                             Rejected Sequence Length: 566.141 | NLL Loss:      
                             0.644698 | Gradient Norm: 16.6048 | Data Epoch: 3 |
                             Data Read Time: <1s | Elapsed Time: 4s | Wall Time:
                             1,500s | Learning Rate: 9.6232e-08 | Batch Size: 64
                             | Elements per Batch: 81,217 | Elements per Second:
                             16,799 | Number of Examples: 64 | Number of        
                             Elements: 81,217 | Number of Target Elements:      
                             35,899 | Total Number of Examples: 17,568 | Total  
                             Number of Elements: 19,798,853 | Total Number of   
                             Target Elements: 8,654,132 | Peak Active Device    
                             Memory: 59.38 GiB | Peak Active Device Memory (%): 
                             75% | Peak Reserved Device Memory: 74.07 GiB | Peak
                             Reserved Device Memory (%): 94%                    
[07/18/25 14:58:30] INFO     fairseq2 - Train Metrics (step 276) - DPO Loss:    
                             0.150283 | Chosen Sequence Log Probabilities:      
                             -387.199 | Rejected Sequence Log Probabilities:    
                             -378.551 | Chosen Sequence Length: 454.203 |       
                             Rejected Sequence Length: 460.812 | NLL Loss:      
                             0.852484 | Gradient Norm: 22.8871 | Data Epoch: 3 |
                             Data Read Time: <1s | Elapsed Time: 3s | Wall Time:
                             1,504s | Learning Rate: 9.62016e-08 | Batch Size:  
                             64 | Elements per Batch: 68,146 | Elements per     
                             Second: 18,425 | Number of Examples: 64 | Number of
                             Elements: 68,146 | Number of Target Elements:      
                             29,069 | Total Number of Examples: 17,632 | Total  
                             Number of Elements: 19,866,999 | Total Number of   
                             Target Elements: 8,683,201 | Peak Active Device    
                             Memory: 58.88 GiB | Peak Active Device Memory (%): 
                             75% | Peak Reserved Device Memory: 74.07 GiB | Peak
                             Reserved Device Memory (%): 94%                    
[07/18/25 14:58:34] INFO     fairseq2 - Train Metrics (step 277) - DPO Loss:    
                             0.136642 | Chosen Sequence Log Probabilities:      
                             -385.742 | Rejected Sequence Log Probabilities:    
                             -425.836 | Chosen Sequence Length: 449.875 |       
                             Rejected Sequence Length: 492.984 | NLL Loss:      
                             0.857418 | Gradient Norm: 20.9879 | Data Epoch: 3 |
                             Data Read Time: <1s | Elapsed Time: 4s | Wall Time:
                             1,508s | Learning Rate: 9.61711e-08 | Batch Size:  
                             64 | Elements per Batch: 70,012 | Elements per     
                             Second: 17,433 | Number of Examples: 64 | Number of
                             Elements: 70,012 | Number of Target Elements:      
                             28,792 | Total Number of Examples: 17,696 | Total  
                             Number of Elements: 19,937,011 | Total Number of   
                             Target Elements: 8,711,993 | Peak Active Device    
                             Memory: 59.37 GiB | Peak Active Device Memory (%): 
                             75% | Peak Reserved Device Memory: 74.07 GiB | Peak
                             Reserved Device Memory (%): 94%                    
[07/18/25 14:58:38] INFO     fairseq2 - Train Metrics (step 278) - DPO Loss:    
                             0.128068 | Chosen Sequence Log Probabilities:      
                             -372.242 | Rejected Sequence Log Probabilities:    
                             -378.879 | Chosen Sequence Length: 452.25 |        
                             Rejected Sequence Length: 465.172 | NLL Loss:      
                             0.822944 | Gradient Norm: 18.0346 | Data Epoch: 3 |
                             Data Read Time: <1s | Elapsed Time: 4s | Wall Time:
                             1,513s | Learning Rate: 9.61404e-08 | Batch Size:  
                             64 | Elements per Batch: 71,832 | Elements per     
                             Second: 16,617 | Number of Examples: 64 | Number of
                             Elements: 71,832 | Number of Target Elements:      
                             28,944 | Total Number of Examples: 17,760 | Total  
                             Number of Elements: 20,008,843 | Total Number of   
                             Target Elements: 8,740,937 | Peak Active Device    
                             Memory: 59.25 GiB | Peak Active Device Memory (%): 
                             75% | Peak Reserved Device Memory: 74.07 GiB | Peak
                             Reserved Device Memory (%): 94%                    
[07/18/25 14:58:43] INFO     fairseq2 - Train Metrics (step 279) - DPO Loss:    
                             0.206951 | Chosen Sequence Log Probabilities:      
                             -356.062 | Rejected Sequence Log Probabilities:    
                             -347.488 | Chosen Sequence Length: 421.375 |       
                             Rejected Sequence Length: 433.141 | NLL Loss:      
                             0.845336 | Gradient Norm: 28.996 | Data Epoch: 3 | 
                             Data Read Time: <1s | Elapsed Time: 4s | Wall Time:
                             1,517s | Learning Rate: 9.61096e-08 | Batch Size:  
                             64 | Elements per Batch: 69,469 | Elements per     
                             Second: 16,388 | Number of Examples: 64 | Number of
                             Elements: 69,469 | Number of Target Elements:      
                             26,968 | Total Number of Examples: 17,824 | Total  
                             Number of Elements: 20,078,312 | Total Number of   
                             Target Elements: 8,767,905 | Peak Active Device    
                             Memory: 59.52 GiB | Peak Active Device Memory (%): 
                             76% | Peak Reserved Device Memory: 74.07 GiB | Peak
                             Reserved Device Memory (%): 94%                    
[07/18/25 14:58:47] INFO     fairseq2 - Train Metrics (step 280) - DPO Loss:    
                             0.178824 | Chosen Sequence Log Probabilities:      
                             -409.822 | Rejected Sequence Log Probabilities:    
                             -388.469 | Chosen Sequence Length: 426.75 |        
                             Rejected Sequence Length: 443.266 | NLL Loss:      
                             0.959955 | Gradient Norm: 22.9935 | Data Epoch: 3 |
                             Data Read Time: <1s | Elapsed Time: 4s | Wall Time:
                             1,521s | Learning Rate: 9.60787e-08 | Batch Size:  
                             64 | Elements per Batch: 68,926 | Elements per     
                             Second: 15,411 | Number of Examples: 64 | Number of
                             Elements: 68,926 | Number of Target Elements:      
                             27,312 | Total Number of Examples: 17,888 | Total  
                             Number of Elements: 20,147,238 | Total Number of   
                             Target Elements: 8,795,217 | Peak Active Device    
                             Memory: 59.16 GiB | Peak Active Device Memory (%): 
                             75% | Peak Reserved Device Memory: 74.07 GiB | Peak
                             Reserved Device Memory (%): 94%                    
[07/18/25 14:58:51] INFO     fairseq2 - Train Metrics (step 281) - DPO Loss:    
                             0.097766 | Chosen Sequence Log Probabilities:      
                             -407.043 | Rejected Sequence Log Probabilities:    
                             -396.027 | Chosen Sequence Length: 538.391 |       
                             Rejected Sequence Length: 649.5 | NLL Loss:        
                             0.756181 | Gradient Norm: 13.2946 | Data Epoch: 3 |
                             Data Read Time: <1s | Elapsed Time: 4s | Wall Time:
                             1,526s | Learning Rate: 9.60477e-08 | Batch Size:  
                             64 | Elements per Batch: 68,576 | Elements per     
                             Second: 16,489 | Number of Examples: 64 | Number of
                             Elements: 68,576 | Number of Target Elements:      
                             34,457 | Total Number of Examples: 17,952 | Total  
                             Number of Elements: 20,215,814 | Total Number of   
                             Target Elements: 8,829,674 | Peak Active Device    
                             Memory: 59.34 GiB | Peak Active Device Memory (%): 
                             75% | Peak Reserved Device Memory: 74.07 GiB | Peak
                             Reserved Device Memory (%): 94%                    
[07/18/25 14:58:55] INFO     fairseq2 - Train Metrics (step 282) - DPO Loss:    
                             0.129282 | Chosen Sequence Log Probabilities:      
                             -410.623 | Rejected Sequence Log Probabilities:    
                             -388.25 | Chosen Sequence Length: 438.422 |        
                             Rejected Sequence Length: 428.719 | NLL Loss:      
                             0.936796 | Gradient Norm: 16.578 | Data Epoch: 3 | 
                             Data Read Time: <1s | Elapsed Time: 3s | Wall Time:
                             1,530s | Learning Rate: 9.60166e-08 | Batch Size:  
                             64 | Elements per Batch: 66,903 | Elements per     
                             Second: 17,337 | Number of Examples: 64 | Number of
                             Elements: 66,903 | Number of Target Elements:      
                             28,059 | Total Number of Examples: 18,016 | Total  
                             Number of Elements: 20,282,717 | Total Number of   
                             Target Elements: 8,857,733 | Peak Active Device    
                             Memory: 59.12 GiB | Peak Active Device Memory (%): 
                             75% | Peak Reserved Device Memory: 74.07 GiB | Peak
                             Reserved Device Memory (%): 94%                    
[07/18/25 14:59:00] INFO     fairseq2 - Train Metrics (step 283) - DPO Loss:    
                             0.160062 | Chosen Sequence Log Probabilities:      
                             -408.297 | Rejected Sequence Log Probabilities:    
                             -380.379 | Chosen Sequence Length: 450.953 |       
                             Rejected Sequence Length: 473 | NLL Loss: 0.905352 
                             | Gradient Norm: 16.847 | Data Epoch: 3 | Data Read
                             Time: <1s | Elapsed Time: 4s | Wall Time: 1,534s | 
                             Learning Rate: 9.59853e-08 | Batch Size: 64 |      
                             Elements per Batch: 68,814 | Elements per Second:  
                             15,417 | Number of Examples: 64 | Number of        
                             Elements: 68,814 | Number of Target Elements:      
                             28,861 | Total Number of Examples: 18,080 | Total  
                             Number of Elements: 20,351,531 | Total Number of   
                             Target Elements: 8,886,594 | Peak Active Device    
                             Memory: 59.13 GiB | Peak Active Device Memory (%): 
                             75% | Peak Reserved Device Memory: 74.07 GiB | Peak
                             Reserved Device Memory (%): 94%                    
[07/18/25 14:59:05] INFO     fairseq2 - Train Metrics (step 284) - DPO Loss:    
                             0.174726 | Chosen Sequence Log Probabilities:      
                             -388.672 | Rejected Sequence Log Probabilities:    
                             -380.016 | Chosen Sequence Length: 474.516 |       
                             Rejected Sequence Length: 488.578 | NLL Loss:      
                             0.81942 | Gradient Norm: 27.3616 | Data Epoch: 3 | 
                             Data Read Time: <1s | Elapsed Time: 4s | Wall Time:
                             1,539s | Learning Rate: 9.5954e-08 | Batch Size: 64
                             | Elements per Batch: 72,387 | Elements per Second:
                             15,919 | Number of Examples: 64 | Number of        
                             Elements: 72,387 | Number of Target Elements:      
                             30,369 | Total Number of Examples: 18,144 | Total  
                             Number of Elements: 20,423,918 | Total Number of   
                             Target Elements: 8,916,963 | Peak Active Device    
                             Memory: 59.62 GiB | Peak Active Device Memory (%): 
                             76% | Peak Reserved Device Memory: 74.07 GiB | Peak
                             Reserved Device Memory (%): 94%                    
[07/18/25 14:59:08] INFO     fairseq2 - Train Metrics (step 285) - DPO Loss:    
                             0.194815 | Chosen Sequence Log Probabilities:      
                             -392.164 | Rejected Sequence Log Probabilities:    
                             -384.152 | Chosen Sequence Length: 495.109 |       
                             Rejected Sequence Length: 511.234 | NLL Loss:      
                             0.791715 | Gradient Norm: 21.488 | Data Epoch: 3 | 
                             Data Read Time: <1s | Elapsed Time: 3s | Wall Time:
                             1,543s | Learning Rate: 9.59225e-08 | Batch Size:  
                             64 | Elements per Batch: 70,418 | Elements per     
                             Second: 18,932 | Number of Examples: 64 | Number of
                             Elements: 70,418 | Number of Target Elements:      
                             31,687 | Total Number of Examples: 18,208 | Total  
                             Number of Elements: 20,494,336 | Total Number of   
                             Target Elements: 8,948,650 | Peak Active Device    
                             Memory: 59.32 GiB | Peak Active Device Memory (%): 
                             75% | Peak Reserved Device Memory: 74.10 GiB | Peak
                             Reserved Device Memory (%): 94%                    
[07/18/25 14:59:13] INFO     fairseq2 - Train Metrics (step 286) - DPO Loss:    
                             0.150568 | Chosen Sequence Log Probabilities:      
                             -480.146 | Rejected Sequence Log Probabilities:    
                             -446.918 | Chosen Sequence Length: 539.156 |       
                             Rejected Sequence Length: 516.969 | NLL Loss:      
                             0.890665 | Gradient Norm: 16.6207 | Data Epoch: 3 |
                             Data Read Time: <1s | Elapsed Time: 4s | Wall Time:
                             1,547s | Learning Rate: 9.58909e-08 | Batch Size:  
                             64 | Elements per Batch: 76,156 | Elements per     
                             Second: 17,839 | Number of Examples: 64 | Number of
                             Elements: 76,156 | Number of Target Elements:      
                             34,506 | Total Number of Examples: 18,272 | Total  
                             Number of Elements: 20,570,492 | Total Number of   
                             Target Elements: 8,983,156 | Peak Active Device    
                             Memory: 59.72 GiB | Peak Active Device Memory (%): 
                             76% | Peak Reserved Device Memory: 74.10 GiB | Peak
                             Reserved Device Memory (%): 94%                    
[07/18/25 14:59:17] INFO     fairseq2 - Train Metrics (step 287) - DPO Loss:    
                             0.126795 | Chosen Sequence Log Probabilities:      
                             -408.574 | Rejected Sequence Log Probabilities:    
                             -416 | Chosen Sequence Length: 494.953 | Rejected  
                             Sequence Length: 514.469 | NLL Loss: 0.825569 |    
                             Gradient Norm: 21.5791 | Data Epoch: 3 | Data Read 
                             Time: <1s | Elapsed Time: 4s | Wall Time: 1,551s | 
                             Learning Rate: 9.58592e-08 | Batch Size: 64 |      
                             Elements per Batch: 69,436 | Elements per Second:  
                             16,708 | Number of Examples: 64 | Number of        
                             Elements: 69,436 | Number of Target Elements:      
                             31,677 | Total Number of Examples: 18,336 | Total  
                             Number of Elements: 20,639,928 | Total Number of   
                             Target Elements: 9,014,833 | Peak Active Device    
                             Memory: 59.04 GiB | Peak Active Device Memory (%): 
                             75% | Peak Reserved Device Memory: 74.10 GiB | Peak
                             Reserved Device Memory (%): 94%                    
[07/18/25 14:59:20] INFO     fairseq2 - Train Metrics (step 288) - DPO Loss:    
                             0.106486 | Chosen Sequence Log Probabilities:      
                             -416.281 | Rejected Sequence Log Probabilities:    
                             -398.891 | Chosen Sequence Length: 467.604 |       
                             Rejected Sequence Length: 541.562 | NLL Loss:      
                             0.890257 | Gradient Norm: 16.8457 | Data Epoch: 3 |
                             Data Read Time: <1s | Elapsed Time: 3s | Wall Time:
                             1,554s | Learning Rate: 9.58274e-08 | Batch Size:  
                             48 | Elements per Batch: 45,029 | Elements per     
                             Second: 14,618 | Number of Examples: 48 | Number of
                             Elements: 45,029 | Number of Target Elements:      
                             22,445 | Total Number of Examples: 18,384 | Total  
                             Number of Elements: 20,684,957 | Total Number of   
                             Target Elements: 9,037,278 | Peak Active Device    
                             Memory: 58.79 GiB | Peak Active Device Memory (%): 
                             75% | Peak Reserved Device Memory: 74.10 GiB | Peak
                             Reserved Device Memory (%): 94%                    
                    INFO     fairseq2 - End of epoch 3 reached at training step 
                             289.                                               
                    INFO     fairseq2 - Saving checkpoint after step 288.       
[07/18/25 14:59:26] INFO     fairseq2 - Saving the trainer state.               
[07/18/25 14:59:34] INFO     fairseq2 - Trainer state saved.                    
                    INFO     fairseq2 - Saving the model.                       
                    INFO     fairseq2 - Extracting the consolidated FSDP model  
                             state on rank 0.                                   
[07/18/25 15:00:10] INFO     fairseq2 - Model state extracted.                  
[07/18/25 15:01:13] INFO     fairseq2 - Model saved.                            
                    INFO     fairseq2 - Checkpoint complete.                    
[07/18/25 15:01:21] INFO     fairseq2 - Train Metrics (step 289) - DPO Loss:    
                             0.165128 | Chosen Sequence Log Probabilities:      
                             -378.057 | Rejected Sequence Log Probabilities:    
                             -376.852 | Chosen Sequence Length: 409.078 |       
                             Rejected Sequence Length: 442.031 | NLL Loss:      
                             0.924212 | Gradient Norm: 37.2906 | Data Epoch: 4 |
                             Data Read Time: 1s | Elapsed Time: 7s | Wall Time: 
                             1,676s | Learning Rate: 9.57954e-08 | Batch Size:  
                             64 | Elements per Batch: 73,574 | Elements per     
                             Second: 9,325 | Number of Examples: 64 | Number of 
                             Elements: 73,574 | Number of Target Elements:      
                             26,181 | Total Number of Examples: 18,448 | Total  
                             Number of Elements: 20,758,531 | Total Number of   
                             Target Elements: 9,063,459 | Peak Active Device    
                             Memory: 59.47 GiB | Peak Active Device Memory (%): 
                             76% | Peak Reserved Device Memory: 74.10 GiB | Peak
                             Reserved Device Memory (%): 94%                    
[07/18/25 15:01:26] INFO     fairseq2 - Train Metrics (step 290) - DPO Loss:    
                             0.149835 | Chosen Sequence Log Probabilities:      
                             -420.75 | Rejected Sequence Log Probabilities:     
                             -377.23 | Chosen Sequence Length: 484.188 |        
                             Rejected Sequence Length: 475.266 | NLL Loss:      
                             0.868925 | Gradient Norm: 17.186 | Data Epoch: 4 | 
                             Data Read Time: <1s | Elapsed Time: 4s | Wall Time:
                             1,680s | Learning Rate: 9.57633e-08 | Batch Size:  
                             64 | Elements per Batch: 67,597 | Elements per     
                             Second: 16,298 | Number of Examples: 64 | Number of
                             Elements: 67,597 | Number of Target Elements:      
                             30,988 | Total Number of Examples: 18,512 | Total  
                             Number of Elements: 20,826,128 | Total Number of   
                             Target Elements: 9,094,447 | Peak Active Device    
                             Memory: 59.50 GiB | Peak Active Device Memory (%): 
                             76% | Peak Reserved Device Memory: 74.10 GiB | Peak
                             Reserved Device Memory (%): 94%                    
[07/18/25 15:01:31] INFO     fairseq2 - Train Metrics (step 291) - DPO Loss:    
                             0.100263 | Chosen Sequence Log Probabilities:      
                             -412.664 | Rejected Sequence Log Probabilities:    
                             -398.312 | Chosen Sequence Length: 542.688 |       
                             Rejected Sequence Length: 569.719 | NLL Loss:      
                             0.760423 | Gradient Norm: 14.911 | Data Epoch: 4 | 
                             Data Read Time: <1s | Elapsed Time: 5s | Wall Time:
                             1,685s | Learning Rate: 9.57312e-08 | Batch Size:  
                             64 | Elements per Batch: 87,350 | Elements per     
                             Second: 16,121 | Number of Examples: 64 | Number of
                             Elements: 87,350 | Number of Target Elements:      
                             34,732 | Total Number of Examples: 18,576 | Total  
                             Number of Elements: 20,913,478 | Total Number of   
                             Target Elements: 9,129,179 | Peak Active Device    
                             Memory: 59.21 GiB | Peak Active Device Memory (%): 
                             75% | Peak Reserved Device Memory: 74.10 GiB | Peak
                             Reserved Device Memory (%): 94%                    
[07/18/25 15:01:35] INFO     fairseq2 - Train Metrics (step 292) - DPO Loss:    
                             0.133209 | Chosen Sequence Log Probabilities:      
                             -379.801 | Rejected Sequence Log Probabilities:    
                             -411.348 | Chosen Sequence Length: 420.859 |       
                             Rejected Sequence Length: 514.922 | NLL Loss:      
                             0.902481 | Gradient Norm: 28.7543 | Data Epoch: 4 |
                             Data Read Time: <1s | Elapsed Time: 4s | Wall Time:
                             1,689s | Learning Rate: 9.56989e-08 | Batch Size:  
                             64 | Elements per Batch: 62,623 | Elements per     
                             Second: 15,634 | Number of Examples: 64 | Number of
                             Elements: 62,623 | Number of Target Elements:      
                             26,935 | Total Number of Examples: 18,640 | Total  
                             Number of Elements: 20,976,101 | Total Number of   
                             Target Elements: 9,156,114 | Peak Active Device    
                             Memory: 59.28 GiB | Peak Active Device Memory (%): 
                             75% | Peak Reserved Device Memory: 74.10 GiB | Peak
                             Reserved Device Memory (%): 94%                    
[07/18/25 15:01:40] INFO     fairseq2 - Train Metrics (step 293) - DPO Loss:    
                             0.150944 | Chosen Sequence Log Probabilities:      
                             -377.617 | Rejected Sequence Log Probabilities:    
                             -397.348 | Chosen Sequence Length: 444.156 |       
                             Rejected Sequence Length: 479.391 | NLL Loss:      
                             0.850155 | Gradient Norm: 29.6318 | Data Epoch: 4 |
                             Data Read Time: <1s | Elapsed Time: 4s | Wall Time:
                             1,694s | Learning Rate: 9.56665e-08 | Batch Size:  
                             64 | Elements per Batch: 68,444 | Elements per     
                             Second: 15,174 | Number of Examples: 64 | Number of
                             Elements: 68,444 | Number of Target Elements:      
                             28,426 | Total Number of Examples: 18,704 | Total  
                             Number of Elements: 21,044,545 | Total Number of   
                             Target Elements: 9,184,540 | Peak Active Device    
                             Memory: 59.77 GiB | Peak Active Device Memory (%): 
                             76% | Peak Reserved Device Memory: 74.10 GiB | Peak
                             Reserved Device Memory (%): 94%                    
[07/18/25 15:01:44] INFO     fairseq2 - Train Metrics (step 294) - DPO Loss:    
                             0.103522 | Chosen Sequence Log Probabilities:      
                             -407.064 | Rejected Sequence Log Probabilities:    
                             -378.102 | Chosen Sequence Length: 510.234 |       
                             Rejected Sequence Length: 512.047 | NLL Loss:      
                             0.798044 | Gradient Norm: 14.4502 | Data Epoch: 4 |
                             Data Read Time: <1s | Elapsed Time: 4s | Wall Time:
                             1,698s | Learning Rate: 9.56339e-08 | Batch Size:  
                             64 | Elements per Batch: 66,739 | Elements per     
                             Second: 16,570 | Number of Examples: 64 | Number of
                             Elements: 66,739 | Number of Target Elements:      
                             32,655 | Total Number of Examples: 18,768 | Total  
                             Number of Elements: 21,111,284 | Total Number of   
                             Target Elements: 9,217,195 | Peak Active Device    
                             Memory: 59.75 GiB | Peak Active Device Memory (%): 
                             76% | Peak Reserved Device Memory: 74.10 GiB | Peak
                             Reserved Device Memory (%): 94%                    
[07/18/25 15:01:48] INFO     fairseq2 - Train Metrics (step 295) - DPO Loss:    
                             0.133724 | Chosen Sequence Log Probabilities:      
                             -398.75 | Rejected Sequence Log Probabilities:     
                             -419.664 | Chosen Sequence Length: 456.016 |       
                             Rejected Sequence Length: 490.422 | NLL Loss:      
                             0.874433 | Gradient Norm: 29.7928 | Data Epoch: 4 |
                             Data Read Time: <1s | Elapsed Time: 4s | Wall Time:
                             1,702s | Learning Rate: 9.56013e-08 | Batch Size:  
                             64 | Elements per Batch: 73,046 | Elements per     
                             Second: 17,320 | Number of Examples: 64 | Number of
                             Elements: 73,046 | Number of Target Elements:      
                             29,185 | Total Number of Examples: 18,832 | Total  
                             Number of Elements: 21,184,330 | Total Number of   
                             Target Elements: 9,246,380 | Peak Active Device    
                             Memory: 59.25 GiB | Peak Active Device Memory (%): 
                             75% | Peak Reserved Device Memory: 74.10 GiB | Peak
                             Reserved Device Memory (%): 94%                    
[07/18/25 15:01:52] INFO     fairseq2 - Train Metrics (step 296) - DPO Loss:    
                             0.113744 | Chosen Sequence Log Probabilities:      
                             -419.586 | Rejected Sequence Log Probabilities:    
                             -409.004 | Chosen Sequence Length: 477.547 |       
                             Rejected Sequence Length: 472.172 | NLL Loss:      
                             0.878517 | Gradient Norm: 14.8013 | Data Epoch: 4 |
                             Data Read Time: <1s | Elapsed Time: 3s | Wall Time:
                             1,706s | Learning Rate: 9.55685e-08 | Batch Size:  
                             64 | Elements per Batch: 73,787 | Elements per     
                             Second: 18,484 | Number of Examples: 64 | Number of
                             Elements: 73,787 | Number of Target Elements:      
                             30,563 | Total Number of Examples: 18,896 | Total  
                             Number of Elements: 21,258,117 | Total Number of   
                             Target Elements: 9,276,943 | Peak Active Device    
                             Memory: 59.28 GiB | Peak Active Device Memory (%): 
                             75% | Peak Reserved Device Memory: 74.10 GiB | Peak
                             Reserved Device Memory (%): 94%                    
[07/18/25 15:01:56] INFO     fairseq2 - Train Metrics (step 297) - DPO Loss:    
                             0.1391 | Chosen Sequence Log Probabilities:        
                             -360.406 | Rejected Sequence Log Probabilities:    
                             -356.293 | Chosen Sequence Length: 450.109 |       
                             Rejected Sequence Length: 489.984 | NLL Loss:      
                             0.80069 | Gradient Norm: 38.8702 | Data Epoch: 4 | 
                             Data Read Time: <1s | Elapsed Time: 4s | Wall Time:
                             1,711s | Learning Rate: 9.55356e-08 | Batch Size:  
                             64 | Elements per Batch: 70,233 | Elements per     
                             Second: 16,512 | Number of Examples: 64 | Number of
                             Elements: 70,233 | Number of Target Elements:      
                             28,807 | Total Number of Examples: 18,960 | Total  
                             Number of Elements: 21,328,350 | Total Number of   
                             Target Elements: 9,305,750 | Peak Active Device    
                             Memory: 59.48 GiB | Peak Active Device Memory (%): 
                             76% | Peak Reserved Device Memory: 74.10 GiB | Peak
                             Reserved Device Memory (%): 94%                    
[07/18/25 15:02:01] INFO     fairseq2 - Train Metrics (step 298) - DPO Loss:    
                             0.16196 | Chosen Sequence Log Probabilities:       
                             -471.484 | Rejected Sequence Log Probabilities:    
                             -434.234 | Chosen Sequence Length: 567.859 |       
                             Rejected Sequence Length: 580.453 | NLL Loss:      
                             0.830505 | Gradient Norm: 21.5662 | Data Epoch: 4 |
                             Data Read Time: <1s | Elapsed Time: 4s | Wall Time:
                             1,715s | Learning Rate: 9.55027e-08 | Batch Size:  
                             64 | Elements per Batch: 78,023 | Elements per     
                             Second: 16,579 | Number of Examples: 64 | Number of
                             Elements: 78,023 | Number of Target Elements:      
                             36,343 | Total Number of Examples: 19,024 | Total  
                             Number of Elements: 21,406,373 | Total Number of   
                             Target Elements: 9,342,093 | Peak Active Device    
                             Memory: 59.17 GiB | Peak Active Device Memory (%): 
                             75% | Peak Reserved Device Memory: 74.10 GiB | Peak
                             Reserved Device Memory (%): 94%                    
[07/18/25 15:02:05] INFO     fairseq2 - Train Metrics (step 299) - DPO Loss:    
                             0.11118 | Chosen Sequence Log Probabilities:       
                             -400.109 | Rejected Sequence Log Probabilities:    
                             -409.273 | Chosen Sequence Length: 471.516 |       
                             Rejected Sequence Length: 461.328 | NLL Loss:      
                             0.848622 | Gradient Norm: 22.0998 | Data Epoch: 4 |
                             Data Read Time: <1s | Elapsed Time: 4s | Wall Time:
                             1,720s | Learning Rate: 9.54695e-08 | Batch Size:  
                             64 | Elements per Batch: 70,831 | Elements per     
                             Second: 17,696 | Number of Examples: 64 | Number of
                             Elements: 70,831 | Number of Target Elements:      
                             30,177 | Total Number of Examples: 19,088 | Total  
                             Number of Elements: 21,477,204 | Total Number of   
                             Target Elements: 9,372,270 | Peak Active Device    
                             Memory: 59.29 GiB | Peak Active Device Memory (%): 
                             75% | Peak Reserved Device Memory: 74.10 GiB | Peak
                             Reserved Device Memory (%): 94%                    
[07/18/25 15:02:10] INFO     fairseq2 - Train Metrics (step 300) - DPO Loss:    
                             0.151581 | Chosen Sequence Log Probabilities:      
                             -391.148 | Rejected Sequence Log Probabilities:    
                             -405.781 | Chosen Sequence Length: 485.562 |       
                             Rejected Sequence Length: 494.406 | NLL Loss:      
                             0.805836 | Gradient Norm: 24.2857 | Data Epoch: 4 |
                             Data Read Time: <1s | Elapsed Time: 4s | Wall Time:
                             1,724s | Learning Rate: 9.54363e-08 | Batch Size:  
                             64 | Elements per Batch: 73,120 | Elements per     
                             Second: 16,911 | Number of Examples: 64 | Number of
                             Elements: 73,120 | Number of Target Elements:      
                             31,076 | Total Number of Examples: 19,152 | Total  
                             Number of Elements: 21,550,324 | Total Number of   
                             Target Elements: 9,403,346 | Peak Active Device    
                             Memory: 59.24 GiB | Peak Active Device Memory (%): 
                             75% | Peak Reserved Device Memory: 74.10 GiB | Peak
                             Reserved Device Memory (%): 94%                    
[07/18/25 15:02:14] INFO     fairseq2 - Train Metrics (step 301) - DPO Loss:    
                             0.117602 | Chosen Sequence Log Probabilities:      
                             -414.879 | Rejected Sequence Log Probabilities:    
                             -377.893 | Chosen Sequence Length: 535.391 |       
                             Rejected Sequence Length: 558.109 | NLL Loss:      
                             0.774904 | Gradient Norm: 22.4725 | Data Epoch: 4 |
                             Data Read Time: <1s | Elapsed Time: 4s | Wall Time:
                             1,728s | Learning Rate: 9.5403e-08 | Batch Size: 64
                             | Elements per Batch: 74,647 | Elements per Second:
                             17,002 | Number of Examples: 64 | Number of        
                             Elements: 74,647 | Number of Target Elements:      
                             34,265 | Total Number of Examples: 19,216 | Total  
                             Number of Elements: 21,624,971 | Total Number of   
                             Target Elements: 9,437,611 | Peak Active Device    
                             Memory: 59.16 GiB | Peak Active Device Memory (%): 
                             75% | Peak Reserved Device Memory: 74.10 GiB | Peak
                             Reserved Device Memory (%): 94%                    
[07/18/25 15:02:19] INFO     fairseq2 - Train Metrics (step 302) - DPO Loss:    
                             0.127564 | Chosen Sequence Log Probabilities:      
                             -382.504 | Rejected Sequence Log Probabilities:    
                             -376.65 | Chosen Sequence Length: 482.359 |        
                             Rejected Sequence Length: 508.75 | NLL Loss:       
                             0.792876 | Gradient Norm: 16.2402 | Data Epoch: 4 |
                             Data Read Time: <1s | Elapsed Time: 4s | Wall Time:
                             1,733s | Learning Rate: 9.53695e-08 | Batch Size:  
                             64 | Elements per Batch: 72,032 | Elements per     
                             Second: 15,948 | Number of Examples: 64 | Number of
                             Elements: 72,032 | Number of Target Elements:      
                             30,871 | Total Number of Examples: 19,280 | Total  
                             Number of Elements: 21,697,003 | Total Number of   
                             Target Elements: 9,468,482 | Peak Active Device    
                             Memory: 59.86 GiB | Peak Active Device Memory (%): 
                             76% | Peak Reserved Device Memory: 74.10 GiB | Peak
                             Reserved Device Memory (%): 94%                    
[07/18/25 15:02:24] INFO     fairseq2 - Train Metrics (step 303) - DPO Loss:    
                             0.135738 | Chosen Sequence Log Probabilities:      
                             -456.176 | Rejected Sequence Log Probabilities:    
                             -400.41 | Chosen Sequence Length: 587.438 |        
                             Rejected Sequence Length: 560.219 | NLL Loss:      
                             0.776493 | Gradient Norm: 22.4178 | Data Epoch: 4 |
                             Data Read Time: <1s | Elapsed Time: 5s | Wall Time:
                             1,738s | Learning Rate: 9.5336e-08 | Batch Size: 64
                             | Elements per Batch: 81,516 | Elements per Second:
                             15,838 | Number of Examples: 64 | Number of        
                             Elements: 81,516 | Number of Target Elements:      
                             37,596 | Total Number of Examples: 19,344 | Total  
                             Number of Elements: 21,778,519 | Total Number of   
                             Target Elements: 9,506,078 | Peak Active Device    
                             Memory: 59.93 GiB | Peak Active Device Memory (%): 
                             76% | Peak Reserved Device Memory: 74.10 GiB | Peak
                             Reserved Device Memory (%): 94%                    
[07/18/25 15:02:28] INFO     fairseq2 - Train Metrics (step 304) - DPO Loss:    
                             0.164883 | Chosen Sequence Log Probabilities:      
                             -409.523 | Rejected Sequence Log Probabilities:    
                             -401.781 | Chosen Sequence Length: 515.25 |        
                             Rejected Sequence Length: 518.234 | NLL Loss:      
                             0.794923 | Gradient Norm: 28.0409 | Data Epoch: 4 |
                             Data Read Time: <1s | Elapsed Time: 4s | Wall Time:
                             1,742s | Learning Rate: 9.53023e-08 | Batch Size:  
                             64 | Elements per Batch: 70,563 | Elements per     
                             Second: 17,521 | Number of Examples: 64 | Number of
                             Elements: 70,563 | Number of Target Elements:      
                             32,976 | Total Number of Examples: 19,408 | Total  
                             Number of Elements: 21,849,082 | Total Number of   
                             Target Elements: 9,539,054 | Peak Active Device    
                             Memory: 59.59 GiB | Peak Active Device Memory (%): 
                             76% | Peak Reserved Device Memory: 74.10 GiB | Peak
                             Reserved Device Memory (%): 94%                    
[07/18/25 15:02:32] INFO     fairseq2 - Train Metrics (step 305) - DPO Loss:    
                             0.128291 | Chosen Sequence Log Probabilities:      
                             -379.883 | Rejected Sequence Log Probabilities:    
                             -379.668 | Chosen Sequence Length: 493.594 |       
                             Rejected Sequence Length: 529.5 | NLL Loss:        
                             0.769616 | Gradient Norm: 20.2323 | Data Epoch: 4 |
                             Data Read Time: <1s | Elapsed Time: 4s | Wall Time:
                             1,746s | Learning Rate: 9.52685e-08 | Batch Size:  
                             64 | Elements per Batch: 72,671 | Elements per     
                             Second: 17,667 | Number of Examples: 64 | Number of
                             Elements: 72,671 | Number of Target Elements:      
                             31,590 | Total Number of Examples: 19,472 | Total  
                             Number of Elements: 21,921,753 | Total Number of   
                             Target Elements: 9,570,644 | Peak Active Device    
                             Memory: 59.61 GiB | Peak Active Device Memory (%): 
                             76% | Peak Reserved Device Memory: 74.10 GiB | Peak
                             Reserved Device Memory (%): 94%                    
[07/18/25 15:02:37] INFO     fairseq2 - Train Metrics (step 306) - DPO Loss:    
                             0.0966419 | Chosen Sequence Log Probabilities:     
                             -401.312 | Rejected Sequence Log Probabilities:    
                             -374.09 | Chosen Sequence Length: 529.984 |        
                             Rejected Sequence Length: 556.969 | NLL Loss:      
                             0.756992 | Gradient Norm: 14.7478 | Data Epoch: 4 |
                             Data Read Time: <1s | Elapsed Time: 4s | Wall Time:
                             1,751s | Learning Rate: 9.52346e-08 | Batch Size:  
                             64 | Elements per Batch: 67,559 | Elements per     
                             Second: 15,578 | Number of Examples: 64 | Number of
                             Elements: 67,559 | Number of Target Elements:      
                             33,919 | Total Number of Examples: 19,536 | Total  
                             Number of Elements: 21,989,312 | Total Number of   
                             Target Elements: 9,604,563 | Peak Active Device    
                             Memory: 59.12 GiB | Peak Active Device Memory (%): 
                             75% | Peak Reserved Device Memory: 74.10 GiB | Peak
                             Reserved Device Memory (%): 94%                    
[07/18/25 15:02:41] INFO     fairseq2 - Train Metrics (step 307) - DPO Loss:    
                             0.114307 | Chosen Sequence Log Probabilities:      
                             -404.062 | Rejected Sequence Log Probabilities:    
                             -388.652 | Chosen Sequence Length: 485.984 |       
                             Rejected Sequence Length: 545.281 | NLL Loss:      
                             0.831501 | Gradient Norm: 16.7512 | Data Epoch: 4 |
                             Data Read Time: <1s | Elapsed Time: 4s | Wall Time:
                             1,755s | Learning Rate: 9.52005e-08 | Batch Size:  
                             64 | Elements per Batch: 64,822 | Elements per     
                             Second: 15,549 | Number of Examples: 64 | Number of
                             Elements: 64,822 | Number of Target Elements:      
                             31,103 | Total Number of Examples: 19,600 | Total  
                             Number of Elements: 22,054,134 | Total Number of   
                             Target Elements: 9,635,666 | Peak Active Device    
                             Memory: 59.13 GiB | Peak Active Device Memory (%): 
                             75% | Peak Reserved Device Memory: 74.10 GiB | Peak
                             Reserved Device Memory (%): 94%                    
[07/18/25 15:02:45] INFO     fairseq2 - Train Metrics (step 308) - DPO Loss:    
                             0.143353 | Chosen Sequence Log Probabilities:      
                             -363.467 | Rejected Sequence Log Probabilities:    
                             -354.469 | Chosen Sequence Length: 433.469 |       
                             Rejected Sequence Length: 443.562 | NLL Loss:      
                             0.838658 | Gradient Norm: 18.7848 | Data Epoch: 4 |
                             Data Read Time: <1s | Elapsed Time: 4s | Wall Time:
                             1,760s | Learning Rate: 9.51664e-08 | Batch Size:  
                             64 | Elements per Batch: 64,173 | Elements per     
                             Second: 14,542 | Number of Examples: 64 | Number of
                             Elements: 64,173 | Number of Target Elements:      
                             27,742 | Total Number of Examples: 19,664 | Total  
                             Number of Elements: 22,118,307 | Total Number of   
                             Target Elements: 9,663,408 | Peak Active Device    
                             Memory: 59.17 GiB | Peak Active Device Memory (%): 
                             75% | Peak Reserved Device Memory: 74.10 GiB | Peak
                             Reserved Device Memory (%): 94%                    
[07/18/25 15:02:49] INFO     fairseq2 - Train Metrics (step 309) - DPO Loss:    
                             0.0868016 | Chosen Sequence Log Probabilities:     
                             -420.324 | Rejected Sequence Log Probabilities:    
                             -415.355 | Chosen Sequence Length: 486.453 |       
                             Rejected Sequence Length: 522.297 | NLL Loss:      
                             0.864302 | Gradient Norm: 13.0153 | Data Epoch: 4 |
                             Data Read Time: <1s | Elapsed Time: 3s | Wall Time:
                             1,764s | Learning Rate: 9.51321e-08 | Batch Size:  
                             64 | Elements per Batch: 66,171 | Elements per     
                             Second: 16,744 | Number of Examples: 64 | Number of
                             Elements: 66,171 | Number of Target Elements:      
                             31,133 | Total Number of Examples: 19,728 | Total  
                             Number of Elements: 22,184,478 | Total Number of   
                             Target Elements: 9,694,541 | Peak Active Device    
                             Memory: 58.92 GiB | Peak Active Device Memory (%): 
                             75% | Peak Reserved Device Memory: 74.10 GiB | Peak
                             Reserved Device Memory (%): 94%                    
[07/18/25 15:02:54] INFO     fairseq2 - Train Metrics (step 310) - DPO Loss:    
                             0.131449 | Chosen Sequence Log Probabilities:      
                             -406.002 | Rejected Sequence Log Probabilities:    
                             -381.309 | Chosen Sequence Length: 514.984 |       
                             Rejected Sequence Length: 574.094 | NLL Loss:      
                             0.788084 | Gradient Norm: 20.7865 | Data Epoch: 4 |
                             Data Read Time: <1s | Elapsed Time: 4s | Wall Time:
                             1,768s | Learning Rate: 9.50977e-08 | Batch Size:  
                             64 | Elements per Batch: 73,232 | Elements per     
                             Second: 16,027 | Number of Examples: 64 | Number of
                             Elements: 73,232 | Number of Target Elements:      
                             32,959 | Total Number of Examples: 19,792 | Total  
                             Number of Elements: 22,257,710 | Total Number of   
                             Target Elements: 9,727,500 | Peak Active Device    
                             Memory: 59.46 GiB | Peak Active Device Memory (%): 
                             76% | Peak Reserved Device Memory: 74.10 GiB | Peak
                             Reserved Device Memory (%): 94%                    
[07/18/25 15:02:58] INFO     fairseq2 - Train Metrics (step 311) - DPO Loss:    
                             0.121753 | Chosen Sequence Log Probabilities:      
                             -411.492 | Rejected Sequence Log Probabilities:    
                             -437.094 | Chosen Sequence Length: 449.766 |       
                             Rejected Sequence Length: 474.75 | NLL Loss:       
                             0.91486 | Gradient Norm: 17.8144 | Data Epoch: 4 | 
                             Data Read Time: <1s | Elapsed Time: 4s | Wall Time:
                             1,772s | Learning Rate: 9.50633e-08 | Batch Size:  
                             64 | Elements per Batch: 68,541 | Elements per     
                             Second: 16,267 | Number of Examples: 64 | Number of
                             Elements: 68,541 | Number of Target Elements:      
                             28,785 | Total Number of Examples: 19,856 | Total  
                             Number of Elements: 22,326,251 | Total Number of   
                             Target Elements: 9,756,285 | Peak Active Device    
                             Memory: 59.38 GiB | Peak Active Device Memory (%): 
                             75% | Peak Reserved Device Memory: 74.10 GiB | Peak
                             Reserved Device Memory (%): 94%                    
[07/18/25 15:03:03] INFO     fairseq2 - Train Metrics (step 312) - DPO Loss:    
                             0.144701 | Chosen Sequence Log Probabilities:      
                             -418.445 | Rejected Sequence Log Probabilities:    
                             -403.223 | Chosen Sequence Length: 477.734 |       
                             Rejected Sequence Length: 473.734 | NLL Loss:      
                             0.876177 | Gradient Norm: 15.5312 | Data Epoch: 4 |
                             Data Read Time: <1s | Elapsed Time: 4s | Wall Time:
                             1,777s | Learning Rate: 9.50287e-08 | Batch Size:  
                             64 | Elements per Batch: 73,797 | Elements per     
                             Second: 16,667 | Number of Examples: 64 | Number of
                             Elements: 73,797 | Number of Target Elements:      
                             30,575 | Total Number of Examples: 19,920 | Total  
                             Number of Elements: 22,400,048 | Total Number of   
                             Target Elements: 9,786,860 | Peak Active Device    
                             Memory: 59.33 GiB | Peak Active Device Memory (%): 
                             75% | Peak Reserved Device Memory: 74.10 GiB | Peak
                             Reserved Device Memory (%): 94%                    
[07/18/25 15:03:07] INFO     fairseq2 - Train Metrics (step 313) - DPO Loss:    
                             0.0855225 | Chosen Sequence Log Probabilities:     
                             -428.064 | Rejected Sequence Log Probabilities:    
                             -465.559 | Chosen Sequence Length: 533.359 |       
                             Rejected Sequence Length: 535.688 | NLL Loss:      
                             0.802261 | Gradient Norm: 15.2247 | Data Epoch: 4 |
                             Data Read Time: <1s | Elapsed Time: 4s | Wall Time:
                             1,782s | Learning Rate: 9.49939e-08 | Batch Size:  
                             64 | Elements per Batch: 85,826 | Elements per     
                             Second: 18,859 | Number of Examples: 64 | Number of
                             Elements: 85,826 | Number of Target Elements:      
                             34,135 | Total Number of Examples: 19,984 | Total  
                             Number of Elements: 22,485,874 | Total Number of   
                             Target Elements: 9,820,995 | Peak Active Device    
                             Memory: 59.48 GiB | Peak Active Device Memory (%): 
                             76% | Peak Reserved Device Memory: 74.10 GiB | Peak
                             Reserved Device Memory (%): 94%                    
[07/18/25 15:03:12] INFO     fairseq2 - Train Metrics (step 314) - DPO Loss:    
                             0.136581 | Chosen Sequence Log Probabilities:      
                             -392.412 | Rejected Sequence Log Probabilities:    
                             -385.75 | Chosen Sequence Length: 482.781 |        
                             Rejected Sequence Length: 509.109 | NLL Loss:      
                             0.812723 | Gradient Norm: 19.4417 | Data Epoch: 4 |
                             Data Read Time: <1s | Elapsed Time: 4s | Wall Time:
                             1,786s | Learning Rate: 9.49591e-08 | Batch Size:  
                             64 | Elements per Batch: 73,132 | Elements per     
                             Second: 16,282 | Number of Examples: 64 | Number of
                             Elements: 73,132 | Number of Target Elements:      
                             30,898 | Total Number of Examples: 20,048 | Total  
                             Number of Elements: 22,559,006 | Total Number of   
                             Target Elements: 9,851,893 | Peak Active Device    
                             Memory: 59.19 GiB | Peak Active Device Memory (%): 
                             75% | Peak Reserved Device Memory: 74.10 GiB | Peak
                             Reserved Device Memory (%): 94%                    
[07/18/25 15:03:16] INFO     fairseq2 - Train Metrics (step 315) - DPO Loss:    
                             0.111271 | Chosen Sequence Log Probabilities:      
                             -409.297 | Rejected Sequence Log Probabilities:    
                             -455.422 | Chosen Sequence Length: 517.078 |       
                             Rejected Sequence Length: 556.281 | NLL Loss:      
                             0.791826 | Gradient Norm: 16.9532 | Data Epoch: 4 |
                             Data Read Time: <1s | Elapsed Time: 4s | Wall Time:
                             1,791s | Learning Rate: 9.49242e-08 | Batch Size:  
                             64 | Elements per Batch: 71,478 | Elements per     
                             Second: 16,115 | Number of Examples: 64 | Number of
                             Elements: 71,478 | Number of Target Elements:      
                             33,093 | Total Number of Examples: 20,112 | Total  
                             Number of Elements: 22,630,484 | Total Number of   
                             Target Elements: 9,884,986 | Peak Active Device    
                             Memory: 59.05 GiB | Peak Active Device Memory (%): 
                             75% | Peak Reserved Device Memory: 74.10 GiB | Peak
                             Reserved Device Memory (%): 94%                    
[07/18/25 15:03:22] INFO     fairseq2 - Train Metrics (step 316) - DPO Loss:    
                             0.135588 | Chosen Sequence Log Probabilities:      
                             -406.102 | Rejected Sequence Log Probabilities:    
                             -408.523 | Chosen Sequence Length: 546.656 |       
                             Rejected Sequence Length: 541.391 | NLL Loss:      
                             0.743081 | Gradient Norm: 15.5031 | Data Epoch: 4 |
                             Data Read Time: <1s | Elapsed Time: 4s | Wall Time:
                             1,796s | Learning Rate: 9.48891e-08 | Batch Size:  
                             64 | Elements per Batch: 85,068 | Elements per     
                             Second: 17,593 | Number of Examples: 64 | Number of
                             Elements: 85,068 | Number of Target Elements:      
                             34,986 | Total Number of Examples: 20,176 | Total  
                             Number of Elements: 22,715,552 | Total Number of   
                             Target Elements: 9,919,972 | Peak Active Device    
                             Memory: 59.08 GiB | Peak Active Device Memory (%): 
                             75% | Peak Reserved Device Memory: 74.10 GiB | Peak
                             Reserved Device Memory (%): 94%                    
[07/18/25 15:03:26] INFO     fairseq2 - Train Metrics (step 317) - DPO Loss:    
                             0.169569 | Chosen Sequence Log Probabilities:      
                             -455.25 | Rejected Sequence Log Probabilities:     
                             -421.188 | Chosen Sequence Length: 544.766 |       
                             Rejected Sequence Length: 556.562 | NLL Loss:      
                             0.835835 | Gradient Norm: 18.1939 | Data Epoch: 4 |
                             Data Read Time: <1s | Elapsed Time: 4s | Wall Time:
                             1,800s | Learning Rate: 9.48539e-08 | Batch Size:  
                             64 | Elements per Batch: 77,642 | Elements per     
                             Second: 18,289 | Number of Examples: 64 | Number of
                             Elements: 77,642 | Number of Target Elements:      
                             34,865 | Total Number of Examples: 20,240 | Total  
                             Number of Elements: 22,793,194 | Total Number of   
                             Target Elements: 9,954,837 | Peak Active Device    
                             Memory: 59.42 GiB | Peak Active Device Memory (%): 
                             76% | Peak Reserved Device Memory: 74.10 GiB | Peak
                             Reserved Device Memory (%): 94%                    
[07/18/25 15:03:30] INFO     fairseq2 - Train Metrics (step 318) - DPO Loss:    
                             0.134116 | Chosen Sequence Log Probabilities:      
                             -422.299 | Rejected Sequence Log Probabilities:    
                             -396.879 | Chosen Sequence Length: 509.453 |       
                             Rejected Sequence Length: 518.219 | NLL Loss:      
                             0.829173 | Gradient Norm: 19.5473 | Data Epoch: 4 |
                             Data Read Time: <1s | Elapsed Time: 4s | Wall Time:
                             1,805s | Learning Rate: 9.48186e-08 | Batch Size:  
                             64 | Elements per Batch: 76,221 | Elements per     
                             Second: 17,603 | Number of Examples: 64 | Number of
                             Elements: 76,221 | Number of Target Elements:      
                             32,605 | Total Number of Examples: 20,304 | Total  
                             Number of Elements: 22,869,415 | Total Number of   
                             Target Elements: 9,987,442 | Peak Active Device    
                             Memory: 59.18 GiB | Peak Active Device Memory (%): 
                             75% | Peak Reserved Device Memory: 74.10 GiB | Peak
                             Reserved Device Memory (%): 94%                    
[07/18/25 15:03:35] INFO     fairseq2 - Train Metrics (step 319) - DPO Loss:    
                             0.144004 | Chosen Sequence Log Probabilities:      
                             -401.438 | Rejected Sequence Log Probabilities:    
                             -396.281 | Chosen Sequence Length: 471.406 |       
                             Rejected Sequence Length: 476.953 | NLL Loss:      
                             0.85161 | Gradient Norm: 19.2162 | Data Epoch: 4 | 
                             Data Read Time: <1s | Elapsed Time: 4s | Wall Time:
                             1,809s | Learning Rate: 9.47832e-08 | Batch Size:  
                             64 | Elements per Batch: 65,020 | Elements per     
                             Second: 15,350 | Number of Examples: 64 | Number of
                             Elements: 65,020 | Number of Target Elements:      
                             30,170 | Total Number of Examples: 20,368 | Total  
                             Number of Elements: 22,934,435 | Total Number of   
                             Target Elements: 10,017,612 | Peak Active Device   
                             Memory: 60.13 GiB | Peak Active Device Memory (%): 
                             76% | Peak Reserved Device Memory: 74.10 GiB | Peak
                             Reserved Device Memory (%): 94%                    
[07/18/25 15:03:39] INFO     fairseq2 - Train Metrics (step 320) - DPO Loss:    
                             0.156088 | Chosen Sequence Log Probabilities:      
                             -404.402 | Rejected Sequence Log Probabilities:    
                             -385.586 | Chosen Sequence Length: 441.672 |       
                             Rejected Sequence Length: 457.281 | NLL Loss:      
                             0.915229 | Gradient Norm: 19.3422 | Data Epoch: 4 |
                             Data Read Time: <1s | Elapsed Time: 4s | Wall Time:
                             1,813s | Learning Rate: 9.47477e-08 | Batch Size:  
                             64 | Elements per Batch: 67,426 | Elements per     
                             Second: 16,649 | Number of Examples: 64 | Number of
                             Elements: 67,426 | Number of Target Elements:      
                             28,267 | Total Number of Examples: 20,432 | Total  
                             Number of Elements: 23,001,861 | Total Number of   
                             Target Elements: 10,045,879 | Peak Active Device   
                             Memory: 58.85 GiB | Peak Active Device Memory (%): 
                             75% | Peak Reserved Device Memory: 74.10 GiB | Peak
                             Reserved Device Memory (%): 94%                    
[07/18/25 15:03:43] INFO     fairseq2 - Train Metrics (step 321) - DPO Loss:    
                             0.100701 | Chosen Sequence Log Probabilities:      
                             -419.164 | Rejected Sequence Log Probabilities:    
                             -400.359 | Chosen Sequence Length: 545.594 |       
                             Rejected Sequence Length: 488.375 | NLL Loss:      
                             0.768341 | Gradient Norm: 16.3148 | Data Epoch: 4 |
                             Data Read Time: <1s | Elapsed Time: 3s | Wall Time:
                             1,817s | Learning Rate: 9.47121e-08 | Batch Size:  
                             64 | Elements per Batch: 74,168 | Elements per     
                             Second: 18,743 | Number of Examples: 64 | Number of
                             Elements: 74,168 | Number of Target Elements:      
                             34,918 | Total Number of Examples: 20,496 | Total  
                             Number of Elements: 23,076,029 | Total Number of   
                             Target Elements: 10,080,797 | Peak Active Device   
                             Memory: 59.05 GiB | Peak Active Device Memory (%): 
                             75% | Peak Reserved Device Memory: 74.10 GiB | Peak
                             Reserved Device Memory (%): 94%                    
[07/18/25 15:03:47] INFO     fairseq2 - Train Metrics (step 322) - DPO Loss:    
                             0.157825 | Chosen Sequence Log Probabilities:      
                             -429.82 | Rejected Sequence Log Probabilities:     
                             -409.525 | Chosen Sequence Length: 481 | Rejected  
                             Sequence Length: 473.641 | NLL Loss: 0.893364 |    
                             Gradient Norm: 24.4179 | Data Epoch: 4 | Data Read 
                             Time: <1s | Elapsed Time: 4s | Wall Time: 1,821s | 
                             Learning Rate: 9.46763e-08 | Batch Size: 64 |      
                             Elements per Batch: 70,120 | Elements per Second:  
                             16,777 | Number of Examples: 64 | Number of        
                             Elements: 70,120 | Number of Target Elements:      
                             30,784 | Total Number of Examples: 20,560 | Total  
                             Number of Elements: 23,146,149 | Total Number of   
                             Target Elements: 10,111,581 | Peak Active Device   
                             Memory: 59.16 GiB | Peak Active Device Memory (%): 
                             75% | Peak Reserved Device Memory: 74.10 GiB | Peak
                             Reserved Device Memory (%): 94%                    
[07/18/25 15:03:51] INFO     fairseq2 - Train Metrics (step 323) - DPO Loss:    
                             0.0967752 | Chosen Sequence Log Probabilities:     
                             -434.062 | Rejected Sequence Log Probabilities:    
                             -414.875 | Chosen Sequence Length: 501.578 |       
                             Rejected Sequence Length: 473.766 | NLL Loss:      
                             0.864948 | Gradient Norm: 13.5482 | Data Epoch: 4 |
                             Data Read Time: <1s | Elapsed Time: 3s | Wall Time:
                             1,825s | Learning Rate: 9.46405e-08 | Batch Size:  
                             64 | Elements per Batch: 73,231 | Elements per     
                             Second: 18,380 | Number of Examples: 64 | Number of
                             Elements: 73,231 | Number of Target Elements:      
                             32,101 | Total Number of Examples: 20,624 | Total  
                             Number of Elements: 23,219,380 | Total Number of   
                             Target Elements: 10,143,682 | Peak Active Device   
                             Memory: 59.93 GiB | Peak Active Device Memory (%): 
                             76% | Peak Reserved Device Memory: 74.10 GiB | Peak
                             Reserved Device Memory (%): 94%                    
[07/18/25 15:03:55] INFO     fairseq2 - Train Metrics (step 324) - DPO Loss:    
                             0.134667 | Chosen Sequence Log Probabilities:      
                             -379.156 | Rejected Sequence Log Probabilities:    
                             -375.859 | Chosen Sequence Length: 432.656 |       
                             Rejected Sequence Length: 435.078 | NLL Loss:      
                             0.876489 | Gradient Norm: 14.3638 | Data Epoch: 4 |
                             Data Read Time: <1s | Elapsed Time: 4s | Wall Time:
                             1,830s | Learning Rate: 9.46045e-08 | Batch Size:  
                             64 | Elements per Batch: 68,937 | Elements per     
                             Second: 16,345 | Number of Examples: 64 | Number of
                             Elements: 68,937 | Number of Target Elements:      
                             27,690 | Total Number of Examples: 20,688 | Total  
                             Number of Elements: 23,288,317 | Total Number of   
                             Target Elements: 10,171,372 | Peak Active Device   
                             Memory: 58.92 GiB | Peak Active Device Memory (%): 
                             75% | Peak Reserved Device Memory: 74.10 GiB | Peak
                             Reserved Device Memory (%): 94%                    
[07/18/25 15:04:00] INFO     fairseq2 - Train Metrics (step 325) - DPO Loss:    
                             0.17031 | Chosen Sequence Log Probabilities:       
                             -443.688 | Rejected Sequence Log Probabilities:    
                             -380.648 | Chosen Sequence Length: 528.359 |       
                             Rejected Sequence Length: 481.688 | NLL Loss:      
                             0.83942 | Gradient Norm: 23.9698 | Data Epoch: 4 | 
                             Data Read Time: <1s | Elapsed Time: 4s | Wall Time:
                             1,834s | Learning Rate: 9.45684e-08 | Batch Size:  
                             64 | Elements per Batch: 68,814 | Elements per     
                             Second: 16,687 | Number of Examples: 64 | Number of
                             Elements: 68,814 | Number of Target Elements:      
                             33,815 | Total Number of Examples: 20,752 | Total  
                             Number of Elements: 23,357,131 | Total Number of   
                             Target Elements: 10,205,187 | Peak Active Device   
                             Memory: 59.99 GiB | Peak Active Device Memory (%): 
                             76% | Peak Reserved Device Memory: 74.10 GiB | Peak
                             Reserved Device Memory (%): 94%                    
[07/18/25 15:04:04] INFO     fairseq2 - Train Metrics (step 326) - DPO Loss:    
                             0.145012 | Chosen Sequence Log Probabilities:      
                             -411.016 | Rejected Sequence Log Probabilities:    
                             -389.031 | Chosen Sequence Length: 492.219 |       
                             Rejected Sequence Length: 540.891 | NLL Loss:      
                             0.835428 | Gradient Norm: 22.1374 | Data Epoch: 4 |
                             Data Read Time: <1s | Elapsed Time: 3s | Wall Time:
                             1,838s | Learning Rate: 9.45322e-08 | Batch Size:  
                             64 | Elements per Batch: 66,811 | Elements per     
                             Second: 17,142 | Number of Examples: 64 | Number of
                             Elements: 66,811 | Number of Target Elements:      
                             31,502 | Total Number of Examples: 20,816 | Total  
                             Number of Elements: 23,423,942 | Total Number of   
                             Target Elements: 10,236,689 | Peak Active Device   
                             Memory: 59.20 GiB | Peak Active Device Memory (%): 
                             75% | Peak Reserved Device Memory: 74.10 GiB | Peak
                             Reserved Device Memory (%): 94%                    
[07/18/25 15:04:08] INFO     fairseq2 - Train Metrics (step 327) - DPO Loss:    
                             0.116976 | Chosen Sequence Log Probabilities:      
                             -401.43 | Rejected Sequence Log Probabilities:     
                             -379.879 | Chosen Sequence Length: 464.766 |       
                             Rejected Sequence Length: 458.625 | NLL Loss:      
                             0.863801 | Gradient Norm: 17.4247 | Data Epoch: 4 |
                             Data Read Time: <1s | Elapsed Time: 4s | Wall Time:
                             1,842s | Learning Rate: 9.44959e-08 | Batch Size:  
                             64 | Elements per Batch: 68,873 | Elements per     
                             Second: 16,449 | Number of Examples: 64 | Number of
                             Elements: 68,873 | Number of Target Elements:      
                             29,745 | Total Number of Examples: 20,880 | Total  
                             Number of Elements: 23,492,815 | Total Number of   
                             Target Elements: 10,266,434 | Peak Active Device   
                             Memory: 59.15 GiB | Peak Active Device Memory (%): 
                             75% | Peak Reserved Device Memory: 74.10 GiB | Peak
                             Reserved Device Memory (%): 94%                    
[07/18/25 15:04:12] INFO     fairseq2 - Train Metrics (step 328) - DPO Loss:    
                             0.134483 | Chosen Sequence Log Probabilities:      
                             -428.562 | Rejected Sequence Log Probabilities:    
                             -408.246 | Chosen Sequence Length: 521.016 |       
                             Rejected Sequence Length: 510.938 | NLL Loss:      
                             0.822624 | Gradient Norm: 17.1693 | Data Epoch: 4 |
                             Data Read Time: <1s | Elapsed Time: 4s | Wall Time:
                             1,847s | Learning Rate: 9.44595e-08 | Batch Size:  
                             64 | Elements per Batch: 73,503 | Elements per     
                             Second: 16,843 | Number of Examples: 64 | Number of
                             Elements: 73,503 | Number of Target Elements:      
                             33,345 | Total Number of Examples: 20,944 | Total  
                             Number of Elements: 23,566,318 | Total Number of   
                             Target Elements: 10,299,779 | Peak Active Device   
                             Memory: 59.30 GiB | Peak Active Device Memory (%): 
                             75% | Peak Reserved Device Memory: 74.10 GiB | Peak
                             Reserved Device Memory (%): 94%                    
[07/18/25 15:04:16] INFO     fairseq2 - Train Metrics (step 329) - DPO Loss:    
                             0.0993663 | Chosen Sequence Log Probabilities:     
                             -444.865 | Rejected Sequence Log Probabilities:    
                             -404.266 | Chosen Sequence Length: 539.406 |       
                             Rejected Sequence Length: 586.031 | NLL Loss:      
                             0.824938 | Gradient Norm: 17.9219 | Data Epoch: 4 |
                             Data Read Time: <1s | Elapsed Time: 3s | Wall Time:
                             1,851s | Learning Rate: 9.44229e-08 | Batch Size:  
                             64 | Elements per Batch: 65,707 | Elements per     
                             Second: 17,646 | Number of Examples: 64 | Number of
                             Elements: 65,707 | Number of Target Elements:      
                             34,522 | Total Number of Examples: 21,008 | Total  
                             Number of Elements: 23,632,025 | Total Number of   
                             Target Elements: 10,334,301 | Peak Active Device   
                             Memory: 59.34 GiB | Peak Active Device Memory (%): 
                             75% | Peak Reserved Device Memory: 74.10 GiB | Peak
                             Reserved Device Memory (%): 94%                    
[07/18/25 15:04:21] INFO     fairseq2 - Train Metrics (step 330) - DPO Loss:    
                             0.100966 | Chosen Sequence Log Probabilities:      
                             -430.195 | Rejected Sequence Log Probabilities:    
                             -451.953 | Chosen Sequence Length: 503 | Rejected  
                             Sequence Length: 527.406 | NLL Loss: 0.855301 |    
                             Gradient Norm: 12.8268 | Data Epoch: 4 | Data Read 
                             Time: <1s | Elapsed Time: 4s | Wall Time: 1,855s | 
                             Learning Rate: 9.43863e-08 | Batch Size: 64 |      
                             Elements per Batch: 71,331 | Elements per Second:  
                             15,750 | Number of Examples: 64 | Number of        
                             Elements: 71,331 | Number of Target Elements:      
                             32,192 | Total Number of Examples: 21,072 | Total  
                             Number of Elements: 23,703,356 | Total Number of   
                             Target Elements: 10,366,493 | Peak Active Device   
                             Memory: 59.70 GiB | Peak Active Device Memory (%): 
                             76% | Peak Reserved Device Memory: 74.10 GiB | Peak
                             Reserved Device Memory (%): 94%                    
[07/18/25 15:04:25] INFO     fairseq2 - Train Metrics (step 331) - DPO Loss:    
                             0.129205 | Chosen Sequence Log Probabilities:      
                             -440.066 | Rejected Sequence Log Probabilities:    
                             -422.641 | Chosen Sequence Length: 526.016 |       
                             Rejected Sequence Length: 586.359 | NLL Loss:      
                             0.837053 | Gradient Norm: 17.405 | Data Epoch: 4 | 
                             Data Read Time: <1s | Elapsed Time: 4s | Wall Time:
                             1,860s | Learning Rate: 9.43495e-08 | Batch Size:  
                             64 | Elements per Batch: 81,178 | Elements per     
                             Second: 19,173 | Number of Examples: 64 | Number of
                             Elements: 81,178 | Number of Target Elements:      
                             33,665 | Total Number of Examples: 21,136 | Total  
                             Number of Elements: 23,784,534 | Total Number of   
                             Target Elements: 10,400,158 | Peak Active Device   
                             Memory: 59.61 GiB | Peak Active Device Memory (%): 
                             76% | Peak Reserved Device Memory: 74.10 GiB | Peak
                             Reserved Device Memory (%): 94%                    
[07/18/25 15:04:30] INFO     fairseq2 - Train Metrics (step 332) - DPO Loss:    
                             0.13143 | Chosen Sequence Log Probabilities:       
                             -436.789 | Rejected Sequence Log Probabilities:    
                             -398.348 | Chosen Sequence Length: 529.141 |       
                             Rejected Sequence Length: 485.125 | NLL Loss:      
                             0.825134 | Gradient Norm: 16.5458 | Data Epoch: 4 |
                             Data Read Time: <1s | Elapsed Time: 4s | Wall Time:
                             1,865s | Learning Rate: 9.43126e-08 | Batch Size:  
                             64 | Elements per Batch: 83,718 | Elements per     
                             Second: 17,008 | Number of Examples: 64 | Number of
                             Elements: 83,718 | Number of Target Elements:      
                             33,865 | Total Number of Examples: 21,200 | Total  
                             Number of Elements: 23,868,252 | Total Number of   
                             Target Elements: 10,434,023 | Peak Active Device   
                             Memory: 60.19 GiB | Peak Active Device Memory (%): 
                             77% | Peak Reserved Device Memory: 74.10 GiB | Peak
                             Reserved Device Memory (%): 94%                    
[07/18/25 15:04:35] INFO     fairseq2 - Train Metrics (step 333) - DPO Loss:    
                             0.107339 | Chosen Sequence Log Probabilities:      
                             -356.41 | Rejected Sequence Log Probabilities:     
                             -372.305 | Chosen Sequence Length: 422.484 |       
                             Rejected Sequence Length: 485.5 | NLL Loss:        
                             0.843473 | Gradient Norm: 13.703 | Data Epoch: 4 | 
                             Data Read Time: <1s | Elapsed Time: 4s | Wall Time:
                             1,869s | Learning Rate: 9.42757e-08 | Batch Size:  
                             64 | Elements per Batch: 76,011 | Elements per     
                             Second: 16,872 | Number of Examples: 64 | Number of
                             Elements: 76,011 | Number of Target Elements:      
                             27,039 | Total Number of Examples: 21,264 | Total  
                             Number of Elements: 23,944,263 | Total Number of   
                             Target Elements: 10,461,062 | Peak Active Device   
                             Memory: 59.31 GiB | Peak Active Device Memory (%): 
                             75% | Peak Reserved Device Memory: 74.10 GiB | Peak
                             Reserved Device Memory (%): 94%                    
[07/18/25 15:04:39] INFO     fairseq2 - Train Metrics (step 334) - DPO Loss:    
                             0.12657 | Chosen Sequence Log Probabilities:       
                             -485.998 | Rejected Sequence Log Probabilities:    
                             -428.418 | Chosen Sequence Length: 537.25 |        
                             Rejected Sequence Length: 514.641 | NLL Loss:      
                             0.904326 | Gradient Norm: 19.4256 | Data Epoch: 4 |
                             Data Read Time: <1s | Elapsed Time: 4s | Wall Time:
                             1,873s | Learning Rate: 9.42385e-08 | Batch Size:  
                             64 | Elements per Batch: 69,275 | Elements per     
                             Second: 16,145 | Number of Examples: 64 | Number of
                             Elements: 69,275 | Number of Target Elements:      
                             34,384 | Total Number of Examples: 21,328 | Total  
                             Number of Elements: 24,013,538 | Total Number of   
                             Target Elements: 10,495,446 | Peak Active Device   
                             Memory: 59.35 GiB | Peak Active Device Memory (%): 
                             75% | Peak Reserved Device Memory: 74.10 GiB | Peak
                             Reserved Device Memory (%): 94%                    
[07/18/25 15:04:44] INFO     fairseq2 - Train Metrics (step 335) - DPO Loss:    
                             0.119903 | Chosen Sequence Log Probabilities:      
                             -369.066 | Rejected Sequence Log Probabilities:    
                             -385.629 | Chosen Sequence Length: 439.75 |        
                             Rejected Sequence Length: 483.438 | NLL Loss:      
                             0.839298 | Gradient Norm: 21.2225 | Data Epoch: 4 |
                             Data Read Time: <1s | Elapsed Time: 4s | Wall Time:
                             1,878s | Learning Rate: 9.42013e-08 | Batch Size:  
                             64 | Elements per Batch: 72,983 | Elements per     
                             Second: 15,588 | Number of Examples: 64 | Number of
                             Elements: 72,983 | Number of Target Elements:      
                             28,144 | Total Number of Examples: 21,392 | Total  
                             Number of Elements: 24,086,521 | Total Number of   
                             Target Elements: 10,523,590 | Peak Active Device   
                             Memory: 59.17 GiB | Peak Active Device Memory (%): 
                             75% | Peak Reserved Device Memory: 74.10 GiB | Peak
                             Reserved Device Memory (%): 94%                    
[07/18/25 15:04:48] INFO     fairseq2 - Train Metrics (step 336) - DPO Loss:    
                             0.145741 | Chosen Sequence Log Probabilities:      
                             -405.777 | Rejected Sequence Log Probabilities:    
                             -386.285 | Chosen Sequence Length: 498.234 |       
                             Rejected Sequence Length: 503.547 | NLL Loss:      
                             0.814461 | Gradient Norm: 17.3706 | Data Epoch: 4 |
                             Data Read Time: <1s | Elapsed Time: 4s | Wall Time:
                             1,883s | Learning Rate: 9.4164e-08 | Batch Size: 64
                             | Elements per Batch: 73,446 | Elements per Second:
                             16,467 | Number of Examples: 64 | Number of        
                             Elements: 73,446 | Number of Target Elements:      
                             31,887 | Total Number of Examples: 21,456 | Total  
                             Number of Elements: 24,159,967 | Total Number of   
                             Target Elements: 10,555,477 | Peak Active Device   
                             Memory: 59.13 GiB | Peak Active Device Memory (%): 
                             75% | Peak Reserved Device Memory: 74.10 GiB | Peak
                             Reserved Device Memory (%): 94%                    
[07/18/25 15:04:53] INFO     fairseq2 - Train Metrics (step 337) - DPO Loss:    
                             0.139909 | Chosen Sequence Log Probabilities:      
                             -429.697 | Rejected Sequence Log Probabilities:    
                             -417.831 | Chosen Sequence Length: 507.031 |       
                             Rejected Sequence Length: 474.078 | NLL Loss:      
                             0.847293 | Gradient Norm: 20.4521 | Data Epoch: 4 |
                             Data Read Time: <1s | Elapsed Time: 4s | Wall Time:
                             1,887s | Learning Rate: 9.41266e-08 | Batch Size:  
                             64 | Elements per Batch: 69,695 | Elements per     
                             Second: 16,661 | Number of Examples: 64 | Number of
                             Elements: 69,695 | Number of Target Elements:      
                             32,450 | Total Number of Examples: 21,520 | Total  
                             Number of Elements: 24,229,662 | Total Number of   
                             Target Elements: 10,587,927 | Peak Active Device   
                             Memory: 59.68 GiB | Peak Active Device Memory (%): 
                             76% | Peak Reserved Device Memory: 74.10 GiB | Peak
                             Reserved Device Memory (%): 94%                    
[07/18/25 15:04:57] INFO     fairseq2 - Train Metrics (step 338) - DPO Loss:    
                             0.13748 | Chosen Sequence Log Probabilities:       
                             -426.551 | Rejected Sequence Log Probabilities:    
                             -390.309 | Chosen Sequence Length: 486.062 |       
                             Rejected Sequence Length: 463.719 | NLL Loss:      
                             0.877691 | Gradient Norm: 20.7025 | Data Epoch: 4 |
                             Data Read Time: <1s | Elapsed Time: 4s | Wall Time:
                             1,891s | Learning Rate: 9.4089e-08 | Batch Size: 64
                             | Elements per Batch: 76,928 | Elements per Second:
                             17,468 | Number of Examples: 64 | Number of        
                             Elements: 76,928 | Number of Target Elements:      
                             31,108 | Total Number of Examples: 21,584 | Total  
                             Number of Elements: 24,306,590 | Total Number of   
                             Target Elements: 10,619,035 | Peak Active Device   
                             Memory: 59.06 GiB | Peak Active Device Memory (%): 
                             75% | Peak Reserved Device Memory: 74.10 GiB | Peak
                             Reserved Device Memory (%): 94%                    
[07/18/25 15:05:01] INFO     fairseq2 - Train Metrics (step 339) - DPO Loss:    
                             0.190671 | Chosen Sequence Log Probabilities:      
                             -388.883 | Rejected Sequence Log Probabilities:    
                             -370.375 | Chosen Sequence Length: 481.328 |       
                             Rejected Sequence Length: 484.297 | NLL Loss:      
                             0.808094 | Gradient Norm: 29.0812 | Data Epoch: 4 |
                             Data Read Time: <1s | Elapsed Time: 3s | Wall Time:
                             1,895s | Learning Rate: 9.40513e-08 | Batch Size:  
                             64 | Elements per Batch: 68,579 | Elements per     
                             Second: 18,378 | Number of Examples: 64 | Number of
                             Elements: 68,579 | Number of Target Elements:      
                             30,805 | Total Number of Examples: 21,648 | Total  
                             Number of Elements: 24,375,169 | Total Number of   
                             Target Elements: 10,649,840 | Peak Active Device   
                             Memory: 59.10 GiB | Peak Active Device Memory (%): 
                             75% | Peak Reserved Device Memory: 74.10 GiB | Peak
                             Reserved Device Memory (%): 94%                    
[07/18/25 15:05:06] INFO     fairseq2 - Train Metrics (step 340) - DPO Loss:    
                             0.0871826 | Chosen Sequence Log Probabilities:     
                             -425.258 | Rejected Sequence Log Probabilities:    
                             -421.199 | Chosen Sequence Length: 459.344 |       
                             Rejected Sequence Length: 507.922 | NLL Loss:      
                             0.92642 | Gradient Norm: 12.0452 | Data Epoch: 4 | 
                             Data Read Time: <1s | Elapsed Time: 4s | Wall Time:
                             1,900s | Learning Rate: 9.40136e-08 | Batch Size:  
                             64 | Elements per Batch: 83,428 | Elements per     
                             Second: 18,511 | Number of Examples: 64 | Number of
                             Elements: 83,428 | Number of Target Elements:      
                             29,398 | Total Number of Examples: 21,712 | Total  
                             Number of Elements: 24,458,597 | Total Number of   
                             Target Elements: 10,679,238 | Peak Active Device   
                             Memory: 58.88 GiB | Peak Active Device Memory (%): 
                             75% | Peak Reserved Device Memory: 74.10 GiB | Peak
                             Reserved Device Memory (%): 94%                    
[07/18/25 15:05:10] INFO     fairseq2 - Train Metrics (step 341) - DPO Loss:    
                             0.139532 | Chosen Sequence Log Probabilities:      
                             -333.723 | Rejected Sequence Log Probabilities:    
                             -362.586 | Chosen Sequence Length: 454.281 |       
                             Rejected Sequence Length: 465.859 | NLL Loss:      
                             0.734644 | Gradient Norm: 24.7059 | Data Epoch: 4 |
                             Data Read Time: <1s | Elapsed Time: 4s | Wall Time:
                             1,904s | Learning Rate: 9.39757e-08 | Batch Size:  
                             64 | Elements per Batch: 84,117 | Elements per     
                             Second: 18,097 | Number of Examples: 64 | Number of
                             Elements: 84,117 | Number of Target Elements:      
                             29,074 | Total Number of Examples: 21,776 | Total  
                             Number of Elements: 24,542,714 | Total Number of   
                             Target Elements: 10,708,312 | Peak Active Device   
                             Memory: 59.36 GiB | Peak Active Device Memory (%): 
                             75% | Peak Reserved Device Memory: 74.10 GiB | Peak
                             Reserved Device Memory (%): 94%                    
[07/18/25 15:05:15] INFO     fairseq2 - Train Metrics (step 342) - DPO Loss:    
                             0.135838 | Chosen Sequence Log Probabilities:      
                             -383.547 | Rejected Sequence Log Probabilities:    
                             -387.145 | Chosen Sequence Length: 431.906 |       
                             Rejected Sequence Length: 444.859 | NLL Loss:      
                             0.888089 | Gradient Norm: 18.0324 | Data Epoch: 4 |
                             Data Read Time: <1s | Elapsed Time: 4s | Wall Time:
                             1,909s | Learning Rate: 9.39377e-08 | Batch Size:  
                             64 | Elements per Batch: 67,392 | Elements per     
                             Second: 15,105 | Number of Examples: 64 | Number of
                             Elements: 67,392 | Number of Target Elements:      
                             27,642 | Total Number of Examples: 21,840 | Total  
                             Number of Elements: 24,610,106 | Total Number of   
                             Target Elements: 10,735,954 | Peak Active Device   
                             Memory: 59.44 GiB | Peak Active Device Memory (%): 
                             76% | Peak Reserved Device Memory: 74.10 GiB | Peak
                             Reserved Device Memory (%): 94%                    
[07/18/25 15:05:19] INFO     fairseq2 - Train Metrics (step 343) - DPO Loss:    
                             0.0930403 | Chosen Sequence Log Probabilities:     
                             -428.888 | Rejected Sequence Log Probabilities:    
                             -405.805 | Chosen Sequence Length: 530.062 |       
                             Rejected Sequence Length: 532.531 | NLL Loss:      
                             0.80934 | Gradient Norm: 12.6093 | Data Epoch: 4 | 
                             Data Read Time: <1s | Elapsed Time: 4s | Wall Time:
                             1,913s | Learning Rate: 9.38996e-08 | Batch Size:  
                             64 | Elements per Batch: 78,202 | Elements per     
                             Second: 18,698 | Number of Examples: 64 | Number of
                             Elements: 78,202 | Number of Target Elements:      
                             33,924 | Total Number of Examples: 21,904 | Total  
                             Number of Elements: 24,688,308 | Total Number of   
                             Target Elements: 10,769,878 | Peak Active Device   
                             Memory: 59.01 GiB | Peak Active Device Memory (%): 
                             75% | Peak Reserved Device Memory: 74.10 GiB | Peak
                             Reserved Device Memory (%): 94%                    
[07/18/25 15:05:23] INFO     fairseq2 - Train Metrics (step 344) - DPO Loss:    
                             0.181332 | Chosen Sequence Log Probabilities:      
                             -336.891 | Rejected Sequence Log Probabilities:    
                             -378.508 | Chosen Sequence Length: 412.141 |       
                             Rejected Sequence Length: 411.078 | NLL Loss:      
                             0.81774 | Gradient Norm: 26.9606 | Data Epoch: 4 | 
                             Data Read Time: <1s | Elapsed Time: 3s | Wall Time:
                             1,917s | Learning Rate: 9.38613e-08 | Batch Size:  
                             64 | Elements per Batch: 64,998 | Elements per     
                             Second: 16,313 | Number of Examples: 64 | Number of
                             Elements: 64,998 | Number of Target Elements:      
                             26,377 | Total Number of Examples: 21,968 | Total  
                             Number of Elements: 24,753,306 | Total Number of   
                             Target Elements: 10,796,255 | Peak Active Device   
                             Memory: 59.16 GiB | Peak Active Device Memory (%): 
                             75% | Peak Reserved Device Memory: 74.10 GiB | Peak
                             Reserved Device Memory (%): 94%                    
[07/18/25 15:05:27] INFO     fairseq2 - Train Metrics (step 345) - DPO Loss:    
                             0.130301 | Chosen Sequence Log Probabilities:      
                             -396.031 | Rejected Sequence Log Probabilities:    
                             -386.484 | Chosen Sequence Length: 496.828 |       
                             Rejected Sequence Length: 504.938 | NLL Loss:      
                             0.796906 | Gradient Norm: 24.6974 | Data Epoch: 4 |
                             Data Read Time: <1s | Elapsed Time: 3s | Wall Time:
                             1,921s | Learning Rate: 9.3823e-08 | Batch Size: 64
                             | Elements per Batch: 65,114 | Elements per Second:
                             16,470 | Number of Examples: 64 | Number of        
                             Elements: 65,114 | Number of Target Elements:      
                             31,797 | Total Number of Examples: 22,032 | Total  
                             Number of Elements: 24,818,420 | Total Number of   
                             Target Elements: 10,828,052 | Peak Active Device   
                             Memory: 59.04 GiB | Peak Active Device Memory (%): 
                             75% | Peak Reserved Device Memory: 74.10 GiB | Peak
                             Reserved Device Memory (%): 94%                    
[07/18/25 15:05:32] INFO     fairseq2 - Train Metrics (step 346) - DPO Loss:    
                             0.119562 | Chosen Sequence Log Probabilities:      
                             -484.359 | Rejected Sequence Log Probabilities:    
                             -445.688 | Chosen Sequence Length: 500.766 |       
                             Rejected Sequence Length: 515.25 | NLL Loss:       
                             0.967168 | Gradient Norm: 48.9948 | Data Epoch: 4 |
                             Data Read Time: <1s | Elapsed Time: 4s | Wall Time:
                             1,926s | Learning Rate: 9.37846e-08 | Batch Size:  
                             64 | Elements per Batch: 79,816 | Elements per     
                             Second: 16,782 | Number of Examples: 64 | Number of
                             Elements: 79,816 | Number of Target Elements:      
                             32,049 | Total Number of Examples: 22,096 | Total  
                             Number of Elements: 24,898,236 | Total Number of   
                             Target Elements: 10,860,101 | Peak Active Device   
                             Memory: 59.24 GiB | Peak Active Device Memory (%): 
                             75% | Peak Reserved Device Memory: 74.10 GiB | Peak
                             Reserved Device Memory (%): 94%                    
[07/18/25 15:05:36] INFO     fairseq2 - Train Metrics (step 347) - DPO Loss:    
                             0.119944 | Chosen Sequence Log Probabilities:      
                             -423.48 | Rejected Sequence Log Probabilities:     
                             -408.891 | Chosen Sequence Length: 519.5 | Rejected
                             Sequence Length: 568.984 | NLL Loss: 0.814957 |    
                             Gradient Norm: 23.1439 | Data Epoch: 4 | Data Read 
                             Time: <1s | Elapsed Time: 3s | Wall Time: 1,930s | 
                             Learning Rate: 9.3746e-08 | Batch Size: 64 |       
                             Elements per Batch: 70,210 | Elements per Second:  
                             18,115 | Number of Examples: 64 | Number of        
                             Elements: 70,210 | Number of Target Elements:      
                             33,248 | Total Number of Examples: 22,160 | Total  
                             Number of Elements: 24,968,446 | Total Number of   
                             Target Elements: 10,893,349 | Peak Active Device   
                             Memory: 59.57 GiB | Peak Active Device Memory (%): 
                             76% | Peak Reserved Device Memory: 74.10 GiB | Peak
                             Reserved Device Memory (%): 94%                    
[07/18/25 15:05:40] INFO     fairseq2 - Train Metrics (step 348) - DPO Loss:    
                             0.115833 | Chosen Sequence Log Probabilities:      
                             -452.266 | Rejected Sequence Log Probabilities:    
                             -407.059 | Chosen Sequence Length: 492.25 |        
                             Rejected Sequence Length: 511.469 | NLL Loss:      
                             0.918989 | Gradient Norm: 18.4269 | Data Epoch: 4 |
                             Data Read Time: <1s | Elapsed Time: 3s | Wall Time:
                             1,934s | Learning Rate: 9.37073e-08 | Batch Size:  
                             64 | Elements per Batch: 58,226 | Elements per     
                             Second: 15,982 | Number of Examples: 64 | Number of
                             Elements: 58,226 | Number of Target Elements:      
                             31,504 | Total Number of Examples: 22,224 | Total  
                             Number of Elements: 25,026,672 | Total Number of   
                             Target Elements: 10,924,853 | Peak Active Device   
                             Memory: 59.48 GiB | Peak Active Device Memory (%): 
                             76% | Peak Reserved Device Memory: 74.10 GiB | Peak
                             Reserved Device Memory (%): 94%                    
[07/18/25 15:05:44] INFO     fairseq2 - Train Metrics (step 349) - DPO Loss:    
                             0.0717733 | Chosen Sequence Log Probabilities:     
                             -384.252 | Rejected Sequence Log Probabilities:    
                             -399.625 | Chosen Sequence Length: 486.547 |       
                             Rejected Sequence Length: 521.531 | NLL Loss:      
                             0.789606 | Gradient Norm: 11.7434 | Data Epoch: 4 |
                             Data Read Time: <1s | Elapsed Time: 4s | Wall Time:
                             1,938s | Learning Rate: 9.36686e-08 | Batch Size:  
                             64 | Elements per Batch: 71,621 | Elements per     
                             Second: 15,409 | Number of Examples: 64 | Number of
                             Elements: 71,621 | Number of Target Elements:      
                             31,139 | Total Number of Examples: 22,288 | Total  
                             Number of Elements: 25,098,293 | Total Number of   
                             Target Elements: 10,955,992 | Peak Active Device   
                             Memory: 59.38 GiB | Peak Active Device Memory (%): 
                             75% | Peak Reserved Device Memory: 74.10 GiB | Peak
                             Reserved Device Memory (%): 94%                    
[07/18/25 15:05:48] INFO     fairseq2 - Train Metrics (step 350) - DPO Loss:    
                             0.0868214 | Chosen Sequence Log Probabilities:     
                             -421.588 | Rejected Sequence Log Probabilities:    
                             -414.559 | Chosen Sequence Length: 453.047 |       
                             Rejected Sequence Length: 426.016 | NLL Loss:      
                             0.930545 | Gradient Norm: 11.9771 | Data Epoch: 4 |
                             Data Read Time: <1s | Elapsed Time: 4s | Wall Time:
                             1,943s | Learning Rate: 9.36297e-08 | Batch Size:  
                             64 | Elements per Batch: 63,974 | Elements per     
                             Second: 15,539 | Number of Examples: 64 | Number of
                             Elements: 63,974 | Number of Target Elements:      
                             28,995 | Total Number of Examples: 22,352 | Total  
                             Number of Elements: 25,162,267 | Total Number of   
                             Target Elements: 10,984,987 | Peak Active Device   
                             Memory: 59.12 GiB | Peak Active Device Memory (%): 
                             75% | Peak Reserved Device Memory: 74.10 GiB | Peak
                             Reserved Device Memory (%): 94%                    
[07/18/25 15:05:53] INFO     fairseq2 - Train Metrics (step 351) - DPO Loss:    
                             0.0984991 | Chosen Sequence Log Probabilities:     
                             -440.873 | Rejected Sequence Log Probabilities:    
                             -435.742 | Chosen Sequence Length: 555.875 |       
                             Rejected Sequence Length: 562.031 | NLL Loss:      
                             0.793066 | Gradient Norm: 15.801 | Data Epoch: 4 | 
                             Data Read Time: <1s | Elapsed Time: 4s | Wall Time:
                             1,947s | Learning Rate: 9.35907e-08 | Batch Size:  
                             64 | Elements per Batch: 71,100 | Elements per     
                             Second: 16,221 | Number of Examples: 64 | Number of
                             Elements: 71,100 | Number of Target Elements:      
                             35,576 | Total Number of Examples: 22,416 | Total  
                             Number of Elements: 25,233,367 | Total Number of   
                             Target Elements: 11,020,563 | Peak Active Device   
                             Memory: 59.25 GiB | Peak Active Device Memory (%): 
                             75% | Peak Reserved Device Memory: 74.10 GiB | Peak
                             Reserved Device Memory (%): 94%                    
[07/18/25 15:05:57] INFO     fairseq2 - Train Metrics (step 352) - DPO Loss:    
                             0.10006 | Chosen Sequence Log Probabilities:       
                             -392.047 | Rejected Sequence Log Probabilities:    
                             -406.789 | Chosen Sequence Length: 492.25 |        
                             Rejected Sequence Length: 481.688 | NLL Loss:      
                             0.79652 | Gradient Norm: 21.9357 | Data Epoch: 4 | 
                             Data Read Time: <1s | Elapsed Time: 4s | Wall Time:
                             1,951s | Learning Rate: 9.35516e-08 | Batch Size:  
                             64 | Elements per Batch: 68,245 | Elements per     
                             Second: 16,699 | Number of Examples: 64 | Number of
                             Elements: 68,245 | Number of Target Elements:      
                             31,504 | Total Number of Examples: 22,480 | Total  
                             Number of Elements: 25,301,612 | Total Number of   
                             Target Elements: 11,052,067 | Peak Active Device   
                             Memory: 58.83 GiB | Peak Active Device Memory (%): 
                             75% | Peak Reserved Device Memory: 74.10 GiB | Peak
                             Reserved Device Memory (%): 94%                    
[07/18/25 15:06:02] INFO     fairseq2 - Train Metrics (step 353) - DPO Loss:    
                             0.132071 | Chosen Sequence Log Probabilities:      
                             -358.66 | Rejected Sequence Log Probabilities:     
                             -329.477 | Chosen Sequence Length: 460.109 |       
                             Rejected Sequence Length: 497.797 | NLL Loss:      
                             0.779417 | Gradient Norm: 20.3546 | Data Epoch: 4 |
                             Data Read Time: <1s | Elapsed Time: 4s | Wall Time:
                             1,956s | Learning Rate: 9.35123e-08 | Batch Size:  
                             64 | Elements per Batch: 75,300 | Elements per     
                             Second: 16,288 | Number of Examples: 64 | Number of
                             Elements: 75,300 | Number of Target Elements:      
                             29,447 | Total Number of Examples: 22,544 | Total  
                             Number of Elements: 25,376,912 | Total Number of   
                             Target Elements: 11,081,514 | Peak Active Device   
                             Memory: 59.31 GiB | Peak Active Device Memory (%): 
                             75% | Peak Reserved Device Memory: 74.10 GiB | Peak
                             Reserved Device Memory (%): 94%                    
[07/18/25 15:06:06] INFO     fairseq2 - Train Metrics (step 354) - DPO Loss:    
                             0.111258 | Chosen Sequence Log Probabilities:      
                             -422.297 | Rejected Sequence Log Probabilities:    
                             -417.094 | Chosen Sequence Length: 564.594 |       
                             Rejected Sequence Length: 560.906 | NLL Loss:      
                             0.747975 | Gradient Norm: 21.2694 | Data Epoch: 4 |
                             Data Read Time: <1s | Elapsed Time: 4s | Wall Time:
                             1,961s | Learning Rate: 9.3473e-08 | Batch Size: 64
                             | Elements per Batch: 73,832 | Elements per Second:
                             16,131 | Number of Examples: 64 | Number of        
                             Elements: 73,832 | Number of Target Elements:      
                             36,134 | Total Number of Examples: 22,608 | Total  
                             Number of Elements: 25,450,744 | Total Number of   
                             Target Elements: 11,117,648 | Peak Active Device   
                             Memory: 59.00 GiB | Peak Active Device Memory (%): 
                             75% | Peak Reserved Device Memory: 74.10 GiB | Peak
                             Reserved Device Memory (%): 94%                    
[07/18/25 15:06:11] INFO     fairseq2 - Train Metrics (step 355) - DPO Loss:    
                             0.15278 | Chosen Sequence Log Probabilities:       
                             -420.828 | Rejected Sequence Log Probabilities:    
                             -396 | Chosen Sequence Length: 485.141 | Rejected  
                             Sequence Length: 475.719 | NLL Loss: 0.867413 |    
                             Gradient Norm: 21.0394 | Data Epoch: 4 | Data Read 
                             Time: <1s | Elapsed Time: 4s | Wall Time: 1,965s | 
                             Learning Rate: 9.34336e-08 | Batch Size: 64 |      
                             Elements per Batch: 72,305 | Elements per Second:  
                             16,787 | Number of Examples: 64 | Number of        
                             Elements: 72,305 | Number of Target Elements:      
                             31,049 | Total Number of Examples: 22,672 | Total  
                             Number of Elements: 25,523,049 | Total Number of   
                             Target Elements: 11,148,697 | Peak Active Device   
                             Memory: 58.93 GiB | Peak Active Device Memory (%): 
                             75% | Peak Reserved Device Memory: 74.10 GiB | Peak
                             Reserved Device Memory (%): 94%                    
[07/18/25 15:06:15] INFO     fairseq2 - Train Metrics (step 356) - DPO Loss:    
                             0.150237 | Chosen Sequence Log Probabilities:      
                             -397.082 | Rejected Sequence Log Probabilities:    
                             -386.641 | Chosen Sequence Length: 448.062 |       
                             Rejected Sequence Length: 442.172 | NLL Loss:      
                             0.886185 | Gradient Norm: 18.4983 | Data Epoch: 4 |
                             Data Read Time: <1s | Elapsed Time: 4s | Wall Time:
                             1,969s | Learning Rate: 9.3394e-08 | Batch Size: 64
                             | Elements per Batch: 69,146 | Elements per Second:
                             16,238 | Number of Examples: 64 | Number of        
                             Elements: 69,146 | Number of Target Elements:      
                             28,676 | Total Number of Examples: 22,736 | Total  
                             Number of Elements: 25,592,195 | Total Number of   
                             Target Elements: 11,177,373 | Peak Active Device   
                             Memory: 59.29 GiB | Peak Active Device Memory (%): 
                             75% | Peak Reserved Device Memory: 74.10 GiB | Peak
                             Reserved Device Memory (%): 94%                    
[07/18/25 15:06:19] INFO     fairseq2 - Train Metrics (step 357) - DPO Loss:    
                             0.127655 | Chosen Sequence Log Probabilities:      
                             -437.703 | Rejected Sequence Log Probabilities:    
                             -414.584 | Chosen Sequence Length: 505.875 |       
                             Rejected Sequence Length: 559.875 | NLL Loss:      
                             0.865286 | Gradient Norm: 16.739 | Data Epoch: 4 | 
                             Data Read Time: <1s | Elapsed Time: 4s | Wall Time:
                             1,974s | Learning Rate: 9.33543e-08 | Batch Size:  
                             64 | Elements per Batch: 69,938 | Elements per     
                             Second: 16,732 | Number of Examples: 64 | Number of
                             Elements: 69,938 | Number of Target Elements:      
                             32,376 | Total Number of Examples: 22,800 | Total  
                             Number of Elements: 25,662,133 | Total Number of   
                             Target Elements: 11,209,749 | Peak Active Device   
                             Memory: 59.18 GiB | Peak Active Device Memory (%): 
                             75% | Peak Reserved Device Memory: 74.10 GiB | Peak
                             Reserved Device Memory (%): 94%                    
[07/18/25 15:06:23] INFO     fairseq2 - Train Metrics (step 358) - DPO Loss:    
                             0.0971722 | Chosen Sequence Log Probabilities:     
                             -399.406 | Rejected Sequence Log Probabilities:    
                             -389.781 | Chosen Sequence Length: 505.953 |       
                             Rejected Sequence Length: 556.016 | NLL Loss:      
                             0.789503 | Gradient Norm: 14.8557 | Data Epoch: 4 |
                             Data Read Time: <1s | Elapsed Time: 3s | Wall Time:
                             1,977s | Learning Rate: 9.33146e-08 | Batch Size:  
                             64 | Elements per Batch: 65,936 | Elements per     
                             Second: 17,108 | Number of Examples: 64 | Number of
                             Elements: 65,936 | Number of Target Elements:      
                             32,381 | Total Number of Examples: 22,864 | Total  
                             Number of Elements: 25,728,069 | Total Number of   
                             Target Elements: 11,242,130 | Peak Active Device   
                             Memory: 59.85 GiB | Peak Active Device Memory (%): 
                             76% | Peak Reserved Device Memory: 74.10 GiB | Peak
                             Reserved Device Memory (%): 94%                    
[07/18/25 15:06:27] INFO     fairseq2 - Train Metrics (step 359) - DPO Loss:    
                             0.107476 | Chosen Sequence Log Probabilities:      
                             -415.723 | Rejected Sequence Log Probabilities:    
                             -414.266 | Chosen Sequence Length: 477.656 |       
                             Rejected Sequence Length: 509.516 | NLL Loss:      
                             0.870421 | Gradient Norm: 23.3367 | Data Epoch: 4 |
                             Data Read Time: <1s | Elapsed Time: 4s | Wall Time:
                             1,982s | Learning Rate: 9.32747e-08 | Batch Size:  
                             64 | Elements per Batch: 70,093 | Elements per     
                             Second: 17,274 | Number of Examples: 64 | Number of
                             Elements: 70,093 | Number of Target Elements:      
                             30,570 | Total Number of Examples: 22,928 | Total  
                             Number of Elements: 25,798,162 | Total Number of   
                             Target Elements: 11,272,700 | Peak Active Device   
                             Memory: 58.90 GiB | Peak Active Device Memory (%): 
                             75% | Peak Reserved Device Memory: 74.10 GiB | Peak
                             Reserved Device Memory (%): 94%                    
[07/18/25 15:06:32] INFO     fairseq2 - Train Metrics (step 360) - DPO Loss:    
                             0.111032 | Chosen Sequence Log Probabilities:      
                             -311.41 | Rejected Sequence Log Probabilities:     
                             -350.238 | Chosen Sequence Length: 397.828 |       
                             Rejected Sequence Length: 437.219 | NLL Loss:      
                             0.782915 | Gradient Norm: 17.5706 | Data Epoch: 4 |
                             Data Read Time: <1s | Elapsed Time: 4s | Wall Time:
                             1,986s | Learning Rate: 9.32347e-08 | Batch Size:  
                             64 | Elements per Batch: 69,016 | Elements per     
                             Second: 14,281 | Number of Examples: 64 | Number of
                             Elements: 69,016 | Number of Target Elements:      
                             25,461 | Total Number of Examples: 22,992 | Total  
                             Number of Elements: 25,867,178 | Total Number of   
                             Target Elements: 11,298,161 | Peak Active Device   
                             Memory: 59.04 GiB | Peak Active Device Memory (%): 
                             75% | Peak Reserved Device Memory: 74.10 GiB | Peak
                             Reserved Device Memory (%): 94%                    
[07/18/25 15:06:37] INFO     fairseq2 - Train Metrics (step 361) - DPO Loss:    
                             0.0823858 | Chosen Sequence Log Probabilities:     
                             -411.234 | Rejected Sequence Log Probabilities:    
                             -402.402 | Chosen Sequence Length: 516.578 |       
                             Rejected Sequence Length: 506.844 | NLL Loss:      
                             0.796199 | Gradient Norm: 16.1205 | Data Epoch: 4 |
                             Data Read Time: <1s | Elapsed Time: 4s | Wall Time:
                             1,991s | Learning Rate: 9.31946e-08 | Batch Size:  
                             64 | Elements per Batch: 72,783 | Elements per     
                             Second: 16,369 | Number of Examples: 64 | Number of
                             Elements: 72,783 | Number of Target Elements:      
                             33,061 | Total Number of Examples: 23,056 | Total  
                             Number of Elements: 25,939,961 | Total Number of   
                             Target Elements: 11,331,222 | Peak Active Device   
                             Memory: 59.21 GiB | Peak Active Device Memory (%): 
                             75% | Peak Reserved Device Memory: 74.10 GiB | Peak
                             Reserved Device Memory (%): 94%                    
[07/18/25 15:06:42] INFO     fairseq2 - Train Metrics (step 362) - DPO Loss:    
                             0.10538 | Chosen Sequence Log Probabilities:       
                             -414.336 | Rejected Sequence Log Probabilities:    
                             -408.113 | Chosen Sequence Length: 523.922 |       
                             Rejected Sequence Length: 532 | NLL Loss: 0.791028 
                             | Gradient Norm: 14.0711 | Data Epoch: 4 | Data    
                             Read Time: <1s | Elapsed Time: 5s | Wall Time:     
                             1,996s | Learning Rate: 9.31543e-08 | Batch Size:  
                             64 | Elements per Batch: 71,138 | Elements per     
                             Second: 14,063 | Number of Examples: 64 | Number of
                             Elements: 71,138 | Number of Target Elements:      
                             33,531 | Total Number of Examples: 23,120 | Total  
                             Number of Elements: 26,011,099 | Total Number of   
                             Target Elements: 11,364,753 | Peak Active Device   
                             Memory: 59.55 GiB | Peak Active Device Memory (%): 
                             76% | Peak Reserved Device Memory: 74.10 GiB | Peak
                             Reserved Device Memory (%): 94%                    
[07/18/25 15:06:46] INFO     fairseq2 - Train Metrics (step 363) - DPO Loss:    
                             0.124544 | Chosen Sequence Log Probabilities:      
                             -408.404 | Rejected Sequence Log Probabilities:    
                             -365.484 | Chosen Sequence Length: 503.578 |       
                             Rejected Sequence Length: 509.094 | NLL Loss:      
                             0.811514 | Gradient Norm: 15.2572 | Data Epoch: 4 |
                             Data Read Time: <1s | Elapsed Time: 4s | Wall Time:
                             2,001s | Learning Rate: 9.3114e-08 | Batch Size: 64
                             | Elements per Batch: 75,144 | Elements per Second:
                             16,829 | Number of Examples: 64 | Number of        
                             Elements: 75,144 | Number of Target Elements:      
                             32,229 | Total Number of Examples: 23,184 | Total  
                             Number of Elements: 26,086,243 | Total Number of   
                             Target Elements: 11,396,982 | Peak Active Device   
                             Memory: 59.31 GiB | Peak Active Device Memory (%): 
                             75% | Peak Reserved Device Memory: 74.10 GiB | Peak
                             Reserved Device Memory (%): 94%                    
[07/18/25 15:06:50] INFO     fairseq2 - Train Metrics (step 364) - DPO Loss:    
                             0.188013 | Chosen Sequence Log Probabilities:      
                             -452.402 | Rejected Sequence Log Probabilities:    
                             -408.168 | Chosen Sequence Length: 494.953 |       
                             Rejected Sequence Length: 472.984 | NLL Loss:      
                             0.914101 | Gradient Norm: 36.104 | Data Epoch: 4 | 
                             Data Read Time: <1s | Elapsed Time: 3s | Wall Time:
                             2,004s | Learning Rate: 9.30736e-08 | Batch Size:  
                             64 | Elements per Batch: 67,567 | Elements per     
                             Second: 17,907 | Number of Examples: 64 | Number of
                             Elements: 67,567 | Number of Target Elements:      
                             31,677 | Total Number of Examples: 23,248 | Total  
                             Number of Elements: 26,153,810 | Total Number of   
                             Target Elements: 11,428,659 | Peak Active Device   
                             Memory: 59.72 GiB | Peak Active Device Memory (%): 
                             76% | Peak Reserved Device Memory: 74.10 GiB | Peak
                             Reserved Device Memory (%): 94%                    
[07/18/25 15:06:55] INFO     fairseq2 - Train Metrics (step 365) - DPO Loss:    
                             0.0793617 | Chosen Sequence Log Probabilities:     
                             -427.609 | Rejected Sequence Log Probabilities:    
                             -452.836 | Chosen Sequence Length: 481.719 |       
                             Rejected Sequence Length: 580.766 | NLL Loss:      
                             0.887766 | Gradient Norm: 13.4289 | Data Epoch: 4 |
                             Data Read Time: <1s | Elapsed Time: 4s | Wall Time:
                             2,009s | Learning Rate: 9.3033e-08 | Batch Size: 64
                             | Elements per Batch: 67,487 | Elements per Second:
                             15,024 | Number of Examples: 64 | Number of        
                             Elements: 67,487 | Number of Target Elements:      
                             30,830 | Total Number of Examples: 23,312 | Total  
                             Number of Elements: 26,221,297 | Total Number of   
                             Target Elements: 11,459,489 | Peak Active Device   
                             Memory: 58.77 GiB | Peak Active Device Memory (%): 
                             75% | Peak Reserved Device Memory: 74.10 GiB | Peak
                             Reserved Device Memory (%): 94%                    
[07/18/25 15:07:00] INFO     fairseq2 - Train Metrics (step 366) - DPO Loss:    
                             0.120029 | Chosen Sequence Log Probabilities:      
                             -480.465 | Rejected Sequence Log Probabilities:    
                             -454.977 | Chosen Sequence Length: 544.328 |       
                             Rejected Sequence Length: 563.547 | NLL Loss:      
                             0.882482 | Gradient Norm: 13.4858 | Data Epoch: 4 |
                             Data Read Time: <1s | Elapsed Time: 4s | Wall Time:
                             2,014s | Learning Rate: 9.29924e-08 | Batch Size:  
                             64 | Elements per Batch: 80,008 | Elements per     
                             Second: 16,483 | Number of Examples: 64 | Number of
                             Elements: 80,008 | Number of Target Elements:      
                             34,837 | Total Number of Examples: 23,376 | Total  
                             Number of Elements: 26,301,305 | Total Number of   
                             Target Elements: 11,494,326 | Peak Active Device   
                             Memory: 59.80 GiB | Peak Active Device Memory (%): 
                             76% | Peak Reserved Device Memory: 74.10 GiB | Peak
                             Reserved Device Memory (%): 94%                    
[07/18/25 15:07:04] INFO     fairseq2 - Train Metrics (step 367) - DPO Loss:    
                             0.132746 | Chosen Sequence Log Probabilities:      
                             -417.412 | Rejected Sequence Log Probabilities:    
                             -414.09 | Chosen Sequence Length: 520.906 |        
                             Rejected Sequence Length: 538.203 | NLL Loss:      
                             0.801403 | Gradient Norm: 18.0297 | Data Epoch: 4 |
                             Data Read Time: <1s | Elapsed Time: 4s | Wall Time:
                             2,018s | Learning Rate: 9.29516e-08 | Batch Size:  
                             64 | Elements per Batch: 71,889 | Elements per     
                             Second: 17,187 | Number of Examples: 64 | Number of
                             Elements: 71,889 | Number of Target Elements:      
                             33,338 | Total Number of Examples: 23,440 | Total  
                             Number of Elements: 26,373,194 | Total Number of   
                             Target Elements: 11,527,664 | Peak Active Device   
                             Memory: 59.11 GiB | Peak Active Device Memory (%): 
                             75% | Peak Reserved Device Memory: 74.10 GiB | Peak
                             Reserved Device Memory (%): 94%                    
[07/18/25 15:07:08] INFO     fairseq2 - Train Metrics (step 368) - DPO Loss:    
                             0.178024 | Chosen Sequence Log Probabilities:      
                             -362.139 | Rejected Sequence Log Probabilities:    
                             -398.555 | Chosen Sequence Length: 506.281 |       
                             Rejected Sequence Length: 498.188 | NLL Loss:      
                             0.715356 | Gradient Norm: 30.1636 | Data Epoch: 4 |
                             Data Read Time: <1s | Elapsed Time: 4s | Wall Time:
                             2,023s | Learning Rate: 9.29108e-08 | Batch Size:  
                             64 | Elements per Batch: 76,965 | Elements per     
                             Second: 17,730 | Number of Examples: 64 | Number of
                             Elements: 76,965 | Number of Target Elements:      
                             32,402 | Total Number of Examples: 23,504 | Total  
                             Number of Elements: 26,450,159 | Total Number of   
                             Target Elements: 11,560,066 | Peak Active Device   
                             Memory: 58.94 GiB | Peak Active Device Memory (%): 
                             75% | Peak Reserved Device Memory: 74.10 GiB | Peak
                             Reserved Device Memory (%): 94%                    
[07/18/25 15:07:13] INFO     fairseq2 - Train Metrics (step 369) - DPO Loss:    
                             0.116881 | Chosen Sequence Log Probabilities:      
                             -380.449 | Rejected Sequence Log Probabilities:    
                             -386.24 | Chosen Sequence Length: 489.984 |        
                             Rejected Sequence Length: 497.281 | NLL Loss:      
                             0.77657 | Gradient Norm: 16.3164 | Data Epoch: 4 | 
                             Data Read Time: <1s | Elapsed Time: 4s | Wall Time:
                             2,028s | Learning Rate: 9.28698e-08 | Batch Size:  
                             64 | Elements per Batch: 73,771 | Elements per     
                             Second: 15,071 | Number of Examples: 64 | Number of
                             Elements: 73,771 | Number of Target Elements:      
                             31,359 | Total Number of Examples: 23,568 | Total  
                             Number of Elements: 26,523,930 | Total Number of   
                             Target Elements: 11,591,425 | Peak Active Device   
                             Memory: 58.96 GiB | Peak Active Device Memory (%): 
                             75% | Peak Reserved Device Memory: 74.10 GiB | Peak
                             Reserved Device Memory (%): 94%                    
[07/18/25 15:07:18] INFO     fairseq2 - Train Metrics (step 370) - DPO Loss:    
                             0.128193 | Chosen Sequence Log Probabilities:      
                             -770.887 | Rejected Sequence Log Probabilities:    
                             -428.145 | Chosen Sequence Length: 469.594 |       
                             Rejected Sequence Length: 503.734 | NLL Loss:      
                             1.64172 | Gradient Norm: 35.9067 | Data Epoch: 4 | 
                             Data Read Time: <1s | Elapsed Time: 4s | Wall Time:
                             2,032s | Learning Rate: 9.28287e-08 | Batch Size:  
                             64 | Elements per Batch: 68,242 | Elements per     
                             Second: 15,868 | Number of Examples: 64 | Number of
                             Elements: 68,242 | Number of Target Elements:      
                             30,054 | Total Number of Examples: 23,632 | Total  
                             Number of Elements: 26,592,172 | Total Number of   
                             Target Elements: 11,621,479 | Peak Active Device   
                             Memory: 59.30 GiB | Peak Active Device Memory (%): 
                             75% | Peak Reserved Device Memory: 74.10 GiB | Peak
                             Reserved Device Memory (%): 94%                    
[07/18/25 15:07:22] INFO     fairseq2 - Train Metrics (step 371) - DPO Loss:    
                             0.0912346 | Chosen Sequence Log Probabilities:     
                             -399.57 | Rejected Sequence Log Probabilities:     
                             -377.91 | Chosen Sequence Length: 520.094 |        
                             Rejected Sequence Length: 489.375 | NLL Loss:      
                             0.768384 | Gradient Norm: 11.1354 | Data Epoch: 4 |
                             Data Read Time: <1s | Elapsed Time: 4s | Wall Time:
                             2,036s | Learning Rate: 9.27875e-08 | Batch Size:  
                             64 | Elements per Batch: 71,600 | Elements per     
                             Second: 16,611 | Number of Examples: 64 | Number of
                             Elements: 71,600 | Number of Target Elements:      
                             33,286 | Total Number of Examples: 23,696 | Total  
                             Number of Elements: 26,663,772 | Total Number of   
                             Target Elements: 11,654,765 | Peak Active Device   
                             Memory: 58.96 GiB | Peak Active Device Memory (%): 
                             75% | Peak Reserved Device Memory: 74.10 GiB | Peak
                             Reserved Device Memory (%): 94%                    
[07/18/25 15:07:27] INFO     fairseq2 - Train Metrics (step 372) - DPO Loss:    
                             0.109199 | Chosen Sequence Log Probabilities:      
                             -362.302 | Rejected Sequence Log Probabilities:    
                             -414.996 | Chosen Sequence Length: 488.906 |       
                             Rejected Sequence Length: 488.266 | NLL Loss:      
                             0.74097 | Gradient Norm: 16.1425 | Data Epoch: 4 | 
                             Data Read Time: <1s | Elapsed Time: 4s | Wall Time:
                             2,041s | Learning Rate: 9.27462e-08 | Batch Size:  
                             64 | Elements per Batch: 72,466 | Elements per     
                             Second: 16,369 | Number of Examples: 64 | Number of
                             Elements: 72,466 | Number of Target Elements:      
                             31,290 | Total Number of Examples: 23,760 | Total  
                             Number of Elements: 26,736,238 | Total Number of   
                             Target Elements: 11,686,055 | Peak Active Device   
                             Memory: 59.43 GiB | Peak Active Device Memory (%): 
                             76% | Peak Reserved Device Memory: 74.10 GiB | Peak
                             Reserved Device Memory (%): 94%                    
[07/18/25 15:07:31] INFO     fairseq2 - Train Metrics (step 373) - DPO Loss:    
                             0.140094 | Chosen Sequence Log Probabilities:      
                             -392.755 | Rejected Sequence Log Probabilities:    
                             -388.556 | Chosen Sequence Length: 447.25 |        
                             Rejected Sequence Length: 442.891 | NLL Loss:      
                             0.877912 | Gradient Norm: 17.5489 | Data Epoch: 4 |
                             Data Read Time: <1s | Elapsed Time: 4s | Wall Time:
                             2,045s | Learning Rate: 9.27048e-08 | Batch Size:  
                             64 | Elements per Batch: 67,643 | Elements per     
                             Second: 16,417 | Number of Examples: 64 | Number of
                             Elements: 67,643 | Number of Target Elements:      
                             28,624 | Total Number of Examples: 23,824 | Total  
                             Number of Elements: 26,803,881 | Total Number of   
                             Target Elements: 11,714,679 | Peak Active Device   
                             Memory: 59.69 GiB | Peak Active Device Memory (%): 
                             76% | Peak Reserved Device Memory: 74.10 GiB | Peak
                             Reserved Device Memory (%): 94%                    
[07/18/25 15:07:35] INFO     fairseq2 - Train Metrics (step 374) - DPO Loss:    
                             0.125462 | Chosen Sequence Log Probabilities:      
                             -522.875 | Rejected Sequence Log Probabilities:    
                             -389.438 | Chosen Sequence Length: 525.734 |       
                             Rejected Sequence Length: 564.562 | NLL Loss:      
                             0.993595 | Gradient Norm: 27.7076 | Data Epoch: 4 |
                             Data Read Time: <1s | Elapsed Time: 4s | Wall Time:
                             2,049s | Learning Rate: 9.26632e-08 | Batch Size:  
                             64 | Elements per Batch: 68,546 | Elements per     
                             Second: 16,709 | Number of Examples: 64 | Number of
                             Elements: 68,546 | Number of Target Elements:      
                             33,647 | Total Number of Examples: 23,888 | Total  
                             Number of Elements: 26,872,427 | Total Number of   
                             Target Elements: 11,748,326 | Peak Active Device   
                             Memory: 59.34 GiB | Peak Active Device Memory (%): 
                             75% | Peak Reserved Device Memory: 74.10 GiB | Peak
                             Reserved Device Memory (%): 94%                    
[07/18/25 15:07:39] INFO     fairseq2 - Train Metrics (step 375) - DPO Loss:    
                             0.108873 | Chosen Sequence Log Probabilities:      
                             -413.855 | Rejected Sequence Log Probabilities:    
                             -411.262 | Chosen Sequence Length: 474.875 |       
                             Rejected Sequence Length: 462.125 | NLL Loss:      
                             0.871548 | Gradient Norm: 15.0065 | Data Epoch: 4 |
                             Data Read Time: <1s | Elapsed Time: 4s | Wall Time:
                             2,053s | Learning Rate: 9.26216e-08 | Batch Size:  
                             64 | Elements per Batch: 72,907 | Elements per     
                             Second: 17,294 | Number of Examples: 64 | Number of
                             Elements: 72,907 | Number of Target Elements:      
                             30,392 | Total Number of Examples: 23,952 | Total  
                             Number of Elements: 26,945,334 | Total Number of   
                             Target Elements: 11,778,718 | Peak Active Device   
                             Memory: 59.23 GiB | Peak Active Device Memory (%): 
                             75% | Peak Reserved Device Memory: 74.10 GiB | Peak
                             Reserved Device Memory (%): 94%                    
[07/18/25 15:07:43] INFO     fairseq2 - Train Metrics (step 376) - DPO Loss:    
                             0.093703 | Chosen Sequence Log Probabilities:      
                             -460.375 | Rejected Sequence Log Probabilities:    
                             -451.641 | Chosen Sequence Length: 511.531 |       
                             Rejected Sequence Length: 537.734 | NLL Loss:      
                             0.899835 | Gradient Norm: 16.0179 | Data Epoch: 4 |
                             Data Read Time: <1s | Elapsed Time: 4s | Wall Time:
                             2,058s | Learning Rate: 9.25798e-08 | Batch Size:  
                             64 | Elements per Batch: 73,563 | Elements per     
                             Second: 17,489 | Number of Examples: 64 | Number of
                             Elements: 73,563 | Number of Target Elements:      
                             32,738 | Total Number of Examples: 24,016 | Total  
                             Number of Elements: 27,018,897 | Total Number of   
                             Target Elements: 11,811,456 | Peak Active Device   
                             Memory: 58.98 GiB | Peak Active Device Memory (%): 
                             75% | Peak Reserved Device Memory: 74.10 GiB | Peak
                             Reserved Device Memory (%): 94%                    
[07/18/25 15:07:48] INFO     fairseq2 - Train Metrics (step 377) - DPO Loss:    
                             0.115439 | Chosen Sequence Log Probabilities:      
                             -433.375 | Rejected Sequence Log Probabilities:    
                             -427.5 | Chosen Sequence Length: 488.938 | Rejected
                             Sequence Length: 459.891 | NLL Loss: 0.886072 |    
                             Gradient Norm: 19.3943 | Data Epoch: 4 | Data Read 
                             Time: <1s | Elapsed Time: 4s | Wall Time: 2,062s | 
                             Learning Rate: 9.2538e-08 | Batch Size: 64 |       
                             Elements per Batch: 71,136 | Elements per Second:  
                             16,229 | Number of Examples: 64 | Number of        
                             Elements: 71,136 | Number of Target Elements:      
                             31,292 | Total Number of Examples: 24,080 | Total  
                             Number of Elements: 27,090,033 | Total Number of   
                             Target Elements: 11,842,748 | Peak Active Device   
                             Memory: 60.12 GiB | Peak Active Device Memory (%): 
                             76% | Peak Reserved Device Memory: 74.10 GiB | Peak
                             Reserved Device Memory (%): 94%                    
[07/18/25 15:07:52] INFO     fairseq2 - Train Metrics (step 378) - DPO Loss:    
                             0.0764557 | Chosen Sequence Log Probabilities:     
                             -431.547 | Rejected Sequence Log Probabilities:    
                             -371.516 | Chosen Sequence Length: 473.859 |       
                             Rejected Sequence Length: 496 | NLL Loss: 0.910658 
                             | Gradient Norm: 10.3758 | Data Epoch: 4 | Data    
                             Read Time: <1s | Elapsed Time: 4s | Wall Time:     
                             2,067s | Learning Rate: 9.2496e-08 | Batch Size: 64
                             | Elements per Batch: 62,798 | Elements per Second:
                             14,279 | Number of Examples: 64 | Number of        
                             Elements: 62,798 | Number of Target Elements:      
                             30,327 | Total Number of Examples: 24,144 | Total  
                             Number of Elements: 27,152,831 | Total Number of   
                             Target Elements: 11,873,075 | Peak Active Device   
                             Memory: 59.88 GiB | Peak Active Device Memory (%): 
                             76% | Peak Reserved Device Memory: 74.10 GiB | Peak
                             Reserved Device Memory (%): 94%                    
[07/18/25 15:07:57] INFO     fairseq2 - Train Metrics (step 379) - DPO Loss:    
                             0.141883 | Chosen Sequence Log Probabilities:      
                             -390.578 | Rejected Sequence Log Probabilities:    
                             -377.355 | Chosen Sequence Length: 448.953 |       
                             Rejected Sequence Length: 471.312 | NLL Loss:      
                             0.870115 | Gradient Norm: 15.9664 | Data Epoch: 4 |
                             Data Read Time: <1s | Elapsed Time: 4s | Wall Time:
                             2,071s | Learning Rate: 9.2454e-08 | Batch Size: 64
                             | Elements per Batch: 66,640 | Elements per Second:
                             15,446 | Number of Examples: 64 | Number of        
                             Elements: 66,640 | Number of Target Elements:      
                             28,733 | Total Number of Examples: 24,208 | Total  
                             Number of Elements: 27,219,471 | Total Number of   
                             Target Elements: 11,901,808 | Peak Active Device   
                             Memory: 59.66 GiB | Peak Active Device Memory (%): 
                             76% | Peak Reserved Device Memory: 74.10 GiB | Peak
                             Reserved Device Memory (%): 94%                    
[07/18/25 15:08:01] INFO     fairseq2 - Train Metrics (step 380) - DPO Loss:    
                             0.168094 | Chosen Sequence Log Probabilities:      
                             -376.738 | Rejected Sequence Log Probabilities:    
                             -379.871 | Chosen Sequence Length: 429.234 |       
                             Rejected Sequence Length: 462.203 | NLL Loss:      
                             0.877603 | Gradient Norm: 14.8363 | Data Epoch: 4 |
                             Data Read Time: <1s | Elapsed Time: 4s | Wall Time:
                             2,075s | Learning Rate: 9.24118e-08 | Batch Size:  
                             64 | Elements per Batch: 75,458 | Elements per     
                             Second: 18,509 | Number of Examples: 64 | Number of
                             Elements: 75,458 | Number of Target Elements:      
                             27,471 | Total Number of Examples: 24,272 | Total  
                             Number of Elements: 27,294,929 | Total Number of   
                             Target Elements: 11,929,279 | Peak Active Device   
                             Memory: 59.65 GiB | Peak Active Device Memory (%): 
                             76% | Peak Reserved Device Memory: 74.10 GiB | Peak
                             Reserved Device Memory (%): 94%                    
[07/18/25 15:08:05] INFO     fairseq2 - Train Metrics (step 381) - DPO Loss:    
                             0.120405 | Chosen Sequence Log Probabilities:      
                             -449.316 | Rejected Sequence Log Probabilities:    
                             -409.746 | Chosen Sequence Length: 474.344 |       
                             Rejected Sequence Length: 491.859 | NLL Loss:      
                             0.94705 | Gradient Norm: 19.4289 | Data Epoch: 4 | 
                             Data Read Time: <1s | Elapsed Time: 4s | Wall Time:
                             2,080s | Learning Rate: 9.23695e-08 | Batch Size:  
                             64 | Elements per Batch: 67,120 | Elements per     
                             Second: 14,886 | Number of Examples: 64 | Number of
                             Elements: 67,120 | Number of Target Elements:      
                             30,358 | Total Number of Examples: 24,336 | Total  
                             Number of Elements: 27,362,049 | Total Number of   
                             Target Elements: 11,959,637 | Peak Active Device   
                             Memory: 58.95 GiB | Peak Active Device Memory (%): 
                             75% | Peak Reserved Device Memory: 74.10 GiB | Peak
                             Reserved Device Memory (%): 94%                    
[07/18/25 15:08:10] INFO     fairseq2 - Train Metrics (step 382) - DPO Loss:    
                             0.112077 | Chosen Sequence Log Probabilities:      
                             -434.379 | Rejected Sequence Log Probabilities:    
                             -422.164 | Chosen Sequence Length: 518.172 |       
                             Rejected Sequence Length: 538.016 | NLL Loss:      
                             0.838292 | Gradient Norm: 18.9533 | Data Epoch: 4 |
                             Data Read Time: <1s | Elapsed Time: 4s | Wall Time:
                             2,084s | Learning Rate: 9.23271e-08 | Batch Size:  
                             64 | Elements per Batch: 69,630 | Elements per     
                             Second: 16,788 | Number of Examples: 64 | Number of
                             Elements: 69,630 | Number of Target Elements:      
                             33,163 | Total Number of Examples: 24,400 | Total  
                             Number of Elements: 27,431,679 | Total Number of   
                             Target Elements: 11,992,800 | Peak Active Device   
                             Memory: 59.29 GiB | Peak Active Device Memory (%): 
                             75% | Peak Reserved Device Memory: 74.10 GiB | Peak
                             Reserved Device Memory (%): 94%                    
[07/18/25 15:08:15] INFO     fairseq2 - Train Metrics (step 383) - DPO Loss:    
                             0.108389 | Chosen Sequence Log Probabilities:      
                             -388.301 | Rejected Sequence Log Probabilities:    
                             -417.199 | Chosen Sequence Length: 522.047 |       
                             Rejected Sequence Length: 480.484 | NLL Loss:      
                             0.743857 | Gradient Norm: 16.8905 | Data Epoch: 4 |
                             Data Read Time: <1s | Elapsed Time: 5s | Wall Time:
                             2,089s | Learning Rate: 9.22846e-08 | Batch Size:  
                             64 | Elements per Batch: 93,105 | Elements per     
                             Second: 18,187 | Number of Examples: 64 | Number of
                             Elements: 93,105 | Number of Target Elements:      
                             33,411 | Total Number of Examples: 24,464 | Total  
                             Number of Elements: 27,524,784 | Total Number of   
                             Target Elements: 12,026,211 | Peak Active Device   
                             Memory: 59.32 GiB | Peak Active Device Memory (%): 
                             75% | Peak Reserved Device Memory: 74.10 GiB | Peak
                             Reserved Device Memory (%): 94%                    
[07/18/25 15:08:18] INFO     fairseq2 - Train Metrics (step 384) - DPO Loss:    
                             0.143866 | Chosen Sequence Log Probabilities:      
                             -425.297 | Rejected Sequence Log Probabilities:    
                             -417.875 | Chosen Sequence Length: 493.542 |       
                             Rejected Sequence Length: 485.021 | NLL Loss:      
                             0.861783 | Gradient Norm: 19.6466 | Data Epoch: 4 |
                             Data Read Time: <1s | Elapsed Time: 2s | Wall Time:
                             2,092s | Learning Rate: 9.2242e-08 | Batch Size: 48
                             | Elements per Batch: 55,322 | Elements per Second:
                             19,299 | Number of Examples: 48 | Number of        
                             Elements: 55,322 | Number of Target Elements:      
                             23,690 | Total Number of Examples: 24,512 | Total  
                             Number of Elements: 27,580,106 | Total Number of   
                             Target Elements: 12,049,901 | Peak Active Device   
                             Memory: 59.16 GiB | Peak Active Device Memory (%): 
                             75% | Peak Reserved Device Memory: 74.10 GiB | Peak
                             Reserved Device Memory (%): 94%                    
                    INFO     fairseq2 - End of epoch 4 reached at training step 
                             385.                                               
                    INFO     fairseq2 - Saving checkpoint after step 384.       
[07/18/25 15:08:24] INFO     fairseq2 - Saving the trainer state.               
[07/18/25 15:08:32] INFO     fairseq2 - Trainer state saved.                    
                    INFO     fairseq2 - Saving the model.                       
                    INFO     fairseq2 - Extracting the consolidated FSDP model  
                             state on rank 0.                                   
[07/18/25 15:09:09] INFO     fairseq2 - Model state extracted.                  
[07/18/25 15:10:12] INFO     fairseq2 - Model saved.                            
                    INFO     fairseq2 - Checkpoint complete.                    
[07/18/25 15:10:20] INFO     fairseq2 - Train Metrics (step 385) - DPO Loss:    
                             0.099736 | Chosen Sequence Log Probabilities:      
                             -384.744 | Rejected Sequence Log Probabilities:    
                             -385.891 | Chosen Sequence Length: 473.297 |       
                             Rejected Sequence Length: 434.344 | NLL Loss:      
                             0.81296 | Gradient Norm: 13.6666 | Data Epoch: 5 | 
                             Data Read Time: 1s | Elapsed Time: 7s | Wall Time: 
                             2,214s | Learning Rate: 9.21993e-08 | Batch Size:  
                             64 | Elements per Batch: 74,986 | Elements per     
                             Second: 9,416 | Number of Examples: 64 | Number of 
                             Elements: 74,986 | Number of Target Elements:      
                             30,291 | Total Number of Examples: 24,576 | Total  
                             Number of Elements: 27,655,092 | Total Number of   
                             Target Elements: 12,080,192 | Peak Active Device   
                             Memory: 59.52 GiB | Peak Active Device Memory (%): 
                             76% | Peak Reserved Device Memory: 74.10 GiB | Peak
                             Reserved Device Memory (%): 94%                    
[07/18/25 15:10:25] INFO     fairseq2 - Train Metrics (step 386) - DPO Loss:    
                             0.0727203 | Chosen Sequence Log Probabilities:     
                             -433.875 | Rejected Sequence Log Probabilities:    
                             -428.73 | Chosen Sequence Length: 518 | Rejected   
                             Sequence Length: 529.531 | NLL Loss: 0.837651 |    
                             Gradient Norm: 12.5129 | Data Epoch: 5 | Data Read 
                             Time: <1s | Elapsed Time: 4s | Wall Time: 2,219s | 
                             Learning Rate: 9.21565e-08 | Batch Size: 64 |      
                             Elements per Batch: 66,225 | Elements per Second:  
                             14,254 | Number of Examples: 64 | Number of        
                             Elements: 66,225 | Number of Target Elements:      
                             33,152 | Total Number of Examples: 24,640 | Total  
                             Number of Elements: 27,721,317 | Total Number of   
                             Target Elements: 12,113,344 | Peak Active Device   
                             Memory: 59.22 GiB | Peak Active Device Memory (%): 
                             75% | Peak Reserved Device Memory: 74.10 GiB | Peak
                             Reserved Device Memory (%): 94%                    
[07/18/25 15:10:29] INFO     fairseq2 - Train Metrics (step 387) - DPO Loss:    
                             0.135499 | Chosen Sequence Log Probabilities:      
                             -451.391 | Rejected Sequence Log Probabilities:    
                             -430.367 | Chosen Sequence Length: 508.969 |       
                             Rejected Sequence Length: 553.344 | NLL Loss:      
                             0.88683 | Gradient Norm: 18.8222 | Data Epoch: 5 | 
                             Data Read Time: <1s | Elapsed Time: 4s | Wall Time:
                             2,223s | Learning Rate: 9.21135e-08 | Batch Size:  
                             64 | Elements per Batch: 73,129 | Elements per     
                             Second: 16,512 | Number of Examples: 64 | Number of
                             Elements: 73,129 | Number of Target Elements:      
                             32,574 | Total Number of Examples: 24,704 | Total  
                             Number of Elements: 27,794,446 | Total Number of   
                             Target Elements: 12,145,918 | Peak Active Device   
                             Memory: 59.65 GiB | Peak Active Device Memory (%): 
                             76% | Peak Reserved Device Memory: 74.10 GiB | Peak
                             Reserved Device Memory (%): 94%                    
[07/18/25 15:10:33] INFO     fairseq2 - Train Metrics (step 388) - DPO Loss:    
                             0.0959262 | Chosen Sequence Log Probabilities:     
                             -412.773 | Rejected Sequence Log Probabilities:    
                             -363.824 | Chosen Sequence Length: 451.312 |       
                             Rejected Sequence Length: 482.141 | NLL Loss:      
                             0.914525 | Gradient Norm: 12.171 | Data Epoch: 5 | 
                             Data Read Time: <1s | Elapsed Time: 4s | Wall Time:
                             2,227s | Learning Rate: 9.20705e-08 | Batch Size:  
                             64 | Elements per Batch: 67,092 | Elements per     
                             Second: 16,737 | Number of Examples: 64 | Number of
                             Elements: 67,092 | Number of Target Elements:      
                             28,884 | Total Number of Examples: 24,768 | Total  
                             Number of Elements: 27,861,538 | Total Number of   
                             Target Elements: 12,174,802 | Peak Active Device   
                             Memory: 59.36 GiB | Peak Active Device Memory (%): 
                             75% | Peak Reserved Device Memory: 74.10 GiB | Peak
                             Reserved Device Memory (%): 94%                    
[07/18/25 15:10:38] INFO     fairseq2 - Train Metrics (step 389) - DPO Loss:    
                             0.0947374 | Chosen Sequence Log Probabilities:     
                             -399.266 | Rejected Sequence Log Probabilities:    
                             -381.906 | Chosen Sequence Length: 533.016 |       
                             Rejected Sequence Length: 505.391 | NLL Loss:      
                             0.748945 | Gradient Norm: 15.5518 | Data Epoch: 5 |
                             Data Read Time: <1s | Elapsed Time: 5s | Wall Time:
                             2,233s | Learning Rate: 9.20274e-08 | Batch Size:  
                             64 | Elements per Batch: 82,044 | Elements per     
                             Second: 16,216 | Number of Examples: 64 | Number of
                             Elements: 82,044 | Number of Target Elements:      
                             34,113 | Total Number of Examples: 24,832 | Total  
                             Number of Elements: 27,943,582 | Total Number of   
                             Target Elements: 12,208,915 | Peak Active Device   
                             Memory: 58.92 GiB | Peak Active Device Memory (%): 
                             75% | Peak Reserved Device Memory: 74.10 GiB | Peak
                             Reserved Device Memory (%): 94%                    
[07/18/25 15:10:43] INFO     fairseq2 - Train Metrics (step 390) - DPO Loss:    
                             0.0610858 | Chosen Sequence Log Probabilities:     
                             -425.434 | Rejected Sequence Log Probabilities:    
                             -447.324 | Chosen Sequence Length: 534.156 |       
                             Rejected Sequence Length: 534.469 | NLL Loss:      
                             0.796314 | Gradient Norm: 17.3931 | Data Epoch: 5 |
                             Data Read Time: <1s | Elapsed Time: 4s | Wall Time:
                             2,237s | Learning Rate: 9.19841e-08 | Batch Size:  
                             64 | Elements per Batch: 74,600 | Elements per     
                             Second: 18,115 | Number of Examples: 64 | Number of
                             Elements: 74,600 | Number of Target Elements:      
                             34,186 | Total Number of Examples: 24,896 | Total  
                             Number of Elements: 28,018,182 | Total Number of   
                             Target Elements: 12,243,101 | Peak Active Device   
                             Memory: 59.52 GiB | Peak Active Device Memory (%): 
                             76% | Peak Reserved Device Memory: 74.10 GiB | Peak
                             Reserved Device Memory (%): 94%                    
[07/18/25 15:10:47] INFO     fairseq2 - Train Metrics (step 391) - DPO Loss:    
                             0.168657 | Chosen Sequence Log Probabilities:      
                             -366.75 | Rejected Sequence Log Probabilities:     
                             -362.07 | Chosen Sequence Length: 482.719 |        
                             Rejected Sequence Length: 474.25 | NLL Loss:       
                             0.759661 | Gradient Norm: 38.0668 | Data Epoch: 5 |
                             Data Read Time: <1s | Elapsed Time: 4s | Wall Time:
                             2,241s | Learning Rate: 9.19408e-08 | Batch Size:  
                             64 | Elements per Batch: 74,294 | Elements per     
                             Second: 15,995 | Number of Examples: 64 | Number of
                             Elements: 74,294 | Number of Target Elements:      
                             30,894 | Total Number of Examples: 24,960 | Total  
                             Number of Elements: 28,092,476 | Total Number of   
                             Target Elements: 12,273,995 | Peak Active Device   
                             Memory: 59.60 GiB | Peak Active Device Memory (%): 
                             76% | Peak Reserved Device Memory: 74.10 GiB | Peak
                             Reserved Device Memory (%): 94%                    
[07/18/25 15:10:52] INFO     fairseq2 - Train Metrics (step 392) - DPO Loss:    
                             0.062341 | Chosen Sequence Log Probabilities:      
                             -464.961 | Rejected Sequence Log Probabilities:    
                             -460.867 | Chosen Sequence Length: 544.688 |       
                             Rejected Sequence Length: 515.625 | NLL Loss:      
                             0.854223 | Gradient Norm: 9.99373 | Data Epoch: 5 |
                             Data Read Time: <1s | Elapsed Time: 4s | Wall Time:
                             2,246s | Learning Rate: 9.18973e-08 | Batch Size:  
                             64 | Elements per Batch: 81,537 | Elements per     
                             Second: 18,394 | Number of Examples: 64 | Number of
                             Elements: 81,537 | Number of Target Elements:      
                             34,860 | Total Number of Examples: 25,024 | Total  
                             Number of Elements: 28,174,013 | Total Number of   
                             Target Elements: 12,308,855 | Peak Active Device   
                             Memory: 59.37 GiB | Peak Active Device Memory (%): 
                             75% | Peak Reserved Device Memory: 74.10 GiB | Peak
                             Reserved Device Memory (%): 94%                    
[07/18/25 15:10:56] INFO     fairseq2 - Train Metrics (step 393) - DPO Loss:    
                             0.160892 | Chosen Sequence Log Probabilities:      
                             -398.941 | Rejected Sequence Log Probabilities:    
                             -365.641 | Chosen Sequence Length: 510.641 |       
                             Rejected Sequence Length: 529.406 | NLL Loss:      
                             0.781015 | Gradient Norm: 16.9458 | Data Epoch: 5 |
                             Data Read Time: <1s | Elapsed Time: 4s | Wall Time:
                             2,251s | Learning Rate: 9.18537e-08 | Batch Size:  
                             64 | Elements per Batch: 76,903 | Elements per     
                             Second: 16,551 | Number of Examples: 64 | Number of
                             Elements: 76,903 | Number of Target Elements:      
                             32,681 | Total Number of Examples: 25,088 | Total  
                             Number of Elements: 28,250,916 | Total Number of   
                             Target Elements: 12,341,536 | Peak Active Device   
                             Memory: 59.11 GiB | Peak Active Device Memory (%): 
                             75% | Peak Reserved Device Memory: 74.10 GiB | Peak
                             Reserved Device Memory (%): 94%                    
[07/18/25 15:11:01] INFO     fairseq2 - Train Metrics (step 394) - DPO Loss:    
                             0.126304 | Chosen Sequence Log Probabilities:      
                             -370.107 | Rejected Sequence Log Probabilities:    
                             -373.996 | Chosen Sequence Length: 399.453 |       
                             Rejected Sequence Length: 420.219 | NLL Loss:      
                             0.926458 | Gradient Norm: 19.6734 | Data Epoch: 5 |
                             Data Read Time: <1s | Elapsed Time: 4s | Wall Time:
                             2,255s | Learning Rate: 9.18101e-08 | Batch Size:  
                             64 | Elements per Batch: 66,158 | Elements per     
                             Second: 15,232 | Number of Examples: 64 | Number of
                             Elements: 66,158 | Number of Target Elements:      
                             25,565 | Total Number of Examples: 25,152 | Total  
                             Number of Elements: 28,317,074 | Total Number of   
                             Target Elements: 12,367,101 | Peak Active Device   
                             Memory: 58.96 GiB | Peak Active Device Memory (%): 
                             75% | Peak Reserved Device Memory: 74.10 GiB | Peak
                             Reserved Device Memory (%): 94%                    
[07/18/25 15:11:05] INFO     fairseq2 - Train Metrics (step 395) - DPO Loss:    
                             0.0637159 | Chosen Sequence Log Probabilities:     
                             -392.961 | Rejected Sequence Log Probabilities:    
                             -379.141 | Chosen Sequence Length: 484.375 |       
                             Rejected Sequence Length: 527.203 | NLL Loss:      
                             0.811317 | Gradient Norm: 11.3132 | Data Epoch: 5 |
                             Data Read Time: <1s | Elapsed Time: 3s | Wall Time:
                             2,260s | Learning Rate: 9.17663e-08 | Batch Size:  
                             64 | Elements per Batch: 68,145 | Elements per     
                             Second: 17,745 | Number of Examples: 64 | Number of
                             Elements: 68,145 | Number of Target Elements:      
                             31,000 | Total Number of Examples: 25,216 | Total  
                             Number of Elements: 28,385,219 | Total Number of   
                             Target Elements: 12,398,101 | Peak Active Device   
                             Memory: 58.88 GiB | Peak Active Device Memory (%): 
                             75% | Peak Reserved Device Memory: 74.10 GiB | Peak
                             Reserved Device Memory (%): 94%                    
[07/18/25 15:11:09] INFO     fairseq2 - Train Metrics (step 396) - DPO Loss:    
                             0.0791155 | Chosen Sequence Log Probabilities:     
                             -399.715 | Rejected Sequence Log Probabilities:    
                             -383.242 | Chosen Sequence Length: 489.672 |       
                             Rejected Sequence Length: 532.25 | NLL Loss:       
                             0.816288 | Gradient Norm: 14.2236 | Data Epoch: 5 |
                             Data Read Time: <1s | Elapsed Time: 3s | Wall Time:
                             2,263s | Learning Rate: 9.17224e-08 | Batch Size:  
                             64 | Elements per Batch: 68,228 | Elements per     
                             Second: 17,683 | Number of Examples: 64 | Number of
                             Elements: 68,228 | Number of Target Elements:      
                             31,339 | Total Number of Examples: 25,280 | Total  
                             Number of Elements: 28,453,447 | Total Number of   
                             Target Elements: 12,429,440 | Peak Active Device   
                             Memory: 59.26 GiB | Peak Active Device Memory (%): 
                             75% | Peak Reserved Device Memory: 74.10 GiB | Peak
                             Reserved Device Memory (%): 94%                    
[07/18/25 15:11:13] INFO     fairseq2 - Train Metrics (step 397) - DPO Loss:    
                             0.123804 | Chosen Sequence Log Probabilities:      
                             -400.289 | Rejected Sequence Log Probabilities:    
                             -394.453 | Chosen Sequence Length: 457.938 |       
                             Rejected Sequence Length: 493.812 | NLL Loss:      
                             0.874557 | Gradient Norm: 17.8078 | Data Epoch: 5 |
                             Data Read Time: <1s | Elapsed Time: 3s | Wall Time:
                             2,267s | Learning Rate: 9.16784e-08 | Batch Size:  
                             64 | Elements per Batch: 67,158 | Elements per     
                             Second: 18,424 | Number of Examples: 64 | Number of
                             Elements: 67,158 | Number of Target Elements:      
                             29,308 | Total Number of Examples: 25,344 | Total  
                             Number of Elements: 28,520,605 | Total Number of   
                             Target Elements: 12,458,748 | Peak Active Device   
                             Memory: 59.04 GiB | Peak Active Device Memory (%): 
                             75% | Peak Reserved Device Memory: 74.10 GiB | Peak
                             Reserved Device Memory (%): 94%                    
[07/18/25 15:11:17] INFO     fairseq2 - Train Metrics (step 398) - DPO Loss:    
                             0.0875426 | Chosen Sequence Log Probabilities:     
                             -350.824 | Rejected Sequence Log Probabilities:    
                             -366.406 | Chosen Sequence Length: 448.984 |       
                             Rejected Sequence Length: 442.469 | NLL Loss:      
                             0.78118 | Gradient Norm: 13.6077 | Data Epoch: 5 | 
                             Data Read Time: <1s | Elapsed Time: 3s | Wall Time:
                             2,271s | Learning Rate: 9.16343e-08 | Batch Size:  
                             64 | Elements per Batch: 68,103 | Elements per     
                             Second: 18,000 | Number of Examples: 64 | Number of
                             Elements: 68,103 | Number of Target Elements:      
                             28,735 | Total Number of Examples: 25,408 | Total  
                             Number of Elements: 28,588,708 | Total Number of   
                             Target Elements: 12,487,483 | Peak Active Device   
                             Memory: 58.75 GiB | Peak Active Device Memory (%): 
                             75% | Peak Reserved Device Memory: 74.10 GiB | Peak
                             Reserved Device Memory (%): 94%                    
[07/18/25 15:11:20] INFO     fairseq2 - Train Metrics (step 399) - DPO Loss:    
                             0.125111 | Chosen Sequence Log Probabilities:      
                             -346.172 | Rejected Sequence Log Probabilities:    
                             -360.57 | Chosen Sequence Length: 410.375 |        
                             Rejected Sequence Length: 432 | NLL Loss: 0.843678 
                             | Gradient Norm: 16.7851 | Data Epoch: 5 | Data    
                             Read Time: <1s | Elapsed Time: 3s | Wall Time:     
                             2,275s | Learning Rate: 9.15901e-08 | Batch Size:  
                             64 | Elements per Batch: 64,181 | Elements per     
                             Second: 17,649 | Number of Examples: 64 | Number of
                             Elements: 64,181 | Number of Target Elements:      
                             26,264 | Total Number of Examples: 25,472 | Total  
                             Number of Elements: 28,652,889 | Total Number of   
                             Target Elements: 12,513,747 | Peak Active Device   
                             Memory: 58.91 GiB | Peak Active Device Memory (%): 
                             75% | Peak Reserved Device Memory: 74.10 GiB | Peak
                             Reserved Device Memory (%): 94%                    
[07/18/25 15:11:25] INFO     fairseq2 - Train Metrics (step 400) - DPO Loss:    
                             0.0858933 | Chosen Sequence Log Probabilities:     
                             -387.297 | Rejected Sequence Log Probabilities:    
                             -415.992 | Chosen Sequence Length: 480.906 |       
                             Rejected Sequence Length: 488.812 | NLL Loss:      
                             0.804933 | Gradient Norm: 12.8418 | Data Epoch: 5 |
                             Data Read Time: <1s | Elapsed Time: 4s | Wall Time:
                             2,279s | Learning Rate: 9.15458e-08 | Batch Size:  
                             64 | Elements per Batch: 68,057 | Elements per     
                             Second: 15,543 | Number of Examples: 64 | Number of
                             Elements: 68,057 | Number of Target Elements:      
                             30,778 | Total Number of Examples: 25,536 | Total  
                             Number of Elements: 28,720,946 | Total Number of   
                             Target Elements: 12,544,525 | Peak Active Device   
                             Memory: 58.93 GiB | Peak Active Device Memory (%): 
                             75% | Peak Reserved Device Memory: 74.10 GiB | Peak
                             Reserved Device Memory (%): 94%                    
[07/18/25 15:11:29] INFO     fairseq2 - Train Metrics (step 401) - DPO Loss:    
                             0.085551 | Chosen Sequence Log Probabilities:      
                             -405.098 | Rejected Sequence Log Probabilities:    
                             -368.398 | Chosen Sequence Length: 460.75 |        
                             Rejected Sequence Length: 435.688 | NLL Loss:      
                             0.879171 | Gradient Norm: 11.1517 | Data Epoch: 5 |
                             Data Read Time: <1s | Elapsed Time: 3s | Wall Time:
                             2,283s | Learning Rate: 9.15014e-08 | Batch Size:  
                             64 | Elements per Batch: 68,302 | Elements per     
                             Second: 19,232 | Number of Examples: 64 | Number of
                             Elements: 68,302 | Number of Target Elements:      
                             29,488 | Total Number of Examples: 25,600 | Total  
                             Number of Elements: 28,789,248 | Total Number of   
                             Target Elements: 12,574,013 | Peak Active Device   
                             Memory: 59.31 GiB | Peak Active Device Memory (%): 
                             75% | Peak Reserved Device Memory: 74.10 GiB | Peak
                             Reserved Device Memory (%): 94%                    
[07/18/25 15:11:33] INFO     fairseq2 - Train Metrics (step 402) - DPO Loss:    
                             0.044407 | Chosen Sequence Log Probabilities:      
                             -421.047 | Rejected Sequence Log Probabilities:    
                             -449.578 | Chosen Sequence Length: 515.984 |       
                             Rejected Sequence Length: 542.125 | NLL Loss:      
                             0.816223 | Gradient Norm: 7.43649 | Data Epoch: 5 |
                             Data Read Time: <1s | Elapsed Time: 4s | Wall Time:
                             2,287s | Learning Rate: 9.14568e-08 | Batch Size:  
                             64 | Elements per Batch: 76,374 | Elements per     
                             Second: 16,660 | Number of Examples: 64 | Number of
                             Elements: 76,374 | Number of Target Elements:      
                             33,023 | Total Number of Examples: 25,664 | Total  
                             Number of Elements: 28,865,622 | Total Number of   
                             Target Elements: 12,607,036 | Peak Active Device   
                             Memory: 59.44 GiB | Peak Active Device Memory (%): 
                             76% | Peak Reserved Device Memory: 74.10 GiB | Peak
                             Reserved Device Memory (%): 94%                    
[07/18/25 15:11:37] INFO     fairseq2 - Train Metrics (step 403) - DPO Loss:    
                             0.14134 | Chosen Sequence Log Probabilities:       
                             -420.053 | Rejected Sequence Log Probabilities:    
                             -410.516 | Chosen Sequence Length: 493.594 |       
                             Rejected Sequence Length: 506.984 | NLL Loss:      
                             0.851073 | Gradient Norm: 27.7266 | Data Epoch: 5 |
                             Data Read Time: <1s | Elapsed Time: 4s | Wall Time:
                             2,292s | Learning Rate: 9.14122e-08 | Batch Size:  
                             64 | Elements per Batch: 74,369 | Elements per     
                             Second: 17,419 | Number of Examples: 64 | Number of
                             Elements: 74,369 | Number of Target Elements:      
                             31,590 | Total Number of Examples: 25,728 | Total  
                             Number of Elements: 28,939,991 | Total Number of   
                             Target Elements: 12,638,626 | Peak Active Device   
                             Memory: 59.69 GiB | Peak Active Device Memory (%): 
                             76% | Peak Reserved Device Memory: 74.10 GiB | Peak
                             Reserved Device Memory (%): 94%                    
[07/18/25 15:11:42] INFO     fairseq2 - Train Metrics (step 404) - DPO Loss:    
                             0.0874429 | Chosen Sequence Log Probabilities:     
                             -419.152 | Rejected Sequence Log Probabilities:    
                             -452.641 | Chosen Sequence Length: 452.094 |       
                             Rejected Sequence Length: 481.062 | NLL Loss:      
                             0.927335 | Gradient Norm: 11.7135 | Data Epoch: 5 |
                             Data Read Time: <1s | Elapsed Time: 4s | Wall Time:
                             2,296s | Learning Rate: 9.13675e-08 | Batch Size:  
                             64 | Elements per Batch: 62,731 | Elements per     
                             Second: 15,347 | Number of Examples: 64 | Number of
                             Elements: 62,731 | Number of Target Elements:      
                             28,934 | Total Number of Examples: 25,792 | Total  
                             Number of Elements: 29,002,722 | Total Number of   
                             Target Elements: 12,667,560 | Peak Active Device   
                             Memory: 59.22 GiB | Peak Active Device Memory (%): 
                             75% | Peak Reserved Device Memory: 74.10 GiB | Peak
                             Reserved Device Memory (%): 94%                    
[07/18/25 15:11:46] INFO     fairseq2 - Train Metrics (step 405) - DPO Loss:    
                             0.0652776 | Chosen Sequence Log Probabilities:     
                             -478.41 | Rejected Sequence Log Probabilities:     
                             -457.336 | Chosen Sequence Length: 531.391 |       
                             Rejected Sequence Length: 502.141 | NLL Loss:      
                             0.900389 | Gradient Norm: 10.9313 | Data Epoch: 5 |
                             Data Read Time: <1s | Elapsed Time: 4s | Wall Time:
                             2,300s | Learning Rate: 9.13226e-08 | Batch Size:  
                             64 | Elements per Batch: 76,383 | Elements per     
                             Second: 17,297 | Number of Examples: 64 | Number of
                             Elements: 76,383 | Number of Target Elements:      
                             34,009 | Total Number of Examples: 25,856 | Total  
                             Number of Elements: 29,079,105 | Total Number of   
                             Target Elements: 12,701,569 | Peak Active Device   
                             Memory: 59.11 GiB | Peak Active Device Memory (%): 
                             75% | Peak Reserved Device Memory: 74.10 GiB | Peak
                             Reserved Device Memory (%): 94%                    
[07/18/25 15:11:50] INFO     fairseq2 - Train Metrics (step 406) - DPO Loss:    
                             0.0679438 | Chosen Sequence Log Probabilities:     
                             -416.391 | Rejected Sequence Log Probabilities:    
                             -405.93 | Chosen Sequence Length: 511.641 |        
                             Rejected Sequence Length: 499.906 | NLL Loss:      
                             0.813927 | Gradient Norm: 12.2895 | Data Epoch: 5 |
                             Data Read Time: <1s | Elapsed Time: 4s | Wall Time:
                             2,305s | Learning Rate: 9.12777e-08 | Batch Size:  
                             64 | Elements per Batch: 67,157 | Elements per     
                             Second: 16,292 | Number of Examples: 64 | Number of
                             Elements: 67,157 | Number of Target Elements:      
                             32,745 | Total Number of Examples: 25,920 | Total  
                             Number of Elements: 29,146,262 | Total Number of   
                             Target Elements: 12,734,314 | Peak Active Device   
                             Memory: 59.95 GiB | Peak Active Device Memory (%): 
                             76% | Peak Reserved Device Memory: 74.10 GiB | Peak
                             Reserved Device Memory (%): 94%                    
[07/18/25 15:11:55] INFO     fairseq2 - Train Metrics (step 407) - DPO Loss:    
                             0.133682 | Chosen Sequence Log Probabilities:      
                             -370.602 | Rejected Sequence Log Probabilities:    
                             -370.719 | Chosen Sequence Length: 479.906 |       
                             Rejected Sequence Length: 437.375 | NLL Loss:      
                             0.772136 | Gradient Norm: 18.141 | Data Epoch: 5 | 
                             Data Read Time: <1s | Elapsed Time: 4s | Wall Time:
                             2,309s | Learning Rate: 9.12326e-08 | Batch Size:  
                             64 | Elements per Batch: 69,066 | Elements per     
                             Second: 15,537 | Number of Examples: 64 | Number of
                             Elements: 69,066 | Number of Target Elements:      
                             30,714 | Total Number of Examples: 25,984 | Total  
                             Number of Elements: 29,215,328 | Total Number of   
                             Target Elements: 12,765,028 | Peak Active Device   
                             Memory: 59.19 GiB | Peak Active Device Memory (%): 
                             75% | Peak Reserved Device Memory: 74.10 GiB | Peak
                             Reserved Device Memory (%): 94%                    
[07/18/25 15:11:59] INFO     fairseq2 - Train Metrics (step 408) - DPO Loss:    
                             0.0857939 | Chosen Sequence Log Probabilities:     
                             -429.141 | Rejected Sequence Log Probabilities:    
                             -455.898 | Chosen Sequence Length: 524.859 |       
                             Rejected Sequence Length: 586.656 | NLL Loss:      
                             0.817413 | Gradient Norm: 14.201 | Data Epoch: 5 | 
                             Data Read Time: <1s | Elapsed Time: 4s | Wall Time:
                             2,313s | Learning Rate: 9.11875e-08 | Batch Size:  
                             64 | Elements per Batch: 80,095 | Elements per     
                             Second: 18,643 | Number of Examples: 64 | Number of
                             Elements: 80,095 | Number of Target Elements:      
                             33,591 | Total Number of Examples: 26,048 | Total  
                             Number of Elements: 29,295,423 | Total Number of   
                             Target Elements: 12,798,619 | Peak Active Device   
                             Memory: 59.22 GiB | Peak Active Device Memory (%): 
                             75% | Peak Reserved Device Memory: 74.10 GiB | Peak
                             Reserved Device Memory (%): 94%                    
[07/18/25 15:12:04] INFO     fairseq2 - Train Metrics (step 409) - DPO Loss:    
                             0.0538238 | Chosen Sequence Log Probabilities:     
                             -448.312 | Rejected Sequence Log Probabilities:    
                             -469.477 | Chosen Sequence Length: 529.719 |       
                             Rejected Sequence Length: 560.219 | NLL Loss:      
                             0.846295 | Gradient Norm: 10.475 | Data Epoch: 5 | 
                             Data Read Time: <1s | Elapsed Time: 4s | Wall Time:
                             2,318s | Learning Rate: 9.11422e-08 | Batch Size:  
                             64 | Elements per Batch: 65,864 | Elements per     
                             Second: 15,045 | Number of Examples: 64 | Number of
                             Elements: 65,864 | Number of Target Elements:      
                             33,902 | Total Number of Examples: 26,112 | Total  
                             Number of Elements: 29,361,287 | Total Number of   
                             Target Elements: 12,832,521 | Peak Active Device   
                             Memory: 59.12 GiB | Peak Active Device Memory (%): 
                             75% | Peak Reserved Device Memory: 74.10 GiB | Peak
                             Reserved Device Memory (%): 94%                    
[07/18/25 15:12:08] INFO     fairseq2 - Train Metrics (step 410) - DPO Loss:    
                             0.0461764 | Chosen Sequence Log Probabilities:     
                             -434.672 | Rejected Sequence Log Probabilities:    
                             -484.969 | Chosen Sequence Length: 466.578 |       
                             Rejected Sequence Length: 543.844 | NLL Loss:      
                             0.93194 | Gradient Norm: 8.00353 | Data Epoch: 5 | 
                             Data Read Time: <1s | Elapsed Time: 4s | Wall Time:
                             2,322s | Learning Rate: 9.10969e-08 | Batch Size:  
                             64 | Elements per Batch: 67,831 | Elements per     
                             Second: 16,814 | Number of Examples: 64 | Number of
                             Elements: 67,831 | Number of Target Elements:      
                             29,861 | Total Number of Examples: 26,176 | Total  
                             Number of Elements: 29,429,118 | Total Number of   
                             Target Elements: 12,862,382 | Peak Active Device   
                             Memory: 59.58 GiB | Peak Active Device Memory (%): 
                             76% | Peak Reserved Device Memory: 74.10 GiB | Peak
                             Reserved Device Memory (%): 94%                    
[07/18/25 15:12:12] INFO     fairseq2 - Train Metrics (step 411) - DPO Loss:    
                             0.127018 | Chosen Sequence Log Probabilities:      
                             -399.028 | Rejected Sequence Log Probabilities:    
                             -420 | Chosen Sequence Length: 467.719 | Rejected  
                             Sequence Length: 467.625 | NLL Loss: 0.852921 |    
                             Gradient Norm: 15.1873 | Data Epoch: 5 | Data Read 
                             Time: <1s | Elapsed Time: 4s | Wall Time: 2,327s | 
                             Learning Rate: 9.10514e-08 | Batch Size: 64 |      
                             Elements per Batch: 75,547 | Elements per Second:  
                             16,517 | Number of Examples: 64 | Number of        
                             Elements: 75,547 | Number of Target Elements:      
                             29,934 | Total Number of Examples: 26,240 | Total  
                             Number of Elements: 29,504,665 | Total Number of   
                             Target Elements: 12,892,316 | Peak Active Device   
                             Memory: 58.76 GiB | Peak Active Device Memory (%): 
                             75% | Peak Reserved Device Memory: 74.10 GiB | Peak
                             Reserved Device Memory (%): 94%                    
[07/18/25 15:12:17] INFO     fairseq2 - Train Metrics (step 412) - DPO Loss:    
                             0.0789762 | Chosen Sequence Log Probabilities:     
                             -457.82 | Rejected Sequence Log Probabilities:     
                             -448.871 | Chosen Sequence Length: 518.766 |       
                             Rejected Sequence Length: 508.281 | NLL Loss:      
                             0.882673 | Gradient Norm: 11.7252 | Data Epoch: 5 |
                             Data Read Time: <1s | Elapsed Time: 4s | Wall Time:
                             2,331s | Learning Rate: 9.10058e-08 | Batch Size:  
                             64 | Elements per Batch: 74,441 | Elements per     
                             Second: 17,158 | Number of Examples: 64 | Number of
                             Elements: 74,441 | Number of Target Elements:      
                             33,201 | Total Number of Examples: 26,304 | Total  
                             Number of Elements: 29,579,106 | Total Number of   
                             Target Elements: 12,925,517 | Peak Active Device   
                             Memory: 58.70 GiB | Peak Active Device Memory (%): 
                             75% | Peak Reserved Device Memory: 74.10 GiB | Peak
                             Reserved Device Memory (%): 94%                    
[07/18/25 15:12:21] INFO     fairseq2 - Train Metrics (step 413) - DPO Loss:    
                             0.116753 | Chosen Sequence Log Probabilities:      
                             -395.461 | Rejected Sequence Log Probabilities:    
                             -412.117 | Chosen Sequence Length: 517.781 |       
                             Rejected Sequence Length: 560.25 | NLL Loss:       
                             0.763849 | Gradient Norm: 26.2412 | Data Epoch: 5 |
                             Data Read Time: <1s | Elapsed Time: 3s | Wall Time:
                             2,335s | Learning Rate: 9.09601e-08 | Batch Size:  
                             64 | Elements per Batch: 69,431 | Elements per     
                             Second: 17,503 | Number of Examples: 64 | Number of
                             Elements: 69,431 | Number of Target Elements:      
                             33,138 | Total Number of Examples: 26,368 | Total  
                             Number of Elements: 29,648,537 | Total Number of   
                             Target Elements: 12,958,655 | Peak Active Device   
                             Memory: 58.98 GiB | Peak Active Device Memory (%): 
                             75% | Peak Reserved Device Memory: 74.10 GiB | Peak
                             Reserved Device Memory (%): 94%                    
[07/18/25 15:12:26] INFO     fairseq2 - Train Metrics (step 414) - DPO Loss:    
                             0.0518062 | Chosen Sequence Log Probabilities:     
                             -437.691 | Rejected Sequence Log Probabilities:    
                             -446.383 | Chosen Sequence Length: 544.688 |       
                             Rejected Sequence Length: 541.641 | NLL Loss:      
                             0.803808 | Gradient Norm: 10.0789 | Data Epoch: 5 |
                             Data Read Time: <1s | Elapsed Time: 4s | Wall Time:
                             2,340s | Learning Rate: 9.09144e-08 | Batch Size:  
                             64 | Elements per Batch: 80,515 | Elements per     
                             Second: 16,649 | Number of Examples: 64 | Number of
                             Elements: 80,515 | Number of Target Elements:      
                             34,860 | Total Number of Examples: 26,432 | Total  
                             Number of Elements: 29,729,052 | Total Number of   
                             Target Elements: 12,993,515 | Peak Active Device   
                             Memory: 59.93 GiB | Peak Active Device Memory (%): 
                             76% | Peak Reserved Device Memory: 74.10 GiB | Peak
                             Reserved Device Memory (%): 94%                    
[07/18/25 15:12:30] INFO     fairseq2 - Train Metrics (step 415) - DPO Loss:    
                             0.0844848 | Chosen Sequence Log Probabilities:     
                             -499.521 | Rejected Sequence Log Probabilities:    
                             -549.547 | Chosen Sequence Length: 524.484 |       
                             Rejected Sequence Length: 522.5 | NLL Loss:        
                             0.952318 | Gradient Norm: 14.7787 | Data Epoch: 5 |
                             Data Read Time: <1s | Elapsed Time: 4s | Wall Time:
                             2,344s | Learning Rate: 9.08685e-08 | Batch Size:  
                             64 | Elements per Batch: 70,199 | Elements per     
                             Second: 17,488 | Number of Examples: 64 | Number of
                             Elements: 70,199 | Number of Target Elements:      
                             33,567 | Total Number of Examples: 26,496 | Total  
                             Number of Elements: 29,799,251 | Total Number of   
                             Target Elements: 13,027,082 | Peak Active Device   
                             Memory: 59.51 GiB | Peak Active Device Memory (%): 
                             76% | Peak Reserved Device Memory: 74.10 GiB | Peak
                             Reserved Device Memory (%): 94%                    
[07/18/25 15:12:35] INFO     fairseq2 - Train Metrics (step 416) - DPO Loss:    
                             0.0972976 | Chosen Sequence Log Probabilities:     
                             -460.199 | Rejected Sequence Log Probabilities:    
                             -405.805 | Chosen Sequence Length: 539.375 |       
                             Rejected Sequence Length: 559.828 | NLL Loss:      
                             0.852654 | Gradient Norm: 11.6067 | Data Epoch: 5 |
                             Data Read Time: <1s | Elapsed Time: 5s | Wall Time:
                             2,349s | Learning Rate: 9.08225e-08 | Batch Size:  
                             64 | Elements per Batch: 81,862 | Elements per     
                             Second: 16,297 | Number of Examples: 64 | Number of
                             Elements: 81,862 | Number of Target Elements:      
                             34,520 | Total Number of Examples: 26,560 | Total  
                             Number of Elements: 29,881,113 | Total Number of   
                             Target Elements: 13,061,602 | Peak Active Device   
                             Memory: 59.38 GiB | Peak Active Device Memory (%): 
                             75% | Peak Reserved Device Memory: 74.10 GiB | Peak
                             Reserved Device Memory (%): 94%                    
[07/18/25 15:12:39] INFO     fairseq2 - Train Metrics (step 417) - DPO Loss:    
                             0.0989069 | Chosen Sequence Log Probabilities:     
                             -786.66 | Rejected Sequence Log Probabilities:     
                             -412.758 | Chosen Sequence Length: 505.203 |       
                             Rejected Sequence Length: 515.984 | NLL Loss:      
                             1.55773 | Gradient Norm: 14.5627 | Data Epoch: 5 | 
                             Data Read Time: <1s | Elapsed Time: 4s | Wall Time:
                             2,354s | Learning Rate: 9.07764e-08 | Batch Size:  
                             64 | Elements per Batch: 75,769 | Elements per     
                             Second: 17,035 | Number of Examples: 64 | Number of
                             Elements: 75,769 | Number of Target Elements:      
                             32,333 | Total Number of Examples: 26,624 | Total  
                             Number of Elements: 29,956,882 | Total Number of   
                             Target Elements: 13,093,935 | Peak Active Device   
                             Memory: 59.19 GiB | Peak Active Device Memory (%): 
                             75% | Peak Reserved Device Memory: 74.10 GiB | Peak
                             Reserved Device Memory (%): 94%                    
[07/18/25 15:12:44] INFO     fairseq2 - Train Metrics (step 418) - DPO Loss:    
                             0.0879793 | Chosen Sequence Log Probabilities:     
                             -459.795 | Rejected Sequence Log Probabilities:    
                             -439.811 | Chosen Sequence Length: 492.016 |       
                             Rejected Sequence Length: 468.469 | NLL Loss:      
                             0.934494 | Gradient Norm: 22.6037 | Data Epoch: 5 |
                             Data Read Time: <1s | Elapsed Time: 4s | Wall Time:
                             2,358s | Learning Rate: 9.07302e-08 | Batch Size:  
                             64 | Elements per Batch: 67,858 | Elements per     
                             Second: 15,879 | Number of Examples: 64 | Number of
                             Elements: 67,858 | Number of Target Elements:      
                             31,489 | Total Number of Examples: 26,688 | Total  
                             Number of Elements: 30,024,740 | Total Number of   
                             Target Elements: 13,125,424 | Peak Active Device   
                             Memory: 59.51 GiB | Peak Active Device Memory (%): 
                             76% | Peak Reserved Device Memory: 74.10 GiB | Peak
                             Reserved Device Memory (%): 94%                    
[07/18/25 15:12:48] INFO     fairseq2 - Train Metrics (step 419) - DPO Loss:    
                             0.0792185 | Chosen Sequence Log Probabilities:     
                             -375.316 | Rejected Sequence Log Probabilities:    
                             -365.93 | Chosen Sequence Length: 490.281 |        
                             Rejected Sequence Length: 532.766 | NLL Loss:      
                             0.765497 | Gradient Norm: 12.3498 | Data Epoch: 5 |
                             Data Read Time: <1s | Elapsed Time: 4s | Wall Time:
                             2,362s | Learning Rate: 9.06839e-08 | Batch Size:  
                             64 | Elements per Batch: 70,839 | Elements per     
                             Second: 17,143 | Number of Examples: 64 | Number of
                             Elements: 70,839 | Number of Target Elements:      
                             31,378 | Total Number of Examples: 26,752 | Total  
                             Number of Elements: 30,095,579 | Total Number of   
                             Target Elements: 13,156,802 | Peak Active Device   
                             Memory: 59.53 GiB | Peak Active Device Memory (%): 
                             76% | Peak Reserved Device Memory: 74.10 GiB | Peak
                             Reserved Device Memory (%): 94%                    
[07/18/25 15:12:52] INFO     fairseq2 - Train Metrics (step 420) - DPO Loss:    
                             0.0571066 | Chosen Sequence Log Probabilities:     
                             -452.643 | Rejected Sequence Log Probabilities:    
                             -436.043 | Chosen Sequence Length: 502.062 |       
                             Rejected Sequence Length: 514.422 | NLL Loss:      
                             0.901678 | Gradient Norm: 8.8984 | Data Epoch: 5 | 
                             Data Read Time: <1s | Elapsed Time: 4s | Wall Time:
                             2,367s | Learning Rate: 9.06375e-08 | Batch Size:  
                             64 | Elements per Batch: 70,552 | Elements per     
                             Second: 16,128 | Number of Examples: 64 | Number of
                             Elements: 70,552 | Number of Target Elements:      
                             32,132 | Total Number of Examples: 26,816 | Total  
                             Number of Elements: 30,166,131 | Total Number of   
                             Target Elements: 13,188,934 | Peak Active Device   
                             Memory: 59.10 GiB | Peak Active Device Memory (%): 
                             75% | Peak Reserved Device Memory: 74.10 GiB | Peak
                             Reserved Device Memory (%): 94%                    
[07/18/25 15:12:57] INFO     fairseq2 - Train Metrics (step 421) - DPO Loss:    
                             0.0768342 | Chosen Sequence Log Probabilities:     
                             -432.52 | Rejected Sequence Log Probabilities:     
                             -426.539 | Chosen Sequence Length: 502.766 |       
                             Rejected Sequence Length: 527.578 | NLL Loss:      
                             0.860515 | Gradient Norm: 11.9337 | Data Epoch: 5 |
                             Data Read Time: <1s | Elapsed Time: 4s | Wall Time:
                             2,371s | Learning Rate: 9.0591e-08 | Batch Size: 64
                             | Elements per Batch: 75,529 | Elements per Second:
                             16,583 | Number of Examples: 64 | Number of        
                             Elements: 75,529 | Number of Target Elements:      
                             32,177 | Total Number of Examples: 26,880 | Total  
                             Number of Elements: 30,241,660 | Total Number of   
                             Target Elements: 13,221,111 | Peak Active Device   
                             Memory: 59.27 GiB | Peak Active Device Memory (%): 
                             75% | Peak Reserved Device Memory: 74.10 GiB | Peak
                             Reserved Device Memory (%): 94%                    
[07/18/25 15:13:01] INFO     fairseq2 - Train Metrics (step 422) - DPO Loss:    
                             0.0752169 | Chosen Sequence Log Probabilities:     
                             -353.531 | Rejected Sequence Log Probabilities:    
                             -390.348 | Chosen Sequence Length: 380.562 |       
                             Rejected Sequence Length: 439.453 | NLL Loss:      
                             0.92891 | Gradient Norm: 10.1354 | Data Epoch: 5 | 
                             Data Read Time: <1s | Elapsed Time: 3s | Wall Time:
                             2,375s | Learning Rate: 9.05444e-08 | Batch Size:  
                             64 | Elements per Batch: 57,533 | Elements per     
                             Second: 15,982 | Number of Examples: 64 | Number of
                             Elements: 57,533 | Number of Target Elements:      
                             24,356 | Total Number of Examples: 26,944 | Total  
                             Number of Elements: 30,299,193 | Total Number of   
                             Target Elements: 13,245,467 | Peak Active Device   
                             Memory: 59.02 GiB | Peak Active Device Memory (%): 
                             75% | Peak Reserved Device Memory: 74.10 GiB | Peak
                             Reserved Device Memory (%): 94%                    
[07/18/25 15:13:05] INFO     fairseq2 - Train Metrics (step 423) - DPO Loss:    
                             0.117557 | Chosen Sequence Log Probabilities:      
                             -440.184 | Rejected Sequence Log Probabilities:    
                             -423.914 | Chosen Sequence Length: 512.172 |       
                             Rejected Sequence Length: 474.016 | NLL Loss:      
                             0.859417 | Gradient Norm: 15.585 | Data Epoch: 5 | 
                             Data Read Time: <1s | Elapsed Time: 4s | Wall Time:
                             2,379s | Learning Rate: 9.04977e-08 | Batch Size:  
                             64 | Elements per Batch: 72,870 | Elements per     
                             Second: 18,045 | Number of Examples: 64 | Number of
                             Elements: 72,870 | Number of Target Elements:      
                             32,779 | Total Number of Examples: 27,008 | Total  
                             Number of Elements: 30,372,063 | Total Number of   
                             Target Elements: 13,278,246 | Peak Active Device   
                             Memory: 58.90 GiB | Peak Active Device Memory (%): 
                             75% | Peak Reserved Device Memory: 74.10 GiB | Peak
                             Reserved Device Memory (%): 94%                    
[07/18/25 15:13:09] INFO     fairseq2 - Train Metrics (step 424) - DPO Loss:    
                             0.145161 | Chosen Sequence Log Probabilities:      
                             -483.16 | Rejected Sequence Log Probabilities:     
                             -468.73 | Chosen Sequence Length: 478.734 |        
                             Rejected Sequence Length: 449 | NLL Loss: 1.00923 |
                             Gradient Norm: 21.8667 | Data Epoch: 5 | Data Read 
                             Time: <1s | Elapsed Time: 4s | Wall Time: 2,383s | 
                             Learning Rate: 9.04508e-08 | Batch Size: 64 |      
                             Elements per Batch: 70,609 | Elements per Second:  
                             16,983 | Number of Examples: 64 | Number of        
                             Elements: 70,609 | Number of Target Elements:      
                             30,639 | Total Number of Examples: 27,072 | Total  
                             Number of Elements: 30,442,672 | Total Number of   
                             Target Elements: 13,308,885 | Peak Active Device   
                             Memory: 59.73 GiB | Peak Active Device Memory (%): 
                             76% | Peak Reserved Device Memory: 74.10 GiB | Peak
                             Reserved Device Memory (%): 94%                    
[07/18/25 15:13:14] INFO     fairseq2 - Train Metrics (step 425) - DPO Loss:    
                             0.0783326 | Chosen Sequence Log Probabilities:     
                             -457.68 | Rejected Sequence Log Probabilities:     
                             -424.582 | Chosen Sequence Length: 521.219 |       
                             Rejected Sequence Length: 556.328 | NLL Loss:      
                             0.878458 | Gradient Norm: 9.56614 | Data Epoch: 5 |
                             Data Read Time: <1s | Elapsed Time: 4s | Wall Time:
                             2,388s | Learning Rate: 9.04039e-08 | Batch Size:  
                             64 | Elements per Batch: 73,485 | Elements per     
                             Second: 15,826 | Number of Examples: 64 | Number of
                             Elements: 73,485 | Number of Target Elements:      
                             33,358 | Total Number of Examples: 27,136 | Total  
                             Number of Elements: 30,516,157 | Total Number of   
                             Target Elements: 13,342,243 | Peak Active Device   
                             Memory: 59.26 GiB | Peak Active Device Memory (%): 
                             75% | Peak Reserved Device Memory: 74.10 GiB | Peak
                             Reserved Device Memory (%): 94%                    
[07/18/25 15:13:19] INFO     fairseq2 - Train Metrics (step 426) - DPO Loss:    
                             0.130917 | Chosen Sequence Log Probabilities:      
                             -387.781 | Rejected Sequence Log Probabilities:    
                             -376.059 | Chosen Sequence Length: 553.531 |       
                             Rejected Sequence Length: 540.812 | NLL Loss:      
                             0.700429 | Gradient Norm: 25.9509 | Data Epoch: 5 |
                             Data Read Time: <1s | Elapsed Time: 5s | Wall Time:
                             2,393s | Learning Rate: 9.03569e-08 | Batch Size:  
                             64 | Elements per Batch: 84,274 | Elements per     
                             Second: 16,707 | Number of Examples: 64 | Number of
                             Elements: 84,274 | Number of Target Elements:      
                             35,426 | Total Number of Examples: 27,200 | Total  
                             Number of Elements: 30,600,431 | Total Number of   
                             Target Elements: 13,377,669 | Peak Active Device   
                             Memory: 59.79 GiB | Peak Active Device Memory (%): 
                             76% | Peak Reserved Device Memory: 74.10 GiB | Peak
                             Reserved Device Memory (%): 94%                    
[07/18/25 15:13:24] INFO     fairseq2 - Train Metrics (step 427) - DPO Loss:    
                             0.0843812 | Chosen Sequence Log Probabilities:     
                             -394.328 | Rejected Sequence Log Probabilities:    
                             -402.168 | Chosen Sequence Length: 497.203 |       
                             Rejected Sequence Length: 485.922 | NLL Loss:      
                             0.793263 | Gradient Norm: 15.7513 | Data Epoch: 5 |
                             Data Read Time: <1s | Elapsed Time: 4s | Wall Time:
                             2,398s | Learning Rate: 9.03098e-08 | Batch Size:  
                             64 | Elements per Batch: 78,150 | Elements per     
                             Second: 16,692 | Number of Examples: 64 | Number of
                             Elements: 78,150 | Number of Target Elements:      
                             31,821 | Total Number of Examples: 27,264 | Total  
                             Number of Elements: 30,678,581 | Total Number of   
                             Target Elements: 13,409,490 | Peak Active Device   
                             Memory: 59.53 GiB | Peak Active Device Memory (%): 
                             76% | Peak Reserved Device Memory: 74.10 GiB | Peak
                             Reserved Device Memory (%): 94%                    
[07/18/25 15:13:28] INFO     fairseq2 - Train Metrics (step 428) - DPO Loss:    
                             0.0627309 | Chosen Sequence Log Probabilities:     
                             -399.48 | Rejected Sequence Log Probabilities:     
                             -399.379 | Chosen Sequence Length: 493.891 |       
                             Rejected Sequence Length: 466.625 | NLL Loss:      
                             0.80859 | Gradient Norm: 9.61427 | Data Epoch: 5 | 
                             Data Read Time: <1s | Elapsed Time: 4s | Wall Time:
                             2,402s | Learning Rate: 9.02626e-08 | Batch Size:  
                             64 | Elements per Batch: 83,909 | Elements per     
                             Second: 19,709 | Number of Examples: 64 | Number of
                             Elements: 83,909 | Number of Target Elements:      
                             31,609 | Total Number of Examples: 27,328 | Total  
                             Number of Elements: 30,762,490 | Total Number of   
                             Target Elements: 13,441,099 | Peak Active Device   
                             Memory: 59.08 GiB | Peak Active Device Memory (%): 
                             75% | Peak Reserved Device Memory: 74.10 GiB | Peak
                             Reserved Device Memory (%): 94%                    
[07/18/25 15:13:32] INFO     fairseq2 - Train Metrics (step 429) - DPO Loss:    
                             0.0648906 | Chosen Sequence Log Probabilities:     
                             -467.445 | Rejected Sequence Log Probabilities:    
                             -493.617 | Chosen Sequence Length: 525.281 |       
                             Rejected Sequence Length: 598.312 | NLL Loss:      
                             0.889846 | Gradient Norm: 12.8271 | Data Epoch: 5 |
                             Data Read Time: <1s | Elapsed Time: 3s | Wall Time:
                             2,406s | Learning Rate: 9.02152e-08 | Batch Size:  
                             64 | Elements per Batch: 70,072 | Elements per     
                             Second: 17,524 | Number of Examples: 64 | Number of
                             Elements: 70,072 | Number of Target Elements:      
                             33,618 | Total Number of Examples: 27,392 | Total  
                             Number of Elements: 30,832,562 | Total Number of   
                             Target Elements: 13,474,717 | Peak Active Device   
                             Memory: 58.91 GiB | Peak Active Device Memory (%): 
                             75% | Peak Reserved Device Memory: 74.10 GiB | Peak
                             Reserved Device Memory (%): 94%                    
[07/18/25 15:13:37] INFO     fairseq2 - Train Metrics (step 430) - DPO Loss:    
                             0.0886034 | Chosen Sequence Log Probabilities:     
                             -400.385 | Rejected Sequence Log Probabilities:    
                             -406.229 | Chosen Sequence Length: 514.625 |       
                             Rejected Sequence Length: 540.094 | NLL Loss:      
                             0.777986 | Gradient Norm: 12.741 | Data Epoch: 5 | 
                             Data Read Time: <1s | Elapsed Time: 4s | Wall Time:
                             2,411s | Learning Rate: 9.01678e-08 | Batch Size:  
                             64 | Elements per Batch: 80,984 | Elements per     
                             Second: 17,051 | Number of Examples: 64 | Number of
                             Elements: 80,984 | Number of Target Elements:      
                             32,936 | Total Number of Examples: 27,456 | Total  
                             Number of Elements: 30,913,546 | Total Number of   
                             Target Elements: 13,507,653 | Peak Active Device   
                             Memory: 59.13 GiB | Peak Active Device Memory (%): 
                             75% | Peak Reserved Device Memory: 74.10 GiB | Peak
                             Reserved Device Memory (%): 94%                    
[07/18/25 15:13:41] INFO     fairseq2 - Train Metrics (step 431) - DPO Loss:    
                             0.129119 | Chosen Sequence Log Probabilities:      
                             -408.418 | Rejected Sequence Log Probabilities:    
                             -420.91 | Chosen Sequence Length: 458.5 | Rejected 
                             Sequence Length: 493.031 | NLL Loss: 0.890697 |    
                             Gradient Norm: 28.1273 | Data Epoch: 5 | Data Read 
                             Time: <1s | Elapsed Time: 4s | Wall Time: 2,415s | 
                             Learning Rate: 9.01203e-08 | Batch Size: 64 |      
                             Elements per Batch: 78,840 | Elements per Second:  
                             18,431 | Number of Examples: 64 | Number of        
                             Elements: 78,840 | Number of Target Elements:      
                             29,344 | Total Number of Examples: 27,520 | Total  
                             Number of Elements: 30,992,386 | Total Number of   
                             Target Elements: 13,536,997 | Peak Active Device   
                             Memory: 59.07 GiB | Peak Active Device Memory (%): 
                             75% | Peak Reserved Device Memory: 74.10 GiB | Peak
                             Reserved Device Memory (%): 94%                    
[07/18/25 15:13:46] INFO     fairseq2 - Train Metrics (step 432) - DPO Loss:    
                             0.0626163 | Chosen Sequence Log Probabilities:     
                             -406.289 | Rejected Sequence Log Probabilities:    
                             -410.289 | Chosen Sequence Length: 526.188 |       
                             Rejected Sequence Length: 569.828 | NLL Loss:      
                             0.772451 | Gradient Norm: 16.0848 | Data Epoch: 5 |
                             Data Read Time: <1s | Elapsed Time: 5s | Wall Time:
                             2,420s | Learning Rate: 9.00726e-08 | Batch Size:  
                             64 | Elements per Batch: 82,100 | Elements per     
                             Second: 15,968 | Number of Examples: 64 | Number of
                             Elements: 82,100 | Number of Target Elements:      
                             33,676 | Total Number of Examples: 27,584 | Total  
                             Number of Elements: 31,074,486 | Total Number of   
                             Target Elements: 13,570,673 | Peak Active Device   
                             Memory: 59.92 GiB | Peak Active Device Memory (%): 
                             76% | Peak Reserved Device Memory: 74.10 GiB | Peak
                             Reserved Device Memory (%): 94%                    
[07/18/25 15:13:51] INFO     fairseq2 - Train Metrics (step 433) - DPO Loss:    
                             0.0751494 | Chosen Sequence Log Probabilities:     
                             -383.246 | Rejected Sequence Log Probabilities:    
                             -413.344 | Chosen Sequence Length: 430.469 |       
                             Rejected Sequence Length: 403.234 | NLL Loss:      
                             0.890271 | Gradient Norm: 11.4758 | Data Epoch: 5 |
                             Data Read Time: <1s | Elapsed Time: 4s | Wall Time:
                             2,425s | Learning Rate: 9.00249e-08 | Batch Size:  
                             64 | Elements per Batch: 70,929 | Elements per     
                             Second: 16,521 | Number of Examples: 64 | Number of
                             Elements: 70,929 | Number of Target Elements:      
                             27,550 | Total Number of Examples: 27,648 | Total  
                             Number of Elements: 31,145,415 | Total Number of   
                             Target Elements: 13,598,223 | Peak Active Device   
                             Memory: 59.64 GiB | Peak Active Device Memory (%): 
                             76% | Peak Reserved Device Memory: 74.10 GiB | Peak
                             Reserved Device Memory (%): 94%                    
[07/18/25 15:13:55] INFO     fairseq2 - Train Metrics (step 434) - DPO Loss:    
                             0.0658574 | Chosen Sequence Log Probabilities:     
                             -427.33 | Rejected Sequence Log Probabilities:     
                             -429.336 | Chosen Sequence Length: 491.031 |       
                             Rejected Sequence Length: 509.609 | NLL Loss:      
                             0.870541 | Gradient Norm: 12.982 | Data Epoch: 5 | 
                             Data Read Time: <1s | Elapsed Time: 4s | Wall Time:
                             2,430s | Learning Rate: 8.99771e-08 | Batch Size:  
                             64 | Elements per Batch: 73,625 | Elements per     
                             Second: 15,906 | Number of Examples: 64 | Number of
                             Elements: 73,625 | Number of Target Elements:      
                             31,426 | Total Number of Examples: 27,712 | Total  
                             Number of Elements: 31,219,040 | Total Number of   
                             Target Elements: 13,629,649 | Peak Active Device   
                             Memory: 60.09 GiB | Peak Active Device Memory (%): 
                             76% | Peak Reserved Device Memory: 74.10 GiB | Peak
                             Reserved Device Memory (%): 94%                    
[07/18/25 15:14:00] INFO     fairseq2 - Train Metrics (step 435) - DPO Loss:    
                             0.0739857 | Chosen Sequence Log Probabilities:     
                             -397.453 | Rejected Sequence Log Probabilities:    
                             -371.266 | Chosen Sequence Length: 471.781 |       
                             Rejected Sequence Length: 453.328 | NLL Loss:      
                             0.842549 | Gradient Norm: 11.1797 | Data Epoch: 5 |
                             Data Read Time: <1s | Elapsed Time: 4s | Wall Time:
                             2,434s | Learning Rate: 8.99291e-08 | Batch Size:  
                             64 | Elements per Batch: 74,394 | Elements per     
                             Second: 17,117 | Number of Examples: 64 | Number of
                             Elements: 74,394 | Number of Target Elements:      
                             30,194 | Total Number of Examples: 27,776 | Total  
                             Number of Elements: 31,293,434 | Total Number of   
                             Target Elements: 13,659,843 | Peak Active Device   
                             Memory: 59.31 GiB | Peak Active Device Memory (%): 
                             75% | Peak Reserved Device Memory: 74.10 GiB | Peak
                             Reserved Device Memory (%): 94%                    
[07/18/25 15:14:04] INFO     fairseq2 - Train Metrics (step 436) - DPO Loss:    
                             0.0744542 | Chosen Sequence Log Probabilities:     
                             -464.078 | Rejected Sequence Log Probabilities:    
                             -439.371 | Chosen Sequence Length: 520.094 |       
                             Rejected Sequence Length: 554.188 | NLL Loss:      
                             0.89234 | Gradient Norm: 11.8863 | Data Epoch: 5 | 
                             Data Read Time: <1s | Elapsed Time: 4s | Wall Time:
                             2,438s | Learning Rate: 8.98811e-08 | Batch Size:  
                             64 | Elements per Batch: 70,124 | Elements per     
                             Second: 15,549 | Number of Examples: 64 | Number of
                             Elements: 70,124 | Number of Target Elements:      
                             33,286 | Total Number of Examples: 27,840 | Total  
                             Number of Elements: 31,363,558 | Total Number of   
                             Target Elements: 13,693,129 | Peak Active Device   
                             Memory: 58.96 GiB | Peak Active Device Memory (%): 
                             75% | Peak Reserved Device Memory: 74.10 GiB | Peak
                             Reserved Device Memory (%): 94%                    
[07/18/25 15:14:09] INFO     fairseq2 - Train Metrics (step 437) - DPO Loss:    
                             0.074584 | Chosen Sequence Log Probabilities:      
                             -459.832 | Rejected Sequence Log Probabilities:    
                             -442.859 | Chosen Sequence Length: 491.062 |       
                             Rejected Sequence Length: 536.438 | NLL Loss:      
                             0.936323 | Gradient Norm: 10.0458 | Data Epoch: 5 |
                             Data Read Time: <1s | Elapsed Time: 4s | Wall Time:
                             2,443s | Learning Rate: 8.98329e-08 | Batch Size:  
                             64 | Elements per Batch: 76,105 | Elements per     
                             Second: 17,443 | Number of Examples: 64 | Number of
                             Elements: 76,105 | Number of Target Elements:      
                             31,428 | Total Number of Examples: 27,904 | Total  
                             Number of Elements: 31,439,663 | Total Number of   
                             Target Elements: 13,724,557 | Peak Active Device   
                             Memory: 59.01 GiB | Peak Active Device Memory (%): 
                             75% | Peak Reserved Device Memory: 74.10 GiB | Peak
                             Reserved Device Memory (%): 94%                    
[07/18/25 15:14:13] INFO     fairseq2 - Train Metrics (step 438) - DPO Loss:    
                             0.111419 | Chosen Sequence Log Probabilities:      
                             -426.549 | Rejected Sequence Log Probabilities:    
                             -420.68 | Chosen Sequence Length: 482.266 |        
                             Rejected Sequence Length: 496.219 | NLL Loss:      
                             0.884336 | Gradient Norm: 14.4941 | Data Epoch: 5 |
                             Data Read Time: <1s | Elapsed Time: 4s | Wall Time:
                             2,447s | Learning Rate: 8.97847e-08 | Batch Size:  
                             64 | Elements per Batch: 66,479 | Elements per     
                             Second: 16,545 | Number of Examples: 64 | Number of
                             Elements: 66,479 | Number of Target Elements:      
                             30,865 | Total Number of Examples: 27,968 | Total  
                             Number of Elements: 31,506,142 | Total Number of   
                             Target Elements: 13,755,422 | Peak Active Device   
                             Memory: 59.38 GiB | Peak Active Device Memory (%): 
                             75% | Peak Reserved Device Memory: 74.10 GiB | Peak
                             Reserved Device Memory (%): 94%                    
[07/18/25 15:14:17] INFO     fairseq2 - Train Metrics (step 439) - DPO Loss:    
                             0.0565148 | Chosen Sequence Log Probabilities:     
                             -366.199 | Rejected Sequence Log Probabilities:    
                             -367.859 | Chosen Sequence Length: 434.188 |       
                             Rejected Sequence Length: 481.281 | NLL Loss:      
                             0.843058 | Gradient Norm: 8.80044 | Data Epoch: 5 |
                             Data Read Time: <1s | Elapsed Time: 3s | Wall Time:
                             2,451s | Learning Rate: 8.97363e-08 | Batch Size:  
                             64 | Elements per Batch: 65,953 | Elements per     
                             Second: 17,575 | Number of Examples: 64 | Number of
                             Elements: 65,953 | Number of Target Elements:      
                             27,788 | Total Number of Examples: 28,032 | Total  
                             Number of Elements: 31,572,095 | Total Number of   
                             Target Elements: 13,783,210 | Peak Active Device   
                             Memory: 59.20 GiB | Peak Active Device Memory (%): 
                             75% | Peak Reserved Device Memory: 74.10 GiB | Peak
                             Reserved Device Memory (%): 94%                    
[07/18/25 15:14:21] INFO     fairseq2 - Train Metrics (step 440) - DPO Loss:    
                             0.0724385 | Chosen Sequence Log Probabilities:     
                             -400.887 | Rejected Sequence Log Probabilities:    
                             -389.805 | Chosen Sequence Length: 499.031 |       
                             Rejected Sequence Length: 511.547 | NLL Loss:      
                             0.803322 | Gradient Norm: 18.4514 | Data Epoch: 5 |
                             Data Read Time: <1s | Elapsed Time: 4s | Wall Time:
                             2,455s | Learning Rate: 8.96879e-08 | Batch Size:  
                             64 | Elements per Batch: 74,815 | Elements per     
                             Second: 16,533 | Number of Examples: 64 | Number of
                             Elements: 74,815 | Number of Target Elements:      
                             31,938 | Total Number of Examples: 28,096 | Total  
                             Number of Elements: 31,646,910 | Total Number of   
                             Target Elements: 13,815,148 | Peak Active Device   
                             Memory: 58.92 GiB | Peak Active Device Memory (%): 
                             75% | Peak Reserved Device Memory: 74.10 GiB | Peak
                             Reserved Device Memory (%): 94%                    
[07/18/25 15:14:25] INFO     fairseq2 - Train Metrics (step 441) - DPO Loss:    
                             0.0982503 | Chosen Sequence Log Probabilities:     
                             -395.867 | Rejected Sequence Log Probabilities:    
                             -410.59 | Chosen Sequence Length: 474.672 |        
                             Rejected Sequence Length: 472.328 | NLL Loss:      
                             0.833794 | Gradient Norm: 25.4491 | Data Epoch: 5 |
                             Data Read Time: <1s | Elapsed Time: 3s | Wall Time:
                             2,459s | Learning Rate: 8.96393e-08 | Batch Size:  
                             64 | Elements per Batch: 67,458 | Elements per     
                             Second: 17,292 | Number of Examples: 64 | Number of
                             Elements: 67,458 | Number of Target Elements:      
                             30,379 | Total Number of Examples: 28,160 | Total  
                             Number of Elements: 31,714,368 | Total Number of   
                             Target Elements: 13,845,527 | Peak Active Device   
                             Memory: 59.40 GiB | Peak Active Device Memory (%): 
                             76% | Peak Reserved Device Memory: 74.10 GiB | Peak
                             Reserved Device Memory (%): 94%                    
[07/18/25 15:14:29] INFO     fairseq2 - Train Metrics (step 442) - DPO Loss:    
                             0.0554497 | Chosen Sequence Log Probabilities:     
                             -374.605 | Rejected Sequence Log Probabilities:    
                             -421.848 | Chosen Sequence Length: 468.969 |       
                             Rejected Sequence Length: 478.922 | NLL Loss:      
                             0.798992 | Gradient Norm: 8.07699 | Data Epoch: 5 |
                             Data Read Time: <1s | Elapsed Time: 3s | Wall Time:
                             2,463s | Learning Rate: 8.95907e-08 | Batch Size:  
                             64 | Elements per Batch: 66,997 | Elements per     
                             Second: 18,066 | Number of Examples: 64 | Number of
                             Elements: 66,997 | Number of Target Elements:      
                             30,014 | Total Number of Examples: 28,224 | Total  
                             Number of Elements: 31,781,365 | Total Number of   
                             Target Elements: 13,875,541 | Peak Active Device   
                             Memory: 59.04 GiB | Peak Active Device Memory (%): 
                             75% | Peak Reserved Device Memory: 74.10 GiB | Peak
                             Reserved Device Memory (%): 94%                    
[07/18/25 15:14:34] INFO     fairseq2 - Train Metrics (step 443) - DPO Loss:    
                             0.107963 | Chosen Sequence Log Probabilities:      
                             -470.484 | Rejected Sequence Log Probabilities:    
                             -427.996 | Chosen Sequence Length: 518.875 |       
                             Rejected Sequence Length: 484.969 | NLL Loss:      
                             0.90632 | Gradient Norm: 19.4827 | Data Epoch: 5 | 
                             Data Read Time: <1s | Elapsed Time: 4s | Wall Time:
                             2,468s | Learning Rate: 8.95419e-08 | Batch Size:  
                             64 | Elements per Batch: 77,487 | Elements per     
                             Second: 16,821 | Number of Examples: 64 | Number of
                             Elements: 77,487 | Number of Target Elements:      
                             33,208 | Total Number of Examples: 28,288 | Total  
                             Number of Elements: 31,858,852 | Total Number of   
                             Target Elements: 13,908,749 | Peak Active Device   
                             Memory: 59.25 GiB | Peak Active Device Memory (%): 
                             75% | Peak Reserved Device Memory: 74.10 GiB | Peak
                             Reserved Device Memory (%): 94%                    
[07/18/25 15:14:38] INFO     fairseq2 - Train Metrics (step 444) - DPO Loss:    
                             0.0828482 | Chosen Sequence Log Probabilities:     
                             -418.453 | Rejected Sequence Log Probabilities:    
                             -418.609 | Chosen Sequence Length: 506.594 |       
                             Rejected Sequence Length: 451.609 | NLL Loss:      
                             0.825798 | Gradient Norm: 18.4046 | Data Epoch: 5 |
                             Data Read Time: <1s | Elapsed Time: 3s | Wall Time:
                             2,472s | Learning Rate: 8.94931e-08 | Batch Size:  
                             64 | Elements per Batch: 70,745 | Elements per     
                             Second: 18,323 | Number of Examples: 64 | Number of
                             Elements: 70,745 | Number of Target Elements:      
                             32,422 | Total Number of Examples: 28,352 | Total  
                             Number of Elements: 31,929,597 | Total Number of   
                             Target Elements: 13,941,171 | Peak Active Device   
                             Memory: 59.13 GiB | Peak Active Device Memory (%): 
                             75% | Peak Reserved Device Memory: 74.10 GiB | Peak
                             Reserved Device Memory (%): 94%                    
[07/18/25 15:14:41] INFO     fairseq2 - Train Metrics (step 445) - DPO Loss:    
                             0.113637 | Chosen Sequence Log Probabilities:      
                             -405.121 | Rejected Sequence Log Probabilities:    
                             -428.402 | Chosen Sequence Length: 474.297 |       
                             Rejected Sequence Length: 516.594 | NLL Loss:      
                             0.854093 | Gradient Norm: 16.3582 | Data Epoch: 5 |
                             Data Read Time: <1s | Elapsed Time: 3s | Wall Time:
                             2,476s | Learning Rate: 8.94441e-08 | Batch Size:  
                             64 | Elements per Batch: 63,827 | Elements per     
                             Second: 16,352 | Number of Examples: 64 | Number of
                             Elements: 63,827 | Number of Target Elements:      
                             30,355 | Total Number of Examples: 28,416 | Total  
                             Number of Elements: 31,993,424 | Total Number of   
                             Target Elements: 13,971,526 | Peak Active Device   
                             Memory: 59.18 GiB | Peak Active Device Memory (%): 
                             75% | Peak Reserved Device Memory: 74.10 GiB | Peak
                             Reserved Device Memory (%): 94%                    
[07/18/25 15:14:46] INFO     fairseq2 - Train Metrics (step 446) - DPO Loss:    
                             0.0928114 | Chosen Sequence Log Probabilities:     
                             -392.244 | Rejected Sequence Log Probabilities:    
                             -392.621 | Chosen Sequence Length: 467.406 |       
                             Rejected Sequence Length: 490.453 | NLL Loss:      
                             0.839099 | Gradient Norm: 14.75 | Data Epoch: 5 |  
                             Data Read Time: <1s | Elapsed Time: 4s | Wall Time:
                             2,480s | Learning Rate: 8.93951e-08 | Batch Size:  
                             64 | Elements per Batch: 70,653 | Elements per     
                             Second: 16,129 | Number of Examples: 64 | Number of
                             Elements: 70,653 | Number of Target Elements:      
                             29,914 | Total Number of Examples: 28,480 | Total  
                             Number of Elements: 32,064,077 | Total Number of   
                             Target Elements: 14,001,440 | Peak Active Device   
                             Memory: 59.34 GiB | Peak Active Device Memory (%): 
                             75% | Peak Reserved Device Memory: 74.10 GiB | Peak
                             Reserved Device Memory (%): 94%                    
[07/18/25 15:14:50] INFO     fairseq2 - Train Metrics (step 447) - DPO Loss:    
                             0.0797087 | Chosen Sequence Log Probabilities:     
                             -487.23 | Rejected Sequence Log Probabilities:     
                             -453.98 | Chosen Sequence Length: 545.484 |        
                             Rejected Sequence Length: 567.688 | NLL Loss:      
                             0.893312 | Gradient Norm: 18.1632 | Data Epoch: 5 |
                             Data Read Time: <1s | Elapsed Time: 4s | Wall Time:
                             2,485s | Learning Rate: 8.93459e-08 | Batch Size:  
                             64 | Elements per Batch: 73,089 | Elements per     
                             Second: 16,505 | Number of Examples: 64 | Number of
                             Elements: 73,089 | Number of Target Elements:      
                             34,911 | Total Number of Examples: 28,544 | Total  
                             Number of Elements: 32,137,166 | Total Number of   
                             Target Elements: 14,036,351 | Peak Active Device   
                             Memory: 59.54 GiB | Peak Active Device Memory (%): 
                             76% | Peak Reserved Device Memory: 74.10 GiB | Peak
                             Reserved Device Memory (%): 94%                    
[07/18/25 15:14:54] INFO     fairseq2 - Train Metrics (step 448) - DPO Loss:    
                             0.0679008 | Chosen Sequence Log Probabilities:     
                             -499.434 | Rejected Sequence Log Probabilities:    
                             -451.461 | Chosen Sequence Length: 565.188 |       
                             Rejected Sequence Length: 565.984 | NLL Loss:      
                             0.883786 | Gradient Norm: 11.9634 | Data Epoch: 5 |
                             Data Read Time: <1s | Elapsed Time: 3s | Wall Time:
                             2,488s | Learning Rate: 8.92967e-08 | Batch Size:  
                             64 | Elements per Batch: 70,646 | Elements per     
                             Second: 18,925 | Number of Examples: 64 | Number of
                             Elements: 70,646 | Number of Target Elements:      
                             36,172 | Total Number of Examples: 28,608 | Total  
                             Number of Elements: 32,207,812 | Total Number of   
                             Target Elements: 14,072,523 | Peak Active Device   
                             Memory: 59.40 GiB | Peak Active Device Memory (%): 
                             76% | Peak Reserved Device Memory: 74.10 GiB | Peak
                             Reserved Device Memory (%): 94%                    
[07/18/25 15:14:58] INFO     fairseq2 - Train Metrics (step 449) - DPO Loss:    
                             0.0880719 | Chosen Sequence Log Probabilities:     
                             -442.262 | Rejected Sequence Log Probabilities:    
                             -444.074 | Chosen Sequence Length: 475.672 |       
                             Rejected Sequence Length: 478.328 | NLL Loss:      
                             0.929484 | Gradient Norm: 18.6132 | Data Epoch: 5 |
                             Data Read Time: <1s | Elapsed Time: 4s | Wall Time:
                             2,493s | Learning Rate: 8.92473e-08 | Batch Size:  
                             64 | Elements per Batch: 70,046 | Elements per     
                             Second: 17,268 | Number of Examples: 64 | Number of
                             Elements: 70,046 | Number of Target Elements:      
                             30,443 | Total Number of Examples: 28,672 | Total  
                             Number of Elements: 32,277,858 | Total Number of   
                             Target Elements: 14,102,966 | Peak Active Device   
                             Memory: 59.14 GiB | Peak Active Device Memory (%): 
                             75% | Peak Reserved Device Memory: 74.10 GiB | Peak
                             Reserved Device Memory (%): 94%                    
[07/18/25 15:15:03] INFO     fairseq2 - Train Metrics (step 450) - DPO Loss:    
                             0.0477235 | Chosen Sequence Log Probabilities:     
                             -386.145 | Rejected Sequence Log Probabilities:    
                             -418.094 | Chosen Sequence Length: 462.562 |       
                             Rejected Sequence Length: 496.75 | NLL Loss:       
                             0.83457 | Gradient Norm: 10.8431 | Data Epoch: 5 | 
                             Data Read Time: <1s | Elapsed Time: 4s | Wall Time:
                             2,497s | Learning Rate: 8.91979e-08 | Batch Size:  
                             64 | Elements per Batch: 68,693 | Elements per     
                             Second: 15,699 | Number of Examples: 64 | Number of
                             Elements: 68,693 | Number of Target Elements:      
                             29,604 | Total Number of Examples: 28,736 | Total  
                             Number of Elements: 32,346,551 | Total Number of   
                             Target Elements: 14,132,570 | Peak Active Device   
                             Memory: 59.71 GiB | Peak Active Device Memory (%): 
                             76% | Peak Reserved Device Memory: 74.10 GiB | Peak
                             Reserved Device Memory (%): 94%                    
[07/18/25 15:15:07] INFO     fairseq2 - Train Metrics (step 451) - DPO Loss:    
                             0.0850924 | Chosen Sequence Log Probabilities:     
                             -414.836 | Rejected Sequence Log Probabilities:    
                             -433.094 | Chosen Sequence Length: 492.641 |       
                             Rejected Sequence Length: 566.797 | NLL Loss:      
                             0.842165 | Gradient Norm: 15.2403 | Data Epoch: 5 |
                             Data Read Time: <1s | Elapsed Time: 4s | Wall Time:
                             2,501s | Learning Rate: 8.91483e-08 | Batch Size:  
                             64 | Elements per Batch: 70,157 | Elements per     
                             Second: 16,396 | Number of Examples: 64 | Number of
                             Elements: 70,157 | Number of Target Elements:      
                             31,529 | Total Number of Examples: 28,800 | Total  
                             Number of Elements: 32,416,708 | Total Number of   
                             Target Elements: 14,164,099 | Peak Active Device   
                             Memory: 59.57 GiB | Peak Active Device Memory (%): 
                             76% | Peak Reserved Device Memory: 74.10 GiB | Peak
                             Reserved Device Memory (%): 94%                    
[07/18/25 15:15:12] INFO     fairseq2 - Train Metrics (step 452) - DPO Loss:    
                             0.0972069 | Chosen Sequence Log Probabilities:     
                             -378.469 | Rejected Sequence Log Probabilities:    
                             -410.102 | Chosen Sequence Length: 426.703 |       
                             Rejected Sequence Length: 504.359 | NLL Loss:      
                             0.886871 | Gradient Norm: 16.0385 | Data Epoch: 5 |
                             Data Read Time: <1s | Elapsed Time: 4s | Wall Time:
                             2,506s | Learning Rate: 8.90987e-08 | Batch Size:  
                             64 | Elements per Batch: 70,286 | Elements per     
                             Second: 15,672 | Number of Examples: 64 | Number of
                             Elements: 70,286 | Number of Target Elements:      
                             27,309 | Total Number of Examples: 28,864 | Total  
                             Number of Elements: 32,486,994 | Total Number of   
                             Target Elements: 14,191,408 | Peak Active Device   
                             Memory: 59.05 GiB | Peak Active Device Memory (%): 
                             75% | Peak Reserved Device Memory: 74.10 GiB | Peak
                             Reserved Device Memory (%): 94%                    
[07/18/25 15:15:15] INFO     fairseq2 - Train Metrics (step 453) - DPO Loss:    
                             0.0828174 | Chosen Sequence Log Probabilities:     
                             -447.789 | Rejected Sequence Log Probabilities:    
                             -457.082 | Chosen Sequence Length: 502.5 | Rejected
                             Sequence Length: 564.969 | NLL Loss: 0.891161 |    
                             Gradient Norm: 12.5213 | Data Epoch: 5 | Data Read 
                             Time: <1s | Elapsed Time: 3s | Wall Time: 2,510s | 
                             Learning Rate: 8.90489e-08 | Batch Size: 64 |      
                             Elements per Batch: 65,105 | Elements per Second:  
                             17,423 | Number of Examples: 64 | Number of        
                             Elements: 65,105 | Number of Target Elements:      
                             32,160 | Total Number of Examples: 28,928 | Total  
                             Number of Elements: 32,552,099 | Total Number of   
                             Target Elements: 14,223,568 | Peak Active Device   
                             Memory: 59.18 GiB | Peak Active Device Memory (%): 
                             75% | Peak Reserved Device Memory: 74.10 GiB | Peak
                             Reserved Device Memory (%): 94%                    
[07/18/25 15:15:20] INFO     fairseq2 - Train Metrics (step 454) - DPO Loss:    
                             0.103622 | Chosen Sequence Log Probabilities:      
                             -355.895 | Rejected Sequence Log Probabilities:    
                             -362.535 | Chosen Sequence Length: 478.422 |       
                             Rejected Sequence Length: 498.859 | NLL Loss:      
                             0.743671 | Gradient Norm: 15.9961 | Data Epoch: 5 |
                             Data Read Time: <1s | Elapsed Time: 4s | Wall Time:
                             2,514s | Learning Rate: 8.89991e-08 | Batch Size:  
                             64 | Elements per Batch: 79,553 | Elements per     
                             Second: 17,753 | Number of Examples: 64 | Number of
                             Elements: 79,553 | Number of Target Elements:      
                             30,619 | Total Number of Examples: 28,992 | Total  
                             Number of Elements: 32,631,652 | Total Number of   
                             Target Elements: 14,254,187 | Peak Active Device   
                             Memory: 59.77 GiB | Peak Active Device Memory (%): 
                             76% | Peak Reserved Device Memory: 74.10 GiB | Peak
                             Reserved Device Memory (%): 94%                    
[07/18/25 15:15:24] INFO     fairseq2 - Train Metrics (step 455) - DPO Loss:    
                             0.101568 | Chosen Sequence Log Probabilities:      
                             -344.811 | Rejected Sequence Log Probabilities:    
                             -375.518 | Chosen Sequence Length: 396.641 |       
                             Rejected Sequence Length: 409.5 | NLL Loss:        
                             0.869154 | Gradient Norm: 28.7467 | Data Epoch: 5 |
                             Data Read Time: <1s | Elapsed Time: 4s | Wall Time:
                             2,518s | Learning Rate: 8.89491e-08 | Batch Size:  
                             64 | Elements per Batch: 71,728 | Elements per     
                             Second: 17,855 | Number of Examples: 64 | Number of
                             Elements: 71,728 | Number of Target Elements:      
                             25,385 | Total Number of Examples: 29,056 | Total  
                             Number of Elements: 32,703,380 | Total Number of   
                             Target Elements: 14,279,572 | Peak Active Device   
                             Memory: 59.22 GiB | Peak Active Device Memory (%): 
                             75% | Peak Reserved Device Memory: 74.10 GiB | Peak
                             Reserved Device Memory (%): 94%                    
[07/18/25 15:15:28] INFO     fairseq2 - Train Metrics (step 456) - DPO Loss:    
                             0.0773737 | Chosen Sequence Log Probabilities:     
                             -353.602 | Rejected Sequence Log Probabilities:    
                             -344.195 | Chosen Sequence Length: 416.031 |       
                             Rejected Sequence Length: 379.188 | NLL Loss:      
                             0.850257 | Gradient Norm: 11.6819 | Data Epoch: 5 |
                             Data Read Time: <1s | Elapsed Time: 3s | Wall Time:
                             2,522s | Learning Rate: 8.88991e-08 | Batch Size:  
                             64 | Elements per Batch: 68,539 | Elements per     
                             Second: 17,338 | Number of Examples: 64 | Number of
                             Elements: 68,539 | Number of Target Elements:      
                             26,626 | Total Number of Examples: 29,120 | Total  
                             Number of Elements: 32,771,919 | Total Number of   
                             Target Elements: 14,306,198 | Peak Active Device   
                             Memory: 59.31 GiB | Peak Active Device Memory (%): 
                             75% | Peak Reserved Device Memory: 74.10 GiB | Peak
                             Reserved Device Memory (%): 94%                    
[07/18/25 15:15:32] INFO     fairseq2 - Train Metrics (step 457) - DPO Loss:    
                             0.0812869 | Chosen Sequence Log Probabilities:     
                             -453.445 | Rejected Sequence Log Probabilities:    
                             -430.922 | Chosen Sequence Length: 550.719 |       
                             Rejected Sequence Length: 527.016 | NLL Loss:      
                             0.823719 | Gradient Norm: 15.6189 | Data Epoch: 5 |
                             Data Read Time: <1s | Elapsed Time: 4s | Wall Time:
                             2,527s | Learning Rate: 8.88489e-08 | Batch Size:  
                             64 | Elements per Batch: 78,268 | Elements per     
                             Second: 18,357 | Number of Examples: 64 | Number of
                             Elements: 78,268 | Number of Target Elements:      
                             35,246 | Total Number of Examples: 29,184 | Total  
                             Number of Elements: 32,850,187 | Total Number of   
                             Target Elements: 14,341,444 | Peak Active Device   
                             Memory: 59.37 GiB | Peak Active Device Memory (%): 
                             75% | Peak Reserved Device Memory: 74.10 GiB | Peak
                             Reserved Device Memory (%): 94%                    
[07/18/25 15:15:36] INFO     fairseq2 - Train Metrics (step 458) - DPO Loss:    
                             0.078066 | Chosen Sequence Log Probabilities:      
                             -410.867 | Rejected Sequence Log Probabilities:    
                             -426.102 | Chosen Sequence Length: 458.766 |       
                             Rejected Sequence Length: 452.266 | NLL Loss:      
                             0.895678 | Gradient Norm: 11.5478 | Data Epoch: 5 |
                             Data Read Time: <1s | Elapsed Time: 3s | Wall Time:
                             2,531s | Learning Rate: 8.87987e-08 | Batch Size:  
                             64 | Elements per Batch: 68,790 | Elements per     
                             Second: 17,528 | Number of Examples: 64 | Number of
                             Elements: 68,790 | Number of Target Elements:      
                             29,361 | Total Number of Examples: 29,248 | Total  
                             Number of Elements: 32,918,977 | Total Number of   
                             Target Elements: 14,370,805 | Peak Active Device   
                             Memory: 59.12 GiB | Peak Active Device Memory (%): 
                             75% | Peak Reserved Device Memory: 74.10 GiB | Peak
                             Reserved Device Memory (%): 94%                    
[07/18/25 15:15:42] INFO     fairseq2 - Train Metrics (step 459) - DPO Loss:    
                             0.0838209 | Chosen Sequence Log Probabilities:     
                             -400.594 | Rejected Sequence Log Probabilities:    
                             -401.156 | Chosen Sequence Length: 527.125 |       
                             Rejected Sequence Length: 512.094 | NLL Loss:      
                             0.759623 | Gradient Norm: 13.0615 | Data Epoch: 5 |
                             Data Read Time: <1s | Elapsed Time: 5s | Wall Time:
                             2,536s | Learning Rate: 8.87483e-08 | Batch Size:  
                             64 | Elements per Batch: 79,931 | Elements per     
                             Second: 15,303 | Number of Examples: 64 | Number of
                             Elements: 79,931 | Number of Target Elements:      
                             33,736 | Total Number of Examples: 29,312 | Total  
                             Number of Elements: 32,998,908 | Total Number of   
                             Target Elements: 14,404,541 | Peak Active Device   
                             Memory: 60.17 GiB | Peak Active Device Memory (%): 
                             76% | Peak Reserved Device Memory: 74.10 GiB | Peak
                             Reserved Device Memory (%): 94%                    
[07/18/25 15:15:46] INFO     fairseq2 - Train Metrics (step 460) - DPO Loss:    
                             0.0680123 | Chosen Sequence Log Probabilities: -393
                             | Rejected Sequence Log Probabilities: -406.117 |  
                             Chosen Sequence Length: 521.5 | Rejected Sequence  
                             Length: 500.031 | NLL Loss: 0.753445 | Gradient    
                             Norm: 10.9338 | Data Epoch: 5 | Data Read Time: <1s
                             | Elapsed Time: 4s | Wall Time: 2,540s | Learning  
                             Rate: 8.86979e-08 | Batch Size: 64 | Elements per  
                             Batch: 74,367 | Elements per Second: 17,255 |      
                             Number of Examples: 64 | Number of Elements: 74,367
                             | Number of Target Elements: 33,376 | Total Number 
                             of Examples: 29,376 | Total Number of Elements:    
                             33,073,275 | Total Number of Target Elements:      
                             14,437,917 | Peak Active Device Memory: 60.12 GiB |
                             Peak Active Device Memory (%): 76% | Peak Reserved 
                             Device Memory: 74.10 GiB | Peak Reserved Device    
                             Memory (%): 94%                                    
[07/18/25 15:15:50] INFO     fairseq2 - Train Metrics (step 461) - DPO Loss:    
                             0.149728 | Chosen Sequence Log Probabilities:      
                             -392.188 | Rejected Sequence Log Probabilities:    
                             -419.191 | Chosen Sequence Length: 421.797 |       
                             Rejected Sequence Length: 468.078 | NLL Loss:      
                             0.929989 | Gradient Norm: 18.3924 | Data Epoch: 5 |
                             Data Read Time: <1s | Elapsed Time: 3s | Wall Time:
                             2,544s | Learning Rate: 8.86474e-08 | Batch Size:  
                             64 | Elements per Batch: 65,114 | Elements per     
                             Second: 16,606 | Number of Examples: 64 | Number of
                             Elements: 65,114 | Number of Target Elements:      
                             26,995 | Total Number of Examples: 29,440 | Total  
                             Number of Elements: 33,138,389 | Total Number of   
                             Target Elements: 14,464,912 | Peak Active Device   
                             Memory: 59.16 GiB | Peak Active Device Memory (%): 
                             75% | Peak Reserved Device Memory: 74.10 GiB | Peak
                             Reserved Device Memory (%): 94%                    
[07/18/25 15:15:54] INFO     fairseq2 - Train Metrics (step 462) - DPO Loss:    
                             0.129655 | Chosen Sequence Log Probabilities:      
                             -390.133 | Rejected Sequence Log Probabilities:    
                             -406.504 | Chosen Sequence Length: 413.969 |       
                             Rejected Sequence Length: 457.062 | NLL Loss:      
                             0.942096 | Gradient Norm: 19.7956 | Data Epoch: 5 |
                             Data Read Time: <1s | Elapsed Time: 3s | Wall Time:
                             2,548s | Learning Rate: 8.85967e-08 | Batch Size:  
                             64 | Elements per Batch: 63,171 | Elements per     
                             Second: 16,932 | Number of Examples: 64 | Number of
                             Elements: 63,171 | Number of Target Elements:      
                             26,494 | Total Number of Examples: 29,504 | Total  
                             Number of Elements: 33,201,560 | Total Number of   
                             Target Elements: 14,491,406 | Peak Active Device   
                             Memory: 59.05 GiB | Peak Active Device Memory (%): 
                             75% | Peak Reserved Device Memory: 74.10 GiB | Peak
                             Reserved Device Memory (%): 94%                    
[07/18/25 15:15:58] INFO     fairseq2 - Train Metrics (step 463) - DPO Loss:    
                             0.0987666 | Chosen Sequence Log Probabilities:     
                             -348.977 | Rejected Sequence Log Probabilities:    
                             -386.191 | Chosen Sequence Length: 387.25 |        
                             Rejected Sequence Length: 422.438 | NLL Loss:      
                             0.900855 | Gradient Norm: 16.6316 | Data Epoch: 5 |
                             Data Read Time: <1s | Elapsed Time: 4s | Wall Time:
                             2,552s | Learning Rate: 8.8546e-08 | Batch Size: 64
                             | Elements per Batch: 61,158 | Elements per Second:
                             14,704 | Number of Examples: 64 | Number of        
                             Elements: 61,158 | Number of Target Elements:      
                             24,784 | Total Number of Examples: 29,568 | Total  
                             Number of Elements: 33,262,718 | Total Number of   
                             Target Elements: 14,516,190 | Peak Active Device   
                             Memory: 59.19 GiB | Peak Active Device Memory (%): 
                             75% | Peak Reserved Device Memory: 74.10 GiB | Peak
                             Reserved Device Memory (%): 94%                    
[07/18/25 15:16:03] INFO     fairseq2 - Train Metrics (step 464) - DPO Loss:    
                             0.0804284 | Chosen Sequence Log Probabilities:     
                             -395.867 | Rejected Sequence Log Probabilities:    
                             -403.75 | Chosen Sequence Length: 464.203 |        
                             Rejected Sequence Length: 533.062 | NLL Loss:      
                             0.85234 | Gradient Norm: 14.2823 | Data Epoch: 5 | 
                             Data Read Time: <1s | Elapsed Time: 4s | Wall Time:
                             2,557s | Learning Rate: 8.84951e-08 | Batch Size:  
                             64 | Elements per Batch: 66,263 | Elements per     
                             Second: 14,222 | Number of Examples: 64 | Number of
                             Elements: 66,263 | Number of Target Elements:      
                             29,709 | Total Number of Examples: 29,632 | Total  
                             Number of Elements: 33,328,981 | Total Number of   
                             Target Elements: 14,545,899 | Peak Active Device   
                             Memory: 59.04 GiB | Peak Active Device Memory (%): 
                             75% | Peak Reserved Device Memory: 74.10 GiB | Peak
                             Reserved Device Memory (%): 94%                    
[07/18/25 15:16:08] INFO     fairseq2 - Train Metrics (step 465) - DPO Loss:    
                             0.129119 | Chosen Sequence Log Probabilities:      
                             -426.506 | Rejected Sequence Log Probabilities:    
                             -406.336 | Chosen Sequence Length: 496.25 |        
                             Rejected Sequence Length: 481.188 | NLL Loss:      
                             0.859783 | Gradient Norm: 19.9533 | Data Epoch: 5 |
                             Data Read Time: <1s | Elapsed Time: 4s | Wall Time:
                             2,562s | Learning Rate: 8.84442e-08 | Batch Size:  
                             64 | Elements per Batch: 73,266 | Elements per     
                             Second: 15,078 | Number of Examples: 64 | Number of
                             Elements: 73,266 | Number of Target Elements:      
                             31,760 | Total Number of Examples: 29,696 | Total  
                             Number of Elements: 33,402,247 | Total Number of   
                             Target Elements: 14,577,659 | Peak Active Device   
                             Memory: 59.37 GiB | Peak Active Device Memory (%): 
                             75% | Peak Reserved Device Memory: 75.49 GiB | Peak
                             Reserved Device Memory (%): 96%                    
[07/18/25 15:16:12] INFO     fairseq2 - Train Metrics (step 466) - DPO Loss:    
                             0.147733 | Chosen Sequence Log Probabilities:      
                             -402.199 | Rejected Sequence Log Probabilities:    
                             -376.195 | Chosen Sequence Length: 450.688 |       
                             Rejected Sequence Length: 463.984 | NLL Loss:      
                             0.892708 | Gradient Norm: 30.8368 | Data Epoch: 5 |
                             Data Read Time: <1s | Elapsed Time: 4s | Wall Time:
                             2,566s | Learning Rate: 8.83932e-08 | Batch Size:  
                             64 | Elements per Batch: 67,148 | Elements per     
                             Second: 15,573 | Number of Examples: 64 | Number of
                             Elements: 67,148 | Number of Target Elements:      
                             28,844 | Total Number of Examples: 29,760 | Total  
                             Number of Elements: 33,469,395 | Total Number of   
                             Target Elements: 14,606,503 | Peak Active Device   
                             Memory: 59.17 GiB | Peak Active Device Memory (%): 
                             75% | Peak Reserved Device Memory: 75.49 GiB | Peak
                             Reserved Device Memory (%): 96%                    
[07/18/25 15:16:16] INFO     fairseq2 - Train Metrics (step 467) - DPO Loss:    
                             0.08328 | Chosen Sequence Log Probabilities:       
                             -422.377 | Rejected Sequence Log Probabilities:    
                             -407.691 | Chosen Sequence Length: 517.75 |        
                             Rejected Sequence Length: 526.203 | NLL Loss:      
                             0.816016 | Gradient Norm: 13.1457 | Data Epoch: 5 |
                             Data Read Time: <1s | Elapsed Time: 4s | Wall Time:
                             2,570s | Learning Rate: 8.83421e-08 | Batch Size:  
                             64 | Elements per Batch: 79,240 | Elements per     
                             Second: 19,295 | Number of Examples: 64 | Number of
                             Elements: 79,240 | Number of Target Elements:      
                             33,136 | Total Number of Examples: 29,824 | Total  
                             Number of Elements: 33,548,635 | Total Number of   
                             Target Elements: 14,639,639 | Peak Active Device   
                             Memory: 59.17 GiB | Peak Active Device Memory (%): 
                             75% | Peak Reserved Device Memory: 75.49 GiB | Peak
                             Reserved Device Memory (%): 96%                    
[07/18/25 15:16:21] INFO     fairseq2 - Train Metrics (step 468) - DPO Loss:    
                             0.117224 | Chosen Sequence Log Probabilities: -452 
                             | Rejected Sequence Log Probabilities: -444.906 |  
                             Chosen Sequence Length: 574.734 | Rejected Sequence
                             Length: 564.484 | NLL Loss: 0.786175 | Gradient    
                             Norm: 18.1067 | Data Epoch: 5 | Data Read Time: <1s
                             | Elapsed Time: 4s | Wall Time: 2,575s | Learning  
                             Rate: 8.82908e-08 | Batch Size: 64 | Elements per  
                             Batch: 74,014 | Elements per Second: 16,763 |      
                             Number of Examples: 64 | Number of Elements: 74,014
                             | Number of Target Elements: 36,783 | Total Number 
                             of Examples: 29,888 | Total Number of Elements:    
                             33,622,649 | Total Number of Target Elements:      
                             14,676,422 | Peak Active Device Memory: 59.34 GiB |
                             Peak Active Device Memory (%): 75% | Peak Reserved 
                             Device Memory: 75.49 GiB | Peak Reserved Device    
                             Memory (%): 96%                                    
[07/18/25 15:16:25] INFO     fairseq2 - Train Metrics (step 469) - DPO Loss:    
                             0.0735406 | Chosen Sequence Log Probabilities:     
                             -408.879 | Rejected Sequence Log Probabilities:    
                             -400.945 | Chosen Sequence Length: 454.391 |       
                             Rejected Sequence Length: 450.797 | NLL Loss:      
                             0.899898 | Gradient Norm: 11.1576 | Data Epoch: 5 |
                             Data Read Time: <1s | Elapsed Time: 4s | Wall Time:
                             2,579s | Learning Rate: 8.82395e-08 | Batch Size:  
                             64 | Elements per Batch: 66,094 | Elements per     
                             Second: 15,692 | Number of Examples: 64 | Number of
                             Elements: 66,094 | Number of Target Elements:      
                             29,081 | Total Number of Examples: 29,952 | Total  
                             Number of Elements: 33,688,743 | Total Number of   
                             Target Elements: 14,705,503 | Peak Active Device   
                             Memory: 59.01 GiB | Peak Active Device Memory (%): 
                             75% | Peak Reserved Device Memory: 75.49 GiB | Peak
                             Reserved Device Memory (%): 96%                    
[07/18/25 15:16:30] INFO     fairseq2 - Train Metrics (step 470) - DPO Loss:    
                             0.0746541 | Chosen Sequence Log Probabilities:     
                             -458.609 | Rejected Sequence Log Probabilities:    
                             -464.387 | Chosen Sequence Length: 556.828 |       
                             Rejected Sequence Length: 583.281 | NLL Loss:      
                             0.823899 | Gradient Norm: 11.7078 | Data Epoch: 5 |
                             Data Read Time: <1s | Elapsed Time: 4s | Wall Time:
                             2,584s | Learning Rate: 8.81881e-08 | Batch Size:  
                             64 | Elements per Batch: 78,524 | Elements per     
                             Second: 17,459 | Number of Examples: 64 | Number of
                             Elements: 78,524 | Number of Target Elements:      
                             35,637 | Total Number of Examples: 30,016 | Total  
                             Number of Elements: 33,767,267 | Total Number of   
                             Target Elements: 14,741,140 | Peak Active Device   
                             Memory: 59.61 GiB | Peak Active Device Memory (%): 
                             76% | Peak Reserved Device Memory: 75.49 GiB | Peak
                             Reserved Device Memory (%): 96%                    
[07/18/25 15:16:34] INFO     fairseq2 - Train Metrics (step 471) - DPO Loss:    
                             0.159831 | Chosen Sequence Log Probabilities:      
                             -416.586 | Rejected Sequence Log Probabilities:    
                             -416.023 | Chosen Sequence Length: 503.078 |       
                             Rejected Sequence Length: 504.781 | NLL Loss:      
                             0.827676 | Gradient Norm: 30.9469 | Data Epoch: 5 |
                             Data Read Time: <1s | Elapsed Time: 4s | Wall Time:
                             2,588s | Learning Rate: 8.81366e-08 | Batch Size:  
                             64 | Elements per Batch: 70,974 | Elements per     
                             Second: 16,651 | Number of Examples: 64 | Number of
                             Elements: 70,974 | Number of Target Elements:      
                             32,197 | Total Number of Examples: 30,080 | Total  
                             Number of Elements: 33,838,241 | Total Number of   
                             Target Elements: 14,773,337 | Peak Active Device   
                             Memory: 59.34 GiB | Peak Active Device Memory (%): 
                             75% | Peak Reserved Device Memory: 75.49 GiB | Peak
                             Reserved Device Memory (%): 96%                    
[07/18/25 15:16:38] INFO     fairseq2 - Train Metrics (step 472) - DPO Loss:    
                             0.101977 | Chosen Sequence Log Probabilities:      
                             -402.664 | Rejected Sequence Log Probabilities:    
                             -406.969 | Chosen Sequence Length: 468.906 |       
                             Rejected Sequence Length: 490.203 | NLL Loss:      
                             0.85887 | Gradient Norm: 14.726 | Data Epoch: 5 |  
                             Data Read Time: <1s | Elapsed Time: 4s | Wall Time:
                             2,592s | Learning Rate: 8.8085e-08 | Batch Size: 64
                             | Elements per Batch: 66,930 | Elements per Second:
                             15,876 | Number of Examples: 64 | Number of        
                             Elements: 66,930 | Number of Target Elements:      
                             30,010 | Total Number of Examples: 30,144 | Total  
                             Number of Elements: 33,905,171 | Total Number of   
                             Target Elements: 14,803,347 | Peak Active Device   
                             Memory: 59.44 GiB | Peak Active Device Memory (%): 
                             76% | Peak Reserved Device Memory: 75.49 GiB | Peak
                             Reserved Device Memory (%): 96%                    
[07/18/25 15:16:43] INFO     fairseq2 - Train Metrics (step 473) - DPO Loss:    
                             0.0765092 | Chosen Sequence Log Probabilities:     
                             -455.027 | Rejected Sequence Log Probabilities:    
                             -453.234 | Chosen Sequence Length: 565.125 |       
                             Rejected Sequence Length: 607.984 | NLL Loss:      
                             0.804996 | Gradient Norm: 12.3186 | Data Epoch: 5 |
                             Data Read Time: <1s | Elapsed Time: 5s | Wall Time:
                             2,598s | Learning Rate: 8.80332e-08 | Batch Size:  
                             64 | Elements per Batch: 80,951 | Elements per     
                             Second: 15,872 | Number of Examples: 64 | Number of
                             Elements: 80,951 | Number of Target Elements:      
                             36,168 | Total Number of Examples: 30,208 | Total  
                             Number of Elements: 33,986,122 | Total Number of   
                             Target Elements: 14,839,515 | Peak Active Device   
                             Memory: 59.87 GiB | Peak Active Device Memory (%): 
                             76% | Peak Reserved Device Memory: 75.49 GiB | Peak
                             Reserved Device Memory (%): 96%                    
[07/18/25 15:16:48] INFO     fairseq2 - Train Metrics (step 474) - DPO Loss:    
                             0.100772 | Chosen Sequence Log Probabilities:      
                             -437.758 | Rejected Sequence Log Probabilities:    
                             -415.043 | Chosen Sequence Length: 536.938 |       
                             Rejected Sequence Length: 523.328 | NLL Loss:      
                             0.814993 | Gradient Norm: 13.5509 | Data Epoch: 5 |
                             Data Read Time: <1s | Elapsed Time: 4s | Wall Time:
                             2,602s | Learning Rate: 8.79814e-08 | Batch Size:  
                             64 | Elements per Batch: 72,954 | Elements per     
                             Second: 15,180 | Number of Examples: 64 | Number of
                             Elements: 72,954 | Number of Target Elements:      
                             34,364 | Total Number of Examples: 30,272 | Total  
                             Number of Elements: 34,059,076 | Total Number of   
                             Target Elements: 14,873,879 | Peak Active Device   
                             Memory: 59.25 GiB | Peak Active Device Memory (%): 
                             75% | Peak Reserved Device Memory: 75.49 GiB | Peak
                             Reserved Device Memory (%): 96%                    
[07/18/25 15:16:53] INFO     fairseq2 - Train Metrics (step 475) - DPO Loss:    
                             0.0462462 | Chosen Sequence Log Probabilities:     
                             -442.129 | Rejected Sequence Log Probabilities:    
                             -460.871 | Chosen Sequence Length: 458.938 |       
                             Rejected Sequence Length: 489.062 | NLL Loss:      
                             0.96317 | Gradient Norm: 9.90376 | Data Epoch: 5 | 
                             Data Read Time: <1s | Elapsed Time: 4s | Wall Time:
                             2,607s | Learning Rate: 8.79295e-08 | Batch Size:  
                             64 | Elements per Batch: 66,349 | Elements per     
                             Second: 15,437 | Number of Examples: 64 | Number of
                             Elements: 66,349 | Number of Target Elements:      
                             29,372 | Total Number of Examples: 30,336 | Total  
                             Number of Elements: 34,125,425 | Total Number of   
                             Target Elements: 14,903,251 | Peak Active Device   
                             Memory: 59.04 GiB | Peak Active Device Memory (%): 
                             75% | Peak Reserved Device Memory: 75.49 GiB | Peak
                             Reserved Device Memory (%): 96%                    
[07/18/25 15:16:57] INFO     fairseq2 - Train Metrics (step 476) - DPO Loss:    
                             0.0589635 | Chosen Sequence Log Probabilities:     
                             -596.938 | Rejected Sequence Log Probabilities:    
                             -518.492 | Chosen Sequence Length: 600.156 |       
                             Rejected Sequence Length: 644.969 | NLL Loss:      
                             0.994693 | Gradient Norm: 10.6198 | Data Epoch: 5 |
                             Data Read Time: <1s | Elapsed Time: 4s | Wall Time:
                             2,611s | Learning Rate: 8.78775e-08 | Batch Size:  
                             64 | Elements per Batch: 74,562 | Elements per     
                             Second: 17,248 | Number of Examples: 64 | Number of
                             Elements: 74,562 | Number of Target Elements:      
                             38,410 | Total Number of Examples: 30,400 | Total  
                             Number of Elements: 34,199,987 | Total Number of   
                             Target Elements: 14,941,661 | Peak Active Device   
                             Memory: 59.72 GiB | Peak Active Device Memory (%): 
                             76% | Peak Reserved Device Memory: 75.49 GiB | Peak
                             Reserved Device Memory (%): 96%                    
[07/18/25 15:17:01] INFO     fairseq2 - Train Metrics (step 477) - DPO Loss:    
                             0.0911874 | Chosen Sequence Log Probabilities:     
                             -436.951 | Rejected Sequence Log Probabilities:    
                             -428.48 | Chosen Sequence Length: 484.609 |        
                             Rejected Sequence Length: 506.516 | NLL Loss:      
                             0.90131 | Gradient Norm: 14.5604 | Data Epoch: 5 | 
                             Data Read Time: <1s | Elapsed Time: 3s | Wall Time:
                             2,615s | Learning Rate: 8.78254e-08 | Batch Size:  
                             64 | Elements per Batch: 64,942 | Elements per     
                             Second: 16,312 | Number of Examples: 64 | Number of
                             Elements: 64,942 | Number of Target Elements:      
                             31,015 | Total Number of Examples: 30,464 | Total  
                             Number of Elements: 34,264,929 | Total Number of   
                             Target Elements: 14,972,676 | Peak Active Device   
                             Memory: 59.18 GiB | Peak Active Device Memory (%): 
                             75% | Peak Reserved Device Memory: 75.49 GiB | Peak
                             Reserved Device Memory (%): 96%                    
[07/18/25 15:17:05] INFO     fairseq2 - Train Metrics (step 478) - DPO Loss:    
                             0.0852395 | Chosen Sequence Log Probabilities:     
                             -483.064 | Rejected Sequence Log Probabilities:    
                             -466.688 | Chosen Sequence Length: 526.734 |       
                             Rejected Sequence Length: 501.656 | NLL Loss:      
                             0.917118 | Gradient Norm: 12.4595 | Data Epoch: 5 |
                             Data Read Time: <1s | Elapsed Time: 4s | Wall Time:
                             2,619s | Learning Rate: 8.77732e-08 | Batch Size:  
                             64 | Elements per Batch: 74,401 | Elements per     
                             Second: 18,298 | Number of Examples: 64 | Number of
                             Elements: 74,401 | Number of Target Elements:      
                             33,711 | Total Number of Examples: 30,528 | Total  
                             Number of Elements: 34,339,330 | Total Number of   
                             Target Elements: 15,006,387 | Peak Active Device   
                             Memory: 59.08 GiB | Peak Active Device Memory (%): 
                             75% | Peak Reserved Device Memory: 75.49 GiB | Peak
                             Reserved Device Memory (%): 96%                    
[07/18/25 15:17:10] INFO     fairseq2 - Train Metrics (step 479) - DPO Loss:    
                             0.0986697 | Chosen Sequence Log Probabilities:     
                             -464.234 | Rejected Sequence Log Probabilities:    
                             -462.547 | Chosen Sequence Length: 504.672 |       
                             Rejected Sequence Length: 514.625 | NLL Loss:      
                             0.919847 | Gradient Norm: 26.1499 | Data Epoch: 5 |
                             Data Read Time: <1s | Elapsed Time: 4s | Wall Time:
                             2,624s | Learning Rate: 8.77209e-08 | Batch Size:  
                             64 | Elements per Batch: 79,832 | Elements per     
                             Second: 17,943 | Number of Examples: 64 | Number of
                             Elements: 79,832 | Number of Target Elements:      
                             32,299 | Total Number of Examples: 30,592 | Total  
                             Number of Elements: 34,419,162 | Total Number of   
                             Target Elements: 15,038,686 | Peak Active Device   
                             Memory: 60.17 GiB | Peak Active Device Memory (%): 
                             76% | Peak Reserved Device Memory: 75.49 GiB | Peak
                             Reserved Device Memory (%): 96%                    
[07/18/25 15:17:14] INFO     fairseq2 - Train Metrics (step 480) - DPO Loss:    
                             0.0678874 | Chosen Sequence Log Probabilities:     
                             -402.312 | Rejected Sequence Log Probabilities:    
                             -379.651 | Chosen Sequence Length: 494.375 |       
                             Rejected Sequence Length: 513.396 | NLL Loss:      
                             0.813664 | Gradient Norm: 10.8776 | Data Epoch: 5 |
                             Data Read Time: <1s | Elapsed Time: 4s | Wall Time:
                             2,628s | Learning Rate: 8.76686e-08 | Batch Size:  
                             48 | Elements per Batch: 57,574 | Elements per     
                             Second: 13,363 | Number of Examples: 48 | Number of
                             Elements: 57,574 | Number of Target Elements:      
                             23,730 | Total Number of Examples: 30,640 | Total  
                             Number of Elements: 34,476,736 | Total Number of   
                             Target Elements: 15,062,416 | Peak Active Device   
                             Memory: 59.83 GiB | Peak Active Device Memory (%): 
                             76% | Peak Reserved Device Memory: 75.49 GiB | Peak
                             Reserved Device Memory (%): 96%                    
                    INFO     fairseq2 - End of epoch 5 reached at training step 
                             481.                                               
                    INFO     fairseq2 - Saving checkpoint after step 480.       
[07/18/25 15:17:20] INFO     fairseq2 - Saving the trainer state.               
[07/18/25 15:17:30] INFO     fairseq2 - Trainer state saved.                    
                    INFO     fairseq2 - Saving the model.                       
                    INFO     fairseq2 - Extracting the consolidated FSDP model  
                             state on rank 0.                                   
[07/18/25 15:18:06] INFO     fairseq2 - Model state extracted.                  

[07/18/25 15:18:54] ERROR    fairseq2 - Command failed with an unexpected error.
                             See logged stack trace for details.                
                             Traceback (most recent call last):                 
                               File                                             
                             "/home/chuanyang/envs/fairseq2/conda/lib/python3.10
                             /site-packages/torch/serialization.py", line 944,  
                             in save                                            
                                 _save(                                         
                               File                                             
                             "/home/chuanyang/envs/fairseq2/conda/lib/python3.10
                             /site-packages/torch/serialization.py", line 1216, 
                             in _save                                           
                                 zip_file.write_record(name, storage, num_bytes)
                             OSError: [Errno 122] Disk quota exceeded           
                                                                                
                             During handling of the above exception, another    
                             exception occurred:                                
                                                                                
                             Traceback (most recent call last):                 
                               File                                             
                             "/opt/hpcaas/.mounts/fs-072917c00f01ae1ba/home/chua
                             nyang/envs/fairseq2/fairseq2/src/fairseq2/utils/fil
                             e.py", line 272, in dump                           
                                 torch.save(data, fp)                           
                               File                                             
                             "/home/chuanyang/envs/fairseq2/conda/lib/python3.10
                             /site-packages/torch/serialization.py", line 943,  
                             in save                                            
                                 with _open_zipfile_writer(f) as opened_zipfile:
                               File                                             
                             "/home/chuanyang/envs/fairseq2/conda/lib/python3.10
                             /site-packages/torch/serialization.py", line 800,  
                             in __exit__                                        
                                 self.file_like.write_end_of_file()             
                             RuntimeError: [enforce fail at                     
                             inline_container.cc:626] . unexpected pos          
                             22302061248 vs 22302061144                         
                                                                                
                             The above exception was the direct cause of the    
                             following exception:                               
                                                                                
                             Traceback (most recent call last):                 
                               File                                             
                             "/opt/hpcaas/.mounts/fs-072917c00f01ae1ba/home/chua
                             nyang/envs/fairseq2/fairseq2/src/fairseq2/checkpoin
                             t/_manager.py", line 386, in save_model            
                                 self._tensor_dumper.dump(model_checkpoint,     
                             model_file)                                        
                               File                                             
                             "/opt/hpcaas/.mounts/fs-072917c00f01ae1ba/home/chua
                             nyang/envs/fairseq2/fairseq2/src/fairseq2/utils/fil
                             e.py", line 274, in dump                           
                                 raise dump_error() from ex                     
                             fairseq2.utils.file.TensorDumpError: The           
                             '/opt/hpcaas/.mounts/fs-0277f92010ab54b61/chuanyang
                             /dpo/rlhi_0718_combined_combined_preference_pairs_0
                             718_6.1k_LR1e-7_FLR1e-17_BT0.1_WP30_EPS1e-8/checkpo
                             ints/step_480.tmp/model.pt' tensor file cannot be  
                             dumped. See the nested exception for details.      
                                                                                
                             The above exception was the direct cause of the    
                             following exception:                               
                                                                                
                             Traceback (most recent call last):                 
                               File                                             
                             "/opt/hpcaas/.mounts/fs-072917c00f01ae1ba/home/chua
                             nyang/envs/fairseq2/fairseq2/src/fairseq2/cli/_main
                             .py", line 27, in main                             
                                 exit_code = _run()                             
                               File                                             
                             "/opt/hpcaas/.mounts/fs-072917c00f01ae1ba/home/chua
                             nyang/envs/fairseq2/fairseq2/src/fairseq2/cli/_main
                             .py", line 73, in _run                             
                                 return cli.run(context)                        
                               File                                             
                             "/opt/hpcaas/.mounts/fs-072917c00f01ae1ba/home/chua
                             nyang/envs/fairseq2/fairseq2/src/fairseq2/cli/_cli.
                             py", line 123, in run                              
                                 return args.command.run(context, args)  # type:
                             ignore[no-any-return]                              
                               File                                             
                             "/opt/hpcaas/.mounts/fs-072917c00f01ae1ba/home/chua
                             nyang/envs/fairseq2/fairseq2/src/fairseq2/cli/_cli.
                             py", line 361, in run                              
                                 return self._handler.run(context, self._parser,
                             args)                                              
                               File                                             
                             "/opt/hpcaas/.mounts/fs-072917c00f01ae1ba/home/chua
                             nyang/envs/fairseq2/fairseq2/src/fairseq2/cli/comma
                             nds/recipe.py", line 263, in run                   
                                 recipe(progress_reporter)                      
                               File                                             
                             "/opt/hpcaas/.mounts/fs-072917c00f01ae1ba/home/chua
                             nyang/envs/fairseq2/fairseq2/src/fairseq2/recipes/t
                             rainer.py", line 580, in __call__                  
                                 self._do_run()                                 
                               File                                             
                             "/opt/hpcaas/.mounts/fs-072917c00f01ae1ba/home/chua
                             nyang/envs/fairseq2/fairseq2/src/fairseq2/recipes/t
                             rainer.py", line 659, in _do_run                   
                                 self._checkpoint()                             
                               File                                             
                             "/opt/hpcaas/.mounts/fs-072917c00f01ae1ba/home/chua
                             nyang/envs/fairseq2/fairseq2/src/fairseq2/recipes/t
                             rainer.py", line 1117, in _checkpoint              
                                 self._checkpoint_manager.save_model(self._model
                             )                                                  
                               File                                             
                             "/opt/hpcaas/.mounts/fs-072917c00f01ae1ba/home/chua
                             nyang/envs/fairseq2/fairseq2/src/fairseq2/checkpoin
                             t/_manager.py", line 388, in save_model            
                                 raise CheckpointSaveError(                     
                             fairseq2.checkpoint._manager.CheckpointSaveError:  
                             The model of training step 480 cannot be saved to  
                             the                                                
                             '/opt/hpcaas/.mounts/fs-0277f92010ab54b61/chuanyang
                             /dpo/rlhi_0718_combined_combined_preference_pairs_0
                             718_6.1k_LR1e-7_FLR1e-17_BT0.1_WP30_EPS1e-8/checkpo
                             ints/step_480.tmp/model.pt' file. See the nested   
                             exception for details.                             
--- Logging error ---
Traceback (most recent call last):
  File "/home/chuanyang/envs/fairseq2/conda/lib/python3.10/site-packages/torch/serialization.py", line 944, in save
    _save(
  File "/home/chuanyang/envs/fairseq2/conda/lib/python3.10/site-packages/torch/serialization.py", line 1216, in _save
    zip_file.write_record(name, storage, num_bytes)
OSError: [Errno 122] Disk quota exceeded

During handling of the above exception, another exception occurred:

Traceback (most recent call last):
  File "/opt/hpcaas/.mounts/fs-072917c00f01ae1ba/home/chuanyang/envs/fairseq2/fairseq2/src/fairseq2/utils/file.py", line 272, in dump
    torch.save(data, fp)
  File "/home/chuanyang/envs/fairseq2/conda/lib/python3.10/site-packages/torch/serialization.py", line 943, in save
    with _open_zipfile_writer(f) as opened_zipfile:
  File "/home/chuanyang/envs/fairseq2/conda/lib/python3.10/site-packages/torch/serialization.py", line 800, in __exit__
    self.file_like.write_end_of_file()
RuntimeError: [enforce fail at inline_container.cc:626] . unexpected pos 22302061248 vs 22302061144

The above exception was the direct cause of the following exception:

Traceback (most recent call last):
  File "/opt/hpcaas/.mounts/fs-072917c00f01ae1ba/home/chuanyang/envs/fairseq2/fairseq2/src/fairseq2/checkpoint/_manager.py", line 386, in save_model
    self._tensor_dumper.dump(model_checkpoint, model_file)
  File "/opt/hpcaas/.mounts/fs-072917c00f01ae1ba/home/chuanyang/envs/fairseq2/fairseq2/src/fairseq2/utils/file.py", line 274, in dump
    raise dump_error() from ex
fairseq2.utils.file.TensorDumpError: The '/opt/hpcaas/.mounts/fs-0277f92010ab54b61/chuanyang/dpo/rlhi_0718_combined_combined_preference_pairs_0718_6.1k_LR1e-7_FLR1e-17_BT0.1_WP30_EPS1e-8/checkpoints/step_480.tmp/model.pt' tensor file cannot be dumped. See the nested exception for details.

The above exception was the direct cause of the following exception:

Traceback (most recent call last):
  File "/opt/hpcaas/.mounts/fs-072917c00f01ae1ba/home/chuanyang/envs/fairseq2/fairseq2/src/fairseq2/cli/_main.py", line 27, in main
    exit_code = _run()
  File "/opt/hpcaas/.mounts/fs-072917c00f01ae1ba/home/chuanyang/envs/fairseq2/fairseq2/src/fairseq2/cli/_main.py", line 73, in _run
    return cli.run(context)
  File "/opt/hpcaas/.mounts/fs-072917c00f01ae1ba/home/chuanyang/envs/fairseq2/fairseq2/src/fairseq2/cli/_cli.py", line 123, in run
    return args.command.run(context, args)  # type: ignore[no-any-return]
  File "/opt/hpcaas/.mounts/fs-072917c00f01ae1ba/home/chuanyang/envs/fairseq2/fairseq2/src/fairseq2/cli/_cli.py", line 361, in run
    return self._handler.run(context, self._parser, args)
  File "/opt/hpcaas/.mounts/fs-072917c00f01ae1ba/home/chuanyang/envs/fairseq2/fairseq2/src/fairseq2/cli/commands/recipe.py", line 263, in run
    recipe(progress_reporter)
  File "/opt/hpcaas/.mounts/fs-072917c00f01ae1ba/home/chuanyang/envs/fairseq2/fairseq2/src/fairseq2/recipes/trainer.py", line 580, in __call__
    self._do_run()
  File "/opt/hpcaas/.mounts/fs-072917c00f01ae1ba/home/chuanyang/envs/fairseq2/fairseq2/src/fairseq2/recipes/trainer.py", line 659, in _do_run
    self._checkpoint()
  File "/opt/hpcaas/.mounts/fs-072917c00f01ae1ba/home/chuanyang/envs/fairseq2/fairseq2/src/fairseq2/recipes/trainer.py", line 1117, in _checkpoint
    self._checkpoint_manager.save_model(self._model)
  File "/opt/hpcaas/.mounts/fs-072917c00f01ae1ba/home/chuanyang/envs/fairseq2/fairseq2/src/fairseq2/checkpoint/_manager.py", line 388, in save_model
    raise CheckpointSaveError(
fairseq2.checkpoint._manager.CheckpointSaveError: The model of training step 480 cannot be saved to the '/opt/hpcaas/.mounts/fs-0277f92010ab54b61/chuanyang/dpo/rlhi_0718_combined_combined_preference_pairs_0718_6.1k_LR1e-7_FLR1e-17_BT0.1_WP30_EPS1e-8/checkpoints/step_480.tmp/model.pt' file. See the nested exception for details.

During handling of the above exception, another exception occurred:

Traceback (most recent call last):
  File "/home/chuanyang/envs/fairseq2/conda/lib/python3.10/logging/__init__.py", line 1104, in emit
    self.flush()
  File "/home/chuanyang/envs/fairseq2/conda/lib/python3.10/logging/__init__.py", line 1084, in flush
    self.stream.flush()
OSError: [Errno 122] Disk quota exceeded
Call stack:
  File "/home/chuanyang/miniconda3/envs/fairseq2/bin/fairseq2", line 8, in <module>
    sys.exit(main())
  File "/opt/hpcaas/.mounts/fs-072917c00f01ae1ba/home/chuanyang/envs/fairseq2/fairseq2/src/fairseq2/cli/_main.py", line 43, in main
    log.exception("Command failed with an unexpected error. See logged stack trace for details.")  # fmt: skip
  File "/opt/hpcaas/.mounts/fs-072917c00f01ae1ba/home/chuanyang/envs/fairseq2/fairseq2/src/fairseq2/logging.py", line 52, in exception
    self._write(logging.ERROR, message, args, exc_info=True)
  File "/opt/hpcaas/.mounts/fs-072917c00f01ae1ba/home/chuanyang/envs/fairseq2/fairseq2/src/fairseq2/logging.py", line 67, in _write
    self._logger.log(level, message, exc_info=exc_info, extra=self._NO_HIGHLIGHT)
Message: 'Command failed with an unexpected error. See logged stack trace for details.'
Arguments: ()
--- Logging error ---
--- Logging error ---
--- Logging error ---
--- Logging error ---
--- Logging error ---
Traceback (most recent call last):
  File "/home/chuanyang/envs/fairseq2/conda/lib/python3.10/logging/__init__.py", line 1104, in emit
    self.flush()
  File "/home/chuanyang/envs/fairseq2/conda/lib/python3.10/logging/__init__.py", line 1084, in flush
    self.stream.flush()
OSError: [Errno 122] Disk quota exceeded
Traceback (most recent call last):
  File "/home/chuanyang/envs/fairseq2/conda/lib/python3.10/logging/__init__.py", line 1104, in emit
    self.flush()
  File "/home/chuanyang/envs/fairseq2/conda/lib/python3.10/logging/__init__.py", line 1084, in flush
    self.stream.flush()
OSError: [Errno 122] Disk quota exceeded
Traceback (most recent call last):
  File "/home/chuanyang/envs/fairseq2/conda/lib/python3.10/logging/__init__.py", line 1104, in emit
    self.flush()
  File "/home/chuanyang/envs/fairseq2/conda/lib/python3.10/logging/__init__.py", line 1084, in flush
    self.stream.flush()
OSError: [Errno 122] Disk quota exceeded
Traceback (most recent call last):
  File "/home/chuanyang/envs/fairseq2/conda/lib/python3.10/logging/__init__.py", line 1104, in emit
    self.flush()
  File "/home/chuanyang/envs/fairseq2/conda/lib/python3.10/logging/__init__.py", line 1084, in flush
    self.stream.flush()
OSError: [Errno 122] Disk quota exceeded
Call stack:
Call stack:
Call stack:
Call stack:
Traceback (most recent call last):
  File "/home/chuanyang/envs/fairseq2/conda/lib/python3.10/logging/__init__.py", line 1104, in emit
    self.flush()
  File "/home/chuanyang/envs/fairseq2/conda/lib/python3.10/logging/__init__.py", line 1084, in flush
    self.stream.flush()
OSError: [Errno 122] Disk quota exceeded
Call stack:
  File "/home/chuanyang/miniconda3/envs/fairseq2/bin/fairseq2", line 8, in <module>
    sys.exit(main())
  File "/opt/hpcaas/.mounts/fs-072917c00f01ae1ba/home/chuanyang/envs/fairseq2/fairseq2/src/fairseq2/cli/_main.py", line 27, in main
    exit_code = _run()
  File "/opt/hpcaas/.mounts/fs-072917c00f01ae1ba/home/chuanyang/envs/fairseq2/fairseq2/src/fairseq2/cli/_main.py", line 73, in _run
    return cli.run(context)
  File "/opt/hpcaas/.mounts/fs-072917c00f01ae1ba/home/chuanyang/envs/fairseq2/fairseq2/src/fairseq2/cli/_cli.py", line 123, in run
    return args.command.run(context, args)  # type: ignore[no-any-return]
  File "/opt/hpcaas/.mounts/fs-072917c00f01ae1ba/home/chuanyang/envs/fairseq2/fairseq2/src/fairseq2/cli/_cli.py", line 361, in run
    return self._handler.run(context, self._parser, args)
  File "/opt/hpcaas/.mounts/fs-072917c00f01ae1ba/home/chuanyang/envs/fairseq2/fairseq2/src/fairseq2/cli/commands/recipe.py", line 263, in run
    recipe(progress_reporter)
  File "/opt/hpcaas/.mounts/fs-072917c00f01ae1ba/home/chuanyang/envs/fairseq2/fairseq2/src/fairseq2/recipes/trainer.py", line 580, in __call__
    self._do_run()
  File "/opt/hpcaas/.mounts/fs-072917c00f01ae1ba/home/chuanyang/envs/fairseq2/fairseq2/src/fairseq2/recipes/trainer.py", line 659, in _do_run
    self._checkpoint()
  File "/opt/hpcaas/.mounts/fs-072917c00f01ae1ba/home/chuanyang/envs/fairseq2/fairseq2/src/fairseq2/recipes/trainer.py", line 1119, in _checkpoint
    log.info("Model saved.")
  File "/opt/hpcaas/.mounts/fs-072917c00f01ae1ba/home/chuanyang/envs/fairseq2/fairseq2/src/fairseq2/logging.py", line 40, in info
    self._write(logging.INFO, message, args)
  File "/opt/hpcaas/.mounts/fs-072917c00f01ae1ba/home/chuanyang/envs/fairseq2/fairseq2/src/fairseq2/logging.py", line 67, in _write
    self._logger.log(level, message, exc_info=exc_info, extra=self._NO_HIGHLIGHT)
  File "/home/chuanyang/miniconda3/envs/fairseq2/bin/fairseq2", line 8, in <module>
    sys.exit(main())
  File "/opt/hpcaas/.mounts/fs-072917c00f01ae1ba/home/chuanyang/envs/fairseq2/fairseq2/src/fairseq2/cli/_main.py", line 27, in main
    exit_code = _run()
  File "/opt/hpcaas/.mounts/fs-072917c00f01ae1ba/home/chuanyang/envs/fairseq2/fairseq2/src/fairseq2/cli/_main.py", line 73, in _run
    return cli.run(context)
  File "/opt/hpcaas/.mounts/fs-072917c00f01ae1ba/home/chuanyang/envs/fairseq2/fairseq2/src/fairseq2/cli/_cli.py", line 123, in run
    return args.command.run(context, args)  # type: ignore[no-any-return]
  File "/opt/hpcaas/.mounts/fs-072917c00f01ae1ba/home/chuanyang/envs/fairseq2/fairseq2/src/fairseq2/cli/_cli.py", line 361, in run
    return self._handler.run(context, self._parser, args)
  File "/home/chuanyang/miniconda3/envs/fairseq2/bin/fairseq2", line 8, in <module>
    sys.exit(main())
  File "/opt/hpcaas/.mounts/fs-072917c00f01ae1ba/home/chuanyang/envs/fairseq2/fairseq2/src/fairseq2/cli/_main.py", line 27, in main
    exit_code = _run()
  File "/opt/hpcaas/.mounts/fs-072917c00f01ae1ba/home/chuanyang/envs/fairseq2/fairseq2/src/fairseq2/cli/_main.py", line 73, in _run
    return cli.run(context)
  File "/opt/hpcaas/.mounts/fs-072917c00f01ae1ba/home/chuanyang/envs/fairseq2/fairseq2/src/fairseq2/cli/_cli.py", line 123, in run
    return args.command.run(context, args)  # type: ignore[no-any-return]
  File "/opt/hpcaas/.mounts/fs-072917c00f01ae1ba/home/chuanyang/envs/fairseq2/fairseq2/src/fairseq2/cli/_cli.py", line 361, in run
    return self._handler.run(context, self._parser, args)
  File "/opt/hpcaas/.mounts/fs-072917c00f01ae1ba/home/chuanyang/envs/fairseq2/fairseq2/src/fairseq2/cli/commands/recipe.py", line 263, in run
    recipe(progress_reporter)
  File "/opt/hpcaas/.mounts/fs-072917c00f01ae1ba/home/chuanyang/envs/fairseq2/fairseq2/src/fairseq2/recipes/trainer.py", line 580, in __call__
    self._do_run()
  File "/opt/hpcaas/.mounts/fs-072917c00f01ae1ba/home/chuanyang/envs/fairseq2/fairseq2/src/fairseq2/recipes/trainer.py", line 659, in _do_run
    self._checkpoint()
  File "/opt/hpcaas/.mounts/fs-072917c00f01ae1ba/home/chuanyang/envs/fairseq2/fairseq2/src/fairseq2/recipes/trainer.py", line 1119, in _checkpoint
    log.info("Model saved.")
  File "/opt/hpcaas/.mounts/fs-072917c00f01ae1ba/home/chuanyang/envs/fairseq2/fairseq2/src/fairseq2/logging.py", line 40, in info
    self._write(logging.INFO, message, args)
  File "/opt/hpcaas/.mounts/fs-072917c00f01ae1ba/home/chuanyang/envs/fairseq2/fairseq2/src/fairseq2/logging.py", line 67, in _write
    self._logger.log(level, message, exc_info=exc_info, extra=self._NO_HIGHLIGHT)
Message: 'Model saved.'
Arguments: ()
Message: 'Model saved.'
Arguments: ()
--- Logging error ---
  File "/opt/hpcaas/.mounts/fs-072917c00f01ae1ba/home/chuanyang/envs/fairseq2/fairseq2/src/fairseq2/cli/commands/recipe.py", line 263, in run
    recipe(progress_reporter)
  File "/opt/hpcaas/.mounts/fs-072917c00f01ae1ba/home/chuanyang/envs/fairseq2/fairseq2/src/fairseq2/recipes/trainer.py", line 580, in __call__
    self._do_run()
  File "/opt/hpcaas/.mounts/fs-072917c00f01ae1ba/home/chuanyang/envs/fairseq2/fairseq2/src/fairseq2/recipes/trainer.py", line 659, in _do_run
    self._checkpoint()
  File "/opt/hpcaas/.mounts/fs-072917c00f01ae1ba/home/chuanyang/envs/fairseq2/fairseq2/src/fairseq2/recipes/trainer.py", line 1119, in _checkpoint
    log.info("Model saved.")
  File "/opt/hpcaas/.mounts/fs-072917c00f01ae1ba/home/chuanyang/envs/fairseq2/fairseq2/src/fairseq2/logging.py", line 40, in info
    self._write(logging.INFO, message, args)
  File "/opt/hpcaas/.mounts/fs-072917c00f01ae1ba/home/chuanyang/envs/fairseq2/fairseq2/src/fairseq2/logging.py", line 67, in _write
Traceback (most recent call last):
  File "/home/chuanyang/envs/fairseq2/conda/lib/python3.10/logging/__init__.py", line 1104, in emit
    self.flush()
    self._logger.log(level, message, exc_info=exc_info, extra=self._NO_HIGHLIGHT)
Message: 'Model saved.'
Arguments: ()
  File "/home/chuanyang/envs/fairseq2/conda/lib/python3.10/logging/__init__.py", line 1084, in flush
    self.stream.flush()
  File "/home/chuanyang/miniconda3/envs/fairseq2/bin/fairseq2", line 8, in <module>
    sys.exit(main())
  File "/opt/hpcaas/.mounts/fs-072917c00f01ae1ba/home/chuanyang/envs/fairseq2/fairseq2/src/fairseq2/cli/_main.py", line 27, in main
    exit_code = _run()
  File "/opt/hpcaas/.mounts/fs-072917c00f01ae1ba/home/chuanyang/envs/fairseq2/fairseq2/src/fairseq2/cli/_main.py", line 73, in _run
    return cli.run(context)
  File "/opt/hpcaas/.mounts/fs-072917c00f01ae1ba/home/chuanyang/envs/fairseq2/fairseq2/src/fairseq2/cli/_cli.py", line 123, in run
    return args.command.run(context, args)  # type: ignore[no-any-return]
  File "/opt/hpcaas/.mounts/fs-072917c00f01ae1ba/home/chuanyang/envs/fairseq2/fairseq2/src/fairseq2/cli/_cli.py", line 361, in run
    return self._handler.run(context, self._parser, args)
  File "/opt/hpcaas/.mounts/fs-072917c00f01ae1ba/home/chuanyang/envs/fairseq2/fairseq2/src/fairseq2/cli/commands/recipe.py", line 263, in run
    recipe(progress_reporter)
OSError: [Errno 122] Disk quota exceeded
  File "/opt/hpcaas/.mounts/fs-072917c00f01ae1ba/home/chuanyang/envs/fairseq2/fairseq2/src/fairseq2/recipes/trainer.py", line 580, in __call__
    self._do_run()
  File "/opt/hpcaas/.mounts/fs-072917c00f01ae1ba/home/chuanyang/envs/fairseq2/fairseq2/src/fairseq2/recipes/trainer.py", line 659, in _do_run
    self._checkpoint()
  File "/opt/hpcaas/.mounts/fs-072917c00f01ae1ba/home/chuanyang/envs/fairseq2/fairseq2/src/fairseq2/recipes/trainer.py", line 1119, in _checkpoint
    log.info("Model saved.")
  File "/opt/hpcaas/.mounts/fs-072917c00f01ae1ba/home/chuanyang/envs/fairseq2/fairseq2/src/fairseq2/logging.py", line 40, in info
    self._write(logging.INFO, message, args)
  File "/opt/hpcaas/.mounts/fs-072917c00f01ae1ba/home/chuanyang/envs/fairseq2/fairseq2/src/fairseq2/logging.py", line 67, in _write
    self._logger.log(level, message, exc_info=exc_info, extra=self._NO_HIGHLIGHT)
Message: 'Model saved.'
Arguments: ()
Call stack:
  File "/home/chuanyang/miniconda3/envs/fairseq2/bin/fairseq2", line 8, in <module>
    sys.exit(main())
  File "/opt/hpcaas/.mounts/fs-072917c00f01ae1ba/home/chuanyang/envs/fairseq2/fairseq2/src/fairseq2/cli/_main.py", line 27, in main
    exit_code = _run()
  File "/opt/hpcaas/.mounts/fs-072917c00f01ae1ba/home/chuanyang/envs/fairseq2/fairseq2/src/fairseq2/cli/_main.py", line 73, in _run
    return cli.run(context)
  File "/opt/hpcaas/.mounts/fs-072917c00f01ae1ba/home/chuanyang/envs/fairseq2/fairseq2/src/fairseq2/cli/_cli.py", line 123, in run
    return args.command.run(context, args)  # type: ignore[no-any-return]
  File "/opt/hpcaas/.mounts/fs-072917c00f01ae1ba/home/chuanyang/envs/fairseq2/fairseq2/src/fairseq2/cli/_cli.py", line 361, in run
    return self._handler.run(context, self._parser, args)
  File "/opt/hpcaas/.mounts/fs-072917c00f01ae1ba/home/chuanyang/envs/fairseq2/fairseq2/src/fairseq2/cli/commands/recipe.py", line 263, in run
    recipe(progress_reporter)
  File "/home/chuanyang/miniconda3/envs/fairseq2/bin/fairseq2", line 8, in <module>
    sys.exit(main())
  File "/opt/hpcaas/.mounts/fs-072917c00f01ae1ba/home/chuanyang/envs/fairseq2/fairseq2/src/fairseq2/cli/_main.py", line 27, in main
    exit_code = _run()
  File "/opt/hpcaas/.mounts/fs-072917c00f01ae1ba/home/chuanyang/envs/fairseq2/fairseq2/src/fairseq2/cli/_main.py", line 73, in _run
    return cli.run(context)
  File "/opt/hpcaas/.mounts/fs-072917c00f01ae1ba/home/chuanyang/envs/fairseq2/fairseq2/src/fairseq2/cli/_cli.py", line 123, in run
    return args.command.run(context, args)  # type: ignore[no-any-return]
  File "/opt/hpcaas/.mounts/fs-072917c00f01ae1ba/home/chuanyang/envs/fairseq2/fairseq2/src/fairseq2/cli/_cli.py", line 361, in run
    return self._handler.run(context, self._parser, args)
  File "/opt/hpcaas/.mounts/fs-072917c00f01ae1ba/home/chuanyang/envs/fairseq2/fairseq2/src/fairseq2/cli/commands/recipe.py", line 263, in run
    recipe(progress_reporter)
  File "/opt/hpcaas/.mounts/fs-072917c00f01ae1ba/home/chuanyang/envs/fairseq2/fairseq2/src/fairseq2/recipes/trainer.py", line 580, in __call__
    self._do_run()
  File "/opt/hpcaas/.mounts/fs-072917c00f01ae1ba/home/chuanyang/envs/fairseq2/fairseq2/src/fairseq2/recipes/trainer.py", line 659, in _do_run
    self._checkpoint()
  File "/opt/hpcaas/.mounts/fs-072917c00f01ae1ba/home/chuanyang/envs/fairseq2/fairseq2/src/fairseq2/recipes/trainer.py", line 1119, in _checkpoint
    log.info("Model saved.")
  File "/opt/hpcaas/.mounts/fs-072917c00f01ae1ba/home/chuanyang/envs/fairseq2/fairseq2/src/fairseq2/logging.py", line 40, in info
    self._write(logging.INFO, message, args)
  File "/opt/hpcaas/.mounts/fs-072917c00f01ae1ba/home/chuanyang/envs/fairseq2/fairseq2/src/fairseq2/logging.py", line 67, in _write
    self._logger.log(level, message, exc_info=exc_info, extra=self._NO_HIGHLIGHT)
  File "/opt/hpcaas/.mounts/fs-072917c00f01ae1ba/home/chuanyang/envs/fairseq2/fairseq2/src/fairseq2/recipes/trainer.py", line 580, in __call__
    self._do_run()
  File "/opt/hpcaas/.mounts/fs-072917c00f01ae1ba/home/chuanyang/envs/fairseq2/fairseq2/src/fairseq2/recipes/trainer.py", line 659, in _do_run
    self._checkpoint()
  File "/opt/hpcaas/.mounts/fs-072917c00f01ae1ba/home/chuanyang/envs/fairseq2/fairseq2/src/fairseq2/recipes/trainer.py", line 1119, in _checkpoint
    log.info("Model saved.")
  File "/opt/hpcaas/.mounts/fs-072917c00f01ae1ba/home/chuanyang/envs/fairseq2/fairseq2/src/fairseq2/logging.py", line 40, in info
    self._write(logging.INFO, message, args)
  File "/opt/hpcaas/.mounts/fs-072917c00f01ae1ba/home/chuanyang/envs/fairseq2/fairseq2/src/fairseq2/logging.py", line 67, in _write
    self._logger.log(level, message, exc_info=exc_info, extra=self._NO_HIGHLIGHT)
Message: 'Model saved.'
Arguments: ()
Message: 'Model saved.'
Arguments: ()
--- Logging error ---
Traceback (most recent call last):
  File "/home/chuanyang/envs/fairseq2/conda/lib/python3.10/logging/__init__.py", line 1104, in emit
    self.flush()
  File "/home/chuanyang/envs/fairseq2/conda/lib/python3.10/logging/__init__.py", line 1084, in flush
    self.stream.flush()
OSError: [Errno 122] Disk quota exceeded
Call stack:
  File "/home/chuanyang/miniconda3/envs/fairseq2/bin/fairseq2", line 8, in <module>
    sys.exit(main())
  File "/opt/hpcaas/.mounts/fs-072917c00f01ae1ba/home/chuanyang/envs/fairseq2/fairseq2/src/fairseq2/cli/_main.py", line 27, in main
    exit_code = _run()
  File "/opt/hpcaas/.mounts/fs-072917c00f01ae1ba/home/chuanyang/envs/fairseq2/fairseq2/src/fairseq2/cli/_main.py", line 73, in _run
    return cli.run(context)
  File "/opt/hpcaas/.mounts/fs-072917c00f01ae1ba/home/chuanyang/envs/fairseq2/fairseq2/src/fairseq2/cli/_cli.py", line 123, in run
    return args.command.run(context, args)  # type: ignore[no-any-return]
  File "/opt/hpcaas/.mounts/fs-072917c00f01ae1ba/home/chuanyang/envs/fairseq2/fairseq2/src/fairseq2/cli/_cli.py", line 361, in run
    return self._handler.run(context, self._parser, args)
  File "/opt/hpcaas/.mounts/fs-072917c00f01ae1ba/home/chuanyang/envs/fairseq2/fairseq2/src/fairseq2/cli/commands/recipe.py", line 263, in run
    recipe(progress_reporter)
  File "/opt/hpcaas/.mounts/fs-072917c00f01ae1ba/home/chuanyang/envs/fairseq2/fairseq2/src/fairseq2/recipes/trainer.py", line 580, in __call__
    self._do_run()
  File "/opt/hpcaas/.mounts/fs-072917c00f01ae1ba/home/chuanyang/envs/fairseq2/fairseq2/src/fairseq2/recipes/trainer.py", line 659, in _do_run
    self._checkpoint()
  File "/opt/hpcaas/.mounts/fs-072917c00f01ae1ba/home/chuanyang/envs/fairseq2/fairseq2/src/fairseq2/recipes/trainer.py", line 1119, in _checkpoint
    log.info("Model saved.")
  File "/opt/hpcaas/.mounts/fs-072917c00f01ae1ba/home/chuanyang/envs/fairseq2/fairseq2/src/fairseq2/logging.py", line 40, in info
    self._write(logging.INFO, message, args)
  File "/opt/hpcaas/.mounts/fs-072917c00f01ae1ba/home/chuanyang/envs/fairseq2/fairseq2/src/fairseq2/logging.py", line 67, in _write
    self._logger.log(level, message, exc_info=exc_info, extra=self._NO_HIGHLIGHT)
Message: 'Model saved.'
Arguments: ()
--- Logging error ---
Traceback (most recent call last):
  File "/home/chuanyang/envs/fairseq2/conda/lib/python3.10/logging/__init__.py", line 1104, in emit
    self.flush()
  File "/home/chuanyang/envs/fairseq2/conda/lib/python3.10/logging/__init__.py", line 1084, in flush
    self.stream.flush()
OSError: [Errno 122] Disk quota exceeded
Call stack:
  File "/home/chuanyang/miniconda3/envs/fairseq2/bin/fairseq2", line 8, in <module>
    sys.exit(main())
  File "/opt/hpcaas/.mounts/fs-072917c00f01ae1ba/home/chuanyang/envs/fairseq2/fairseq2/src/fairseq2/cli/_main.py", line 27, in main
    exit_code = _run()
  File "/opt/hpcaas/.mounts/fs-072917c00f01ae1ba/home/chuanyang/envs/fairseq2/fairseq2/src/fairseq2/cli/_main.py", line 73, in _run
    return cli.run(context)
  File "/opt/hpcaas/.mounts/fs-072917c00f01ae1ba/home/chuanyang/envs/fairseq2/fairseq2/src/fairseq2/cli/_cli.py", line 123, in run
    return args.command.run(context, args)  # type: ignore[no-any-return]
  File "/opt/hpcaas/.mounts/fs-072917c00f01ae1ba/home/chuanyang/envs/fairseq2/fairseq2/src/fairseq2/cli/_cli.py", line 361, in run
    return self._handler.run(context, self._parser, args)
  File "/opt/hpcaas/.mounts/fs-072917c00f01ae1ba/home/chuanyang/envs/fairseq2/fairseq2/src/fairseq2/cli/commands/recipe.py", line 263, in run
    recipe(progress_reporter)
  File "/opt/hpcaas/.mounts/fs-072917c00f01ae1ba/home/chuanyang/envs/fairseq2/fairseq2/src/fairseq2/recipes/trainer.py", line 580, in __call__
    self._do_run()
  File "/opt/hpcaas/.mounts/fs-072917c00f01ae1ba/home/chuanyang/envs/fairseq2/fairseq2/src/fairseq2/recipes/trainer.py", line 659, in _do_run
    self._checkpoint()
  File "/opt/hpcaas/.mounts/fs-072917c00f01ae1ba/home/chuanyang/envs/fairseq2/fairseq2/src/fairseq2/recipes/trainer.py", line 1130, in _checkpoint
    log.info("Checkpoint complete.")
  File "/opt/hpcaas/.mounts/fs-072917c00f01ae1ba/home/chuanyang/envs/fairseq2/fairseq2/src/fairseq2/logging.py", line 40, in info
    self._write(logging.INFO, message, args)
  File "/opt/hpcaas/.mounts/fs-072917c00f01ae1ba/home/chuanyang/envs/fairseq2/fairseq2/src/fairseq2/logging.py", line 67, in _write
    self._logger.log(level, message, exc_info=exc_info, extra=self._NO_HIGHLIGHT)
Message: 'Checkpoint complete.'
Arguments: ()
terminate called after throwing an instance of 'c10::DistBackendError'
  what():  [PG ID 0 PG GUID 0(default_pg) Rank 8] Process group watchdog thread terminated with exception: [Rank 8] Watchdog caught collective operation timeout: WorkNCCL(SeqNum=214122, OpType=ALLREDUCE, NumelIn=1, NumelOut=1, Timeout(ms)=900000) ran for 900016 milliseconds before timing out.
Exception raised from checkTimeout at /pytorch/torch/csrc/distributed/c10d/ProcessGroupNCCL.cpp:632 (most recent call first):
frame #0: c10::Error::Error(c10::SourceLocation, std::string) + 0x96 (0x75735b16c1b6 in /home/chuanyang/envs/fairseq2/conda/lib/python3.10/site-packages/torch/lib/libc10.so)
frame #1: c10d::ProcessGroupNCCL::WorkNCCL::checkTimeout(std::optional<std::chrono::duration<long, std::ratio<1l, 1000l> > >) + 0x2b4 (0x757309429c74 in /home/chuanyang/envs/fairseq2/conda/lib/python3.10/site-packages/torch/lib/libtorch_cuda.so)
frame #2: c10d::ProcessGroupNCCL::watchdogHandler() + 0x890 (0x75730942b7d0 in /home/chuanyang/envs/fairseq2/conda/lib/python3.10/site-packages/torch/lib/libtorch_cuda.so)
frame #3: c10d::ProcessGroupNCCL::ncclCommWatchdog() + 0x14d (0x75730942c6ed in /home/chuanyang/envs/fairseq2/conda/lib/python3.10/site-packages/torch/lib/libtorch_cuda.so)
frame #4: <unknown function> + 0x145c0 (0x75735b6055c0 in /home/chuanyang/envs/fairseq2/conda/lib/python3.10/site-packages/torch/lib/libtorch.so)
frame #5: <unknown function> + 0x94ac3 (0x75735c094ac3 in /lib/x86_64-linux-gnu/libc.so.6)
frame #6: <unknown function> + 0x126850 (0x75735c126850 in /lib/x86_64-linux-gnu/libc.so.6)

Exception raised from ncclCommWatchdog at /pytorch/torch/csrc/distributed/c10d/ProcessGroupNCCL.cpp:1901 (most recent call first):
frame #0: c10::Error::Error(c10::SourceLocation, std::string) + 0x96 (0x75735b16c1b6 in /home/chuanyang/envs/fairseq2/conda/lib/python3.10/site-packages/torch/lib/libc10.so)
frame #1: <unknown function> + 0xe5c6fc (0x7573090876fc in /home/chuanyang/envs/fairseq2/conda/lib/python3.10/site-packages/torch/lib/libtorch_cuda.so)
frame #2: <unknown function> + 0x145c0 (0x75735b6055c0 in /home/chuanyang/envs/fairseq2/conda/lib/python3.10/site-packages/torch/lib/libtorch.so)
frame #3: <unknown function> + 0x94ac3 (0x75735c094ac3 in /lib/x86_64-linux-gnu/libc.so.6)
frame #4: <unknown function> + 0x126850 (0x75735c126850 in /lib/x86_64-linux-gnu/libc.so.6)


terminate called after throwing an instance of 'c10::DistBackendError'
  what():  [PG ID 0 PG GUID 0(default_pg) Rank 12] Process group watchdog thread terminated with exception: [Rank 12] Watchdog caught collective operation timeout: WorkNCCL(SeqNum=214122, OpType=ALLREDUCE, NumelIn=1, NumelOut=1, Timeout(ms)=900000) ran for 900081 milliseconds before timing out.
Exception raised from checkTimeout at /pytorch/torch/csrc/distributed/c10d/ProcessGroupNCCL.cpp:632 (most recent call first):
frame #0: c10::Error::Error(c10::SourceLocation, std::string) + 0x96 (0x78968fb6c1b6 in /home/chuanyang/envs/fairseq2/conda/lib/python3.10/site-packages/torch/lib/libc10.so)
frame #1: c10d::ProcessGroupNCCL::WorkNCCL::checkTimeout(std::optional<std::chrono::duration<long, std::ratio<1l, 1000l> > >) + 0x2b4 (0x78963de29c74 in /home/chuanyang/envs/fairseq2/conda/lib/python3.10/site-packages/torch/lib/libtorch_cuda.so)
frame #2: c10d::ProcessGroupNCCL::watchdogHandler() + 0x890 (0x78963de2b7d0 in /home/chuanyang/envs/fairseq2/conda/lib/python3.10/site-packages/torch/lib/libtorch_cuda.so)
frame #3: c10d::ProcessGroupNCCL::ncclCommWatchdog() + 0x14d (0x78963de2c6ed in /home/chuanyang/envs/fairseq2/conda/lib/python3.10/site-packages/torch/lib/libtorch_cuda.so)
frame #4: <unknown function> + 0x145c0 (0x78969007a5c0 in /home/chuanyang/envs/fairseq2/conda/lib/python3.10/site-packages/torch/lib/libtorch.so)
frame #5: <unknown function> + 0x94ac3 (0x789690a94ac3 in /lib/x86_64-linux-gnu/libc.so.6)
frame #6: <unknown function> + 0x126850 (0x789690b26850 in /lib/x86_64-linux-gnu/libc.so.6)

Exception raised from ncclCommWatchdog at /pytorch/torch/csrc/distributed/c10d/ProcessGroupNCCL.cpp:1901 (most recent call first):
frame #0: c10::Error::Error(c10::SourceLocation, std::string) + 0x96 (0x78968fb6c1b6 in /home/chuanyang/envs/fairseq2/conda/lib/python3.10/site-packages/torch/lib/libc10.so)
frame #1: <unknown function> + 0xe5c6fc (0x78963da876fc in /home/chuanyang/envs/fairseq2/conda/lib/python3.10/site-packages/torch/lib/libtorch_cuda.so)
frame #2: <unknown function> + 0x145c0 (0x78969007a5c0 in /home/chuanyang/envs/fairseq2/conda/lib/python3.10/site-packages/torch/lib/libtorch.so)
frame #3: <unknown function> + 0x94ac3 (0x789690a94ac3 in /lib/x86_64-linux-gnu/libc.so.6)
frame #4: <unknown function> + 0x126850 (0x789690b26850 in /lib/x86_64-linux-gnu/libc.so.6)


terminate called after throwing an instance of 'c10::DistBackendError'
  what():  [PG ID 0 PG GUID 0(default_pg) Rank 9] Process group watchdog thread terminated with exception: [Rank 9] Watchdog caught collective operation timeout: WorkNCCL(SeqNum=214122, OpType=ALLREDUCE, NumelIn=1, NumelOut=1, Timeout(ms)=900000) ran for 900002 milliseconds before timing out.
Exception raised from checkTimeout at /pytorch/torch/csrc/distributed/c10d/ProcessGroupNCCL.cpp:632 (most recent call first):
frame #0: c10::Error::Error(c10::SourceLocation, std::string) + 0x96 (0x7627db16c1b6 in /home/chuanyang/envs/fairseq2/conda/lib/python3.10/site-packages/torch/lib/libc10.so)
frame #1: c10d::ProcessGroupNCCL::WorkNCCL::checkTimeout(std::optional<std::chrono::duration<long, std::ratio<1l, 1000l> > >) + 0x2b4 (0x762789429c74 in /home/chuanyang/envs/fairseq2/conda/lib/python3.10/site-packages/torch/lib/libtorch_cuda.so)
frame #2: c10d::ProcessGroupNCCL::watchdogHandler() + 0x890 (0x76278942b7d0 in /home/chuanyang/envs/fairseq2/conda/lib/python3.10/site-packages/torch/lib/libtorch_cuda.so)
frame #3: c10d::ProcessGroupNCCL::ncclCommWatchdog() + 0x14d (0x76278942c6ed in /home/chuanyang/envs/fairseq2/conda/lib/python3.10/site-packages/torch/lib/libtorch_cuda.so)
frame #4: <unknown function> + 0x145c0 (0x7627db6805c0 in /home/chuanyang/envs/fairseq2/conda/lib/python3.10/site-packages/torch/lib/libtorch.so)
frame #5: <unknown function> + 0x94ac3 (0x7627dc094ac3 in /lib/x86_64-linux-gnu/libc.so.6)
frame #6: <unknown function> + 0x126850 (0x7627dc126850 in /lib/x86_64-linux-gnu/libc.so.6)

Exception raised from ncclCommWatchdog at /pytorch/torch/csrc/distributed/c10d/ProcessGroupNCCL.cpp:1901 (most recent call first):
frame #0: c10::Error::Error(c10::SourceLocation, std::string) + 0x96 (0x7627db16c1b6 in /home/chuanyang/envs/fairseq2/conda/lib/python3.10/site-packages/torch/lib/libc10.so)
frame #1: <unknown function> + 0xe5c6fc (0x7627890876fc in /home/chuanyang/envs/fairseq2/conda/lib/python3.10/site-packages/torch/lib/libtorch_cuda.so)
frame #2: <unknown function> + 0x145c0 (0x7627db6805c0 in /home/chuanyang/envs/fairseq2/conda/lib/python3.10/site-packages/torch/lib/libtorch.so)
frame #3: <unknown function> + 0x94ac3 (0x7627dc094ac3 in /lib/x86_64-linux-gnu/libc.so.6)
frame #4: <unknown function> + 0x126850 (0x7627dc126850 in /lib/x86_64-linux-gnu/libc.so.6)


terminate called after throwing an instance of 'c10::DistBackendError'
  what():  [PG ID 0 PG GUID 0(default_pg) Rank 10] Process group watchdog thread terminated with exception: [Rank 10] Watchdog caught collective operation timeout: WorkNCCL(SeqNum=214122, OpType=ALLREDUCE, NumelIn=1, NumelOut=1, Timeout(ms)=900000) ran for 900035 milliseconds before timing out.
Exception raised from checkTimeout at /pytorch/torch/csrc/distributed/c10d/ProcessGroupNCCL.cpp:632 (most recent call first):
frame #0: c10::Error::Error(c10::SourceLocation, std::string) + 0x96 (0x7ce9db16c1b6 in /home/chuanyang/envs/fairseq2/conda/lib/python3.10/site-packages/torch/lib/libc10.so)
frame #1: c10d::ProcessGroupNCCL::WorkNCCL::checkTimeout(std::optional<std::chrono::duration<long, std::ratio<1l, 1000l> > >) + 0x2b4 (0x7ce989829c74 in /home/chuanyang/envs/fairseq2/conda/lib/python3.10/site-packages/torch/lib/libtorch_cuda.so)
frame #2: c10d::ProcessGroupNCCL::watchdogHandler() + 0x890 (0x7ce98982b7d0 in /home/chuanyang/envs/fairseq2/conda/lib/python3.10/site-packages/torch/lib/libtorch_cuda.so)
frame #3: c10d::ProcessGroupNCCL::ncclCommWatchdog() + 0x14d (0x7ce98982c6ed in /home/chuanyang/envs/fairseq2/conda/lib/python3.10/site-packages/torch/lib/libtorch_cuda.so)
frame #4: <unknown function> + 0x145c0 (0x7ce9db9055c0 in /home/chuanyang/envs/fairseq2/conda/lib/python3.10/site-packages/torch/lib/libtorch.so)
frame #5: <unknown function> + 0x94ac3 (0x7ce9dc294ac3 in /lib/x86_64-linux-gnu/libc.so.6)
frame #6: <unknown function> + 0x126850 (0x7ce9dc326850 in /lib/x86_64-linux-gnu/libc.so.6)

Exception raised from ncclCommWatchdog at /pytorch/torch/csrc/distributed/c10d/ProcessGroupNCCL.cpp:1901 (most recent call first):
frame #0: c10::Error::Error(c10::SourceLocation, std::string) + 0x96 (0x7ce9db16c1b6 in /home/chuanyang/envs/fairseq2/conda/lib/python3.10/site-packages/torch/lib/libc10.so)
frame #1: <unknown function> + 0xe5c6fc (0x7ce9894876fc in /home/chuanyang/envs/fairseq2/conda/lib/python3.10/site-packages/torch/lib/libtorch_cuda.so)
frame #2: <unknown function> + 0x145c0 (0x7ce9db9055c0 in /home/chuanyang/envs/fairseq2/conda/lib/python3.10/site-packages/torch/lib/libtorch.so)
frame #3: <unknown function> + 0x94ac3 (0x7ce9dc294ac3 in /lib/x86_64-linux-gnu/libc.so.6)
frame #4: <unknown function> + 0x126850 (0x7ce9dc326850 in /lib/x86_64-linux-gnu/libc.so.6)


terminate called after throwing an instance of 'c10::DistBackendError'
  what():  [PG ID 0 PG GUID 0(default_pg) Rank 11] Process group watchdog thread terminated with exception: [Rank 11] Watchdog caught collective operation timeout: WorkNCCL(SeqNum=214122, OpType=ALLREDUCE, NumelIn=1, NumelOut=1, Timeout(ms)=900000) ran for 900082 milliseconds before timing out.
Exception raised from checkTimeout at /pytorch/torch/csrc/distributed/c10d/ProcessGroupNCCL.cpp:632 (most recent call first):
frame #0: c10::Error::Error(c10::SourceLocation, std::string) + 0x96 (0x71c98676c1b6 in /home/chuanyang/envs/fairseq2/conda/lib/python3.10/site-packages/torch/lib/libc10.so)
frame #1: c10d::ProcessGroupNCCL::WorkNCCL::checkTimeout(std::optional<std::chrono::duration<long, std::ratio<1l, 1000l> > >) + 0x2b4 (0x71c934a29c74 in /home/chuanyang/envs/fairseq2/conda/lib/python3.10/site-packages/torch/lib/libtorch_cuda.so)
frame #2: c10d::ProcessGroupNCCL::watchdogHandler() + 0x890 (0x71c934a2b7d0 in /home/chuanyang/envs/fairseq2/conda/lib/python3.10/site-packages/torch/lib/libtorch_cuda.so)
frame #3: c10d::ProcessGroupNCCL::ncclCommWatchdog() + 0x14d (0x71c934a2c6ed in /home/chuanyang/envs/fairseq2/conda/lib/python3.10/site-packages/torch/lib/libtorch_cuda.so)
frame #4: <unknown function> + 0x145c0 (0x71c986bbd5c0 in /home/chuanyang/envs/fairseq2/conda/lib/python3.10/site-packages/torch/lib/libtorch.so)
frame #5: <unknown function> + 0x94ac3 (0x71c987694ac3 in /lib/x86_64-linux-gnu/libc.so.6)
frame #6: <unknown function> + 0x126850 (0x71c987726850 in /lib/x86_64-linux-gnu/libc.so.6)

Exception raised from ncclCommWatchdog at /pytorch/torch/csrc/distributed/c10d/ProcessGroupNCCL.cpp:1901 (most recent call first):
frame #0: c10::Error::Error(c10::SourceLocation, std::string) + 0x96 (0x71c98676c1b6 in /home/chuanyang/envs/fairseq2/conda/lib/python3.10/site-packages/torch/lib/libc10.so)
frame #1: <unknown function> + 0xe5c6fc (0x71c9346876fc in /home/chuanyang/envs/fairseq2/conda/lib/python3.10/site-packages/torch/lib/libtorch_cuda.so)
frame #2: <unknown function> + 0x145c0 (0x71c986bbd5c0 in /home/chuanyang/envs/fairseq2/conda/lib/python3.10/site-packages/torch/lib/libtorch.so)
frame #3: <unknown function> + 0x94ac3 (0x71c987694ac3 in /lib/x86_64-linux-gnu/libc.so.6)
frame #4: <unknown function> + 0x126850 (0x71c987726850 in /lib/x86_64-linux-gnu/libc.so.6)


terminate called after throwing an instance of 'c10::DistBackendError'
  what():  [PG ID 0 PG GUID 0(default_pg) Rank 15] Process group watchdog thread terminated with exception: [Rank 15] Watchdog caught collective operation timeout: WorkNCCL(SeqNum=214122, OpType=ALLREDUCE, NumelIn=1, NumelOut=1, Timeout(ms)=900000) ran for 900007 milliseconds before timing out.
Exception raised from checkTimeout at /pytorch/torch/csrc/distributed/c10d/ProcessGroupNCCL.cpp:632 (most recent call first):
frame #0: c10::Error::Error(c10::SourceLocation, std::string) + 0x96 (0x7c03e5b6c1b6 in /home/chuanyang/envs/fairseq2/conda/lib/python3.10/site-packages/torch/lib/libc10.so)
frame #1: c10d::ProcessGroupNCCL::WorkNCCL::checkTimeout(std::optional<std::chrono::duration<long, std::ratio<1l, 1000l> > >) + 0x2b4 (0x7c0394229c74 in /home/chuanyang/envs/fairseq2/conda/lib/python3.10/site-packages/torch/lib/libtorch_cuda.so)
frame #2: c10d::ProcessGroupNCCL::watchdogHandler() + 0x890 (0x7c039422b7d0 in /home/chuanyang/envs/fairseq2/conda/lib/python3.10/site-packages/torch/lib/libtorch_cuda.so)
frame #3: c10d::ProcessGroupNCCL::ncclCommWatchdog() + 0x14d (0x7c039422c6ed in /home/chuanyang/envs/fairseq2/conda/lib/python3.10/site-packages/torch/lib/libtorch_cuda.so)
frame #4: <unknown function> + 0x145c0 (0x7c03e62d65c0 in /home/chuanyang/envs/fairseq2/conda/lib/python3.10/site-packages/torch/lib/libtorch.so)
frame #5: <unknown function> + 0x94ac3 (0x7c03e6c94ac3 in /lib/x86_64-linux-gnu/libc.so.6)
frame #6: <unknown function> + 0x126850 (0x7c03e6d26850 in /lib/x86_64-linux-gnu/libc.so.6)

Exception raised from ncclCommWatchdog at /pytorch/torch/csrc/distributed/c10d/ProcessGroupNCCL.cpp:1901 (most recent call first):
frame #0: c10::Error::Error(c10::SourceLocation, std::string) + 0x96 (0x7c03e5b6c1b6 in /home/chuanyang/envs/fairseq2/conda/lib/python3.10/site-packages/torch/lib/libc10.so)
frame #1: <unknown function> + 0xe5c6fc (0x7c0393e876fc in /home/chuanyang/envs/fairseq2/conda/lib/python3.10/site-packages/torch/lib/libtorch_cuda.so)
frame #2: <unknown function> + 0x145c0 (0x7c03e62d65c0 in /home/chuanyang/envs/fairseq2/conda/lib/python3.10/site-packages/torch/lib/libtorch.so)
frame #3: <unknown function> + 0x94ac3 (0x7c03e6c94ac3 in /lib/x86_64-linux-gnu/libc.so.6)
frame #4: <unknown function> + 0x126850 (0x7c03e6d26850 in /lib/x86_64-linux-gnu/libc.so.6)


terminate called after throwing an instance of 'c10::DistBackendError'
  what():  [PG ID 0 PG GUID 0(default_pg) Rank 13] Process group watchdog thread terminated with exception: [Rank 13] Watchdog caught collective operation timeout: WorkNCCL(SeqNum=214122, OpType=ALLREDUCE, NumelIn=1, NumelOut=1, Timeout(ms)=900000) ran for 900051 milliseconds before timing out.
Exception raised from checkTimeout at /pytorch/torch/csrc/distributed/c10d/ProcessGroupNCCL.cpp:632 (most recent call first):
frame #0: c10::Error::Error(c10::SourceLocation, std::string) + 0x96 (0x7345bd76c1b6 in /home/chuanyang/envs/fairseq2/conda/lib/python3.10/site-packages/torch/lib/libc10.so)
frame #1: c10d::ProcessGroupNCCL::WorkNCCL::checkTimeout(std::optional<std::chrono::duration<long, std::ratio<1l, 1000l> > >) + 0x2b4 (0x73456ba29c74 in /home/chuanyang/envs/fairseq2/conda/lib/python3.10/site-packages/torch/lib/libtorch_cuda.so)
frame #2: c10d::ProcessGroupNCCL::watchdogHandler() + 0x890 (0x73456ba2b7d0 in /home/chuanyang/envs/fairseq2/conda/lib/python3.10/site-packages/torch/lib/libtorch_cuda.so)
frame #3: c10d::ProcessGroupNCCL::ncclCommWatchdog() + 0x14d (0x73456ba2c6ed in /home/chuanyang/envs/fairseq2/conda/lib/python3.10/site-packages/torch/lib/libtorch_cuda.so)
frame #4: <unknown function> + 0x145c0 (0x7345bdc345c0 in /home/chuanyang/envs/fairseq2/conda/lib/python3.10/site-packages/torch/lib/libtorch.so)
frame #5: <unknown function> + 0x94ac3 (0x7345be694ac3 in /lib/x86_64-linux-gnu/libc.so.6)
frame #6: <unknown function> + 0x126850 (0x7345be726850 in /lib/x86_64-linux-gnu/libc.so.6)

Exception raised from ncclCommWatchdog at /pytorch/torch/csrc/distributed/c10d/ProcessGroupNCCL.cpp:1901 (most recent call first):
frame #0: c10::Error::Error(c10::SourceLocation, std::string) + 0x96 (0x7345bd76c1b6 in /home/chuanyang/envs/fairseq2/conda/lib/python3.10/site-packages/torch/lib/libc10.so)
frame #1: <unknown function> + 0xe5c6fc (0x73456b6876fc in /home/chuanyang/envs/fairseq2/conda/lib/python3.10/site-packages/torch/lib/libtorch_cuda.so)
frame #2: <unknown function> + 0x145c0 (0x7345bdc345c0 in /home/chuanyang/envs/fairseq2/conda/lib/python3.10/site-packages/torch/lib/libtorch.so)
frame #3: <unknown function> + 0x94ac3 (0x7345be694ac3 in /lib/x86_64-linux-gnu/libc.so.6)
frame #4: <unknown function> + 0x126850 (0x7345be726850 in /lib/x86_64-linux-gnu/libc.so.6)

terminate called after throwing an instance of 'c10::DistBackendError'
  what():  [PG ID 0 PG GUID 0(default_pg) Rank 14] Process group watchdog thread terminated with exception: [Rank 14] Watchdog caught collective operation timeout: WorkNCCL(SeqNum=214122, OpType=ALLREDUCE, NumelIn=1, NumelOut=1, Timeout(ms)=900000) ran for 900007 milliseconds before timing out.
Exception raised from checkTimeout at /pytorch/torch/csrc/distributed/c10d/ProcessGroupNCCL.cpp:632 (most recent call first):
frame #0: c10::Error::Error(c10::SourceLocation, std::string) + 0x96 (0x792b3c96c1b6 in /home/chuanyang/envs/fairseq2/conda/lib/python3.10/site-packages/torch/lib/libc10.so)
frame #1: c10d::ProcessGroupNCCL::WorkNCCL::checkTimeout(std::optional<std::chrono::duration<long, std::ratio<1l, 1000l> > >) + 0x2b4 (0x792aeb029c74 in /home/chuanyang/envs/fairseq2/conda/lib/python3.10/site-packages/torch/lib/libtorch_cuda.so)
frame #2: c10d::ProcessGroupNCCL::watchdogHandler() + 0x890 (0x792aeb02b7d0 in /home/chuanyang/envs/fairseq2/conda/lib/python3.10/site-packages/torch/lib/libtorch_cuda.so)
frame #3: c10d::ProcessGroupNCCL::ncclCommWatchdog() + 0x14d (0x792aeb02c6ed in /home/chuanyang/envs/fairseq2/conda/lib/python3.10/site-packages/torch/lib/libtorch_cuda.so)
frame #4: <unknown function> + 0x145c0 (0x792b3d0df5c0 in /home/chuanyang/envs/fairseq2/conda/lib/python3.10/site-packages/torch/lib/libtorch.so)
frame #5: <unknown function> + 0x94ac3 (0x792b3da94ac3 in /lib/x86_64-linux-gnu/libc.so.6)
frame #6: <unknown function> + 0x126850 (0x792b3db26850 in /lib/x86_64-linux-gnu/libc.so.6)

Exception raised from ncclCommWatchdog at /pytorch/torch/csrc/distributed/c10d/ProcessGroupNCCL.cpp:1901 (most recent call first):
frame #0: c10::Error::Error(c10::SourceLocation, std::string) + 0x96 (0x792b3c96c1b6 in /home/chuanyang/envs/fairseq2/conda/lib/python3.10/site-packages/torch/lib/libc10.so)
frame #1: <unknown function> + 0xe5c6fc (0x792aeac876fc in /home/chuanyang/envs/fairseq2/conda/lib/python3.10/site-packages/torch/lib/libtorch_cuda.so)
frame #2: <unknown function> + 0x145c0 (0x792b3d0df5c0 in /home/chuanyang/envs/fairseq2/conda/lib/python3.10/site-packages/torch/lib/libtorch.so)
frame #3: <unknown function> + 0x94ac3 (0x792b3da94ac3 in /lib/x86_64-linux-gnu/libc.so.6)
frame #4: <unknown function> + 0x126850 (0x792b3db26850 in /lib/x86_64-linux-gnu/libc.so.6)


terminate called after throwing an instance of 'c10::DistBackendError'
  what():  [PG ID 0 PG GUID 0(default_pg) Rank 5] Process group watchdog thread terminated with exception: [Rank 5] Watchdog caught collective operation timeout: WorkNCCL(SeqNum=214122, OpType=ALLREDUCE, NumelIn=1, NumelOut=1, Timeout(ms)=900000) ran for 900072 milliseconds before timing out.
Exception raised from checkTimeout at /pytorch/torch/csrc/distributed/c10d/ProcessGroupNCCL.cpp:632 (most recent call first):
frame #0: c10::Error::Error(c10::SourceLocation, std::string) + 0x96 (0x72d15a76c1b6 in /home/chuanyang/envs/fairseq2/conda/lib/python3.10/site-packages/torch/lib/libc10.so)
frame #1: c10d::ProcessGroupNCCL::WorkNCCL::checkTimeout(std::optional<std::chrono::duration<long, std::ratio<1l, 1000l> > >) + 0x2b4 (0x72d108a29c74 in /home/chuanyang/envs/fairseq2/conda/lib/python3.10/site-packages/torch/lib/libtorch_cuda.so)
frame #2: c10d::ProcessGroupNCCL::watchdogHandler() + 0x890 (0x72d108a2b7d0 in /home/chuanyang/envs/fairseq2/conda/lib/python3.10/site-packages/torch/lib/libtorch_cuda.so)
frame #3: c10d::ProcessGroupNCCL::ncclCommWatchdog() + 0x14d (0x72d108a2c6ed in /home/chuanyang/envs/fairseq2/conda/lib/python3.10/site-packages/torch/lib/libtorch_cuda.so)
frame #4: <unknown function> + 0x145c0 (0x72d15abeb5c0 in /home/chuanyang/envs/fairseq2/conda/lib/python3.10/site-packages/torch/lib/libtorch.so)
frame #5: <unknown function> + 0x94ac3 (0x72d15b694ac3 in /lib/x86_64-linux-gnu/libc.so.6)
frame #6: <unknown function> + 0x126850 (0x72d15b726850 in /lib/x86_64-linux-gnu/libc.so.6)

Exception raised from ncclCommWatchdog at /pytorch/torch/csrc/distributed/c10d/ProcessGroupNCCL.cpp:1901 (most recent call first):
frame #0: c10::Error::Error(c10::SourceLocation, std::string) + 0x96 (0x72d15a76c1b6 in /home/chuanyang/envs/fairseq2/conda/lib/python3.10/site-packages/torch/lib/libc10.so)
frame #1: <unknown function> + 0xe5c6fc (0x72d1086876fc in /home/chuanyang/envs/fairseq2/conda/lib/python3.10/site-packages/torch/lib/libtorch_cuda.so)
frame #2: <unknown function> + 0x145c0 (0x72d15abeb5c0 in /home/chuanyang/envs/fairseq2/conda/lib/python3.10/site-packages/torch/lib/libtorch.so)
frame #3: <unknown function> + 0x94ac3 (0x72d15b694ac3 in /lib/x86_64-linux-gnu/libc.so.6)
frame #4: <unknown function> + 0x126850 (0x72d15b726850 in /lib/x86_64-linux-gnu/libc.so.6)


terminate called after throwing an instance of 'c10::DistBackendError'
  what():  [PG ID 0 PG GUID 0(default_pg) Rank 4] Process group watchdog thread terminated with exception: [Rank 4] Watchdog caught collective operation timeout: WorkNCCL(SeqNum=214122, OpType=ALLREDUCE, NumelIn=1, NumelOut=1, Timeout(ms)=900000) ran for 900023 milliseconds before timing out.
Exception raised from checkTimeout at /pytorch/torch/csrc/distributed/c10d/ProcessGroupNCCL.cpp:632 (most recent call first):
frame #0: c10::Error::Error(c10::SourceLocation, std::string) + 0x96 (0x7a9f2dd6c1b6 in /home/chuanyang/envs/fairseq2/conda/lib/python3.10/site-packages/torch/lib/libc10.so)
frame #1: c10d::ProcessGroupNCCL::WorkNCCL::checkTimeout(std::optional<std::chrono::duration<long, std::ratio<1l, 1000l> > >) + 0x2b4 (0x7a9edc429c74 in /home/chuanyang/envs/fairseq2/conda/lib/python3.10/site-packages/torch/lib/libtorch_cuda.so)
frame #2: c10d::ProcessGroupNCCL::watchdogHandler() + 0x890 (0x7a9edc42b7d0 in /home/chuanyang/envs/fairseq2/conda/lib/python3.10/site-packages/torch/lib/libtorch_cuda.so)
frame #3: c10d::ProcessGroupNCCL::ncclCommWatchdog() + 0x14d (0x7a9edc42c6ed in /home/chuanyang/envs/fairseq2/conda/lib/python3.10/site-packages/torch/lib/libtorch_cuda.so)
frame #4: <unknown function> + 0x145c0 (0x7a9f2e4f05c0 in /home/chuanyang/envs/fairseq2/conda/lib/python3.10/site-packages/torch/lib/libtorch.so)
frame #5: <unknown function> + 0x94ac3 (0x7a9f2ee94ac3 in /lib/x86_64-linux-gnu/libc.so.6)
frame #6: <unknown function> + 0x126850 (0x7a9f2ef26850 in /lib/x86_64-linux-gnu/libc.so.6)

Exception raised from ncclCommWatchdog at /pytorch/torch/csrc/distributed/c10d/ProcessGroupNCCL.cpp:1901 (most recent call first):
frame #0: c10::Error::Error(c10::SourceLocation, std::string) + 0x96 (0x7a9f2dd6c1b6 in /home/chuanyang/envs/fairseq2/conda/lib/python3.10/site-packages/torch/lib/libc10.so)
frame #1: <unknown function> + 0xe5c6fc (0x7a9edc0876fc in /home/chuanyang/envs/fairseq2/conda/lib/python3.10/site-packages/torch/lib/libtorch_cuda.so)
frame #2: <unknown function> + 0x145c0 (0x7a9f2e4f05c0 in /home/chuanyang/envs/fairseq2/conda/lib/python3.10/site-packages/torch/lib/libtorch.so)
frame #3: <unknown function> + 0x94ac3 (0x7a9f2ee94ac3 in /lib/x86_64-linux-gnu/libc.so.6)
frame #4: <unknown function> + 0x126850 (0x7a9f2ef26850 in /lib/x86_64-linux-gnu/libc.so.6)

terminate called after throwing an instance of 'c10::DistBackendError'

  what():  [PG ID 0 PG GUID 0(default_pg) Rank 7] Process group watchdog thread terminated with exception: [Rank 7] Watchdog caught collective operation timeout: WorkNCCL(SeqNum=214122, OpType=ALLREDUCE, NumelIn=1, NumelOut=1, Timeout(ms)=900000) ran for 900026 milliseconds before timing out.
Exception raised from checkTimeout at /pytorch/torch/csrc/distributed/c10d/ProcessGroupNCCL.cpp:632 (most recent call first):
frame #0: c10::Error::Error(c10::SourceLocation, std::string) + 0x96 (0x79607b96c1b6 in /home/chuanyang/envs/fairseq2/conda/lib/python3.10/site-packages/torch/lib/libc10.so)
frame #1: c10d::ProcessGroupNCCL::WorkNCCL::checkTimeout(std::optional<std::chrono::duration<long, std::ratio<1l, 1000l> > >) + 0x2b4 (0x79602a029c74 in /home/chuanyang/envs/fairseq2/conda/lib/python3.10/site-packages/torch/lib/libtorch_cuda.so)
frame #2: c10d::ProcessGroupNCCL::watchdogHandler() + 0x890 (0x79602a02b7d0 in /home/chuanyang/envs/fairseq2/conda/lib/python3.10/site-packages/torch/lib/libtorch_cuda.so)
frame #3: c10d::ProcessGroupNCCL::ncclCommWatchdog() + 0x14d (0x79602a02c6ed in /home/chuanyang/envs/fairseq2/conda/lib/python3.10/site-packages/torch/lib/libtorch_cuda.so)
frame #4: <unknown function> + 0x145c0 (0x79607bdee5c0 in /home/chuanyang/envs/fairseq2/conda/lib/python3.10/site-packages/torch/lib/libtorch.so)
frame #5: <unknown function> + 0x94ac3 (0x79607ca94ac3 in /lib/x86_64-linux-gnu/libc.so.6)
frame #6: <unknown function> + 0x126850 (0x79607cb26850 in /lib/x86_64-linux-gnu/libc.so.6)

Exception raised from ncclCommWatchdog at /pytorch/torch/csrc/distributed/c10d/ProcessGroupNCCL.cpp:1901 (most recent call first):
frame #0: c10::Error::Error(c10::SourceLocation, std::string) + 0x96 (0x79607b96c1b6 in /home/chuanyang/envs/fairseq2/conda/lib/python3.10/site-packages/torch/lib/libc10.so)
frame #1: <unknown function> + 0xe5c6fc (0x796029c876fc in /home/chuanyang/envs/fairseq2/conda/lib/python3.10/site-packages/torch/lib/libtorch_cuda.so)
frame #2: <unknown function> + 0x145c0 (0x79607bdee5c0 in /home/chuanyang/envs/fairseq2/conda/lib/python3.10/site-packages/torch/lib/libtorch.so)
frame #3: <unknown function> + 0x94ac3 (0x79607ca94ac3 in /lib/x86_64-linux-gnu/libc.so.6)
frame #4: <unknown function> + 0x126850 (0x79607cb26850 in /lib/x86_64-linux-gnu/libc.so.6)



terminate called after throwing an instance of 'c10::DistBackendError'
terminate called after throwing an instance of 'c10::DistBackendError'
  what():  [PG ID 0 PG GUID 0(default_pg) Rank 2] Process group watchdog thread terminated with exception: [Rank 2] Watchdog caught collective operation timeout: WorkNCCL(SeqNum=214122, OpType=ALLREDUCE, NumelIn=1, NumelOut=1, Timeout(ms)=900000) ran for 900024 milliseconds before timing out.
Exception raised from checkTimeout at /pytorch/torch/csrc/distributed/c10d/ProcessGroupNCCL.cpp:632 (most recent call first):
frame #0: c10::Error::Error(c10::SourceLocation, std::string) + 0x96 (0x71d750f6c1b6 in /home/chuanyang/envs/fairseq2/conda/lib/python3.10/site-packages/torch/lib/libc10.so)
frame #1: c10d::ProcessGroupNCCL::WorkNCCL::checkTimeout(std::optional<std::chrono::duration<long, std::ratio<1l, 1000l> > >) + 0x2b4 (0x71d6ff229c74 in /home/chuanyang/envs/fairseq2/conda/lib/python3.10/site-packages/torch/lib/libtorch_cuda.so)
frame #2: c10d::ProcessGroupNCCL::watchdogHandler() + 0x890 (0x71d6ff22b7d0 in /home/chuanyang/envs/fairseq2/conda/lib/python3.10/site-packages/torch/lib/libtorch_cuda.so)
frame #3: c10d::ProcessGroupNCCL::ncclCommWatchdog() + 0x14d (0x71d6ff22c6ed in /home/chuanyang/envs/fairseq2/conda/lib/python3.10/site-packages/torch/lib/libtorch_cuda.so)
frame #4: <unknown function> + 0x145c0 (0x71d75139b5c0 in /home/chuanyang/envs/fairseq2/conda/lib/python3.10/site-packages/torch/lib/libtorch.so)
frame #5: <unknown function> + 0x94ac3 (0x71d751e94ac3 in /lib/x86_64-linux-gnu/libc.so.6)
frame #6: <unknown function> + 0x126850 (0x71d751f26850 in /lib/x86_64-linux-gnu/libc.so.6)

Exception raised from ncclCommWatchdog at /pytorch/torch/csrc/distributed/c10d/ProcessGroupNCCL.cpp:1901 (most recent call first):
frame #0: c10::Error::Error(c10::SourceLocation, std::string) + 0x96 (0x71d750f6c1b6 in /home/chuanyang/envs/fairseq2/conda/lib/python3.10/site-packages/torch/lib/libc10.so)
frame #1: <unknown function> + 0xe5c6fc (0x71d6fee876fc in /home/chuanyang/envs/fairseq2/conda/lib/python3.10/site-packages/torch/lib/libtorch_cuda.so)
frame #2: <unknown function> + 0x145c0 (0x71d75139b5c0 in /home/chuanyang/envs/fairseq2/conda/lib/python3.10/site-packages/torch/lib/libtorch.so)
frame #3: <unknown function> + 0x94ac3 (0x71d751e94ac3 in /lib/x86_64-linux-gnu/libc.so.6)
frame #4: <unknown function> + 0x126850 (0x71d751f26850 in /lib/x86_64-linux-gnu/libc.so.6)

  what():  [PG ID 0 PG GUID 0(default_pg) Rank 3] Process group watchdog thread terminated with exception: [Rank 3] Watchdog caught collective operation timeout: WorkNCCL(SeqNum=214122, OpType=ALLREDUCE, NumelIn=1, NumelOut=1, Timeout(ms)=900000) ran for 900077 milliseconds before timing out.
Exception raised from checkTimeout at /pytorch/torch/csrc/distributed/c10d/ProcessGroupNCCL.cpp:632 (most recent call first):
frame #0: c10::Error::Error(c10::SourceLocation, std::string) + 0x96 (0x75763856c1b6 in /home/chuanyang/envs/fairseq2/conda/lib/python3.10/site-packages/torch/lib/libc10.so)
frame #1: c10d::ProcessGroupNCCL::WorkNCCL::checkTimeout(std::optional<std::chrono::duration<long, std::ratio<1l, 1000l> > >) + 0x2b4 (0x7575e6c29c74 in /home/chuanyang/envs/fairseq2/conda/lib/python3.10/site-packages/torch/lib/libtorch_cuda.so)
frame #2: c10d::ProcessGroupNCCL::watchdogHandler() + 0x890 (0x7575e6c2b7d0 in /home/chuanyang/envs/fairseq2/conda/lib/python3.10/site-packages/torch/lib/libtorch_cuda.so)
frame #3: c10d::ProcessGroupNCCL::ncclCommWatchdog() + 0x14d (0x7575e6c2c6ed in /home/chuanyang/envs/fairseq2/conda/lib/python3.10/site-packages/torch/lib/libtorch_cuda.so)
frame #4: <unknown function> + 0x145c0 (0x7576389ee5c0 in /home/chuanyang/envs/fairseq2/conda/lib/python3.10/site-packages/torch/lib/libtorch.so)
frame #5: <unknown function> + 0x94ac3 (0x757639694ac3 in /lib/x86_64-linux-gnu/libc.so.6)
frame #6: <unknown function> + 0x126850 (0x757639726850 in /lib/x86_64-linux-gnu/libc.so.6)

Exception raised from ncclCommWatchdog at /pytorch/torch/csrc/distributed/c10d/ProcessGroupNCCL.cpp:1901 (most recent call first):
frame #0: c10::Error::Error(c10::SourceLocation, std::string) + 0x96 (0x75763856c1b6 in /home/chuanyang/envs/fairseq2/conda/lib/python3.10/site-packages/torch/lib/libc10.so)
frame #1: <unknown function> + 0xe5c6fc (0x7575e68876fc in /home/chuanyang/envs/fairseq2/conda/lib/python3.10/site-packages/torch/lib/libtorch_cuda.so)
frame #2: <unknown function> + 0x145c0 (0x7576389ee5c0 in /home/chuanyang/envs/fairseq2/conda/lib/python3.10/site-packages/torch/lib/libtorch.so)
frame #3: <unknown function> + 0x94ac3 (0x757639694ac3 in /lib/x86_64-linux-gnu/libc.so.6)
frame #4: <unknown function> + 0x126850 (0x757639726850 in /lib/x86_64-linux-gnu/libc.so.6)


terminate called after throwing an instance of 'c10::DistBackendError'
  what():  [PG ID 0 PG GUID 0(default_pg) Rank 6] Process group watchdog thread terminated with exception: [Rank 6] Watchdog caught collective operation timeout: WorkNCCL(SeqNum=214122, OpType=ALLREDUCE, NumelIn=1, NumelOut=1, Timeout(ms)=900000) ran for 900049 milliseconds before timing out.
Exception raised from checkTimeout at /pytorch/torch/csrc/distributed/c10d/ProcessGroupNCCL.cpp:632 (most recent call first):
frame #0: c10::Error::Error(c10::SourceLocation, std::string) + 0x96 (0x7cae90d6c1b6 in /home/chuanyang/envs/fairseq2/conda/lib/python3.10/site-packages/torch/lib/libc10.so)
frame #1: c10d::ProcessGroupNCCL::WorkNCCL::checkTimeout(std::optional<std::chrono::duration<long, std::ratio<1l, 1000l> > >) + 0x2b4 (0x7cae3f029c74 in /home/chuanyang/envs/fairseq2/conda/lib/python3.10/site-packages/torch/lib/libtorch_cuda.so)
frame #2: c10d::ProcessGroupNCCL::watchdogHandler() + 0x890 (0x7cae3f02b7d0 in /home/chuanyang/envs/fairseq2/conda/lib/python3.10/site-packages/torch/lib/libtorch_cuda.so)
frame #3: c10d::ProcessGroupNCCL::ncclCommWatchdog() + 0x14d (0x7cae3f02c6ed in /home/chuanyang/envs/fairseq2/conda/lib/python3.10/site-packages/torch/lib/libtorch_cuda.so)
frame #4: <unknown function> + 0x145c0 (0x7cae911df5c0 in /home/chuanyang/envs/fairseq2/conda/lib/python3.10/site-packages/torch/lib/libtorch.so)
frame #5: <unknown function> + 0x94ac3 (0x7cae91c94ac3 in /lib/x86_64-linux-gnu/libc.so.6)
frame #6: <unknown function> + 0x126850 (0x7cae91d26850 in /lib/x86_64-linux-gnu/libc.so.6)

Exception raised from ncclCommWatchdog at /pytorch/torch/csrc/distributed/c10d/ProcessGroupNCCL.cpp:1901 (most recent call first):
frame #0: c10::Error::Error(c10::SourceLocation, std::string) + 0x96 (0x7cae90d6c1b6 in /home/chuanyang/envs/fairseq2/conda/lib/python3.10/site-packages/torch/lib/libc10.so)
frame #1: <unknown function> + 0xe5c6fc (0x7cae3ec876fc in /home/chuanyang/envs/fairseq2/conda/lib/python3.10/site-packages/torch/lib/libtorch_cuda.so)
frame #2: <unknown function> + 0x145c0 (0x7cae911df5c0 in /home/chuanyang/envs/fairseq2/conda/lib/python3.10/site-packages/torch/lib/libtorch.so)
frame #3: <unknown function> + 0x94ac3 (0x7cae91c94ac3 in /lib/x86_64-linux-gnu/libc.so.6)
frame #4: <unknown function> + 0x126850 (0x7cae91d26850 in /lib/x86_64-linux-gnu/libc.so.6)

terminate called after throwing an instance of 'c10::DistBackendError'

  what():  [PG ID 0 PG GUID 0(default_pg) Rank 1] Process group watchdog thread terminated with exception: [Rank 1] Watchdog caught collective operation timeout: WorkNCCL(SeqNum=214122, OpType=ALLREDUCE, NumelIn=1, NumelOut=1, Timeout(ms)=900000) ran for 900092 milliseconds before timing out.
Exception raised from checkTimeout at /pytorch/torch/csrc/distributed/c10d/ProcessGroupNCCL.cpp:632 (most recent call first):
frame #0: c10::Error::Error(c10::SourceLocation, std::string) + 0x96 (0x7f95fdb6c1b6 in /home/chuanyang/envs/fairseq2/conda/lib/python3.10/site-packages/torch/lib/libc10.so)
frame #1: c10d::ProcessGroupNCCL::WorkNCCL::checkTimeout(std::optional<std::chrono::duration<long, std::ratio<1l, 1000l> > >) + 0x2b4 (0x7f95ac229c74 in /home/chuanyang/envs/fairseq2/conda/lib/python3.10/site-packages/torch/lib/libtorch_cuda.so)
frame #2: c10d::ProcessGroupNCCL::watchdogHandler() + 0x890 (0x7f95ac22b7d0 in /home/chuanyang/envs/fairseq2/conda/lib/python3.10/site-packages/torch/lib/libtorch_cuda.so)
frame #3: c10d::ProcessGroupNCCL::ncclCommWatchdog() + 0x14d (0x7f95ac22c6ed in /home/chuanyang/envs/fairseq2/conda/lib/python3.10/site-packages/torch/lib/libtorch_cuda.so)
frame #4: <unknown function> + 0x145c0 (0x7f95fe2ff5c0 in /home/chuanyang/envs/fairseq2/conda/lib/python3.10/site-packages/torch/lib/libtorch.so)
frame #5: <unknown function> + 0x94ac3 (0x7f95fec94ac3 in /lib/x86_64-linux-gnu/libc.so.6)
frame #6: <unknown function> + 0x126850 (0x7f95fed26850 in /lib/x86_64-linux-gnu/libc.so.6)

Exception raised from ncclCommWatchdog at /pytorch/torch/csrc/distributed/c10d/ProcessGroupNCCL.cpp:1901 (most recent call first):
frame #0: c10::Error::Error(c10::SourceLocation, std::string) + 0x96 (0x7f95fdb6c1b6 in /home/chuanyang/envs/fairseq2/conda/lib/python3.10/site-packages/torch/lib/libc10.so)
frame #1: <unknown function> + 0xe5c6fc (0x7f95abe876fc in /home/chuanyang/envs/fairseq2/conda/lib/python3.10/site-packages/torch/lib/libtorch_cuda.so)
frame #2: <unknown function> + 0x145c0 (0x7f95fe2ff5c0 in /home/chuanyang/envs/fairseq2/conda/lib/python3.10/site-packages/torch/lib/libtorch.so)
frame #3: <unknown function> + 0x94ac3 (0x7f95fec94ac3 in /lib/x86_64-linux-gnu/libc.so.6)
frame #4: <unknown function> + 0x126850 (0x7f95fed26850 in /lib/x86_64-linux-gnu/libc.so.6)

srun: error: cr1-h100-p548xlarge-156: task 12: Aborted (core dumped)
srun: Terminating StepId=1474632.0
slurmstepd: error: *** STEP 1474632.0 ON cr1-h100-p548xlarge-155 CANCELLED AT 2025-07-18T15:33:39 ***
srun: error: cr1-h100-p548xlarge-155: task 4: Aborted (core dumped)
srun: error: cr1-h100-p548xlarge-156: task 10: Aborted (core dumped)
srun: error: cr1-h100-p548xlarge-155: task 7: Aborted (core dumped)
srun: error: cr1-h100-p548xlarge-156: task 11: Aborted (core dumped)
srun: error: cr1-h100-p548xlarge-155: task 2: Aborted (core dumped)
srun: error: cr1-h100-p548xlarge-155: tasks 1,3,6: Aborted (core dumped)
srun: error: cr1-h100-p548xlarge-156: tasks 9,13,15: Aborted (core dumped)
srun: error: cr1-h100-p548xlarge-156: task 14: Aborted (core dumped)
srun: error: cr1-h100-p548xlarge-155: task 0: Terminated
srun: error: cr1-h100-p548xlarge-155: task 5: Killed
srun: error: cr1-h100-p548xlarge-156: task 8: Killed
srun: Force Terminated StepId=1474632.0
