/var/spool/slurmd/job1557694/slurm_script: line 24: /fsx-ram/chuanyang/miniconda3/bin/activate: No such file or directory
[08/20/25 00:51:42] INFO     fairseq2 - Log files are stored under              
                             /checkpoint/ram/chuanyang/dpo/rlhi_0819_preference_
                             pairs_0819_rip_1177_LR7e-7_FLR1e-15_BT0.1_WP30_EPS1
                             e-8.                                               
                    INFO     fairseq2 - Config:                                 
                             {                                                  
                                 'model': {                                     
                                     'name': 'llama3_1_8b_instruct',            
                                     'family': None,                            
                                     'arch': None,                              
                                     'config_overrides': None,                  
                                     'path': None,                              
                                     'mmap': False,                             
                                     'compile': False,                          
                                     'compile_options': {                       
                                         'fullgraph': False,                    
                                         'dynamic': None,                       
                                         'mode': 'default',                     
                                         'backend': 'inductor',                 
                                         'backend_options': None                
                                     }                                          
                                 },                                             
                                 'dataset': {                                   
                                     'name': 'dpo_rip',                         
                                     'path':                                    
                             '/home/chuanyang/data/preference_pairs_0819_rip_117
                             7.jsonl',                                          
                                     'family': 'generic_preference',            
                                     'source_encode_mode': 'prompt',            
                                     'target_encode_mode': 'prompt_response',   
                                     'mask_source_tokens': True,                
                                     'min_seq_len': 1,                          
                                     'max_seq_len': 8192,                       
                                     'max_num_tokens': 16384,                   
                                     'batch_size': 1,                           
                                     'example_shuffle_window': 10000,           
                                     'batch_shuffle_window': 1000,              
                                     'num_prefetch': 4,                         
                                     'extras': {},                              
                                     'chat_mode': False                         
                                 },                                             
                                 'tokenizer': {'name': 'llama3_instruct'},      
                                 'gang': {'tensor_parallel_size': 1, 'timeout': 
                             15, 'high_priority': True},                        
                                 'trainer': {                                   
                                     'dtype': 'bfloat16',                       
                                     'data_parallelism': 'fsdp',                
                                     'fsdp': {                                  
                                         'version': 'v1',                       
                                         'granularity': 'layer',                
                                         'hybrid': False,                       
                                         'reshard_after_forward': True,         
                                         'fp32_reduce': True                    
                                     },                                         
                                     'mixed_precision': 'static',               
                                     'grad_accumulation': {'num_batches': 4,    
                             'no_sync': False},                                 
                                     'activation_checkpointing': {'mode':       
                             'layerwise', 'every_nth_layer': 1},                
                                     'max_grad_norm': 1,                        
                                     'fp16_loss_scale': [128.0, 0.0001],        
                                     'gc_every_n_steps': None,                  
                                     'grad_check': False,                       
                                     'anomaly_detection': False                 
                                 },                                             
                                 'criterion': {                                 
                                     'name': 'dpo',                             
                                     'config': {                                
                                         'reference_model': {                   
                                             'name': 'llama3_1_8b_instruct',    
                                             'mmap': False,                     
                                             'compile': False,                  
                                             'compile_options': {               
                                                 'fullgraph': False,            
                                                 'dynamic': None,               
                                                 'mode': 'default',             
                                                 'backend': 'inductor',         
                                                 'backend_options': None        
                                             }                                  
                                         },                                     
                                         'beta': 0.1,                           
                                         'nll_scale': 0.0,                      
                                         'nll_length_normalization': True,      
                                         'length_normalization': False          
                                     }                                          
                                 },                                             
                                 'optimizer': {                                 
                                     'name': 'adamw',                           
                                     'config': {                                
                                         'lr': 7e-07,                           
                                         'betas': [0.9, 0.95],                  
                                         'eps': 1e-08,                          
                                         'weight_decay': 0.1,                   
                                         'amsgrad': False,                      
                                         'maximize': False,                     
                                         'capturable': False,                   
                                         'differentiable': False,               
                                         'impl': 'auto'                         
                                     }                                          
                                 },                                             
                                 'lr_scheduler': {                              
                                     'name': 'cosine_annealing',                
                                     'config': {                                
                                         'cycle_len': None,                     
                                         'num_warmup_steps': 30,                
                                         'cycle_mul': 1.0,                      
                                         'lr_mul': 1.0,                         
                                         'start_lr': 0.0,                       
                                         'final_lr': 1e-15,                     
                                         'final_lr_scale': None                 
                                     }                                          
                                 },                                             
                                 'regime': {                                    
                                     'num_steps': 2000,                         
                                     'num_data_epochs': 100,                    
                                     'validate_at_start': False,                
                                     'validate_after_n_steps': 0,               
                                     'validate_every_n_steps': None,            
                                     'validate_after_n_data_epochs': 0,         
                                     'validate_every_n_data_epochs': None,      
                                     'checkpoint_after_n_steps': 1000,          
                                     'checkpoint_every_n_steps': 500,           
                                     'checkpoint_after_n_data_epochs': 0,       
                                     'checkpoint_every_n_data_epochs': 100,     
                                     'save_model_only': True,                   
                                     'save_as_hugging_face': True,              
                                     'keep_last_n_checkpoints': 2,              
                                     'keep_best_n_checkpoints': None,           
                                     'keep_checkpoint_every_n_steps': None,     
                                     'publish_metrics_after_n_steps': 0,        
                                     'publish_metrics_every_n_steps': 1,        
                                     'publish_metrics_after_n_data_epochs': 0,  
                                     'publish_metrics_every_n_data_epochs': None
                                 },                                             
                                 'common': {                                    
                                     'torch': {                                 
                                         'num_threads': None,                   
                                         'allow_tf32': True,                    
                                         'fp16_reduced_precision': True,        
                                         'bf16_reduced_precision': True,        
                                         'default_sdpa': 'torch_math',          
                                         'compiled_region_activation_memory_budg
                             et': 1.0                                           
                                     },                                         
                                     'metric_recorders': {                      
                                         'log': {'enabled': True},              
                                         'jsonl': {'enabled': True},            
                                         'tensorboard': {'enabled': True},      
                                         'wandb': {                             
                                             'enabled': True,                   
                                             'entity': None,                    
                                             'project': 'rlhi_0819',            
                                             'run_id': 'auto',                  
                                             'run_name':                        
                             'rlhi_0819_preference_pairs_0819_rip_1177_LR7e-7_FL
                             R1e-15_BT0.1_WP30_EPS1e-8',                        
                                             'group': None,                     
                                             'job_type': None,                  
                                             'resume_mode': 'allow'             
                                         }                                      
                                     },                                         
                                     'profilers': {                             
                                         'torch': {                             
                                             'enabled': False,                  
                                             'skip_n_steps': 4,                 
                                             'wait_n_steps': 0,                 
                                             'num_warmup_steps': 1,             
                                             'num_active_steps': 4,             
                                             'repeat': 1                        
                                         }                                      
                                     },                                         
                                     'assets': {'extra_path': None,             
                             'checkpoint_dir': None},                           
                                     'seed': 2                                  
                                 }                                              
                             }                                                  
                    INFO     fairseq2 - Setting the number of threads used for  
                             intra-op parallelism to 10.                        
[08/20/25 00:51:43] INFO     fairseq2 - Default SDPA variant set to             
                             'torch_math'.                                      
[08/20/25 00:51:46] INFO     fairseq2 - Setting 'cuda:0' as the default device  
                             of the process.                                    
                    INFO     fairseq2 - Host - Name: cr1-h100-p548xlarge-198 |  
                             Platform:                                          
                             Linux-6.8.0-1033-aws-x86_64-with-glibc2.35 | Linux 
                             Distribution: Ubuntu 22.04.5 LTS | Number of CPUs: 
                             10/192 (0,48,58-60,96,144,154-156) | Memory: 1.95  
                             TiB                                                
                    INFO     fairseq2 - Device - ID: cuda:0 | Name: NVIDIA H100 
                             80GB HBM3 | Memory: 79.19 GiB | Number of SMs: 132 
                             | Compute Capability: 9.0                          
                    INFO     fairseq2 - Software - Python: 3.10.14 | PyTorch:   
                             2.6.0+cu124 | CUDA: 12.4 | NCCL: 2.21.5 | fairseq2:
                             0.5.0.dev0 | fairseq2n:                            
                             0.5.0.dev202508040151+g530716a.cu124 | Python      
                             Environment: Conda                                 
                             (/home/chuanyang/miniconda3/envs/fairseq2_2025-08-0
                             9)                                                 
                    INFO     fairseq2 - Runtime Environment - Process ID: 480638
                             | PyTorch Intraop Thread Count: 10                 
                    INFO     fairseq2 - Environment Variables -                 
                             SLURM_GPUS_PER_NODE=8, SLURM_TRES_PER_TASK=cpu=10, 
                             OMPI_MCA_plm_slurm_args=--external-launcher,       
                             PRTE_MCA_plm_slurm_args=--external-launcher,       
                             HYDRA_BOOTSTRAP=slurm,                             
                             HYDRA_LAUNCHER_EXTRA_ARGS=--external-launcher,     
                             I_MPI_HYDRA_BOOTSTRAP=slurm,                       
                             I_MPI_HYDRA_BOOTSTRAP_EXEC_EXTRA_ARGS=--external-la
                             uncher, SHELL=/bin/bash, COLORTERM=truecolor,      
                             SLURM_JOB_USER=chuanyang,                          
                             SLURM_TASKS_PER_NODE=8(x2), SLURM_JOB_UID=694137,  
                             WANDB_BASE_URL=https://fairwandb.org,              
                             TERM_PROGRAM_VERSION=1.103.1,                      
                             SLURM_TASK_PID=480638,                             
                             CONDA_EXE=/home/chuanyang/miniconda3/bin/conda,    
                             SLURM_JOB_GPUS=0,1,2,3,4,5,6,7, SLURM_LOCALID=0,   
                             SLURM_SUBMIT_DIR=/opt/hpcaas/.mounts/fs-072917c00f0
                             1ae1ba/home/chuanyang/dpo,                         
                             HOSTNAME=cr1-h100-p548xlarge-198,                  
                             SLURMD_NODENAME=cr1-h100-p548xlarge-198,           
                             SLURM_JOB_START_TIME=1755651051,                   
                             SSH_AUTH_SOCK=/run/user/694137/vscode-ssh-auth-sock
                             -475609388,                                        
                             CUDA_CACHE_PATH=/opt/dlami/nvme/chuanyang/.nv/Compu
                             teCache/, HISTTIMEFORMAT=%F %T ,                   
                             SLURM_CLUSTER_NAME=fair-aws-h100-1,                
                             SLURM_JOB_END_TIME=1755687051,                     
                             FI_EFA_USE_HUGE_PAGE=0, SLURM_CPUS_ON_NODE=80,     
                             SLURM_JOB_CPUS_PER_NODE=80(x2),                    
                             SLURM_GPUS_ON_NODE=8, PWD=/home/chuanyang/dpo,     
                             SLURM_GTIDS=0,1,2,3,4,5,6,7, LOGNAME=chuanyang,    
                             XDG_SESSION_TYPE=tty,                              
                             CONDA_PREFIX=/home/chuanyang/miniconda3/envs/fairse
                             q2_2025-08-09, SLURM_JOB_PARTITION=learn,          
                             MODULESHOME=/usr/share/modules, MANPATH=:,         
                             SLURM_OOM_KILL_STEP=0, SLURM_JOB_NUM_NODES=2,      
                             SLURM_OPEN_MODE=a,                                 
                             VSCODE_GIT_ASKPASS_NODE=/opt/hpcaas/.mounts/fs-0729
                             17c00f01ae1ba/home/chuanyang/.vscode-server/cli/ser
                             vers/Stable-360a4e4fd251bfce169a4ddf857c7d25d1ad40d
                             a/server/node, SLURM_JOBID=1557694,                
                             SLURM_JOB_QOS=alignment_shared, MOTD_SHOWN=pam,    
                             HOME=/home/chuanyang, LANG=C.UTF-8, SLURM_PROCID=0,
                             CLUSTER_ID=fair-aws-h100-1,                        
                             SSL_CERT_DIR=/usr/lib/ssl/certs,                   
                             CONDA_PROMPT_MODIFIER=(fairseq2_2025-08-09) ,      
                             TMPDIR=/tmp,                                       
                             GIT_ASKPASS=/opt/hpcaas/.mounts/fs-072917c00f01ae1b
                             a/home/chuanyang/.vscode-server/cli/servers/Stable-
                             360a4e4fd251bfce169a4ddf857c7d25d1ad40da/server/ext
                             ensions/git/dist/askpass.sh,                       
                             SLURM_CPUS_PER_TASK=10, SLURM_NTASKS=16,           
                             SLURM_TOPOLOGY_ADDR=cr1-h100-p548xlarge-198,       
                             SSH_CONNECTION=163.114.130.3 33480 10.200.203.89   
                             22, VSCODE_GIT_ASKPASS_EXTRA_ARGS=,                
                             SLURM_TOPOLOGY_ADDR_PATTERN=node,                  
                             CUDA_VISIBLE_DEVICES=0, LESSCLOSE=/usr/bin/lesspipe
                             %s %s, XDG_SESSION_CLASS=user,                     
                             SLURM_SCRIPT_CONTEXT=prolog_task,                  
                             TERM=xterm-256color, LESSOPEN=| /usr/bin/lesspipe  
                             %s, USER=chuanyang,                                
                             SLURM_NODELIST=cr1-h100-p548xlarge-[198-199],      
                             WANDB_API_KEY=local-94bc1b16aff0febd7d5abee21969c9e
                             b2451a048,                                         
                             VSCODE_GIT_IPC_HANDLE=/run/user/694137/vscode-git-2
                             76331c40b.sock, ENVIRONMENT=BATCH, CONDA_SHLVL=2,  
                             LOADEDMODULES=, SLURM_JOB_ACCOUNT=ram,             
                             SLURM_PRIO_PROCESS=0, SLURM_NPROCS=16, SHLVL=3,    
                             SLURM_NNODES=2, WANDB_ENTITY=chuanyang,            
                             XDG_SESSION_ID=5399, SLURM_SUBMIT_HOST=submit-1,   
                             CONDA_PYTHON_EXE=/home/chuanyang/miniconda3/bin/pyt
                             hon,                                               
                             LD_LIBRARY_PATH=/usr/local/cuda-12.8/lib:/usr/local
                             /cuda-12.8/lib64:/usr/local/cuda-12.8:/usr/local/cu
                             da-12.8/targets/x86_64-linux/lib/:/usr/local/cuda-1
                             2.8/extras/CUPTI/lib64:/opt/amazon/efa/lib:/opt/ama
                             zon/openmpi/lib:/opt/amazon/ofi-nccl/lib/x86_64-lin
                             ux-gnu:/usr/local/lib:/usr/lib:/usr/local/cuda-12.8
                             /lib:/usr/local/cuda-12.8/lib64:/usr/local/cuda-12.
                             8:/usr/local/cuda-12.8/targets/x86_64-linux/lib/:/u
                             sr/local/cuda-12.8/extras/CUPTI/lib64:/opt/amazon/e
                             fa/lib:/opt/amazon/openmpi/lib:/opt/amazon/ofi-nccl
                             /lib/x86_64-linux-gnu:/usr/local/lib:/usr/lib:/usr/
                             local/cuda-12.8/lib:/usr/local/cuda-12.8/lib64:/usr
                             /local/cuda-12.8:/usr/local/cuda-12.8/targets/x86_6
                             4-linux/lib/:/usr/local/cuda-12.8/extras/CUPTI/lib6
                             4:/opt/amazon/efa/lib:/opt/amazon/openmpi/lib:/opt/
                             amazon/ofi-nccl/lib/x86_64-linux-gnu:/usr/local/lib
                             :/usr/lib, XDG_RUNTIME_DIR=/run/user/694137,       
                             SLURM_JOB_ID=1557694,                              
                             SSL_CERT_FILE=/usr/lib/ssl/certs/ca-certificates.cr
                             t, SLURM_NODEID=0, SSH_CLIENT=163.114.130.3 33480  
                             22, CONDA_DEFAULT_ENV=fairseq2_2025-08-09,         
                             VSCODE_GIT_ASKPASS_MAIN=/opt/hpcaas/.mounts/fs-0729
                             17c00f01ae1ba/home/chuanyang/.vscode-server/cli/ser
                             vers/Stable-360a4e4fd251bfce169a4ddf857c7d25d1ad40d
                             a/server/extensions/git/dist/askpass-main.js,      
                             XDG_DATA_DIRS=/usr/local/share:/usr/share:/var/lib/
                             snapd/desktop,                                     
                             SLURM_CONF=/opt/slurm/etc/slurm.conf,              
                             BROWSER=/opt/hpcaas/.mounts/fs-072917c00f01ae1ba/ho
                             me/chuanyang/.vscode-server/cli/servers/Stable-360a
                             4e4fd251bfce169a4ddf857c7d25d1ad40da/server/bin/hel
                             pers/browser.sh,                                   
                             PATH=/home/chuanyang/miniconda3/envs/fairseq2_2025-
                             08-09/bin:/usr/local/sbin:/usr/local/bin:/usr/sbin:
                             /usr/bin:/sbin:/bin:/snap/bin:/opt/slurm/bin:/opt/s
                             lurm/sbin, SLURM_JOB_NAME=dpo_wildchat,            
                             MODULEPATH=/opt/amazon/modules/modulefiles:/opt/ama
                             zon/modules/modulefiles:/etc/environment-modules/mo
                             dules:/usr/share/modules/versions:/usr/share/module
                             s/$MODULE_VERSION/modulefiles:/usr/share/modules/mo
                             dulefiles, SLURM_NTASKS_PER_NODE=8,                
                             DBUS_SESSION_BUS_ADDRESS=unix:path=/run/user/694137
                             /bus, CONDA_PREFIX_1=/home/chuanyang/miniconda3,   
                             SLURM_JOB_GID=694137, OLDPWD=/home/chuanyang/rip,  
                             SLURM_JOB_NODELIST=cr1-h100-p548xlarge-[198-199],  
                             MODULES_CMD=/usr/lib/x86_64-linux-gnu/modulecmd.tcl
                             , TERM_PROGRAM=vscode,                             
                             VSCODE_IPC_HOOK_CLI=/run/user/694137/vscode-ipc-fcf
                             22791-9ddb-4bce-9949-75194b80e1f4.sock,            
                             _=/opt/slurm/bin/srun, SLURM_MPI_TYPE=pmi2,        
                             SRUN_DEBUG=3, SLURM_UMASK=0002,                    
                             SLURM_DISTRIBUTION=block, SLURMD_DEBUG=2,          
                             SLURM_STEP_ID=0, SLURM_STEPID=0,                   
                             SLURM_STEP_NODELIST=cr1-h100-p548xlarge-[198-199], 
                             SLURM_STEP_NUM_NODES=2, SLURM_STEP_NUM_TASKS=16,   
                             SLURM_STEP_TASKS_PER_NODE=8(x2),                   
                             SLURM_STEP_LAUNCHER_PORT=60447,                    
                             SLURM_SRUN_COMM_PORT=60447,                        
                             SLURM_SRUN_COMM_HOST=10.200.252.200,               
                             SLURM_STEP_GPUS=0,1,2,3,4,5,6,7,                   
                             SLURM_CPU_BIND=quiet,mask_cpu:0x000000001C010000000
                             00001000000001C01000000000001,0x00000003E0000000000
                             0000000000003E000000000000000,0x0000007C00000000000
                             000000000007C0000000000000000,0x00000F8000000000000
                             0000000000F800000000000000000,0x0001F00000000000000
                             000000001F0000000000000000000,0x003E000000000000000
                             00000003E00000000000000000000,0x07C0000000000000000
                             0000007C000000000000000000000,0xF800000000000000000
                             00000F80000000000000000000000,                     
                             SLURM_CPU_BIND_LIST=0x000000001C0100000000000100000
                             0001C01000000000001,0x00000003E00000000000000000000
                             003E000000000000000,0x0000007C000000000000000000000
                             07C0000000000000000,0x00000F80000000000000000000000
                             F800000000000000000,0x0001F00000000000000000000001F
                             0000000000000000000,0x003E00000000000000000000003E0
                             0000000000000000000,0x07C00000000000000000000007C00
                             0000000000000000000,0xF80000000000000000000000F8000
                             0000000000000000000, SLURM_CPU_BIND_TYPE=mask_cpu:,
                             SLURM_CPU_BIND_VERBOSE=quiet,                      
                             SLURM_LAUNCH_NODE_IPADDR=10.200.252.200, PMI_FD=17,
                             PMI_JOBID=1557694.0, PMI_RANK=0, PMI_SIZE=16,      
                             _RJEM_MALLOC_CONF=dirty_decay_ms:500,muzzy_decay_ms
                             :-1, RAY_CLIENT_MODE=0, NCCL_CUMEM_ENABLE=0,       
                             PYTORCH_NVML_BASED_CUDA_CHECK=1,                   
                             TORCHINDUCTOR_COMPILE_THREADS=1,                   
                             TORCHINDUCTOR_CACHE_DIR=/tmp/torchinductor_chuanyan
                             g, WORLD_SIZE=16, RANK=0, LOCAL_WORLD_SIZE=8,      
                             LOCAL_RANK=0, MASTER_ADDR=cr1-h100-p548xlarge-198, 
                             MASTER_PORT=27381, TORCH_CPP_LOG_LEVEL=INFO,       
                             NCCL_DEBUG=INFO,                                   
                             NCCL_DEBUG_FILE=/checkpoint/ram/chuanyang/dpo/rlhi_
                             0819_preference_pairs_0819_rip_1177_LR7e-7_FLR1e-15
                             _BT0.1_WP30_EPS1e-8/logs/nccl/rank_0.log,          
                             TORCH_SHOW_CPP_STACKTRACES=1,                      
                             TRITON_CACHE_DIR=/checkpoint/ram/chuanyang/dpo/rlhi
                             _0819_preference_pairs_0819_rip_1177_LR7e-7_FLR1e-1
                             5_BT0.1_WP30_EPS1e-8/cache/triton/rank_0,          
                             PYTORCH_KERNEL_CACHE_PATH=/checkpoint/ram/chuanyang
                             /dpo/rlhi_0819_preference_pairs_0819_rip_1177_LR7e-
                             7_FLR1e-15_BT0.1_WP30_EPS1e-8/cache/torch/jit,     
                             CUDA_MODULE_LOADING=LAZY                           
                    INFO     fairseq2 - Initializing the root gang.             
[08/20/25 00:51:49] INFO     fairseq2 - Root gang initialized.                  
                    INFO     fairseq2 - Initializing parallel gangs.            
                    INFO     fairseq2 - Initializing data parallel gang with 16 
                             process(es).                                       
                    INFO     fairseq2 - Data parallel gang initialized.         
                    INFO     fairseq2 - Initializing tensor parallel gang with 1
                             process(es).                                       
                    INFO     fairseq2 - Tensor parallel gang initialized.       
                    INFO     fairseq2 - Initializing pipeline parallel gang with
                             1 process(es).                                     
                    INFO     fairseq2 - Pipeline parallel gang initialized.     
                    INFO     fairseq2 - Parallel gangs initialized.             
                    INFO     fairseq2 - Performing a collective barrier call to 
                             warm up gangs. This can take up to several minutes 
                             depending on the topology.                         
[08/20/25 00:51:52] INFO     fairseq2 - Gangs warmed up.                        
                    INFO     fairseq2 - Process Ranks - Data: 0 |               
                             Data/Replicated: 0 | Data/Sharded: 0 | Tensor: 0 | 
                             Pipeline: 0                                        
                    INFO     fairseq2 - Model Config:                           
                             LLaMAConfig(                                       
                                 model_dim=4096,                                
                                 max_seq_len=131072,                            
                                 vocab_size=128256,                             
                                 pad_idx=128004,                                
                                 tied_embeddings=False,                         
                                 num_layers=32,                                 
                                 num_attn_heads=32,                             
                                 num_key_value_heads=8,                         
                                 ffn_inner_dim=16384,                           
                                 ffn_inner_dim_scale=0.6666666666666666,        
                                 ffn_inner_dim_multiplier=1.3,                  
                                 ffn_inner_dim_multiple_of=1024,                
                                 rope_theta=500000.0,                           
                                 use_scaled_rope=True,                          
                                 rope_scale=LLaMARoPEScaleConfig(               
                                     factor=8.0,                                
                                     frequency_factors=(1.0, 4.0),              
                                     original_context_length=8192               
                                 ),                                             
                                 dropout_p=0.0,                                 
                                 init_std=None,                                 
                                 init_std_scale='layer',                        
                                 shard_embed_dim=False,                         
                                 hg_config_class='LlamaConfig',                 
                                 hg_architecture='LlamaForCausalLM'             
                             )                                                  
                    INFO     fairseq2 - Loading 'llama3_1_8b_instruct' model on 
                             data parallel rank 0.                              

[08/20/25 00:52:28] INFO     fairseq2 - Model loaded on data parallel rank 0.   
                    INFO     fairseq2 - Wrapping the model with FSDP1 and       
                             broadcasting to all processes.                     
                    INFO     fairseq2 - Model wrapped with FSDP1 and            
                             broadcasted.                                       
                    INFO     fairseq2 - Model (rank 0) - Parameter Size:        
                             501,891,328 | Parameter Size (bytes): 1.87 GiB |   
                             Trainable Parameter Size: 501,891,328 | Trainable  
                             Parameter Size (bytes): 1.87 GiB | Buffer Size:    
                             16,777,344 | Buffer Size (bytes): 64.00 MiB | Total
                             Size: 518,668,672 | Total Size (bytes): 1.93 GiB   
                             FullyShardedDataParallel(                          
                               (_fsdp_wrapped_module): TransformerLM(           
                                 model_dim=4096, pad_idx=128004,                
                             max_seq_len=131072                                 
                                 (decoder_frontend):                            
                             TransformerEmbeddingFrontend(                      
                                   (embed):                                     
                             StandardEmbedding(num_embeddings=128256,           
                             embed_dim=4096, pad_idx=128004, init_fn=init_embed)
                                   (pos_encoder): None                          
                                   (dropout): None                              
                                 )                                              
                                 (decoder): StandardTransformerLMDecoder(       
                                   (layers): ModuleList(                        
                                     (0-31): 32 x FullyShardedDataParallel(     
                                       (_fsdp_wrapped_module):                  
                             CheckpointWrapper(                                 
                                         (_checkpoint_wrapped_module):          
                             StandardTransformerLMDecoderLayer(                 
                                           norm_order=PRE                       
                                           (self_attn_layer_norm):              
                             RMSNorm(normalized_shape=(4096,), eps=1E-05,       
                             elementwise_affine=True)                           
                                           (self_attn):                         
                             StandardMultiheadAttention(                        
                                             num_heads=32,                      
                             num_key_value_heads=8, num_query_groups=4          
                                             (q_proj): Linear(input_dim=4096,   
                             output_dim=4096, bias=False,                       
                             init_fn=init_projection)                           
                                             (k_proj): Linear(input_dim=4096,   
                             output_dim=1024, bias=False,                       
                             init_fn=init_projection)                           
                                             (v_proj): Linear(input_dim=4096,   
                             output_dim=1024, bias=False,                       
                             init_fn=init_projection)                           
                                             (q_norm): None                     
                                             (k_norm): None                     
                                             (pos_encoder):                     
                             RotaryEncoder(encoding_dim=128, max_seq_len=131072,
                             theta=500000.0, freqs_init_fn=init_rope_freqs)     
                                             (sdpa):                            
                             TorchSDPA(bias=CausalAttentionBias(), dropout_p=0) 
                                             (output_proj):                     
                             Linear(input_dim=4096, output_dim=4096, bias=False,
                             init_fn=init_projection)                           
                                           )                                    
                                           (self_attn_dropout): None            
                                           (self_attn_residual):                
                             AdditiveResidualConnect()                          
                                           (ffn_layer_norm):                    
                             RMSNorm(normalized_shape=(4096,), eps=1E-05,       
                             elementwise_affine=True)                           
                                           (ffn): GLUFeedForwardNetwork(        
                                             inner_dim_scale=0.666667,          
                             inner_dim_to_multiple=1024                         
                                             (gate_proj): Linear(input_dim=4096,
                             output_dim=14336, bias=False,                      
                             init_fn=init_projection)                           
                                             (gate_activation): SiLU()          
                                             (inner_proj):                      
                             Linear(input_dim=4096, output_dim=14336,           
                             bias=False, init_fn=init_projection)               
                                             (inner_dropout): None              
                                             (output_proj):                     
                             Linear(input_dim=14336, output_dim=4096,           
                             bias=False, init_fn=init_projection)               
                                           )                                    
                                           (ffn_dropout): None                  
                                           (ffn_residual):                      
                             AdditiveResidualConnect()                          
                                         )                                      
                                       )                                        
                                     )                                          
                                   )                                            
                                   (layer_norm):                                
                             RMSNorm(normalized_shape=(4096,), eps=1E-05,       
                             elementwise_affine=True)                           
                                   (dropout): None                              
                                 )                                              
                                 (final_proj): Linear(input_dim=4096,           
                             output_dim=128256, bias=False,                     
                             init_fn=init_projection)                           
                               )                                                
                             )                                                  
                    INFO     fairseq2 - Loading the dataset.                    
                    INFO     fairseq2 - Dataset loaded.                         
                    INFO     fairseq2 - Loading 'llama3_instruct' tokenizer.    
                    INFO     fairseq2 - Tokenizer loaded.                       
                    INFO     fairseq2 - Tokenizer - Size: 128,256 | UNK: None | 
                             BOS: 128000 | EOS: 128009 | PAD: 128004 | BOH:     
                             128006 | EOH: 128007                               
                    INFO     fairseq2 - Setting up DPO with reference model.    
                    INFO     fairseq2 - Loading 'llama3_1_8b_instruct' model on 
                             data parallel rank 0.                              

[08/20/25 00:52:39] INFO     fairseq2 - Model loaded on data parallel rank 0.   
                    INFO     fairseq2 - Broadcasting 'llama3_1_8b_instruct'     
                             model to all processes.                            
                    INFO     fairseq2 - Model broadcasted.                      
                    INFO     fairseq2 - Model (rank 0) - Parameter Size:        
                             8,030,261,248 | Parameter Size (bytes): 14.96 GiB |
                             Trainable Parameter Size: 8,030,261,248 | Trainable
                             Parameter Size (bytes): 14.96 GiB | Buffer Size:   
                             16,777,344 | Buffer Size (bytes): 64.00 MiB | Total
                             Size: 8,047,038,592 | Total Size (bytes): 15.02 GiB
                             TransformerLM(                                     
                               model_dim=4096, pad_idx=128004,                  
                             max_seq_len=131072                                 
                               (decoder_frontend): TransformerEmbeddingFrontend(
                                 (embed):                                       
                             StandardEmbedding(num_embeddings=128256,           
                             embed_dim=4096, pad_idx=128004, init_fn=init_embed)
                                 (pos_encoder): None                            
                                 (dropout): None                                
                               )                                                
                               (decoder): StandardTransformerLMDecoder(         
                                 (layers): ModuleList(                          
                                   (0-31): 32 x                                 
                             StandardTransformerLMDecoderLayer(                 
                                     norm_order=PRE                             
                                     (self_attn_layer_norm):                    
                             RMSNorm(normalized_shape=(4096,), eps=1E-05,       
                             elementwise_affine=True)                           
                                     (self_attn): StandardMultiheadAttention(   
                                       num_heads=32, num_key_value_heads=8,     
                             num_query_groups=4                                 
                                       (q_proj): Linear(input_dim=4096,         
                             output_dim=4096, bias=False,                       
                             init_fn=init_projection)                           
                                       (k_proj): Linear(input_dim=4096,         
                             output_dim=1024, bias=False,                       
                             init_fn=init_projection)                           
                                       (v_proj): Linear(input_dim=4096,         
                             output_dim=1024, bias=False,                       
                             init_fn=init_projection)                           
                                       (q_norm): None                           
                                       (k_norm): None                           
                                       (pos_encoder):                           
                             RotaryEncoder(encoding_dim=128, max_seq_len=131072,
                             theta=500000.0, freqs_init_fn=init_rope_freqs)     
                                       (sdpa):                                  
                             TorchSDPA(bias=CausalAttentionBias(), dropout_p=0) 
                                       (output_proj): Linear(input_dim=4096,    
                             output_dim=4096, bias=False,                       
                             init_fn=init_projection)                           
                                     )                                          
                                     (self_attn_dropout): None                  
                                     (self_attn_residual):                      
                             AdditiveResidualConnect()                          
                                     (ffn_layer_norm):                          
                             RMSNorm(normalized_shape=(4096,), eps=1E-05,       
                             elementwise_affine=True)                           
                                     (ffn): GLUFeedForwardNetwork(              
                                       inner_dim_scale=0.666667,                
                             inner_dim_to_multiple=1024                         
                                       (gate_proj): Linear(input_dim=4096,      
                             output_dim=14336, bias=False,                      
                             init_fn=init_projection)                           
                                       (gate_activation): SiLU()                
                                       (inner_proj): Linear(input_dim=4096,     
                             output_dim=14336, bias=False,                      
                             init_fn=init_projection)                           
                                       (inner_dropout): None                    
                                       (output_proj): Linear(input_dim=14336,   
                             output_dim=4096, bias=False,                       
                             init_fn=init_projection)                           
                                     )                                          
                                     (ffn_dropout): None                        
                                     (ffn_residual): AdditiveResidualConnect()  
                                   )                                            
                                 )                                              
                                 (layer_norm): RMSNorm(normalized_shape=(4096,),
                             eps=1E-05, elementwise_affine=True)                
                                 (dropout): None                                
                               )                                                
                               (final_proj): Linear(input_dim=4096,             
                             output_dim=128256, bias=False,                     
                             init_fn=init_projection)                           
                             )                                                  
                    INFO     fairseq2 - DPO setup complete.                     
wandb: Currently logged in as: chuanyang to https://fairwandb.org. Use `wandb login --relogin` to force relogin
wandb: Using wandb-core as the SDK backend.  Please refer to https://wandb.me/wandb-core for more information.
wandb: Tracking run with wandb version 0.19.6
wandb: Run data is saved locally in /checkpoint/ram/chuanyang/dpo/rlhi_0819_preference_pairs_0819_rip_1177_LR7e-7_FLR1e-15_BT0.1_WP30_EPS1e-8/wandb/run-20250820_005240-72hvvbzd
wandb: Run `wandb offline` to turn off syncing.
wandb: Syncing run rlhi_0819_preference_pairs_0819_rip_1177_LR7e-7_FLR1e-15_BT0.1_WP30_EPS1e-8
wandb: ⭐️ View project at https://fairwandb.org/chuanyang/rlhi_0819
wandb: 🚀 View run at https://fairwandb.org/chuanyang/rlhi_0819/runs/72hvvbzd
[08/20/25 00:52:41] INFO     fairseq2 - Running on 16 process(es).              
[08/20/25 00:53:00] INFO     fairseq2 - Train Metrics (step 1) - DPO Loss:      
                             0.677704 | Chosen Sequence Log Probabilities:      
                             -606.381 | Rejected Sequence Log Probabilities:    
                             -635.781 | Chosen Sequence Length: 776.609 |       
                             Rejected Sequence Length: 661.672 | NLL Loss:      
                             0.780854 | Gradient Norm: 98.0127 | Data Epoch: 1 |
                             Data Time: <1s | Compute Time: 18s | Lapse Time:   
                             19s | Total Time: 78s | Wall Time: 78s | Learning  
                             Rate: 0 | Batch Size: 64 | Elements per Batch:     
                             123,275 | Elements per Second: 6,577 | Number of   
                             Examples: 64 | Number of Elements: 123,275 | Number
                             of Target Elements: 49,703 | Padding: 0 | Padding  
                             Ratio (%): 0% | Total Number of Examples: 64 |     
                             Total Number of Elements: 123,275 | Total Number of
                             Target Elements: 49,703 | Peak Active Device       
                             Memory: 60.54 GiB | Peak Active Device Memory (%): 
                             77% | Peak Reserved Device Memory: 74.77 GiB | Peak
                             Reserved Device Memory (%): 95%                    
[08/20/25 00:53:20] INFO     fairseq2 - Train Metrics (step 2) - DPO Loss:      
                             0.720398 | Chosen Sequence Log Probabilities:      
                             -525.059 | Rejected Sequence Log Probabilities:    
                             -542.828 | Chosen Sequence Length: 776.047 |       
                             Rejected Sequence Length: 637.078 | NLL Loss:      
                             0.6765 | Gradient Norm: 104.022 | Data Epoch: 1 |  
                             Data Time: <1s | Compute Time: 19s | Lapse Time:   
                             19s | Total Time: 98s | Wall Time: 98s | Learning  
                             Rate: 2.33333e-08 | Batch Size: 64 | Elements per  
                             Batch: 133,058 | Elements per Second: 6,851 |      
                             Number of Examples: 64 | Number of Elements:       
                             133,058 | Number of Target Elements: 49,667 |      
                             Padding: 0 | Padding Ratio (%): 0% | Total Number  
                             of Examples: 128 | Total Number of Elements:       
                             256,333 | Total Number of Target Elements: 99,370 |
                             Peak Active Device Memory: 66.16 GiB | Peak Active 
                             Device Memory (%): 84% | Peak Reserved Device      
                             Memory: 74.33 GiB | Peak Reserved Device Memory    
                             (%): 94%                                           
[08/20/25 00:53:37] INFO     fairseq2 - Train Metrics (step 3) - DPO Loss:      
                             0.705017 | Chosen Sequence Log Probabilities:      
                             -702.527 | Rejected Sequence Log Probabilities:    
                             -713.164 | Chosen Sequence Length: 759.938 |       
                             Rejected Sequence Length: 641.609 | NLL Loss:      
                             0.92448 | Gradient Norm: 125.645 | Data Epoch: 1 | 
                             Data Time: <1s | Compute Time: 16s | Lapse Time:   
                             17s | Total Time: 115s | Wall Time: 115s | Learning
                             Rate: 4.66667e-08 | Batch Size: 64 | Elements per  
                             Batch: 111,829 | Elements per Second: 6,583 |      
                             Number of Examples: 64 | Number of Elements:       
                             111,829 | Number of Target Elements: 48,636 |      
                             Padding: 0 | Padding Ratio (%): 0% | Total Number  
                             of Examples: 192 | Total Number of Elements:       
                             368,162 | Total Number of Target Elements: 148,006 
                             | Peak Active Device Memory: 62.11 GiB | Peak      
                             Active Device Memory (%): 79% | Peak Reserved      
                             Device Memory: 74.63 GiB | Peak Reserved Device    
                             Memory (%): 95%                                    
[08/20/25 00:53:55] INFO     fairseq2 - Train Metrics (step 4) - DPO Loss:      
                             0.706726 | Chosen Sequence Log Probabilities:      
                             -640.207 | Rejected Sequence Log Probabilities:    
                             -725.711 | Chosen Sequence Length: 834.281 |       
                             Rejected Sequence Length: 716.812 | NLL Loss:      
                             0.766741 | Gradient Norm: 105.891 | Data Epoch: 1 |
                             Data Time: <1s | Compute Time: 18s | Lapse Time:   
                             18s | Total Time: 133s | Wall Time: 133s | Learning
                             Rate: 7e-08 | Batch Size: 64 | Elements per Batch: 
                             122,992 | Elements per Second: 6,691 | Number of   
                             Examples: 64 | Number of Elements: 122,992 | Number
                             of Target Elements: 53,394 | Padding: 0 | Padding  
                             Ratio (%): 0% | Total Number of Examples: 256 |    
                             Total Number of Elements: 491,154 | Total Number of
                             Target Elements: 201,400 | Peak Active Device      
                             Memory: 66.72 GiB | Peak Active Device Memory (%): 
                             85% | Peak Reserved Device Memory: 74.63 GiB | Peak
                             Reserved Device Memory (%): 95%                    
[08/20/25 00:54:12] INFO     fairseq2 - Train Metrics (step 5) - DPO Loss:      
                             0.684753 | Chosen Sequence Log Probabilities:      
                             -658.195 | Rejected Sequence Log Probabilities:    
                             -706.344 | Chosen Sequence Length: 823.375 |       
                             Rejected Sequence Length: 661.234 | NLL Loss:      
                             0.799741 | Gradient Norm: 118.703 | Data Epoch: 1 |
                             Data Time: <1s | Compute Time: 16s | Lapse Time:   
                             16s | Total Time: 149s | Wall Time: 149s | Learning
                             Rate: 9.33333e-08 | Batch Size: 64 | Elements per  
                             Batch: 125,966 | Elements per Second: 7,784 |      
                             Number of Examples: 64 | Number of Elements:       
                             125,966 | Number of Target Elements: 52,696 |      
                             Padding: 0 | Padding Ratio (%): 0% | Total Number  
                             of Examples: 320 | Total Number of Elements:       
                             617,120 | Total Number of Target Elements: 254,096 
                             | Peak Active Device Memory: 65.67 GiB | Peak      
                             Active Device Memory (%): 83% | Peak Reserved      
                             Device Memory: 74.26 GiB | Peak Reserved Device    
                             Memory (%): 94%                                    
[08/20/25 00:54:30] INFO     fairseq2 - Train Metrics (step 6) - DPO Loss:      
                             0.717468 | Chosen Sequence Log Probabilities:      
                             -556.594 | Rejected Sequence Log Probabilities:    
                             -613.633 | Chosen Sequence Length: 747.266 |       
                             Rejected Sequence Length: 624.531 | NLL Loss:      
                             0.744569 | Gradient Norm: 116.063 | Data Epoch: 1 |
                             Data Time: <1s | Compute Time: 17s | Lapse Time:   
                             17s | Total Time: 167s | Wall Time: 167s | Learning
                             Rate: 1.16667e-07 | Batch Size: 64 | Elements per  
                             Batch: 104,647 | Elements per Second: 5,869 |      
                             Number of Examples: 64 | Number of Elements:       
                             104,647 | Number of Target Elements: 47,825 |      
                             Padding: 0 | Padding Ratio (%): 0% | Total Number  
                             of Examples: 384 | Total Number of Elements:       
                             721,767 | Total Number of Target Elements: 301,921 
                             | Peak Active Device Memory: 60.36 GiB | Peak      
                             Active Device Memory (%): 77% | Peak Reserved      
                             Device Memory: 70.62 GiB | Peak Reserved Device    
                             Memory (%): 90%                                    
[08/20/25 00:54:46] INFO     fairseq2 - Train Metrics (step 7) - DPO Loss:      
                             0.687622 | Chosen Sequence Log Probabilities:      
                             -530.781 | Rejected Sequence Log Probabilities:    
                             -568.359 | Chosen Sequence Length: 779.141 |       
                             Rejected Sequence Length: 633.406 | NLL Loss:      
                             0.681329 | Gradient Norm: 105.379 | Data Epoch: 1 |
                             Data Time: <1s | Compute Time: 16s | Lapse Time:   
                             16s | Total Time: 184s | Wall Time: 184s | Learning
                             Rate: 1.4e-07 | Batch Size: 64 | Elements per      
                             Batch: 115,237 | Elements per Second: 7,086 |      
                             Number of Examples: 64 | Number of Elements:       
                             115,237 | Number of Target Elements: 49,865 |      
                             Padding: 0 | Padding Ratio (%): 0% | Total Number  
                             of Examples: 448 | Total Number of Elements:       
                             837,004 | Total Number of Target Elements: 351,786 
                             | Peak Active Device Memory: 63.29 GiB | Peak      
                             Active Device Memory (%): 80% | Peak Reserved      
                             Device Memory: 74.52 GiB | Peak Reserved Device    
                             Memory (%): 95%                                    
[08/20/25 00:55:03] INFO     fairseq2 - Train Metrics (step 8) - DPO Loss:      
                             0.683716 | Chosen Sequence Log Probabilities:      
                             -653.094 | Rejected Sequence Log Probabilities:    
                             -629.539 | Chosen Sequence Length: 797.281 |       
                             Rejected Sequence Length: 667.125 | NLL Loss:      
                             0.819241 | Gradient Norm: 118.957 | Data Epoch: 1 |
                             Data Time: <1s | Compute Time: 17s | Lapse Time:   
                             17s | Total Time: 201s | Wall Time: 201s | Learning
                             Rate: 1.63333e-07 | Batch Size: 64 | Elements per  
                             Batch: 118,545 | Elements per Second: 6,863 |      
                             Number of Examples: 64 | Number of Elements:       
                             118,545 | Number of Target Elements: 51,026 |      
                             Padding: 0 | Padding Ratio (%): 0% | Total Number  
                             of Examples: 512 | Total Number of Elements:       
                             955,549 | Total Number of Target Elements: 402,812 
                             | Peak Active Device Memory: 65.37 GiB | Peak      
                             Active Device Memory (%): 83% | Peak Reserved      
                             Device Memory: 74.52 GiB | Peak Reserved Device    
                             Memory (%): 95%                                    
[08/20/25 00:55:18] INFO     fairseq2 - Train Metrics (step 9) - DPO Loss:      
                             0.678589 | Chosen Sequence Log Probabilities:      
                             -592.348 | Rejected Sequence Log Probabilities:    
                             -646.891 | Chosen Sequence Length: 820.5 | Rejected
                             Sequence Length: 674.312 | NLL Loss: 0.722114 |    
                             Gradient Norm: 108.263 | Data Epoch: 1 | Data Time:
                             <1s | Compute Time: 14s | Lapse Time: 14s | Total  
                             Time: 215s | Wall Time: 215s | Learning Rate:      
                             1.86667e-07 | Batch Size: 64 | Elements per Batch: 
                             116,997 | Elements per Second: 8,085 | Number of   
                             Examples: 64 | Number of Elements: 116,997 | Number
                             of Target Elements: 52,512 | Padding: 0 | Padding  
                             Ratio (%): 0% | Total Number of Examples: 576 |    
                             Total Number of Elements: 1,072,546 | Total Number 
                             of Target Elements: 455,324 | Peak Active Device   
                             Memory: 61.27 GiB | Peak Active Device Memory (%): 
                             78% | Peak Reserved Device Memory: 74.19 GiB | Peak
                             Reserved Device Memory (%): 94%                    
[08/20/25 00:55:38] INFO     fairseq2 - Train Metrics (step 10) - DPO Loss:     
                             0.687195 | Chosen Sequence Log Probabilities:      
                             -588.684 | Rejected Sequence Log Probabilities:    
                             -594.865 | Chosen Sequence Length: 831.359 |       
                             Rejected Sequence Length: 685.531 | NLL Loss:      
                             0.708122 | Gradient Norm: 119.823 | Data Epoch: 1 |
                             Data Time: <1s | Compute Time: 20s | Lapse Time:   
                             20s | Total Time: 236s | Wall Time: 236s | Learning
                             Rate: 2.1e-07 | Batch Size: 64 | Elements per      
                             Batch: 119,069 | Elements per Second: 5,780 |      
                             Number of Examples: 64 | Number of Elements:       
                             119,069 | Number of Target Elements: 53,207 |      
                             Padding: 0 | Padding Ratio (%): 0% | Total Number  
                             of Examples: 640 | Total Number of Elements:       
                             1,191,615 | Total Number of Target Elements:       
                             508,531 | Peak Active Device Memory: 65.92 GiB |   
                             Peak Active Device Memory (%): 84% | Peak Reserved 
                             Device Memory: 74.19 GiB | Peak Reserved Device    
                             Memory (%): 94%                                    
[08/20/25 00:55:55] INFO     fairseq2 - Train Metrics (step 11) - DPO Loss:     
                             0.677429 | Chosen Sequence Log Probabilities:      
                             -495.877 | Rejected Sequence Log Probabilities:    
                             -650.062 | Chosen Sequence Length: 742.891 |       
                             Rejected Sequence Length: 693.359 | NLL Loss:      
                             0.667462 | Gradient Norm: 100.861 | Data Epoch: 1 |
                             Data Time: <1s | Compute Time: 16s | Lapse Time:   
                             16s | Total Time: 252s | Wall Time: 252s | Learning
                             Rate: 2.33333e-07 | Batch Size: 64 | Elements per  
                             Batch: 115,082 | Elements per Second: 7,084 |      
                             Number of Examples: 64 | Number of Elements:       
                             115,082 | Number of Target Elements: 47,545 |      
                             Padding: 0 | Padding Ratio (%): 0% | Total Number  
                             of Examples: 704 | Total Number of Elements:       
                             1,306,697 | Total Number of Target Elements:       
                             556,076 | Peak Active Device Memory: 61.62 GiB |   
                             Peak Active Device Memory (%): 78% | Peak Reserved 
                             Device Memory: 74.74 GiB | Peak Reserved Device    
                             Memory (%): 95%                                    
[08/20/25 00:56:14] INFO     fairseq2 - Train Metrics (step 12) - DPO Loss:     
                             0.67511 | Chosen Sequence Log Probabilities:       
                             -584.51 | Rejected Sequence Log Probabilities:     
                             -624.227 | Chosen Sequence Length: 799.188 |       
                             Rejected Sequence Length: 663.828 | NLL Loss:      
                             0.731081 | Gradient Norm: 119.13 | Data Epoch: 1 | 
                             Data Time: <1s | Compute Time: 19s | Lapse Time:   
                             19s | Total Time: 272s | Wall Time: 272s | Learning
                             Rate: 2.56667e-07 | Batch Size: 64 | Elements per  
                             Batch: 107,409 | Elements per Second: 5,634 |      
                             Number of Examples: 64 | Number of Elements:       
                             107,409 | Number of Target Elements: 51,148 |      
                             Padding: 0 | Padding Ratio (%): 0% | Total Number  
                             of Examples: 768 | Total Number of Elements:       
                             1,414,106 | Total Number of Target Elements:       
                             607,224 | Peak Active Device Memory: 60.54 GiB |   
                             Peak Active Device Memory (%): 77% | Peak Reserved 
                             Device Memory: 74.04 GiB | Peak Reserved Device    
                             Memory (%): 94%                                    
[08/20/25 00:56:31] INFO     fairseq2 - Train Metrics (step 13) - DPO Loss:     
                             0.649597 | Chosen Sequence Log Probabilities:      
                             -593.076 | Rejected Sequence Log Probabilities:    
                             -637.434 | Chosen Sequence Length: 869.438 |       
                             Rejected Sequence Length: 698.156 | NLL Loss:      
                             0.682031 | Gradient Norm: 119.773 | Data Epoch: 1 |
                             Data Time: <1s | Compute Time: 16s | Lapse Time:   
                             16s | Total Time: 289s | Wall Time: 289s | Learning
                             Rate: 2.8e-07 | Batch Size: 64 | Elements per      
                             Batch: 124,458 | Elements per Second: 7,343 |      
                             Number of Examples: 64 | Number of Elements:       
                             124,458 | Number of Target Elements: 55,644 |      
                             Padding: 0 | Padding Ratio (%): 0% | Total Number  
                             of Examples: 832 | Total Number of Elements:       
                             1,538,564 | Total Number of Target Elements:       
                             662,868 | Peak Active Device Memory: 61.57 GiB |   
                             Peak Active Device Memory (%): 78% | Peak Reserved 
                             Device Memory: 74.40 GiB | Peak Reserved Device    
                             Memory (%): 94%                                    
[08/20/25 00:56:50] INFO     fairseq2 - Train Metrics (step 14) - DPO Loss:     
                             0.639618 | Chosen Sequence Log Probabilities:      
                             -464.551 | Rejected Sequence Log Probabilities:    
                             -600.84 | Chosen Sequence Length: 700.016 |        
                             Rejected Sequence Length: 679.75 | NLL Loss:       
                             0.663797 | Gradient Norm: 137.645 | Data Epoch: 1 |
                             Data Time: <1s | Compute Time: 19s | Lapse Time:   
                             19s | Total Time: 308s | Wall Time: 308s | Learning
                             Rate: 3.03333e-07 | Batch Size: 64 | Elements per  
                             Batch: 120,240 | Elements per Second: 6,247 |      
                             Number of Examples: 64 | Number of Elements:       
                             120,240 | Number of Target Elements: 44,801 |      
                             Padding: 0 | Padding Ratio (%): 0% | Total Number  
                             of Examples: 896 | Total Number of Elements:       
                             1,658,804 | Total Number of Target Elements:       
                             707,669 | Peak Active Device Memory: 63.75 GiB |   
                             Peak Active Device Memory (%): 81% | Peak Reserved 
                             Device Memory: 74.36 GiB | Peak Reserved Device    
                             Memory (%): 94%                                    
[08/20/25 00:57:05] INFO     fairseq2 - Train Metrics (step 15) - DPO Loss:     
                             0.611237 | Chosen Sequence Log Probabilities:      
                             -507.592 | Rejected Sequence Log Probabilities:    
                             -543.594 | Chosen Sequence Length: 742.781 |       
                             Rejected Sequence Length: 612.562 | NLL Loss:      
                             0.683491 | Gradient Norm: 77.0615 | Data Epoch: 1 |
                             Data Time: <1s | Compute Time: 14s | Lapse Time:   
                             14s | Total Time: 322s | Wall Time: 322s | Learning
                             Rate: 3.26667e-07 | Batch Size: 64 | Elements per  
                             Batch: 112,959 | Elements per Second: 7,870 |      
                             Number of Examples: 64 | Number of Elements:       
                             112,959 | Number of Target Elements: 47,538 |      
                             Padding: 0 | Padding Ratio (%): 0% | Total Number  
                             of Examples: 960 | Total Number of Elements:       
                             1,771,763 | Total Number of Target Elements:       
                             755,207 | Peak Active Device Memory: 61.67 GiB |   
                             Peak Active Device Memory (%): 78% | Peak Reserved 
                             Device Memory: 74.16 GiB | Peak Reserved Device    
                             Memory (%): 94%                                    
[08/20/25 00:57:22] INFO     fairseq2 - Train Metrics (step 16) - DPO Loss:     
                             0.601562 | Chosen Sequence Log Probabilities:      
                             -527.988 | Rejected Sequence Log Probabilities:    
                             -571.494 | Chosen Sequence Length: 740.297 |       
                             Rejected Sequence Length: 651.422 | NLL Loss:      
                             0.713188 | Gradient Norm: 84.8137 | Data Epoch: 1 |
                             Data Time: <1s | Compute Time: 17s | Lapse Time:   
                             17s | Total Time: 340s | Wall Time: 340s | Learning
                             Rate: 3.5e-07 | Batch Size: 64 | Elements per      
                             Batch: 120,820 | Elements per Second: 7,061 |      
                             Number of Examples: 64 | Number of Elements:       
                             120,820 | Number of Target Elements: 47,379 |      
                             Padding: 0 | Padding Ratio (%): 0% | Total Number  
                             of Examples: 1,024 | Total Number of Elements:     
                             1,892,583 | Total Number of Target Elements:       
                             802,586 | Peak Active Device Memory: 63.37 GiB |   
                             Peak Active Device Memory (%): 81% | Peak Reserved 
                             Device Memory: 73.78 GiB | Peak Reserved Device    
                             Memory (%): 94%                                    
[08/20/25 00:57:40] INFO     fairseq2 - Train Metrics (step 17) - DPO Loss:     
                             0.57431 | Chosen Sequence Log Probabilities:       
                             -508.401 | Rejected Sequence Log Probabilities:    
                             -587.344 | Chosen Sequence Length: 766.953 |       
                             Rejected Sequence Length: 676.109 | NLL Loss:      
                             0.662948 | Gradient Norm: 83.0323 | Data Epoch: 1 |
                             Data Time: <1s | Compute Time: 17s | Lapse Time:   
                             17s | Total Time: 357s | Wall Time: 357s | Learning
                             Rate: 3.73333e-07 | Batch Size: 64 | Elements per  
                             Batch: 128,753 | Elements per Second: 7,249 |      
                             Number of Examples: 64 | Number of Elements:       
                             128,753 | Number of Target Elements: 49,085 |      
                             Padding: 0 | Padding Ratio (%): 0% | Total Number  
                             of Examples: 1,088 | Total Number of Elements:     
                             2,021,336 | Total Number of Target Elements:       
                             851,671 | Peak Active Device Memory: 65.42 GiB |   
                             Peak Active Device Memory (%): 83% | Peak Reserved 
                             Device Memory: 74.79 GiB | Peak Reserved Device    
                             Memory (%): 95%                                    
[08/20/25 00:57:57] INFO     fairseq2 - Train Metrics (step 18) - DPO Loss:     
                             0.542633 | Chosen Sequence Log Probabilities:      
                             -547.605 | Rejected Sequence Log Probabilities:    
                             -636.227 | Chosen Sequence Length: 744.609 |       
                             Rejected Sequence Length: 640.828 | NLL Loss:      
                             0.73556 | Gradient Norm: 76.1169 | Data Epoch: 1 | 
                             Data Time: <1s | Compute Time: 16s | Lapse Time:   
                             16s | Total Time: 374s | Wall Time: 374s | Learning
                             Rate: 3.96667e-07 | Batch Size: 64 | Elements per  
                             Batch: 120,708 | Elements per Second: 7,184 |      
                             Number of Examples: 64 | Number of Elements:       
                             120,708 | Number of Target Elements: 47,655 |      
                             Padding: 0 | Padding Ratio (%): 0% | Total Number  
                             of Examples: 1,152 | Total Number of Elements:     
                             2,142,044 | Total Number of Target Elements:       
                             899,326 | Peak Active Device Memory: 63.74 GiB |   
                             Peak Active Device Memory (%): 81% | Peak Reserved 
                             Device Memory: 74.74 GiB | Peak Reserved Device    
                             Memory (%): 95%                                    
[08/20/25 00:58:00] INFO     fairseq2 - Train Metrics (step 19) - DPO Loss:     
                             0.511108 | Chosen Sequence Log Probabilities:      
                             -726.025 | Rejected Sequence Log Probabilities:    
                             -688.375 | Chosen Sequence Length: 855.375 |       
                             Rejected Sequence Length: 650.938 | NLL Loss:      
                             0.848395 | Gradient Norm: 126.347 | Data Epoch: 1 |
                             Data Time: <1s | Compute Time: 3s | Lapse Time: 3s 
                             | Total Time: 378s | Wall Time: 378s | Learning    
                             Rate: 4.2e-07 | Batch Size: 16 | Elements per      
                             Batch: 27,431 | Elements per Second: 7,434 | Number
                             of Examples: 16 | Number of Elements: 27,431 |     
                             Number of Target Elements: 13,686 | Padding: 0 |   
                             Padding Ratio (%): 0% | Total Number of Examples:  
                             1,168 | Total Number of Elements: 2,169,475 | Total
                             Number of Target Elements: 913,012 | Peak Active   
                             Device Memory: 57.94 GiB | Peak Active Device      
                             Memory (%): 74% | Peak Reserved Device Memory:     
                             69.79 GiB | Peak Reserved Device Memory (%): 89%   
                    INFO     fairseq2 - End of epoch 1 reached after step 19.   
[08/20/25 00:58:20] INFO     fairseq2 - Train Metrics (step 20) - DPO Loss:     
                             0.46492 | Chosen Sequence Log Probabilities:       
                             -590.047 | Rejected Sequence Log Probabilities:    
                             -632.93 | Chosen Sequence Length: 748.594 |        
                             Rejected Sequence Length: 658.734 | NLL Loss:      
                             0.788497 | Gradient Norm: 67.7446 | Data Epoch: 2 |
                             Data Time: <1s | Compute Time: 18s | Lapse Time:   
                             19s | Total Time: 397s | Wall Time: 397s | Learning
                             Rate: 4.43333e-07 | Batch Size: 64 | Elements per  
                             Batch: 121,985 | Elements per Second: 6,327 |      
                             Number of Examples: 64 | Number of Elements:       
                             121,985 | Number of Target Elements: 47,910 |      
                             Padding: 0 | Padding Ratio (%): 0% | Total Number  
                             of Examples: 1,232 | Total Number of Elements:     
                             2,291,460 | Total Number of Target Elements:       
                             960,922 | Peak Active Device Memory: 62.69 GiB |   
                             Peak Active Device Memory (%): 80% | Peak Reserved 
                             Device Memory: 73.89 GiB | Peak Reserved Device    
                             Memory (%): 94%                                    
[08/20/25 00:58:38] INFO     fairseq2 - Train Metrics (step 21) - DPO Loss:     
                             0.402683 | Chosen Sequence Log Probabilities:      
                             -622.062 | Rejected Sequence Log Probabilities:    
                             -648.148 | Chosen Sequence Length: 773 | Rejected  
                             Sequence Length: 638.406 | NLL Loss: 0.804629 |    
                             Gradient Norm: 59.6365 | Data Epoch: 2 | Data Time:
                             <1s | Compute Time: 18s | Lapse Time: 18s | Total  
                             Time: 416s | Wall Time: 416s | Learning Rate:      
                             4.66667e-07 | Batch Size: 64 | Elements per Batch: 
                             114,415 | Elements per Second: 6,168 | Number of   
                             Examples: 64 | Number of Elements: 114,415 | Number
                             of Target Elements: 49,472 | Padding: 0 | Padding  
                             Ratio (%): 0% | Total Number of Examples: 1,296 |  
                             Total Number of Elements: 2,405,875 | Total Number 
                             of Target Elements: 1,010,394 | Peak Active Device 
                             Memory: 60.36 GiB | Peak Active Device Memory (%): 
                             77% | Peak Reserved Device Memory: 70.59 GiB | Peak
                             Reserved Device Memory (%): 90%                    
[08/20/25 00:58:55] INFO     fairseq2 - Train Metrics (step 22) - DPO Loss:     
                             0.377562 | Chosen Sequence Log Probabilities:      
                             -673.403 | Rejected Sequence Log Probabilities:    
                             -733 | Chosen Sequence Length: 788.906 | Rejected  
                             Sequence Length: 682.828 | NLL Loss: 0.85313 |     
                             Gradient Norm: 53.2791 | Data Epoch: 2 | Data Time:
                             <1s | Compute Time: 16s | Lapse Time: 16s | Total  
                             Time: 432s | Wall Time: 432s | Learning Rate:      
                             4.9e-07 | Batch Size: 64 | Elements per Batch:     
                             106,152 | Elements per Second: 6,574 | Number of   
                             Examples: 64 | Number of Elements: 106,152 | Number
                             of Target Elements: 50,490 | Padding: 0 | Padding  
                             Ratio (%): 0% | Total Number of Examples: 1,360 |  
                             Total Number of Elements: 2,512,027 | Total Number 
                             of Target Elements: 1,060,884 | Peak Active Device 
                             Memory: 59.96 GiB | Peak Active Device Memory (%): 
                             76% | Peak Reserved Device Memory: 70.62 GiB | Peak
                             Reserved Device Memory (%): 90%                    
[08/20/25 00:59:14] INFO     fairseq2 - Train Metrics (step 23) - DPO Loss:     
                             0.323744 | Chosen Sequence Log Probabilities:      
                             -529.762 | Rejected Sequence Log Probabilities:    
                             -588.105 | Chosen Sequence Length: 792.469 |       
                             Rejected Sequence Length: 676.953 | NLL Loss:      
                             0.668526 | Gradient Norm: 41.3746 | Data Epoch: 2 |
                             Data Time: <1s | Compute Time: 19s | Lapse Time:   
                             19s | Total Time: 452s | Wall Time: 452s | Learning
                             Rate: 5.13333e-07 | Batch Size: 64 | Elements per  
                             Batch: 123,305 | Elements per Second: 6,376 |      
                             Number of Examples: 64 | Number of Elements:       
                             123,305 | Number of Target Elements: 50,718 |      
                             Padding: 0 | Padding Ratio (%): 0% | Total Number  
                             of Examples: 1,424 | Total Number of Elements:     
                             2,635,332 | Total Number of Target Elements:       
                             1,111,602 | Peak Active Device Memory: 61.27 GiB | 
                             Peak Active Device Memory (%): 78% | Peak Reserved 
                             Device Memory: 71.68 GiB | Peak Reserved Device    
                             Memory (%): 91%                                    
[08/20/25 00:59:35] INFO     fairseq2 - Train Metrics (step 24) - DPO Loss:     
                             0.287783 | Chosen Sequence Log Probabilities:      
                             -547.805 | Rejected Sequence Log Probabilities:    
                             -618.023 | Chosen Sequence Length: 767.562 |       
                             Rejected Sequence Length: 663.641 | NLL Loss:      
                             0.713564 | Gradient Norm: 39.6789 | Data Epoch: 2 |
                             Data Time: <1s | Compute Time: 20s | Lapse Time:   
                             20s | Total Time: 472s | Wall Time: 472s | Learning
                             Rate: 5.36667e-07 | Batch Size: 64 | Elements per  
                             Batch: 127,846 | Elements per Second: 6,223 |      
                             Number of Examples: 64 | Number of Elements:       
                             127,846 | Number of Target Elements: 49,124 |      
                             Padding: 0 | Padding Ratio (%): 0% | Total Number  
                             of Examples: 1,488 | Total Number of Elements:     
                             2,763,178 | Total Number of Target Elements:       
                             1,160,726 | Peak Active Device Memory: 61.43 GiB | 
                             Peak Active Device Memory (%): 78% | Peak Reserved 
                             Device Memory: 74.21 GiB | Peak Reserved Device    
                             Memory (%): 94%                                    
[08/20/25 00:59:51] INFO     fairseq2 - Train Metrics (step 25) - DPO Loss:     
                             0.234371 | Chosen Sequence Log Probabilities:      
                             -569.982 | Rejected Sequence Log Probabilities:    
                             -677.625 | Chosen Sequence Length: 785.406 |       
                             Rejected Sequence Length: 662.578 | NLL Loss:      
                             0.725445 | Gradient Norm: 35.5547 | Data Epoch: 2 |
                             Data Time: <1s | Compute Time: 16s | Lapse Time:   
                             16s | Total Time: 488s | Wall Time: 488s | Learning
                             Rate: 5.6e-07 | Batch Size: 64 | Elements per      
                             Batch: 121,177 | Elements per Second: 7,540 |      
                             Number of Examples: 64 | Number of Elements:       
                             121,177 | Number of Target Elements: 50,266 |      
                             Padding: 0 | Padding Ratio (%): 0% | Total Number  
                             of Examples: 1,552 | Total Number of Elements:     
                             2,884,355 | Total Number of Target Elements:       
                             1,210,992 | Peak Active Device Memory: 63.25 GiB | 
                             Peak Active Device Memory (%): 80% | Peak Reserved 
                             Device Memory: 73.62 GiB | Peak Reserved Device    
                             Memory (%): 93%                                    
[08/20/25 01:00:10] INFO     fairseq2 - Train Metrics (step 26) - DPO Loss:     
                             0.227302 | Chosen Sequence Log Probabilities:      
                             -607.154 | Rejected Sequence Log Probabilities:    
                             -653.383 | Chosen Sequence Length: 806.484 |       
                             Rejected Sequence Length: 638.406 | NLL Loss:      
                             0.753036 | Gradient Norm: 31.94 | Data Epoch: 2 |  
                             Data Time: <1s | Compute Time: 19s | Lapse Time:   
                             19s | Total Time: 508s | Wall Time: 508s | Learning
                             Rate: 5.83333e-07 | Batch Size: 64 | Elements per  
                             Batch: 122,264 | Elements per Second: 6,284 |      
                             Number of Examples: 64 | Number of Elements:       
                             122,264 | Number of Target Elements: 51,615 |      
                             Padding: 0 | Padding Ratio (%): 0% | Total Number  
                             of Examples: 1,616 | Total Number of Elements:     
                             3,006,619 | Total Number of Target Elements:       
                             1,262,607 | Peak Active Device Memory: 60.14 GiB | 
                             Peak Active Device Memory (%): 76% | Peak Reserved 
                             Device Memory: 72.39 GiB | Peak Reserved Device    
                             Memory (%): 92%                                    
[08/20/25 01:00:26] INFO     fairseq2 - Train Metrics (step 27) - DPO Loss:     
                             0.204337 | Chosen Sequence Log Probabilities:      
                             -550.44 | Rejected Sequence Log Probabilities:     
                             -636.99 | Chosen Sequence Length: 771.5 | Rejected 
                             Sequence Length: 681.531 | NLL Loss: 0.713641 |    
                             Gradient Norm: 31.3889 | Data Epoch: 2 | Data Time:
                             <1s | Compute Time: 16s | Lapse Time: 16s | Total  
                             Time: 524s | Wall Time: 524s | Learning Rate:      
                             6.06667e-07 | Batch Size: 64 | Elements per Batch: 
                             114,705 | Elements per Second: 7,077 | Number of   
                             Examples: 64 | Number of Elements: 114,705 | Number
                             of Target Elements: 49,376 | Padding: 0 | Padding  
                             Ratio (%): 0% | Total Number of Examples: 1,680 |  
                             Total Number of Elements: 3,121,324 | Total Number 
                             of Target Elements: 1,311,983 | Peak Active Device 
                             Memory: 64.10 GiB | Peak Active Device Memory (%): 
                             81% | Peak Reserved Device Memory: 74.78 GiB | Peak
                             Reserved Device Memory (%): 95%                    
[08/20/25 01:00:43] INFO     fairseq2 - Train Metrics (step 28) - DPO Loss:     
                             0.246206 | Chosen Sequence Log Probabilities:      
                             -599.103 | Rejected Sequence Log Probabilities:    
                             -681.602 | Chosen Sequence Length: 865.344 |       
                             Rejected Sequence Length: 669.625 | NLL Loss:      
                             0.692271 | Gradient Norm: 33.724 | Data Epoch: 2 | 
                             Data Time: <1s | Compute Time: 16s | Lapse Time:   
                             16s | Total Time: 541s | Wall Time: 541s | Learning
                             Rate: 6.3e-07 | Batch Size: 64 | Elements per      
                             Batch: 126,925 | Elements per Second: 7,757 |      
                             Number of Examples: 64 | Number of Elements:       
                             126,925 | Number of Target Elements: 55,382 |      
                             Padding: 0 | Padding Ratio (%): 0% | Total Number  
                             of Examples: 1,744 | Total Number of Elements:     
                             3,248,249 | Total Number of Target Elements:       
                             1,367,365 | Peak Active Device Memory: 62.17 GiB | 
                             Peak Active Device Memory (%): 79% | Peak Reserved 
                             Device Memory: 74.68 GiB | Peak Reserved Device    
                             Memory (%): 95%                                    
[08/20/25 01:01:00] INFO     fairseq2 - Train Metrics (step 29) - DPO Loss:     
                             0.188738 | Chosen Sequence Log Probabilities:      
                             -644.717 | Rejected Sequence Log Probabilities:    
                             -721.453 | Chosen Sequence Length: 803.125 |       
                             Rejected Sequence Length: 678.969 | NLL Loss:      
                             0.802852 | Gradient Norm: 25.8419 | Data Epoch: 2 |
                             Data Time: <1s | Compute Time: 16s | Lapse Time:   
                             16s | Total Time: 558s | Wall Time: 558s | Learning
                             Rate: 6.53333e-07 | Batch Size: 64 | Elements per  
                             Batch: 123,842 | Elements per Second: 7,319 |      
                             Number of Examples: 64 | Number of Elements:       
                             123,842 | Number of Target Elements: 51,400 |      
                             Padding: 0 | Padding Ratio (%): 0% | Total Number  
                             of Examples: 1,808 | Total Number of Elements:     
                             3,372,091 | Total Number of Target Elements:       
                             1,418,765 | Peak Active Device Memory: 61.73 GiB | 
                             Peak Active Device Memory (%): 78% | Peak Reserved 
                             Device Memory: 74.28 GiB | Peak Reserved Device    
                             Memory (%): 94%                                    
[08/20/25 01:01:16] INFO     fairseq2 - Train Metrics (step 30) - DPO Loss:     
                             0.188042 | Chosen Sequence Log Probabilities:      
                             -634.254 | Rejected Sequence Log Probabilities:    
                             -715.5 | Chosen Sequence Length: 804.984 | Rejected
                             Sequence Length: 688.281 | NLL Loss: 0.788364 |    
                             Gradient Norm: 34.0398 | Data Epoch: 2 | Data Time:
                             <1s | Compute Time: 16s | Lapse Time: 16s | Total  
                             Time: 574s | Wall Time: 574s | Learning Rate:      
                             6.76667e-07 | Batch Size: 64 | Elements per Batch: 
                             119,248 | Elements per Second: 7,323 | Number of   
                             Examples: 64 | Number of Elements: 119,248 | Number
                             of Target Elements: 51,519 | Padding: 0 | Padding  
                             Ratio (%): 0% | Total Number of Examples: 1,872 |  
                             Total Number of Elements: 3,491,339 | Total Number 
                             of Target Elements: 1,470,284 | Peak Active Device 
                             Memory: 67.60 GiB | Peak Active Device Memory (%): 
                             86% | Peak Reserved Device Memory: 74.41 GiB | Peak
                             Reserved Device Memory (%): 94%                    
[08/20/25 01:01:36] INFO     fairseq2 - Train Metrics (step 31) - DPO Loss:     
                             0.1417 | Chosen Sequence Log Probabilities:        
                             -649.207 | Rejected Sequence Log Probabilities:    
                             -742.141 | Chosen Sequence Length: 791.406 |       
                             Rejected Sequence Length: 668.984 | NLL Loss:      
                             0.820092 | Gradient Norm: 22.974 | Data Epoch: 2 | 
                             Data Time: <1s | Compute Time: 20s | Lapse Time:   
                             20s | Total Time: 594s | Wall Time: 594s | Learning
                             Rate: 7e-07 | Batch Size: 64 | Elements per Batch: 
                             125,153 | Elements per Second: 6,254 | Number of   
                             Examples: 64 | Number of Elements: 125,153 | Number
                             of Target Elements: 50,650 | Padding: 0 | Padding  
                             Ratio (%): 0% | Total Number of Examples: 1,936 |  
                             Total Number of Elements: 3,616,492 | Total Number 
                             of Target Elements: 1,520,934 | Peak Active Device 
                             Memory: 60.66 GiB | Peak Active Device Memory (%): 
                             77% | Peak Reserved Device Memory: 74.57 GiB | Peak
                             Reserved Device Memory (%): 95%                    
[08/20/25 01:01:56] INFO     fairseq2 - Train Metrics (step 32) - DPO Loss:     
                             0.0933519 | Chosen Sequence Log Probabilities:     
                             -611.664 | Rejected Sequence Log Probabilities:    
                             -680.715 | Chosen Sequence Length: 826.203 |       
                             Rejected Sequence Length: 650.109 | NLL Loss:      
                             0.740447 | Gradient Norm: 18.3338 | Data Epoch: 2 |
                             Data Time: <1s | Compute Time: 19s | Lapse Time:   
                             19s | Total Time: 613s | Wall Time: 613s | Learning
                             Rate: 7e-07 | Batch Size: 64 | Elements per Batch: 
                             118,586 | Elements per Second: 6,187 | Number of   
                             Examples: 64 | Number of Elements: 118,586 | Number
                             of Target Elements: 52,877 | Padding: 0 | Padding  
                             Ratio (%): 0% | Total Number of Examples: 2,000 |  
                             Total Number of Elements: 3,735,078 | Total Number 
                             of Target Elements: 1,573,811 | Peak Active Device 
                             Memory: 61.97 GiB | Peak Active Device Memory (%): 
                             79% | Peak Reserved Device Memory: 74.77 GiB | Peak
                             Reserved Device Memory (%): 95%                    
[08/20/25 01:02:14] INFO     fairseq2 - Train Metrics (step 33) - DPO Loss:     
                             0.188641 | Chosen Sequence Log Probabilities:      
                             -625.789 | Rejected Sequence Log Probabilities:    
                             -652.043 | Chosen Sequence Length: 758.469 |       
                             Rejected Sequence Length: 644.984 | NLL Loss:      
                             0.825218 | Gradient Norm: 30.1481 | Data Epoch: 2 |
                             Data Time: <1s | Compute Time: 18s | Lapse Time:   
                             18s | Total Time: 632s | Wall Time: 632s | Learning
                             Rate: 6.99998e-07 | Batch Size: 64 | Elements per  
                             Batch: 120,928 | Elements per Second: 6,657 |      
                             Number of Examples: 64 | Number of Elements:       
                             120,928 | Number of Target Elements: 48,542 |      
                             Padding: 0 | Padding Ratio (%): 0% | Total Number  
                             of Examples: 2,064 | Total Number of Elements:     
                             3,856,006 | Total Number of Target Elements:       
                             1,622,353 | Peak Active Device Memory: 63.79 GiB | 
                             Peak Active Device Memory (%): 81% | Peak Reserved 
                             Device Memory: 74.63 GiB | Peak Reserved Device    
                             Memory (%): 95%                                    
[08/20/25 01:02:31] INFO     fairseq2 - Train Metrics (step 34) - DPO Loss:     
                             0.124664 | Chosen Sequence Log Probabilities:      
                             -548.9 | Rejected Sequence Log Probabilities:      
                             -666.508 | Chosen Sequence Length: 770.859 |       
                             Rejected Sequence Length: 638.234 | NLL Loss:      
                             0.712169 | Gradient Norm: 26.1519 | Data Epoch: 2 |
                             Data Time: <1s | Compute Time: 17s | Lapse Time:   
                             17s | Total Time: 649s | Wall Time: 649s | Learning
                             Rate: 6.99996e-07 | Batch Size: 64 | Elements per  
                             Batch: 107,581 | Elements per Second: 6,282 |      
                             Number of Examples: 64 | Number of Elements:       
                             107,581 | Number of Target Elements: 49,335 |      
                             Padding: 0 | Padding Ratio (%): 0% | Total Number  
                             of Examples: 2,128 | Total Number of Elements:     
                             3,963,587 | Total Number of Target Elements:       
                             1,671,688 | Peak Active Device Memory: 60.92 GiB | 
                             Peak Active Device Memory (%): 77% | Peak Reserved 
                             Device Memory: 74.22 GiB | Peak Reserved Device    
                             Memory (%): 94%                                    
[08/20/25 01:02:46] INFO     fairseq2 - Train Metrics (step 35) - DPO Loss:     
                             0.11868 | Chosen Sequence Log Probabilities:       
                             -614.297 | Rejected Sequence Log Probabilities:    
                             -740.438 | Chosen Sequence Length: 737.781 |       
                             Rejected Sequence Length: 674.141 | NLL Loss:      
                             0.832694 | Gradient Norm: 20.1439 | Data Epoch: 2 |
                             Data Time: <1s | Compute Time: 14s | Lapse Time:   
                             14s | Total Time: 664s | Wall Time: 664s | Learning
                             Rate: 6.99993e-07 | Batch Size: 64 | Elements per  
                             Batch: 105,147 | Elements per Second: 7,133 |      
                             Number of Examples: 64 | Number of Elements:       
                             105,147 | Number of Target Elements: 47,218 |      
                             Padding: 0 | Padding Ratio (%): 0% | Total Number  
                             of Examples: 2,192 | Total Number of Elements:     
                             4,068,734 | Total Number of Target Elements:       
                             1,718,906 | Peak Active Device Memory: 61.35 GiB | 
                             Peak Active Device Memory (%): 78% | Peak Reserved 
                             Device Memory: 74.64 GiB | Peak Reserved Device    
                             Memory (%): 95%                                    
[08/20/25 01:03:04] INFO     fairseq2 - Train Metrics (step 36) - DPO Loss:     
                             0.0938138 | Chosen Sequence Log Probabilities:     
                             -689.144 | Rejected Sequence Log Probabilities:    
                             -782.93 | Chosen Sequence Length: 768.5 | Rejected 
                             Sequence Length: 630.453 | NLL Loss: 0.897092 |    
                             Gradient Norm: 13.5623 | Data Epoch: 2 | Data Time:
                             <1s | Compute Time: 17s | Lapse Time: 17s | Total  
                             Time: 681s | Wall Time: 681s | Learning Rate:      
                             6.99989e-07 | Batch Size: 64 | Elements per Batch: 
                             122,687 | Elements per Second: 6,960 | Number of   
                             Examples: 64 | Number of Elements: 122,687 | Number
                             of Target Elements: 49,184 | Padding: 0 | Padding  
                             Ratio (%): 0% | Total Number of Examples: 2,256 |  
                             Total Number of Elements: 4,191,421 | Total Number 
                             of Target Elements: 1,768,090 | Peak Active Device 
                             Memory: 64.38 GiB | Peak Active Device Memory (%): 
                             82% | Peak Reserved Device Memory: 74.79 GiB | Peak
                             Reserved Device Memory (%): 95%                    
[08/20/25 01:03:20] INFO     fairseq2 - Train Metrics (step 37) - DPO Loss:     
                             0.106765 | Chosen Sequence Log Probabilities:      
                             -566.721 | Rejected Sequence Log Probabilities:    
                             -726.125 | Chosen Sequence Length: 727.609 |       
                             Rejected Sequence Length: 659.094 | NLL Loss:      
                             0.779048 | Gradient Norm: 26.4992 | Data Epoch: 2 |
                             Data Time: <1s | Compute Time: 16s | Lapse Time:   
                             16s | Total Time: 698s | Wall Time: 698s | Learning
                             Rate: 6.99984e-07 | Batch Size: 64 | Elements per  
                             Batch: 121,906 | Elements per Second: 7,256 |      
                             Number of Examples: 64 | Number of Elements:       
                             121,906 | Number of Target Elements: 46,567 |      
                             Padding: 0 | Padding Ratio (%): 0% | Total Number  
                             of Examples: 2,320 | Total Number of Elements:     
                             4,313,327 | Total Number of Target Elements:       
                             1,814,657 | Peak Active Device Memory: 61.97 GiB | 
                             Peak Active Device Memory (%): 79% | Peak Reserved 
                             Device Memory: 74.45 GiB | Peak Reserved Device    
                             Memory (%): 95%                                    
[08/20/25 01:03:26] INFO     fairseq2 - Train Metrics (step 38) - DPO Loss:     
                             0.0878064 | Chosen Sequence Log Probabilities:     
                             -489.594 | Rejected Sequence Log Probabilities:    
                             -616.062 | Chosen Sequence Length: 760.438 |       
                             Rejected Sequence Length: 742.25 | NLL Loss:       
                             0.644051 | Gradient Norm: 35.0492 | Data Epoch: 2 |
                             Data Time: <1s | Compute Time: 4s | Lapse Time: 5s 
                             | Total Time: 703s | Wall Time: 703s | Learning    
                             Rate: 6.99978e-07 | Batch Size: 16 | Elements per  
                             Batch: 31,087 | Elements per Second: 6,222 | Number
                             of Examples: 16 | Number of Elements: 31,087 |     
                             Number of Target Elements: 12,167 | Padding: 0 |   
                             Padding Ratio (%): 0% | Total Number of Examples:  
                             2,336 | Total Number of Elements: 4,344,414 | Total
                             Number of Target Elements: 1,826,824 | Peak Active 
                             Device Memory: 64.77 GiB | Peak Active Device      
                             Memory (%): 82% | Peak Reserved Device Memory:     
                             73.76 GiB | Peak Reserved Device Memory (%): 94%   
                    INFO     fairseq2 - End of epoch 2 reached after step 38.   
[08/20/25 01:03:43] INFO     fairseq2 - Train Metrics (step 39) - DPO Loss:     
                             0.10386 | Chosen Sequence Log Probabilities:       
                             -644.484 | Rejected Sequence Log Probabilities:    
                             -747.672 | Chosen Sequence Length: 795.484 |       
                             Rejected Sequence Length: 703.141 | NLL Loss:      
                             0.809597 | Gradient Norm: 21.7308 | Data Epoch: 3 |
                             Data Time: <1s | Compute Time: 17s | Lapse Time:   
                             17s | Total Time: 721s | Wall Time: 721s | Learning
                             Rate: 6.99972e-07 | Batch Size: 64 | Elements per  
                             Batch: 123,564 | Elements per Second: 6,977 |      
                             Number of Examples: 64 | Number of Elements:       
                             123,564 | Number of Target Elements: 50,911 |      
                             Padding: 0 | Padding Ratio (%): 0% | Total Number  
                             of Examples: 2,400 | Total Number of Elements:     
                             4,467,978 | Total Number of Target Elements:       
                             1,877,735 | Peak Active Device Memory: 68.53 GiB | 
                             Peak Active Device Memory (%): 87% | Peak Reserved 
                             Device Memory: 73.42 GiB | Peak Reserved Device    
                             Memory (%): 93%                                    
[08/20/25 01:04:02] INFO     fairseq2 - Train Metrics (step 40) - DPO Loss:     
                             0.0368044 | Chosen Sequence Log Probabilities:     
                             -633.084 | Rejected Sequence Log Probabilities:    
                             -761.438 | Chosen Sequence Length: 797.547 |       
                             Rejected Sequence Length: 727.547 | NLL Loss:      
                             0.793723 | Gradient Norm: 7.29006 | Data Epoch: 3 |
                             Data Time: <1s | Compute Time: 18s | Lapse Time:   
                             18s | Total Time: 739s | Wall Time: 739s | Learning
                             Rate: 6.99964e-07 | Batch Size: 64 | Elements per  
                             Batch: 106,567 | Elements per Second: 5,786 |      
                             Number of Examples: 64 | Number of Elements:       
                             106,567 | Number of Target Elements: 51,043 |      
                             Padding: 0 | Padding Ratio (%): 0% | Total Number  
                             of Examples: 2,464 | Total Number of Elements:     
                             4,574,545 | Total Number of Target Elements:       
                             1,928,778 | Peak Active Device Memory: 61.27 GiB | 
                             Peak Active Device Memory (%): 78% | Peak Reserved 
                             Device Memory: 74.39 GiB | Peak Reserved Device    
                             Memory (%): 94%                                    
[08/20/25 01:04:18] INFO     fairseq2 - Train Metrics (step 41) - DPO Loss:     
                             0.0687452 | Chosen Sequence Log Probabilities:     
                             -691.946 | Rejected Sequence Log Probabilities:    
                             -823.719 | Chosen Sequence Length: 749.234 |       
                             Rejected Sequence Length: 630.156 | NLL Loss:      
                             0.923783 | Gradient Norm: 11.351 | Data Epoch: 3 | 
                             Data Time: <1s | Compute Time: 16s | Lapse Time:   
                             16s | Total Time: 756s | Wall Time: 756s | Learning
                             Rate: 6.99955e-07 | Batch Size: 64 | Elements per  
                             Batch: 102,577 | Elements per Second: 6,229 |      
                             Number of Examples: 64 | Number of Elements:       
                             102,577 | Number of Target Elements: 47,951 |      
                             Padding: 0 | Padding Ratio (%): 0% | Total Number  
                             of Examples: 2,528 | Total Number of Elements:     
                             4,677,122 | Total Number of Target Elements:       
                             1,976,729 | Peak Active Device Memory: 59.98 GiB | 
                             Peak Active Device Memory (%): 76% | Peak Reserved 
                             Device Memory: 74.39 GiB | Peak Reserved Device    
                             Memory (%): 94%                                    
[08/20/25 01:04:37] INFO     fairseq2 - Train Metrics (step 42) - DPO Loss:     
                             0.0325711 | Chosen Sequence Log Probabilities:     
                             -551.281 | Rejected Sequence Log Probabilities:    
                             -764.078 | Chosen Sequence Length: 831.781 |       
                             Rejected Sequence Length: 685.312 | NLL Loss:      
                             0.66275 | Gradient Norm: 11.335 | Data Epoch: 3 |  
                             Data Time: <1s | Compute Time: 18s | Lapse Time:   
                             18s | Total Time: 774s | Wall Time: 774s | Learning
                             Rate: 6.99946e-07 | Batch Size: 64 | Elements per  
                             Batch: 133,692 | Elements per Second: 7,330 |      
                             Number of Examples: 64 | Number of Elements:       
                             133,692 | Number of Target Elements: 53,234 |      
                             Padding: 0 | Padding Ratio (%): 0% | Total Number  
                             of Examples: 2,592 | Total Number of Elements:     
                             4,810,814 | Total Number of Target Elements:       
                             2,029,963 | Peak Active Device Memory: 65.89 GiB | 
                             Peak Active Device Memory (%): 84% | Peak Reserved 
                             Device Memory: 74.39 GiB | Peak Reserved Device    
                             Memory (%): 94%                                    
[08/20/25 01:04:52] INFO     fairseq2 - Train Metrics (step 43) - DPO Loss:     
                             0.0856305 | Chosen Sequence Log Probabilities:     
                             -636.705 | Rejected Sequence Log Probabilities:    
                             -719.797 | Chosen Sequence Length: 700.812 |       
                             Rejected Sequence Length: 624.688 | NLL Loss:      
                             0.908425 | Gradient Norm: 12.9704 | Data Epoch: 3 |
                             Data Time: <1s | Compute Time: 15s | Lapse Time:   
                             15s | Total Time: 790s | Wall Time: 790s | Learning
                             Rate: 6.99936e-07 | Batch Size: 64 | Elements per  
                             Batch: 113,169 | Elements per Second: 7,434 |      
                             Number of Examples: 64 | Number of Elements:       
                             113,169 | Number of Target Elements: 44,852 |      
                             Padding: 0 | Padding Ratio (%): 0% | Total Number  
                             of Examples: 2,656 | Total Number of Elements:     
                             4,923,983 | Total Number of Target Elements:       
                             2,074,815 | Peak Active Device Memory: 65.00 GiB | 
                             Peak Active Device Memory (%): 83% | Peak Reserved 
                             Device Memory: 73.91 GiB | Peak Reserved Device    
                             Memory (%): 94%                                    
[08/20/25 01:05:07] INFO     fairseq2 - Train Metrics (step 44) - DPO Loss:     
                             0.0354784 | Chosen Sequence Log Probabilities:     
                             -660.508 | Rejected Sequence Log Probabilities:    
                             -765.344 | Chosen Sequence Length: 735.984 |       
                             Rejected Sequence Length: 632.516 | NLL Loss:      
                             0.897602 | Gradient Norm: 8.27277 | Data Epoch: 3 |
                             Data Time: <1s | Compute Time: 15s | Lapse Time:   
                             15s | Total Time: 805s | Wall Time: 805s | Learning
                             Rate: 6.99925e-07 | Batch Size: 64 | Elements per  
                             Batch: 112,885 | Elements per Second: 7,403 |      
                             Number of Examples: 64 | Number of Elements:       
                             112,885 | Number of Target Elements: 47,103 |      
                             Padding: 0 | Padding Ratio (%): 0% | Total Number  
                             of Examples: 2,720 | Total Number of Elements:     
                             5,036,868 | Total Number of Target Elements:       
                             2,121,918 | Peak Active Device Memory: 61.65 GiB | 
                             Peak Active Device Memory (%): 78% | Peak Reserved 
                             Device Memory: 74.82 GiB | Peak Reserved Device    
                             Memory (%): 95%                                    
[08/20/25 01:05:23] INFO     fairseq2 - Train Metrics (step 45) - DPO Loss:     
                             0.0560785 | Chosen Sequence Log Probabilities:     
                             -772.481 | Rejected Sequence Log Probabilities:    
                             -784.953 | Chosen Sequence Length: 886.906 |       
                             Rejected Sequence Length: 651.859 | NLL Loss:      
                             0.870964 | Gradient Norm: 11.2837 | Data Epoch: 3 |
                             Data Time: <1s | Compute Time: 15s | Lapse Time:   
                             15s | Total Time: 821s | Wall Time: 821s | Learning
                             Rate: 6.99913e-07 | Batch Size: 64 | Elements per  
                             Batch: 124,700 | Elements per Second: 7,904 |      
                             Number of Examples: 64 | Number of Elements:       
                             124,700 | Number of Target Elements: 56,762 |      
                             Padding: 0 | Padding Ratio (%): 0% | Total Number  
                             of Examples: 2,784 | Total Number of Elements:     
                             5,161,568 | Total Number of Target Elements:       
                             2,178,680 | Peak Active Device Memory: 63.57 GiB | 
                             Peak Active Device Memory (%): 81% | Peak Reserved 
                             Device Memory: 74.82 GiB | Peak Reserved Device    
                             Memory (%): 95%                                    
[08/20/25 01:05:39] INFO     fairseq2 - Train Metrics (step 46) - DPO Loss:     
                             0.0321486 | Chosen Sequence Log Probabilities:     
                             -645.172 | Rejected Sequence Log Probabilities:    
                             -766.484 | Chosen Sequence Length: 802.719 |       
                             Rejected Sequence Length: 654.188 | NLL Loss:      
                             0.803631 | Gradient Norm: 7.53153 | Data Epoch: 3 |
                             Data Time: <1s | Compute Time: 16s | Lapse Time:   
                             16s | Total Time: 837s | Wall Time: 837s | Learning
                             Rate: 6.999e-07 | Batch Size: 64 | Elements per    
                             Batch: 112,894 | Elements per Second: 7,041 |      
                             Number of Examples: 64 | Number of Elements:       
                             112,894 | Number of Target Elements: 51,374 |      
                             Padding: 0 | Padding Ratio (%): 0% | Total Number  
                             of Examples: 2,848 | Total Number of Elements:     
                             5,274,462 | Total Number of Target Elements:       
                             2,230,054 | Peak Active Device Memory: 61.11 GiB | 
                             Peak Active Device Memory (%): 78% | Peak Reserved 
                             Device Memory: 74.52 GiB | Peak Reserved Device    
                             Memory (%): 95%                                    
[08/20/25 01:05:56] INFO     fairseq2 - Train Metrics (step 47) - DPO Loss:     
                             0.0166814 | Chosen Sequence Log Probabilities:     
                             -596.559 | Rejected Sequence Log Probabilities:    
                             -744.438 | Chosen Sequence Length: 737.562 |       
                             Rejected Sequence Length: 662.094 | NLL Loss:      
                             0.808699 | Gradient Norm: 5.13685 | Data Epoch: 3 |
                             Data Time: <1s | Compute Time: 16s | Lapse Time:   
                             16s | Total Time: 853s | Wall Time: 853s | Learning
                             Rate: 6.99886e-07 | Batch Size: 64 | Elements per  
                             Batch: 112,621 | Elements per Second: 6,949 |      
                             Number of Examples: 64 | Number of Elements:       
                             112,621 | Number of Target Elements: 47,204 |      
                             Padding: 0 | Padding Ratio (%): 0% | Total Number  
                             of Examples: 2,912 | Total Number of Elements:     
                             5,387,083 | Total Number of Target Elements:       
                             2,277,258 | Peak Active Device Memory: 61.53 GiB | 
                             Peak Active Device Memory (%): 78% | Peak Reserved 
                             Device Memory: 74.61 GiB | Peak Reserved Device    
                             Memory (%): 95%                                    
[08/20/25 01:06:16] INFO     fairseq2 - Train Metrics (step 48) - DPO Loss:     
                             0.0444958 | Chosen Sequence Log Probabilities:     
                             -648.738 | Rejected Sequence Log Probabilities:    
                             -802.234 | Chosen Sequence Length: 792.984 |       
                             Rejected Sequence Length: 718.828 | NLL Loss:      
                             0.81835 | Gradient Norm: 21.6486 | Data Epoch: 3 | 
                             Data Time: <1s | Compute Time: 19s | Lapse Time:   
                             19s | Total Time: 873s | Wall Time: 873s | Learning
                             Rate: 6.99871e-07 | Batch Size: 64 | Elements per  
                             Batch: 118,591 | Elements per Second: 5,979 |      
                             Number of Examples: 64 | Number of Elements:       
                             118,591 | Number of Target Elements: 50,751 |      
                             Padding: 0 | Padding Ratio (%): 0% | Total Number  
                             of Examples: 2,976 | Total Number of Elements:     
                             5,505,674 | Total Number of Target Elements:       
                             2,328,009 | Peak Active Device Memory: 61.91 GiB | 
                             Peak Active Device Memory (%): 79% | Peak Reserved 
                             Device Memory: 74.61 GiB | Peak Reserved Device    
                             Memory (%): 95%                                    
[08/20/25 01:06:33] INFO     fairseq2 - Train Metrics (step 49) - DPO Loss:     
                             0.0610398 | Chosen Sequence Log Probabilities:     
                             -697.923 | Rejected Sequence Log Probabilities:    
                             -824.875 | Chosen Sequence Length: 851.234 |       
                             Rejected Sequence Length: 661.016 | NLL Loss:      
                             0.819697 | Gradient Norm: 15.7427 | Data Epoch: 3 |
                             Data Time: <1s | Compute Time: 17s | Lapse Time:   
                             17s | Total Time: 891s | Wall Time: 891s | Learning
                             Rate: 6.99856e-07 | Batch Size: 64 | Elements per  
                             Batch: 121,311 | Elements per Second: 6,836 |      
                             Number of Examples: 64 | Number of Elements:       
                             121,311 | Number of Target Elements: 54,479 |      
                             Padding: 0 | Padding Ratio (%): 0% | Total Number  
                             of Examples: 3,040 | Total Number of Elements:     
                             5,626,985 | Total Number of Target Elements:       
                             2,382,488 | Peak Active Device Memory: 65.41 GiB | 
                             Peak Active Device Memory (%): 83% | Peak Reserved 
                             Device Memory: 74.79 GiB | Peak Reserved Device    
                             Memory (%): 95%                                    
[08/20/25 01:06:52] INFO     fairseq2 - Train Metrics (step 50) - DPO Loss:     
                             0.0545827 | Chosen Sequence Log Probabilities:     
                             -611.188 | Rejected Sequence Log Probabilities:    
                             -773.672 | Chosen Sequence Length: 732.828 |       
                             Rejected Sequence Length: 638.984 | NLL Loss:      
                             0.833846 | Gradient Norm: 8.12425 | Data Epoch: 3 |
                             Data Time: <1s | Compute Time: 18s | Lapse Time:   
                             18s | Total Time: 909s | Wall Time: 909s | Learning
                             Rate: 6.99839e-07 | Batch Size: 64 | Elements per  
                             Batch: 134,386 | Elements per Second: 7,437 |      
                             Number of Examples: 64 | Number of Elements:       
                             134,386 | Number of Target Elements: 46,901 |      
                             Padding: 0 | Padding Ratio (%): 0% | Total Number  
                             of Examples: 3,104 | Total Number of Elements:     
                             5,761,371 | Total Number of Target Elements:       
                             2,429,389 | Peak Active Device Memory: 65.82 GiB | 
                             Peak Active Device Memory (%): 84% | Peak Reserved 
                             Device Memory: 74.79 GiB | Peak Reserved Device    
                             Memory (%): 95%                                    
[08/20/25 01:07:10] INFO     fairseq2 - Train Metrics (step 51) - DPO Loss:     
                             0.0311691 | Chosen Sequence Log Probabilities:     
                             -562.428 | Rejected Sequence Log Probabilities:    
                             -722.984 | Chosen Sequence Length: 729.344 |       
                             Rejected Sequence Length: 621.922 | NLL Loss:      
                             0.771403 | Gradient Norm: 12.4028 | Data Epoch: 3 |
                             Data Time: <1s | Compute Time: 18s | Lapse Time:   
                             18s | Total Time: 927s | Wall Time: 927s | Learning
                             Rate: 6.99822e-07 | Batch Size: 64 | Elements per  
                             Batch: 110,521 | Elements per Second: 6,113 |      
                             Number of Examples: 64 | Number of Elements:       
                             110,521 | Number of Target Elements: 46,678 |      
                             Padding: 0 | Padding Ratio (%): 0% | Total Number  
                             of Examples: 3,168 | Total Number of Elements:     
                             5,871,892 | Total Number of Target Elements:       
                             2,476,067 | Peak Active Device Memory: 64.12 GiB | 
                             Peak Active Device Memory (%): 81% | Peak Reserved 
                             Device Memory: 73.96 GiB | Peak Reserved Device    
                             Memory (%): 94%                                    
[08/20/25 01:07:28] INFO     fairseq2 - Train Metrics (step 52) - DPO Loss:     
                             0.00925646 | Chosen Sequence Log Probabilities:    
                             -599.027 | Rejected Sequence Log Probabilities:    
                             -754.629 | Chosen Sequence Length: 791.734 |       
                             Rejected Sequence Length: 665.859 | NLL Loss:      
                             0.756763 | Gradient Norm: 2.85504 | Data Epoch: 3 |
                             Data Time: <1s | Compute Time: 18s | Lapse Time:   
                             18s | Total Time: 946s | Wall Time: 946s | Learning
                             Rate: 6.99804e-07 | Batch Size: 64 | Elements per  
                             Batch: 124,746 | Elements per Second: 6,699 |      
                             Number of Examples: 64 | Number of Elements:       
                             124,746 | Number of Target Elements: 50,671 |      
                             Padding: 0 | Padding Ratio (%): 0% | Total Number  
                             of Examples: 3,232 | Total Number of Elements:     
                             5,996,638 | Total Number of Target Elements:       
                             2,526,738 | Peak Active Device Memory: 61.88 GiB | 
                             Peak Active Device Memory (%): 79% | Peak Reserved 
                             Device Memory: 73.96 GiB | Peak Reserved Device    
                             Memory (%): 94%                                    
[08/20/25 01:07:44] INFO     fairseq2 - Train Metrics (step 53) - DPO Loss:     
                             0.0109498 | Chosen Sequence Log Probabilities:     
                             -572.342 | Rejected Sequence Log Probabilities:    
                             -765.836 | Chosen Sequence Length: 698.281 |       
                             Rejected Sequence Length: 641.094 | NLL Loss:      
                             0.819778 | Gradient Norm: 5.4077 | Data Epoch: 3 | 
                             Data Time: <1s | Compute Time: 16s | Lapse Time:   
                             16s | Total Time: 962s | Wall Time: 962s | Learning
                             Rate: 6.99785e-07 | Batch Size: 64 | Elements per  
                             Batch: 120,066 | Elements per Second: 7,491 |      
                             Number of Examples: 64 | Number of Elements:       
                             120,066 | Number of Target Elements: 44,690 |      
                             Padding: 0 | Padding Ratio (%): 0% | Total Number  
                             of Examples: 3,296 | Total Number of Elements:     
                             6,116,704 | Total Number of Target Elements:       
                             2,571,428 | Peak Active Device Memory: 61.21 GiB | 
                             Peak Active Device Memory (%): 78% | Peak Reserved 
                             Device Memory: 74.79 GiB | Peak Reserved Device    
                             Memory (%): 95%                                    
[08/20/25 01:08:04] INFO     fairseq2 - Train Metrics (step 54) - DPO Loss:     
                             0.0617695 | Chosen Sequence Log Probabilities:     
                             -637.782 | Rejected Sequence Log Probabilities:    
                             -784.742 | Chosen Sequence Length: 753.719 |       
                             Rejected Sequence Length: 677.062 | NLL Loss:      
                             0.84595 | Gradient Norm: 10.2262 | Data Epoch: 3 | 
                             Data Time: <1s | Compute Time: 19s | Lapse Time:   
                             19s | Total Time: 982s | Wall Time: 982s | Learning
                             Rate: 6.99765e-07 | Batch Size: 64 | Elements per  
                             Batch: 122,530 | Elements per Second: 6,245 |      
                             Number of Examples: 64 | Number of Elements:       
                             122,530 | Number of Target Elements: 48,238 |      
                             Padding: 0 | Padding Ratio (%): 0% | Total Number  
                             of Examples: 3,360 | Total Number of Elements:     
                             6,239,234 | Total Number of Target Elements:       
                             2,619,666 | Peak Active Device Memory: 65.35 GiB | 
                             Peak Active Device Memory (%): 83% | Peak Reserved 
                             Device Memory: 74.80 GiB | Peak Reserved Device    
                             Memory (%): 95%                                    
[08/20/25 01:08:18] INFO     fairseq2 - Train Metrics (step 55) - DPO Loss:     
                             0.00542866 | Chosen Sequence Log Probabilities:    
                             -699.387 | Rejected Sequence Log Probabilities:    
                             -803.438 | Chosen Sequence Length: 828.609 |       
                             Rejected Sequence Length: 699.531 | NLL Loss:      
                             0.844304 | Gradient Norm: 1.89063 | Data Epoch: 3 |
                             Data Time: <1s | Compute Time: 14s | Lapse Time:   
                             14s | Total Time: 996s | Wall Time: 996s | Learning
                             Rate: 6.99744e-07 | Batch Size: 64 | Elements per  
                             Batch: 124,608 | Elements per Second: 8,874 |      
                             Number of Examples: 64 | Number of Elements:       
                             124,608 | Number of Target Elements: 53,031 |      
                             Padding: 0 | Padding Ratio (%): 0% | Total Number  
                             of Examples: 3,424 | Total Number of Elements:     
                             6,363,842 | Total Number of Target Elements:       
                             2,672,697 | Peak Active Device Memory: 64.72 GiB | 
                             Peak Active Device Memory (%): 82% | Peak Reserved 
                             Device Memory: 74.66 GiB | Peak Reserved Device    
                             Memory (%): 95%                                    
[08/20/25 01:08:37] INFO     fairseq2 - Train Metrics (step 56) - DPO Loss:     
                             0.050958 | Chosen Sequence Log Probabilities:      
                             -733.327 | Rejected Sequence Log Probabilities:    
                             -790.5 | Chosen Sequence Length: 813.75 | Rejected 
                             Sequence Length: 661.062 | NLL Loss: 0.90111 |     
                             Gradient Norm: 13.0328 | Data Epoch: 3 | Data Time:
                             <1s | Compute Time: 19s | Lapse Time: 19s | Total  
                             Time: 1,015s | Wall Time: 1,015s | Learning Rate:  
                             6.99722e-07 | Batch Size: 64 | Elements per Batch: 
                             121,878 | Elements per Second: 6,405 | Number of   
                             Examples: 64 | Number of Elements: 121,878 | Number
                             of Target Elements: 52,080 | Padding: 0 | Padding  
                             Ratio (%): 0% | Total Number of Examples: 3,488 |  
                             Total Number of Elements: 6,485,720 | Total Number 
                             of Target Elements: 2,724,777 | Peak Active Device 
                             Memory: 63.26 GiB | Peak Active Device Memory (%): 
                             80% | Peak Reserved Device Memory: 74.39 GiB | Peak
                             Reserved Device Memory (%): 94%                    
[08/20/25 01:08:42] INFO     fairseq2 - Train Metrics (step 57) - DPO Loss:     
                             0.0346504 | Chosen Sequence Log Probabilities:     
                             -689.312 | Rejected Sequence Log Probabilities:    
                             -779.562 | Chosen Sequence Length: 970.562 |       
                             Rejected Sequence Length: 594.125 | NLL Loss:      
                             0.710284 | Gradient Norm: 17.3579 | Data Epoch: 3 |
                             Data Time: <1s | Compute Time: 4s | Lapse Time: 4s 
                             | Total Time: 1,020s | Wall Time: 1,020s | Learning
                             Rate: 6.99699e-07 | Batch Size: 16 | Elements per  
                             Batch: 33,936 | Elements per Second: 6,819 | Number
                             of Examples: 16 | Number of Elements: 33,936 |     
                             Number of Target Elements: 15,529 | Padding: 0 |   
                             Padding Ratio (%): 0% | Total Number of Examples:  
                             3,504 | Total Number of Elements: 6,519,656 | Total
                             Number of Target Elements: 2,740,306 | Peak Active 
                             Device Memory: 61.78 GiB | Peak Active Device      
                             Memory (%): 79% | Peak Reserved Device Memory:     
                             74.69 GiB | Peak Reserved Device Memory (%): 95%   
                    INFO     fairseq2 - End of epoch 3 reached after step 57.   
[08/20/25 01:09:00] INFO     fairseq2 - Train Metrics (step 58) - DPO Loss:     
                             0.0165521 | Chosen Sequence Log Probabilities:     
                             -668.039 | Rejected Sequence Log Probabilities:    
                             -816.266 | Chosen Sequence Length: 793.875 |       
                             Rejected Sequence Length: 656.828 | NLL Loss:      
                             0.841318 | Gradient Norm: 7.60922 | Data Epoch: 4 |
                             Data Time: <1s | Compute Time: 17s | Lapse Time:   
                             17s | Total Time: 1,038s | Wall Time: 1,038s |     
                             Learning Rate: 6.99676e-07 | Batch Size: 64 |      
                             Elements per Batch: 120,532 | Elements per Second: 
                             6,753 | Number of Examples: 64 | Number of         
                             Elements: 120,532 | Number of Target Elements:     
                             50,808 | Padding: 0 | Padding Ratio (%): 0% | Total
                             Number of Examples: 3,568 | Total Number of        
                             Elements: 6,640,188 | Total Number of Target       
                             Elements: 2,791,114 | Peak Active Device Memory:   
                             64.40 GiB | Peak Active Device Memory (%): 82% |   
                             Peak Reserved Device Memory: 74.78 GiB | Peak      
                             Reserved Device Memory (%): 95%                    
[08/20/25 01:09:20] INFO     fairseq2 - Train Metrics (step 59) - DPO Loss:     
                             0.00717739 | Chosen Sequence Log Probabilities:    
                             -642.16 | Rejected Sequence Log Probabilities:     
                             -776.914 | Chosen Sequence Length: 828.344 |       
                             Rejected Sequence Length: 680.062 | NLL Loss:      
                             0.775145 | Gradient Norm: 1.87573 | Data Epoch: 4 |
                             Data Time: <1s | Compute Time: 19s | Lapse Time:   
                             19s | Total Time: 1,058s | Wall Time: 1,058s |     
                             Learning Rate: 6.99651e-07 | Batch Size: 64 |      
                             Elements per Batch: 138,482 | Elements per Second: 
                             7,065 | Number of Examples: 64 | Number of         
                             Elements: 138,482 | Number of Target Elements:     
                             53,014 | Padding: 0 | Padding Ratio (%): 0% | Total
                             Number of Examples: 3,632 | Total Number of        
                             Elements: 6,778,670 | Total Number of Target       
                             Elements: 2,844,128 | Peak Active Device Memory:   
                             65.86 GiB | Peak Active Device Memory (%): 84% |   
                             Peak Reserved Device Memory: 74.60 GiB | Peak      
                             Reserved Device Memory (%): 95%                    
[08/20/25 01:09:38] INFO     fairseq2 - Train Metrics (step 60) - DPO Loss:     
                             0.00565835 | Chosen Sequence Log Probabilities:    
                             -723.32 | Rejected Sequence Log Probabilities:     
                             -854.984 | Chosen Sequence Length: 767.703 |       
                             Rejected Sequence Length: 641.859 | NLL Loss:      
                             0.942341 | Gradient Norm: 1.38972 | Data Epoch: 4 |
                             Data Time: <1s | Compute Time: 17s | Lapse Time:   
                             17s | Total Time: 1,075s | Wall Time: 1,075s |     
                             Learning Rate: 6.99626e-07 | Batch Size: 64 |      
                             Elements per Batch: 120,342 | Elements per Second: 
                             6,996 | Number of Examples: 64 | Number of         
                             Elements: 120,342 | Number of Target Elements:     
                             49,133 | Padding: 0 | Padding Ratio (%): 0% | Total
                             Number of Examples: 3,696 | Total Number of        
                             Elements: 6,899,012 | Total Number of Target       
                             Elements: 2,893,261 | Peak Active Device Memory:   
                             60.69 GiB | Peak Active Device Memory (%): 77% |   
                             Peak Reserved Device Memory: 73.87 GiB | Peak      
                             Reserved Device Memory (%): 94%                    
[08/20/25 01:09:58] INFO     fairseq2 - Train Metrics (step 61) - DPO Loss:     
                             0.0118194 | Chosen Sequence Log Probabilities:     
                             -752.113 | Rejected Sequence Log Probabilities:    
                             -889.109 | Chosen Sequence Length: 883.703 |       
                             Rejected Sequence Length: 712.094 | NLL Loss:      
                             0.850699 | Gradient Norm: 2.44845 | Data Epoch: 4 |
                             Data Time: <1s | Compute Time: 20s | Lapse Time:   
                             20s | Total Time: 1,096s | Wall Time: 1,096s |     
                             Learning Rate: 6.996e-07 | Batch Size: 64 |        
                             Elements per Batch: 123,837 | Elements per Second: 
                             6,055 | Number of Examples: 64 | Number of         
                             Elements: 123,837 | Number of Target Elements:     
                             56,557 | Padding: 0 | Padding Ratio (%): 0% | Total
                             Number of Examples: 3,760 | Total Number of        
                             Elements: 7,022,849 | Total Number of Target       
                             Elements: 2,949,818 | Peak Active Device Memory:   
                             67.21 GiB | Peak Active Device Memory (%): 85% |   
                             Peak Reserved Device Memory: 74.38 GiB | Peak      
                             Reserved Device Memory (%): 94%                    
[08/20/25 01:10:13] INFO     fairseq2 - Train Metrics (step 62) - DPO Loss:     
                             0.00575786 | Chosen Sequence Log Probabilities:    
                             -594.148 | Rejected Sequence Log Probabilities:    
                             -714.562 | Chosen Sequence Length: 714.062 |       
                             Rejected Sequence Length: 637.141 | NLL Loss:      
                             0.831874 | Gradient Norm: 1.38362 | Data Epoch: 4 |
                             Data Time: <1s | Compute Time: 15s | Lapse Time:   
                             15s | Total Time: 1,111s | Wall Time: 1,111s |     
                             Learning Rate: 6.99572e-07 | Batch Size: 64 |      
                             Elements per Batch: 107,043 | Elements per Second: 
                             7,045 | Number of Examples: 64 | Number of         
                             Elements: 107,043 | Number of Target Elements:     
                             45,700 | Padding: 0 | Padding Ratio (%): 0% | Total
                             Number of Examples: 3,824 | Total Number of        
                             Elements: 7,129,892 | Total Number of Target       
                             Elements: 2,995,518 | Peak Active Device Memory:   
                             63.74 GiB | Peak Active Device Memory (%): 81% |   
                             Peak Reserved Device Memory: 74.75 GiB | Peak      
                             Reserved Device Memory (%): 95%                    
[08/20/25 01:10:31] INFO     fairseq2 - Train Metrics (step 63) - DPO Loss:     
                             0.0135232 | Chosen Sequence Log Probabilities:     
                             -741.824 | Rejected Sequence Log Probabilities:    
                             -872.234 | Chosen Sequence Length: 831.547 |       
                             Rejected Sequence Length: 662.109 | NLL Loss:      
                             0.892226 | Gradient Norm: 1.9499 | Data Epoch: 4 | 
                             Data Time: <1s | Compute Time: 17s | Lapse Time:   
                             17s | Total Time: 1,129s | Wall Time: 1,129s |     
                             Learning Rate: 6.99544e-07 | Batch Size: 64 |      
                             Elements per Batch: 117,478 | Elements per Second: 
                             6,656 | Number of Examples: 64 | Number of         
                             Elements: 117,478 | Number of Target Elements:     
                             53,219 | Padding: 0 | Padding Ratio (%): 0% | Total
                             Number of Examples: 3,888 | Total Number of        
                             Elements: 7,247,370 | Total Number of Target       
                             Elements: 3,048,737 | Peak Active Device Memory:   
                             60.87 GiB | Peak Active Device Memory (%): 77% |   
                             Peak Reserved Device Memory: 73.14 GiB | Peak      
                             Reserved Device Memory (%): 93%                    
[08/20/25 01:10:49] INFO     fairseq2 - Train Metrics (step 64) - DPO Loss:     
                             0.0167151 | Chosen Sequence Log Probabilities:     
                             -667.766 | Rejected Sequence Log Probabilities:    
                             -817.234 | Chosen Sequence Length: 761.531 |       
                             Rejected Sequence Length: 638.125 | NLL Loss:      
                             0.876922 | Gradient Norm: 2.82161 | Data Epoch: 4 |
                             Data Time: <1s | Compute Time: 17s | Lapse Time:   
                             17s | Total Time: 1,147s | Wall Time: 1,147s |     
                             Learning Rate: 6.99515e-07 | Batch Size: 64 |      
                             Elements per Batch: 122,156 | Elements per Second: 
                             6,842 | Number of Examples: 64 | Number of         
                             Elements: 122,156 | Number of Target Elements:     
                             48,738 | Padding: 0 | Padding Ratio (%): 0% | Total
                             Number of Examples: 3,952 | Total Number of        
                             Elements: 7,369,526 | Total Number of Target       
                             Elements: 3,097,475 | Peak Active Device Memory:   
                             67.60 GiB | Peak Active Device Memory (%): 86% |   
                             Peak Reserved Device Memory: 74.44 GiB | Peak      
                             Reserved Device Memory (%): 95%                    
[08/20/25 01:11:07] INFO     fairseq2 - Train Metrics (step 65) - DPO Loss:     
                             0.00856805 | Chosen Sequence Log Probabilities:    
                             -654.852 | Rejected Sequence Log Probabilities:    
                             -824.766 | Chosen Sequence Length: 770.281 |       
                             Rejected Sequence Length: 652.891 | NLL Loss:      
                             0.849815 | Gradient Norm: 2.59126 | Data Epoch: 4 |
                             Data Time: <1s | Compute Time: 17s | Lapse Time:   
                             17s | Total Time: 1,164s | Wall Time: 1,164s |     
                             Learning Rate: 6.99486e-07 | Batch Size: 64 |      
                             Elements per Batch: 114,366 | Elements per Second: 
                             6,534 | Number of Examples: 64 | Number of         
                             Elements: 114,366 | Number of Target Elements:     
                             49,298 | Padding: 0 | Padding Ratio (%): 0% | Total
                             Number of Examples: 4,016 | Total Number of        
                             Elements: 7,483,892 | Total Number of Target       
                             Elements: 3,146,773 | Peak Active Device Memory:   
                             67.66 GiB | Peak Active Device Memory (%): 86% |   
                             Peak Reserved Device Memory: 74.36 GiB | Peak      
                             Reserved Device Memory (%): 94%                    
[08/20/25 01:11:22] INFO     fairseq2 - Train Metrics (step 66) - DPO Loss:     
                             0.00499983 | Chosen Sequence Log Probabilities:    
                             -706.179 | Rejected Sequence Log Probabilities:    
                             -847.516 | Chosen Sequence Length: 767.875 |       
                             Rejected Sequence Length: 647.859 | NLL Loss:      
                             0.91998 | Gradient Norm: 1.55071 | Data Epoch: 4 | 
                             Data Time: <1s | Compute Time: 15s | Lapse Time:   
                             15s | Total Time: 1,180s | Wall Time: 1,180s |     
                             Learning Rate: 6.99455e-07 | Batch Size: 64 |      
                             Elements per Batch: 109,865 | Elements per Second: 
                             7,085 | Number of Examples: 64 | Number of         
                             Elements: 109,865 | Number of Target Elements:     
                             49,144 | Padding: 0 | Padding Ratio (%): 0% | Total
                             Number of Examples: 4,080 | Total Number of        
                             Elements: 7,593,757 | Total Number of Target       
                             Elements: 3,195,917 | Peak Active Device Memory:   
                             68.50 GiB | Peak Active Device Memory (%): 87% |   
                             Peak Reserved Device Memory: 73.47 GiB | Peak      
                             Reserved Device Memory (%): 93%                    
[08/20/25 01:11:35] INFO     fairseq2 - Train Metrics (step 67) - DPO Loss:     
                             0.001425 | Chosen Sequence Log Probabilities:      
                             -587.32 | Rejected Sequence Log Probabilities:     
                             -744.203 | Chosen Sequence Length: 767.531 |       
                             Rejected Sequence Length: 634.328 | NLL Loss:      
                             0.765315 | Gradient Norm: 0.505724 | Data Epoch: 4 
                             | Data Time: <1s | Compute Time: 13s | Lapse Time: 
                             13s | Total Time: 1,193s | Wall Time: 1,193s |     
                             Learning Rate: 6.99423e-07 | Batch Size: 64 |      
                             Elements per Batch: 108,787 | Elements per Second: 
                             8,363 | Number of Examples: 64 | Number of         
                             Elements: 108,787 | Number of Target Elements:     
                             49,122 | Padding: 0 | Padding Ratio (%): 0% | Total
                             Number of Examples: 4,144 | Total Number of        
                             Elements: 7,702,544 | Total Number of Target       
                             Elements: 3,245,039 | Peak Active Device Memory:   
                             65.37 GiB | Peak Active Device Memory (%): 83% |   
                             Peak Reserved Device Memory: 74.41 GiB | Peak      
                             Reserved Device Memory (%): 94%                    
[08/20/25 01:11:54] INFO     fairseq2 - Train Metrics (step 68) - DPO Loss:     
                             0.00644119 | Chosen Sequence Log Probabilities:    
                             -632.844 | Rejected Sequence Log Probabilities:    
                             -809.031 | Chosen Sequence Length: 761.609 |       
                             Rejected Sequence Length: 644.297 | NLL Loss:      
                             0.831099 | Gradient Norm: 4.26358 | Data Epoch: 4 |
                             Data Time: <1s | Compute Time: 19s | Lapse Time:   
                             19s | Total Time: 1,212s | Wall Time: 1,212s |     
                             Learning Rate: 6.99391e-07 | Batch Size: 64 |      
                             Elements per Batch: 121,923 | Elements per Second: 
                             6,346 | Number of Examples: 64 | Number of         
                             Elements: 121,923 | Number of Target Elements:     
                             48,743 | Padding: 0 | Padding Ratio (%): 0% | Total
                             Number of Examples: 4,208 | Total Number of        
                             Elements: 7,824,467 | Total Number of Target       
                             Elements: 3,293,782 | Peak Active Device Memory:   
                             63.55 GiB | Peak Active Device Memory (%): 81% |   
                             Peak Reserved Device Memory: 74.36 GiB | Peak      
                             Reserved Device Memory (%): 94%                    
[08/20/25 01:12:11] INFO     fairseq2 - Train Metrics (step 69) - DPO Loss:     
                             0.00216566 | Chosen Sequence Log Probabilities:    
                             -634.061 | Rejected Sequence Log Probabilities:    
                             -874.086 | Chosen Sequence Length: 739.922 |       
                             Rejected Sequence Length: 670.234 | NLL Loss:      
                             0.856674 | Gradient Norm: 0.68354 | Data Epoch: 4 |
                             Data Time: <1s | Compute Time: 16s | Lapse Time:   
                             16s | Total Time: 1,229s | Wall Time: 1,229s |     
                             Learning Rate: 6.99358e-07 | Batch Size: 64 |      
                             Elements per Batch: 104,850 | Elements per Second: 
                             6,360 | Number of Examples: 64 | Number of         
                             Elements: 104,850 | Number of Target Elements:     
                             47,355 | Padding: 0 | Padding Ratio (%): 0% | Total
                             Number of Examples: 4,272 | Total Number of        
                             Elements: 7,929,317 | Total Number of Target       
                             Elements: 3,341,137 | Peak Active Device Memory:   
                             67.90 GiB | Peak Active Device Memory (%): 86% |   
                             Peak Reserved Device Memory: 74.77 GiB | Peak      
                             Reserved Device Memory (%): 95%                    
[08/20/25 01:12:28] INFO     fairseq2 - Train Metrics (step 70) - DPO Loss:     
                             0.00747621 | Chosen Sequence Log Probabilities:    
                             -678.219 | Rejected Sequence Log Probabilities:    
                             -846.188 | Chosen Sequence Length: 815.469 |       
                             Rejected Sequence Length: 685.406 | NLL Loss:      
                             0.831476 | Gradient Norm: 2.26204 | Data Epoch: 4 |
                             Data Time: <1s | Compute Time: 16s | Lapse Time:   
                             16s | Total Time: 1,245s | Wall Time: 1,245s |     
                             Learning Rate: 6.99323e-07 | Batch Size: 64 |      
                             Elements per Batch: 113,005 | Elements per Second: 
                             6,869 | Number of Examples: 64 | Number of         
                             Elements: 113,005 | Number of Target Elements:     
                             52,190 | Padding: 0 | Padding Ratio (%): 0% | Total
                             Number of Examples: 4,336 | Total Number of        
                             Elements: 8,042,322 | Total Number of Target       
                             Elements: 3,393,327 | Peak Active Device Memory:   
                             60.26 GiB | Peak Active Device Memory (%): 77% |   
                             Peak Reserved Device Memory: 71.59 GiB | Peak      
                             Reserved Device Memory (%): 91%                    
[08/20/25 01:12:46] INFO     fairseq2 - Train Metrics (step 71) - DPO Loss:     
                             0.00166774 | Chosen Sequence Log Probabilities:    
                             -639.781 | Rejected Sequence Log Probabilities:    
                             -804.656 | Chosen Sequence Length: 807.703 |       
                             Rejected Sequence Length: 681.609 | NLL Loss:      
                             0.792117 | Gradient Norm: 0.649688 | Data Epoch: 4 
                             | Data Time: <1s | Compute Time: 18s | Lapse Time: 
                             18s | Total Time: 1,264s | Wall Time: 1,264s |     
                             Learning Rate: 6.99288e-07 | Batch Size: 64 |      
                             Elements per Batch: 127,213 | Elements per Second: 
                             6,955 | Number of Examples: 64 | Number of         
                             Elements: 127,213 | Number of Target Elements:     
                             51,693 | Padding: 0 | Padding Ratio (%): 0% | Total
                             Number of Examples: 4,400 | Total Number of        
                             Elements: 8,169,535 | Total Number of Target       
                             Elements: 3,445,020 | Peak Active Device Memory:   
                             62.88 GiB | Peak Active Device Memory (%): 80% |   
                             Peak Reserved Device Memory: 74.80 GiB | Peak      
                             Reserved Device Memory (%): 95%                    
[08/20/25 01:13:06] INFO     fairseq2 - Train Metrics (step 72) - DPO Loss:     
                             0.00984477 | Chosen Sequence Log Probabilities:    
                             -657.555 | Rejected Sequence Log Probabilities:    
                             -844.969 | Chosen Sequence Length: 784.016 |       
                             Rejected Sequence Length: 681.344 | NLL Loss:      
                             0.838904 | Gradient Norm: 2.03271 | Data Epoch: 4 |
                             Data Time: <1s | Compute Time: 20s | Lapse Time:   
                             20s | Total Time: 1,284s | Wall Time: 1,284s |     
                             Learning Rate: 6.99252e-07 | Batch Size: 64 |      
                             Elements per Batch: 126,900 | Elements per Second: 
                             6,250 | Number of Examples: 64 | Number of         
                             Elements: 126,900 | Number of Target Elements:     
                             50,177 | Padding: 0 | Padding Ratio (%): 0% | Total
                             Number of Examples: 4,464 | Total Number of        
                             Elements: 8,296,435 | Total Number of Target       
                             Elements: 3,495,197 | Peak Active Device Memory:   
                             60.43 GiB | Peak Active Device Memory (%): 77% |   
                             Peak Reserved Device Memory: 73.43 GiB | Peak      
                             Reserved Device Memory (%): 93%                    
[08/20/25 01:13:23] INFO     fairseq2 - Train Metrics (step 73) - DPO Loss:     
                             0.00261878 | Chosen Sequence Log Probabilities:    
                             -587.48 | Rejected Sequence Log Probabilities:     
                             -828.625 | Chosen Sequence Length: 737.281 |       
                             Rejected Sequence Length: 665.828 | NLL Loss:      
                             0.796724 | Gradient Norm: 0.867143 | Data Epoch: 4 
                             | Data Time: <1s | Compute Time: 16s | Lapse Time: 
                             16s | Total Time: 1,301s | Wall Time: 1,301s |     
                             Learning Rate: 6.99215e-07 | Batch Size: 64 |      
                             Elements per Batch: 115,944 | Elements per Second: 
                             6,903 | Number of Examples: 64 | Number of         
                             Elements: 115,944 | Number of Target Elements:     
                             47,186 | Padding: 0 | Padding Ratio (%): 0% | Total
                             Number of Examples: 4,528 | Total Number of        
                             Elements: 8,412,379 | Total Number of Target       
                             Elements: 3,542,383 | Peak Active Device Memory:   
                             65.28 GiB | Peak Active Device Memory (%): 83% |   
                             Peak Reserved Device Memory: 74.61 GiB | Peak      
                             Reserved Device Memory (%): 95%                    
[08/20/25 01:13:40] INFO     fairseq2 - Train Metrics (step 74) - DPO Loss:     
                             0.00295058 | Chosen Sequence Log Probabilities:    
                             -683.969 | Rejected Sequence Log Probabilities:    
                             -848.914 | Chosen Sequence Length: 735.984 |       
                             Rejected Sequence Length: 668.141 | NLL Loss:      
                             0.929027 | Gradient Norm: 1.05153 | Data Epoch: 4 |
                             Data Time: <1s | Compute Time: 17s | Lapse Time:   
                             17s | Total Time: 1,318s | Wall Time: 1,318s |     
                             Learning Rate: 6.99177e-07 | Batch Size: 64 |      
                             Elements per Batch: 124,145 | Elements per Second: 
                             7,281 | Number of Examples: 64 | Number of         
                             Elements: 124,145 | Number of Target Elements:     
                             47,103 | Padding: 0 | Padding Ratio (%): 0% | Total
                             Number of Examples: 4,592 | Total Number of        
                             Elements: 8,536,524 | Total Number of Target       
                             Elements: 3,589,486 | Peak Active Device Memory:   
                             61.82 GiB | Peak Active Device Memory (%): 79% |   
                             Peak Reserved Device Memory: 74.02 GiB | Peak      
                             Reserved Device Memory (%): 94%                    
[08/20/25 01:13:56] INFO     fairseq2 - Train Metrics (step 75) - DPO Loss:     
                             0.000609142 | Chosen Sequence Log Probabilities:   
                             -758.077 | Rejected Sequence Log Probabilities:    
                             -898.062 | Chosen Sequence Length: 832.5 | Rejected
                             Sequence Length: 678.062 | NLL Loss: 0.910581 |    
                             Gradient Norm: 0.234499 | Data Epoch: 4 | Data     
                             Time: <1s | Compute Time: 15s | Lapse Time: 15s |  
                             Total Time: 1,334s | Wall Time: 1,334s | Learning  
                             Rate: 6.99139e-07 | Batch Size: 64 | Elements per  
                             Batch: 126,623 | Elements per Second: 7,928 |      
                             Number of Examples: 64 | Number of Elements:       
                             126,623 | Number of Target Elements: 53,280 |      
                             Padding: 0 | Padding Ratio (%): 0% | Total Number  
                             of Examples: 4,656 | Total Number of Elements:     
                             8,663,147 | Total Number of Target Elements:       
                             3,642,766 | Peak Active Device Memory: 65.79 GiB | 
                             Peak Active Device Memory (%): 84% | Peak Reserved 
                             Device Memory: 74.74 GiB | Peak Reserved Device    
                             Memory (%): 95%                                    
[08/20/25 01:14:00] INFO     fairseq2 - Train Metrics (step 76) - DPO Loss:     
                             0.00887746 | Chosen Sequence Log Probabilities:    
                             -533.281 | Rejected Sequence Log Probabilities:    
                             -683.938 | Chosen Sequence Length: 668.125 |       
                             Rejected Sequence Length: 592.688 | NLL Loss:      
                             0.797969 | Gradient Norm: 5.27358 | Data Epoch: 4 |
                             Data Time: <1s | Compute Time: 3s | Lapse Time: 3s 
                             | Total Time: 1,338s | Wall Time: 1,338s | Learning
                             Rate: 6.99099e-07 | Batch Size: 16 | Elements per  
                             Batch: 28,373 | Elements per Second: 7,217 | Number
                             of Examples: 16 | Number of Elements: 28,373 |     
                             Number of Target Elements: 10,690 | Padding: 0 |   
                             Padding Ratio (%): 0% | Total Number of Examples:  
                             4,672 | Total Number of Elements: 8,691,520 | Total
                             Number of Target Elements: 3,653,456 | Peak Active 
                             Device Memory: 60.58 GiB | Peak Active Device      
                             Memory (%): 77% | Peak Reserved Device Memory:     
                             73.80 GiB | Peak Reserved Device Memory (%): 94%   
                    INFO     fairseq2 - End of epoch 4 reached after step 76.   
[08/20/25 01:14:19] INFO     fairseq2 - Train Metrics (step 77) - DPO Loss:     
                             0.00358048 | Chosen Sequence Log Probabilities:    
                             -641.824 | Rejected Sequence Log Probabilities:    
                             -843.719 | Chosen Sequence Length: 784.891 |       
                             Rejected Sequence Length: 644.031 | NLL Loss:      
                             0.817526 | Gradient Norm: 1.28547 | Data Epoch: 5 |
                             Data Time: <1s | Compute Time: 17s | Lapse Time:   
                             18s | Total Time: 1,356s | Wall Time: 1,356s |     
                             Learning Rate: 6.99059e-07 | Batch Size: 64 |      
                             Elements per Batch: 120,427 | Elements per Second: 
                             6,625 | Number of Examples: 64 | Number of         
                             Elements: 120,427 | Number of Target Elements:     
                             50,233 | Padding: 0 | Padding Ratio (%): 0% | Total
                             Number of Examples: 4,736 | Total Number of        
                             Elements: 8,811,947 | Total Number of Target       
                             Elements: 3,703,689 | Peak Active Device Memory:   
                             64.13 GiB | Peak Active Device Memory (%): 81% |   
                             Peak Reserved Device Memory: 74.79 GiB | Peak      
                             Reserved Device Memory (%): 95%                    
[08/20/25 01:14:36] INFO     fairseq2 - Train Metrics (step 78) - DPO Loss:     
                             0.000648937 | Chosen Sequence Log Probabilities:   
                             -674.551 | Rejected Sequence Log Probabilities:    
                             -811.25 | Chosen Sequence Length: 782.625 |        
                             Rejected Sequence Length: 632.031 | NLL Loss:      
                             0.861709 | Gradient Norm: 0.422497 | Data Epoch: 5 
                             | Data Time: <1s | Compute Time: 17s | Lapse Time: 
                             17s | Total Time: 1,374s | Wall Time: 1,374s |     
                             Learning Rate: 6.99017e-07 | Batch Size: 64 |      
                             Elements per Batch: 124,481 | Elements per Second: 
                             7,139 | Number of Examples: 64 | Number of         
                             Elements: 124,481 | Number of Target Elements:     
                             50,088 | Padding: 0 | Padding Ratio (%): 0% | Total
                             Number of Examples: 4,800 | Total Number of        
                             Elements: 8,936,428 | Total Number of Target       
                             Elements: 3,753,777 | Peak Active Device Memory:   
                             66.28 GiB | Peak Active Device Memory (%): 84% |   
                             Peak Reserved Device Memory: 74.72 GiB | Peak      
                             Reserved Device Memory (%): 95%                    
[08/20/25 01:14:53] INFO     fairseq2 - Train Metrics (step 79) - DPO Loss:     
                             0.000793859 | Chosen Sequence Log Probabilities:   
                             -783.172 | Rejected Sequence Log Probabilities:    
                             -975.285 | Chosen Sequence Length: 780.297 |       
                             Rejected Sequence Length: 685.609 | NLL Loss:      
                             1.00332 | Gradient Norm: 0.297478 | Data Epoch: 5 |
                             Data Time: <1s | Compute Time: 17s | Lapse Time:   
                             17s | Total Time: 1,391s | Wall Time: 1,391s |     
                             Learning Rate: 6.98975e-07 | Batch Size: 64 |      
                             Elements per Batch: 115,703 | Elements per Second: 
                             6,682 | Number of Examples: 64 | Number of         
                             Elements: 115,703 | Number of Target Elements:     
                             49,939 | Padding: 0 | Padding Ratio (%): 0% | Total
                             Number of Examples: 4,864 | Total Number of        
                             Elements: 9,052,131 | Total Number of Target       
                             Elements: 3,803,716 | Peak Active Device Memory:   
                             67.05 GiB | Peak Active Device Memory (%): 85% |   
                             Peak Reserved Device Memory: 74.63 GiB | Peak      
                             Reserved Device Memory (%): 95%                    
[08/20/25 01:15:11] INFO     fairseq2 - Train Metrics (step 80) - DPO Loss:     
                             0.000301808 | Chosen Sequence Log Probabilities:   
                             -678.395 | Rejected Sequence Log Probabilities:    
                             -883.703 | Chosen Sequence Length: 772.25 |        
                             Rejected Sequence Length: 634.844 | NLL Loss:      
                             0.878668 | Gradient Norm: 0.178964 | Data Epoch: 5 
                             | Data Time: <1s | Compute Time: 17s | Lapse Time: 
                             17s | Total Time: 1,409s | Wall Time: 1,409s |     
                             Learning Rate: 6.98932e-07 | Batch Size: 64 |      
                             Elements per Batch: 116,080 | Elements per Second: 
                             6,666 | Number of Examples: 64 | Number of         
                             Elements: 116,080 | Number of Target Elements:     
                             49,424 | Padding: 0 | Padding Ratio (%): 0% | Total
                             Number of Examples: 4,928 | Total Number of        
                             Elements: 9,168,211 | Total Number of Target       
                             Elements: 3,853,140 | Peak Active Device Memory:   
                             65.34 GiB | Peak Active Device Memory (%): 83% |   
                             Peak Reserved Device Memory: 74.63 GiB | Peak      
                             Reserved Device Memory (%): 95%                    
[08/20/25 01:15:29] INFO     fairseq2 - Train Metrics (step 81) - DPO Loss:     
                             0.000287959 | Chosen Sequence Log Probabilities:   
                             -766.148 | Rejected Sequence Log Probabilities:    
                             -991.25 | Chosen Sequence Length: 824.906 |        
                             Rejected Sequence Length: 721.219 | NLL Loss:      
                             0.929087 | Gradient Norm: 0.114291 | Data Epoch: 5 
                             | Data Time: <1s | Compute Time: 18s | Lapse Time: 
                             18s | Total Time: 1,427s | Wall Time: 1,427s |     
                             Learning Rate: 6.98888e-07 | Batch Size: 64 |      
                             Elements per Batch: 120,831 | Elements per Second: 
                             6,705 | Number of Examples: 64 | Number of         
                             Elements: 120,831 | Number of Target Elements:     
                             52,794 | Padding: 0 | Padding Ratio (%): 0% | Total
                             Number of Examples: 4,992 | Total Number of        
                             Elements: 9,289,042 | Total Number of Target       
                             Elements: 3,905,934 | Peak Active Device Memory:   
                             64.85 GiB | Peak Active Device Memory (%): 82% |   
                             Peak Reserved Device Memory: 74.55 GiB | Peak      
                             Reserved Device Memory (%): 95%                    
[08/20/25 01:15:47] INFO     fairseq2 - Train Metrics (step 82) - DPO Loss:     
                             0.000214715 | Chosen Sequence Log Probabilities:   
                             -703.934 | Rejected Sequence Log Probabilities:    
                             -964.391 | Chosen Sequence Length: 831.672 |       
                             Rejected Sequence Length: 697.766 | NLL Loss:      
                             0.846541 | Gradient Norm: 0.0942734 | Data Epoch: 5
                             | Data Time: <1s | Compute Time: 18s | Lapse Time: 
                             18s | Total Time: 1,445s | Wall Time: 1,445s |     
                             Learning Rate: 6.98843e-07 | Batch Size: 64 |      
                             Elements per Batch: 120,746 | Elements per Second: 
                             6,576 | Number of Examples: 64 | Number of         
                             Elements: 120,746 | Number of Target Elements:     
                             53,227 | Padding: 0 | Padding Ratio (%): 0% | Total
                             Number of Examples: 5,056 | Total Number of        
                             Elements: 9,409,788 | Total Number of Target       
                             Elements: 3,959,161 | Peak Active Device Memory:   
                             66.23 GiB | Peak Active Device Memory (%): 84% |   
                             Peak Reserved Device Memory: 74.76 GiB | Peak      
                             Reserved Device Memory (%): 95%                    
[08/20/25 01:16:02] INFO     fairseq2 - Train Metrics (step 83) - DPO Loss:     
                             0.00017112 | Chosen Sequence Log Probabilities:    
                             -832.852 | Rejected Sequence Log Probabilities:    
                             -1016.75 | Chosen Sequence Length: 805.109 |       
                             Rejected Sequence Length: 662.078 | NLL Loss:      
                             1.03441 | Gradient Norm: 0.0842832 | Data Epoch: 5 
                             | Data Time: <1s | Compute Time: 14s | Lapse Time: 
                             14s | Total Time: 1,459s | Wall Time: 1,459s |     
                             Learning Rate: 6.98797e-07 | Batch Size: 64 |      
                             Elements per Batch: 112,164 | Elements per Second: 
                             7,952 | Number of Examples: 64 | Number of         
                             Elements: 112,164 | Number of Target Elements:     
                             51,527 | Padding: 0 | Padding Ratio (%): 0% | Total
                             Number of Examples: 5,120 | Total Number of        
                             Elements: 9,521,952 | Total Number of Target       
                             Elements: 4,010,688 | Peak Active Device Memory:   
                             61.57 GiB | Peak Active Device Memory (%): 78% |   
                             Peak Reserved Device Memory: 73.92 GiB | Peak      
                             Reserved Device Memory (%): 94%                    
[08/20/25 01:16:20] INFO     fairseq2 - Train Metrics (step 84) - DPO Loss:     
                             0.000238278 | Chosen Sequence Log Probabilities:   
                             -738.763 | Rejected Sequence Log Probabilities:    
                             -917.516 | Chosen Sequence Length: 730.266 |       
                             Rejected Sequence Length: 637.531 | NLL Loss:      
                             1.01204 | Gradient Norm: 0.208057 | Data Epoch: 5 |
                             Data Time: <1s | Compute Time: 17s | Lapse Time:   
                             17s | Total Time: 1,477s | Wall Time: 1,477s |     
                             Learning Rate: 6.98751e-07 | Batch Size: 64 |      
                             Elements per Batch: 116,991 | Elements per Second: 
                             6,546 | Number of Examples: 64 | Number of         
                             Elements: 116,991 | Number of Target Elements:     
                             46,737 | Padding: 0 | Padding Ratio (%): 0% | Total
                             Number of Examples: 5,184 | Total Number of        
                             Elements: 9,638,943 | Total Number of Target       
                             Elements: 4,057,425 | Peak Active Device Memory:   
                             61.87 GiB | Peak Active Device Memory (%): 79% |   
                             Peak Reserved Device Memory: 73.77 GiB | Peak      
                             Reserved Device Memory (%): 94%                    
[08/20/25 01:16:39] INFO     fairseq2 - Train Metrics (step 85) - DPO Loss:     
                             0.00463115 | Chosen Sequence Log Probabilities:    
                             -708.512 | Rejected Sequence Log Probabilities:    
                             -929.656 | Chosen Sequence Length: 750.031 |       
                             Rejected Sequence Length: 684.984 | NLL Loss:      
                             0.944415 | Gradient Norm: 1.05439 | Data Epoch: 5 |
                             Data Time: <1s | Compute Time: 19s | Lapse Time:   
                             19s | Total Time: 1,497s | Wall Time: 1,497s |     
                             Learning Rate: 6.98703e-07 | Batch Size: 64 |      
                             Elements per Batch: 116,930 | Elements per Second: 
                             6,042 | Number of Examples: 64 | Number of         
                             Elements: 116,930 | Number of Target Elements:     
                             48,002 | Padding: 0 | Padding Ratio (%): 0% | Total
                             Number of Examples: 5,248 | Total Number of        
                             Elements: 9,755,873 | Total Number of Target       
                             Elements: 4,105,427 | Peak Active Device Memory:   
                             66.01 GiB | Peak Active Device Memory (%): 84% |   
                             Peak Reserved Device Memory: 74.63 GiB | Peak      
                             Reserved Device Memory (%): 95%                    
[08/20/25 01:16:55] INFO     fairseq2 - Train Metrics (step 86) - DPO Loss:     
                             0.000246685 | Chosen Sequence Log Probabilities:   
                             -733.953 | Rejected Sequence Log Probabilities:    
                             -941.281 | Chosen Sequence Length: 812.797 |       
                             Rejected Sequence Length: 652.688 | NLL Loss:      
                             0.903353 | Gradient Norm: 0.134257 | Data Epoch: 5 
                             | Data Time: <1s | Compute Time: 15s | Lapse Time: 
                             15s | Total Time: 1,512s | Wall Time: 1,512s |     
                             Learning Rate: 6.98655e-07 | Batch Size: 64 |      
                             Elements per Batch: 119,385 | Elements per Second: 
                             7,636 | Number of Examples: 64 | Number of         
                             Elements: 119,385 | Number of Target Elements:     
                             52,019 | Padding: 0 | Padding Ratio (%): 0% | Total
                             Number of Examples: 5,312 | Total Number of        
                             Elements: 9,875,258 | Total Number of Target       
                             Elements: 4,157,446 | Peak Active Device Memory:   
                             64.54 GiB | Peak Active Device Memory (%): 82% |   
                             Peak Reserved Device Memory: 74.50 GiB | Peak      
                             Reserved Device Memory (%): 95%                    
[08/20/25 01:17:15] INFO     fairseq2 - Train Metrics (step 87) - DPO Loss:     
                             0.000239371 | Chosen Sequence Log Probabilities:   
                             -606.277 | Rejected Sequence Log Probabilities:    
                             -858.812 | Chosen Sequence Length: 705.375 |       
                             Rejected Sequence Length: 686.203 | NLL Loss:      
                             0.859372 | Gradient Norm: 0.102508 | Data Epoch: 5 
                             | Data Time: <1s | Compute Time: 20s | Lapse Time: 
                             20s | Total Time: 1,532s | Wall Time: 1,532s |     
                             Learning Rate: 6.98605e-07 | Batch Size: 64 |      
                             Elements per Batch: 131,197 | Elements per Second: 
                             6,555 | Number of Examples: 64 | Number of         
                             Elements: 131,197 | Number of Target Elements:     
                             45,144 | Padding: 0 | Padding Ratio (%): 0% | Total
                             Number of Examples: 5,376 | Total Number of        
                             Elements: 10,006,455 | Total Number of Target      
                             Elements: 4,202,590 | Peak Active Device Memory:   
                             64.95 GiB | Peak Active Device Memory (%): 83% |   
                             Peak Reserved Device Memory: 74.65 GiB | Peak      
                             Reserved Device Memory (%): 95%                    

srun: error: cr1-h100-p548xlarge-199: task 13: Exited with exit code 1
srun: Terminating StepId=1557694.0
slurmstepd: error: *** STEP 1557694.0 ON cr1-h100-p548xlarge-198 CANCELLED AT 2025-08-20T01:17:27 ***
srun: error: cr1-h100-p548xlarge-199: task 9: Terminated
srun: error: cr1-h100-p548xlarge-199: task 14: Terminated
srun: error: cr1-h100-p548xlarge-198: task 1: Terminated
srun: error: cr1-h100-p548xlarge-199: task 15: Terminated
srun: error: cr1-h100-p548xlarge-198: task 6: Terminated
srun: error: cr1-h100-p548xlarge-198: task 7: Terminated
srun: error: cr1-h100-p548xlarge-199: tasks 8,10-11: Terminated
srun: error: cr1-h100-p548xlarge-198: task 0: Terminated
srun: error: cr1-h100-p548xlarge-198: task 2: Terminated
srun: error: cr1-h100-p548xlarge-199: task 12: Terminated
srun: error: cr1-h100-p548xlarge-198: task 5: Terminated
srun: error: cr1-h100-p548xlarge-198: task 3: Terminated
srun: error: cr1-h100-p548xlarge-198: task 4: Terminated
srun: Force Terminated StepId=1557694.0
