/var/spool/slurmd/job1491934/slurm_script: line 22: /fsx-ram/chuanyang/miniconda3/bin/activate: No such file or directory
[07/25/25 20:47:24] INFO     fairseq2 - Log files are stored under              
                             /checkpoint/ram/chuanyang/dpo/rlhi_0724_preference_
                             pairs_0724_5026_concise_LR1e-7_FLR1e-17_BT0.1_WP30_
                             EPS1e-8.                                           
                    INFO     fairseq2 - Config:                                 
                             {                                                  
                                 'model': {                                     
                                     'name': 'llama3_1_8b_instruct',            
                                     'family': None,                            
                                     'arch': None,                              
                                     'config': {'dropout_p': 0.0},              
                                     'checkpoint': None                         
                                 },                                             
                                 'dataset': {                                   
                                     'name': 'dpo_rip',                         
                                     'path':                                    
                             '/home/chuanyang/data/preference_pairs_0724_5026_co
                             ncise.jsonl',                                      
                                     'family': 'generic_preference',            
                                     'source_encode_mode': 'prompt',            
                                     'target_encode_mode': 'prompt_response',   
                                     'mask_source_tokens': True,                
                                     'min_seq_len': 1,                          
                                     'max_seq_len': 8192,                       
                                     'max_num_tokens': 16384,                   
                                     'batch_size': 1,                           
                                     'example_shuffle_window': 10000,           
                                     'batch_shuffle_window': 1000,              
                                     'num_prefetch': 4,                         
                                     'extras': {}                               
                                 },                                             
                                 'gang': {                                      
                                     'tensor_parallel_size': 1,                 
                                     'timeout': 15,                             
                                     'high_priority': True,                     
                                     'monitored': False                         
                                 },                                             
                                 'trainer': {                                   
                                     'dtype': 'bfloat16',                       
                                     'data_parallelism': 'fsdp',                
                                     'fsdp': {                                  
                                         'version': 'v1',                       
                                         'granularity': 'layer',                
                                         'hsdp': False,                         
                                         'reshard_after_forward': True,         
                                         'fp32_reduce': True                    
                                     },                                         
                                     'mixed_precision': 'static',               
                                     'gradient_accumulation': 4,                
                                     'activation_checkpointing': True,          
                                     'max_gradient_norm': 1.0,                  
                                     'fp16_loss_scale': [128.0, 0.0001],        
                                     'torch_compile': False,                    
                                     'gc_every_n_steps': None,                  
                                     'profile': None,                           
                                     'gradient_check': False,                   
                                     'anomaly_detection': False                 
                                 },                                             
                                 'criterion': {                                 
                                     'name': 'dpo',                             
                                     'config': {                                
                                         'reference_model': {'name':            
                             'llama3_1_8b_instruct'},                           
                                         'reference_dtype': 'bfloat16',         
                                         'beta': 0.1,                           
                                         'nll_scale': 0.0,                      
                                         'length_normalization': False          
                                     }                                          
                                 },                                             
                                 'optimizer': {                                 
                                     'name': 'adamw',                           
                                     'config': {                                
                                         'lr': '1e-7',                          
                                         'betas': [0.9, 0.95],                  
                                         'eps': '1e-8',                         
                                         'weight_decay': 0.1,                   
                                         'amsgrad': False,                      
                                         'maximize': False,                     
                                         'capturable': False,                   
                                         'differentiable': False,               
                                         'impl': 'auto',                        
                                         'use_fp32': False                      
                                     }                                          
                                 },                                             
                                 'lr_scheduler': {                              
                                     'name': 'cosine_annealing',                
                                     'config': {                                
                                         'cycle_len': None,                     
                                         'num_warmup_steps': 30,                
                                         'cycle_mul': 1.0,                      
                                         'lr_mul': 1.0,                         
                                         'start_lr': 0.0,                       
                                         'final_lr': None,                      
                                         'final_lr_scale': '1e-10'              
                                     }                                          
                                 },                                             
                                 'regime': {                                    
                                     'num_steps': 2000,                         
                                     'num_data_epochs': 100,                    
                                     'score_metric': None,                      
                                     'lower_score_better': False,               
                                     'validate_after_n_steps': 0,               
                                     'validate_every_n_steps': None,            
                                     'validate_after_n_data_epochs': 0,         
                                     'validate_every_n_data_epochs': None,      
                                     'checkpoint_after_n_steps': 0,             
                                     'checkpoint_every_n_steps': 500,           
                                     'checkpoint_after_n_data_epochs': 0,       
                                     'checkpoint_every_n_data_epochs': 1,       
                                     'keep_last_n_checkpoints': 1,              
                                     'keep_best_n_checkpoints': None,           
                                     'keep_last_n_models': 100000,              
                                     'keep_best_n_models': None,                
                                     'publish_metrics_after_n_steps': 0,        
                                     'publish_metrics_every_n_steps': 1,        
                                     'publish_metrics_after_n_data_epochs': 1,  
                                     'publish_metrics_every_n_data_epochs': None
                                 },                                             
                                 'common': {                                    
                                     'metric_recorders': {                      
                                         'log': {'enabled': True},              
                                         'jsonl': {'enabled': True},            
                                         'tensorboard': {'enabled': True},      
                                         'wandb': {                             
                                             'enabled': True,                   
                                             'project': 'rlhi_0724',            
                                             'run':                             
                             'rlhi_0724_preference_pairs_0724_5026_concise_LR1e-
                             7_FLR1e-17_BT0.1_WP30_EPS1e-8'                     
                                         }                                      
                                     },                                         
                                     'profilers': {                             
                                         'torch': {                             
                                             'enabled': False,                  
                                             'skip_n_steps': 4,                 
                                             'wait_n_steps': 0,                 
                                             'num_warmup_steps': 1,             
                                             'num_active_steps': 4,             
                                             'repeat': 1                        
                                         }                                      
                                     },                                         
                                     'assets': {'extra_path': None,             
                             'checkpoint_dir': None},                           
                                     'seed': 2                                  
                                 }                                              
                             }                                                  
[07/25/25 20:47:28] INFO     fairseq2 - Setting 'cuda:0' as the default device  
                             of the process.                                    
                    INFO     fairseq2 - Host - Name: cr1-h100-p548xlarge-78 |   
                             Platform:                                          
                             Linux-6.8.0-1029-aws-x86_64-with-glibc2.35 | Linux 
                             Distribution: Ubuntu 22.04.5 LTS | Number of CPUs: 
                             10/192 (0,48,58-60,96,144,154-156) | Memory: 1.95  
                             TiB                                                
                    INFO     fairseq2 - Device - ID: cuda:0 | Name: NVIDIA H100 
                             80GB HBM3 | Memory: 79.19 GiB | Number of SMs: 132 
                             | Compute Capability: 9.0                          
                    INFO     fairseq2 - Software - Python: 3.10.14 | PyTorch:   
                             2.6.0+cu124 | CUDA: 12.4 | NCCL: 2.21.5 | fairseq2:
                             0.4.5 | fairseq2n: 0.4.5+cu124 | Python            
                             Environment: Conda                                 
                             (/home/chuanyang/miniconda3/envs/fairseq2)         
                    INFO     fairseq2 - Runtime Environment - Process ID:       
                             2510918 | PyTorch Intraop Thread Count: 10         
                    INFO     fairseq2 - Environment Variables -                 
                             SLURM_GPUS_PER_NODE=8, SLURM_TRES_PER_TASK=cpu=10, 
                             OMPI_MCA_plm_slurm_args=--external-launcher,       
                             PRTE_MCA_plm_slurm_args=--external-launcher,       
                             HYDRA_BOOTSTRAP=slurm,                             
                             HYDRA_LAUNCHER_EXTRA_ARGS=--external-launcher,     
                             I_MPI_HYDRA_BOOTSTRAP=slurm,                       
                             I_MPI_HYDRA_BOOTSTRAP_EXEC_EXTRA_ARGS=--external-la
                             uncher, SHELL=/bin/bash, COLORTERM=truecolor,      
                             SLURM_JOB_USER=chuanyang,                          
                             SLURM_TASKS_PER_NODE=8(x2), SLURM_JOB_UID=694137,  
                             WANDB_BASE_URL=https://fairwandb.org,              
                             TERM_PROGRAM_VERSION=1.102.1,                      
                             SLURM_TASK_PID=2510918,                            
                             CONDA_EXE=/home/chuanyang/miniconda3/bin/conda,    
                             SLURM_JOB_GPUS=0,1,2,3,4,5,6,7, SLURM_LOCALID=0,   
                             SLURM_SUBMIT_DIR=/opt/hpcaas/.mounts/fs-072917c00f0
                             1ae1ba/home/chuanyang/dpo,                         
                             HOSTNAME=cr1-h100-p548xlarge-78,                   
                             SLURMD_NODENAME=cr1-h100-p548xlarge-78,            
                             SLURM_JOB_START_TIME=1753476409,                   
                             SSH_AUTH_SOCK=/run/user/694137/vscode-ssh-auth-sock
                             -712952769,                                        
                             CUDA_CACHE_PATH=/opt/dlami/nvme/chuanyang/.nv/Compu
                             teCache/, HISTTIMEFORMAT=%F %T ,                   
                             SLURM_CLUSTER_NAME=fair-aws-h100-1,                
                             SLURM_JOB_END_TIME=1753512409,                     
                             FI_EFA_USE_HUGE_PAGE=0, SLURM_CPUS_ON_NODE=80,     
                             SLURM_JOB_CPUS_PER_NODE=80(x2),                    
                             SLURM_GPUS_ON_NODE=8, PWD=/home/chuanyang/dpo,     
                             SLURM_GTIDS=0,1,2,3,4,5,6,7, LOGNAME=chuanyang,    
                             XDG_SESSION_TYPE=tty,                              
                             CONDA_PREFIX=/home/chuanyang/miniconda3/envs/fairse
                             q2, SLURM_JOB_PARTITION=learn,                     
                             MODULESHOME=/usr/share/modules, MANPATH=:,         
                             SLURM_OOM_KILL_STEP=0, SLURM_JOB_NUM_NODES=2,      
                             SLURM_OPEN_MODE=a,                                 
                             VSCODE_GIT_ASKPASS_NODE=/opt/hpcaas/.mounts/fs-0729
                             17c00f01ae1ba/home/chuanyang/.vscode-server/cli/ser
                             vers/Stable-7adae6a56e34cb64d08899664b814cf62046592
                             5/server/node, SLURM_JOBID=1491934,                
                             SLURM_JOB_QOS=alignment_shared, MOTD_SHOWN=pam,    
                             HOME=/home/chuanyang, LANG=C.UTF-8, SLURM_PROCID=0,
                             CLUSTER_ID=fair-aws-h100-1,                        
                             SSL_CERT_DIR=/usr/lib/ssl/certs,                   
                             CONDA_PROMPT_MODIFIER=(fairseq2) , TMPDIR=/tmp,    
                             GIT_ASKPASS=/opt/hpcaas/.mounts/fs-072917c00f01ae1b
                             a/home/chuanyang/.vscode-server/cli/servers/Stable-
                             7adae6a56e34cb64d08899664b814cf620465925/server/ext
                             ensions/git/dist/askpass.sh,                       
                             SLURM_CPUS_PER_TASK=10, SLURM_NTASKS=16,           
                             SLURM_TOPOLOGY_ADDR=cr1-h100-p548xlarge-78,        
                             SSH_CONNECTION=163.114.130.3 42758 10.200.245.71   
                             22, VSCODE_GIT_ASKPASS_EXTRA_ARGS=,                
                             SLURM_TOPOLOGY_ADDR_PATTERN=node,                  
                             CUDA_VISIBLE_DEVICES=0, LESSCLOSE=/usr/bin/lesspipe
                             %s %s, XDG_SESSION_CLASS=user,                     
                             SLURM_SCRIPT_CONTEXT=prolog_task,                  
                             TERM=xterm-256color, LESSOPEN=| /usr/bin/lesspipe  
                             %s, USER=chuanyang,                                
                             SLURM_NODELIST=cr1-h100-p548xlarge-[78,291],       
                             WANDB_API_KEY=local-94bc1b16aff0febd7d5abee21969c9e
                             b2451a048,                                         
                             VSCODE_GIT_IPC_HANDLE=/run/user/694137/vscode-git-7
                             03fbd1b94.sock, ENVIRONMENT=BATCH, CONDA_SHLVL=2,  
                             LOADEDMODULES=, SLURM_JOB_ACCOUNT=ram,             
                             SLURM_PRIO_PROCESS=0, SLURM_NPROCS=16, SHLVL=3,    
                             SLURM_NNODES=2, WANDB_ENTITY=chuanyang,            
                             XDG_SESSION_ID=6380, SLURM_SUBMIT_HOST=submit-1,   
                             CONDA_PYTHON_EXE=/home/chuanyang/miniconda3/bin/pyt
                             hon,                                               
                             LD_LIBRARY_PATH=/opt/amazon/efa/lib:/opt/amazon/ope
                             nmpi/lib:/opt/amazon/ofi-nccl/lib:/usr/local/cuda-1
                             2.8/lib:/usr/local/cuda-12.8/lib64:/usr/local/cuda-
                             12.8:/usr/local/cuda-12.8/targets/x86_64-linux/lib/
                             :/usr/local/cuda-12.8/extras/CUPTI/lib64:/usr/local
                             /lib:/usr/lib:/opt/amazon/efa/lib:/opt/amazon/openm
                             pi/lib:/opt/amazon/ofi-nccl/lib:/usr/local/cuda-12.
                             8/lib:/usr/local/cuda-12.8/lib64:/usr/local/cuda-12
                             .8:/usr/local/cuda-12.8/targets/x86_64-linux/lib/:/
                             usr/local/cuda-12.8/extras/CUPTI/lib64:/usr/local/l
                             ib:/usr/lib:/opt/amazon/efa/lib:/opt/amazon/openmpi
                             /lib:/opt/amazon/ofi-nccl/lib:/usr/local/cuda-12.8/
                             lib:/usr/local/cuda-12.8/lib64:/usr/local/cuda-12.8
                             :/usr/local/cuda-12.8/targets/x86_64-linux/lib/:/us
                             r/local/cuda-12.8/extras/CUPTI/lib64:/usr/local/lib
                             :/usr/lib, XDG_RUNTIME_DIR=/run/user/694137,       
                             SLURM_JOB_ID=1491934,                              
                             SSL_CERT_FILE=/usr/lib/ssl/certs/ca-certificates.cr
                             t, SLURM_NODEID=0, SSH_CLIENT=163.114.130.3 42758  
                             22, CONDA_DEFAULT_ENV=fairseq2,                    
                             VSCODE_GIT_ASKPASS_MAIN=/opt/hpcaas/.mounts/fs-0729
                             17c00f01ae1ba/home/chuanyang/.vscode-server/cli/ser
                             vers/Stable-7adae6a56e34cb64d08899664b814cf62046592
                             5/server/extensions/git/dist/askpass-main.js,      
                             XDG_DATA_DIRS=/usr/local/share:/usr/share:/var/lib/
                             snapd/desktop,                                     
                             SLURM_CONF=/opt/slurm/etc/slurm.conf,              
                             BROWSER=/opt/hpcaas/.mounts/fs-072917c00f01ae1ba/ho
                             me/chuanyang/.vscode-server/cli/servers/Stable-7ada
                             e6a56e34cb64d08899664b814cf620465925/server/bin/hel
                             pers/browser.sh,                                   
                             PATH=/home/chuanyang/miniconda3/envs/fairseq2/bin:/
                             usr/local/sbin:/usr/local/bin:/usr/sbin:/usr/bin:/s
                             bin:/bin:/snap/bin:/opt/slurm/bin:/opt/slurm/sbin, 
                             SLURM_JOB_NAME=dpo_wildchat,                       
                             MODULEPATH=/opt/amazon/modules/modulefiles:/opt/ama
                             zon/modules/modulefiles:/etc/environment-modules/mo
                             dules:/usr/share/modules/versions:/usr/share/module
                             s/$MODULE_VERSION/modulefiles:/usr/share/modules/mo
                             dulefiles, SLURM_NTASKS_PER_NODE=8,                
                             DBUS_SESSION_BUS_ADDRESS=unix:path=/run/user/694137
                             /bus, CONDA_PREFIX_1=/home/chuanyang/miniconda3,   
                             SLURM_JOB_GID=694137, OLDPWD=/home/chuanyang,      
                             SLURM_JOB_NODELIST=cr1-h100-p548xlarge-[78,291],   
                             MODULES_CMD=/usr/lib/x86_64-linux-gnu/modulecmd.tcl
                             , TERM_PROGRAM=vscode,                             
                             VSCODE_IPC_HOOK_CLI=/run/user/694137/vscode-ipc-0ba
                             8d663-75d4-404c-aa90-3f3ac7701915.sock,            
                             _=/opt/slurm/bin/srun, SLURM_MPI_TYPE=pmi2,        
                             SRUN_DEBUG=3, SLURM_UMASK=0002,                    
                             SLURM_DISTRIBUTION=block, SLURMD_DEBUG=2,          
                             SLURM_STEP_ID=0, SLURM_STEPID=0,                   
                             SLURM_STEP_NODELIST=cr1-h100-p548xlarge-[78,291],  
                             SLURM_STEP_NUM_NODES=2, SLURM_STEP_NUM_TASKS=16,   
                             SLURM_STEP_TASKS_PER_NODE=8(x2),                   
                             SLURM_STEP_LAUNCHER_PORT=61525,                    
                             SLURM_SRUN_COMM_PORT=61525,                        
                             SLURM_SRUN_COMM_HOST=10.200.210.105,               
                             SLURM_STEP_GPUS=0,1,2,3,4,5,6,7,                   
                             SLURM_CPU_BIND=quiet,mask_cpu:0x000000001C010000000
                             00001000000001C01000000000001,0x00000003E0000000000
                             0000000000003E000000000000000,0x0000007C00000000000
                             000000000007C0000000000000000,0x00000F8000000000000
                             0000000000F800000000000000000,0x0001F00000000000000
                             000000001F0000000000000000000,0x003E000000000000000
                             00000003E00000000000000000000,0x07C0000000000000000
                             0000007C000000000000000000000,0xF800000000000000000
                             00000F80000000000000000000000,                     
                             SLURM_CPU_BIND_LIST=0x000000001C0100000000000100000
                             0001C01000000000001,0x00000003E00000000000000000000
                             003E000000000000000,0x0000007C000000000000000000000
                             07C0000000000000000,0x00000F80000000000000000000000
                             F800000000000000000,0x0001F00000000000000000000001F
                             0000000000000000000,0x003E00000000000000000000003E0
                             0000000000000000000,0x07C00000000000000000000007C00
                             0000000000000000000,0xF80000000000000000000000F8000
                             0000000000000000000, SLURM_CPU_BIND_TYPE=mask_cpu:,
                             SLURM_CPU_BIND_VERBOSE=quiet,                      
                             SLURM_LAUNCH_NODE_IPADDR=10.200.210.105, PMI_FD=17,
                             PMI_JOBID=1491934.0, PMI_RANK=0, PMI_SIZE=16,      
                             WORLD_SIZE=16, RANK=0, LOCAL_WORLD_SIZE=8,         
                             LOCAL_RANK=0, MASTER_ADDR=cr1-h100-p548xlarge-78,  
                             MASTER_PORT=57000, TORCH_CPP_LOG_LEVEL=INFO,       
                             NCCL_DEBUG=INFO,                                   
                             NCCL_DEBUG_FILE=/checkpoint/ram/chuanyang/dpo/rlhi_
                             0724_preference_pairs_0724_5026_concise_LR1e-7_FLR1
                             e-17_BT0.1_WP30_EPS1e-8/logs/nccl/rank_0.log,      
                             CUDA_MODULE_LOADING=LAZY                           
                    INFO     fairseq2 - Initializing the root gang.             
                    INFO     fairseq2 - Setting the number of threads used for  
                             intra-op parallelism to 10.                        
--- Logging error ---
Traceback (most recent call last):
  File "/home/chuanyang/envs/fairseq2/conda/lib/python3.10/logging/__init__.py", line 1104, in emit
    self.flush()
  File "/home/chuanyang/envs/fairseq2/conda/lib/python3.10/logging/__init__.py", line 1084, in flush
    self.stream.flush()
OSError: [Errno 122] Disk quota exceeded
Call stack:
--- Logging error ---
Traceback (most recent call last):
  File "/home/chuanyang/envs/fairseq2/conda/lib/python3.10/logging/__init__.py", line 1104, in emit
    self.flush()
  File "/home/chuanyang/envs/fairseq2/conda/lib/python3.10/logging/__init__.py", line 1084, in flush
    self.stream.flush()
OSError: [Errno 122] Disk quota exceeded
Call stack:
--- Logging error ---
Traceback (most recent call last):
  File "/home/chuanyang/envs/fairseq2/conda/lib/python3.10/logging/__init__.py", line 1104, in emit
    self.flush()
  File "/home/chuanyang/envs/fairseq2/conda/lib/python3.10/logging/__init__.py", line 1084, in flush
    self.stream.flush()
OSError: [Errno 122] Disk quota exceeded
Call stack:
[07/25/25 20:47:31] INFO     fairseq2 - Root gang initialized.                  
--- Logging error ---
--- Logging error ---
Traceback (most recent call last):
  File "/home/chuanyang/envs/fairseq2/conda/lib/python3.10/logging/__init__.py", line 1104, in emit
    self.flush()
  File "/home/chuanyang/envs/fairseq2/conda/lib/python3.10/logging/__init__.py", line 1084, in flush
    self.stream.flush()
OSError: [Errno 122] Disk quota exceeded
Call stack:
Traceback (most recent call last):
  File "/home/chuanyang/envs/fairseq2/conda/lib/python3.10/logging/__init__.py", line 1104, in emit
    self.flush()
  File "/home/chuanyang/envs/fairseq2/conda/lib/python3.10/logging/__init__.py", line 1084, in flush
    self.stream.flush()
OSError: [Errno 122] Disk quota exceeded
                    INFO     fairseq2 - Initializing the parallel gangs.        
Call stack:
--- Logging error ---
  File "/home/chuanyang/miniconda3/envs/fairseq2/bin/fairseq2", line 8, in <module>
    sys.exit(main())
  File "/opt/hpcaas/.mounts/fs-072917c00f01ae1ba/home/chuanyang/envs/fairseq2/fairseq2/src/fairseq2/cli/_main.py", line 27, in main
    exit_code = _run()
  File "/opt/hpcaas/.mounts/fs-072917c00f01ae1ba/home/chuanyang/envs/fairseq2/fairseq2/src/fairseq2/cli/_main.py", line 73, in _run
    return cli.run(context)
  File "/opt/hpcaas/.mounts/fs-072917c00f01ae1ba/home/chuanyang/envs/fairseq2/fairseq2/src/fairseq2/cli/_cli.py", line 123, in run
    return args.command.run(context, args)  # type: ignore[no-any-return]
  File "/opt/hpcaas/.mounts/fs-072917c00f01ae1ba/home/chuanyang/envs/fairseq2/fairseq2/src/fairseq2/cli/_cli.py", line 361, in run
    return self._handler.run(context, self._parser, args)
  File "/opt/hpcaas/.mounts/fs-072917c00f01ae1ba/home/chuanyang/envs/fairseq2/fairseq2/src/fairseq2/cli/commands/recipe.py", line 245, in run
    recipe = self._loader(context, config, output_dir)
  File "/opt/hpcaas/.mounts/fs-072917c00f01ae1ba/home/chuanyang/envs/fairseq2/fairseq2/src/fairseq2/recipes/lm/_preference_finetune/_recipe.py", line 224, in load_po_finetuner
    gangs = setup_gangs(context, config)
  File "/opt/hpcaas/.mounts/fs-072917c00f01ae1ba/home/chuanyang/envs/fairseq2/fairseq2/src/fairseq2/recipes/common/_gang.py", line 50, in setup_gangs
    log.info("Root gang initialized.")
  File "/home/chuanyang/miniconda3/envs/fairseq2/bin/fairseq2", line 8, in <module>
    sys.exit(main())
  File "/opt/hpcaas/.mounts/fs-072917c00f01ae1ba/home/chuanyang/envs/fairseq2/fairseq2/src/fairseq2/cli/_main.py", line 27, in main
    exit_code = _run()
  File "/opt/hpcaas/.mounts/fs-072917c00f01ae1ba/home/chuanyang/envs/fairseq2/fairseq2/src/fairseq2/cli/_main.py", line 73, in _run
    return cli.run(context)
  File "/opt/hpcaas/.mounts/fs-072917c00f01ae1ba/home/chuanyang/envs/fairseq2/fairseq2/src/fairseq2/cli/_cli.py", line 123, in run
    return args.command.run(context, args)  # type: ignore[no-any-return]
  File "/opt/hpcaas/.mounts/fs-072917c00f01ae1ba/home/chuanyang/envs/fairseq2/fairseq2/src/fairseq2/cli/_cli.py", line 361, in run
    return self._handler.run(context, self._parser, args)
  File "/opt/hpcaas/.mounts/fs-072917c00f01ae1ba/home/chuanyang/envs/fairseq2/fairseq2/src/fairseq2/cli/commands/recipe.py", line 245, in run
    recipe = self._loader(context, config, output_dir)
  File "/opt/hpcaas/.mounts/fs-072917c00f01ae1ba/home/chuanyang/envs/fairseq2/fairseq2/src/fairseq2/recipes/lm/_preference_finetune/_recipe.py", line 224, in load_po_finetuner
    gangs = setup_gangs(context, config)
  File "/opt/hpcaas/.mounts/fs-072917c00f01ae1ba/home/chuanyang/envs/fairseq2/fairseq2/src/fairseq2/recipes/common/_gang.py", line 50, in setup_gangs
    log.info("Root gang initialized.")
  File "/opt/hpcaas/.mounts/fs-072917c00f01ae1ba/home/chuanyang/envs/fairseq2/fairseq2/src/fairseq2/logging.py", line 40, in info
    self._write(logging.INFO, message, args)
  File "/opt/hpcaas/.mounts/fs-072917c00f01ae1ba/home/chuanyang/envs/fairseq2/fairseq2/src/fairseq2/logging.py", line 67, in _write
    self._logger.log(level, message, exc_info=exc_info, extra=self._NO_HIGHLIGHT)
Message: 'Root gang initialized.'
Arguments: ()
  File "/home/chuanyang/miniconda3/envs/fairseq2/bin/fairseq2", line 8, in <module>
    sys.exit(main())
  File "/opt/hpcaas/.mounts/fs-072917c00f01ae1ba/home/chuanyang/envs/fairseq2/fairseq2/src/fairseq2/cli/_main.py", line 27, in main
    exit_code = _run()
  File "/opt/hpcaas/.mounts/fs-072917c00f01ae1ba/home/chuanyang/envs/fairseq2/fairseq2/src/fairseq2/cli/_main.py", line 73, in _run
    return cli.run(context)
  File "/opt/hpcaas/.mounts/fs-072917c00f01ae1ba/home/chuanyang/envs/fairseq2/fairseq2/src/fairseq2/cli/_cli.py", line 123, in run
    return args.command.run(context, args)  # type: ignore[no-any-return]
  File "/opt/hpcaas/.mounts/fs-072917c00f01ae1ba/home/chuanyang/envs/fairseq2/fairseq2/src/fairseq2/cli/_cli.py", line 361, in run
    return self._handler.run(context, self._parser, args)
  File "/opt/hpcaas/.mounts/fs-072917c00f01ae1ba/home/chuanyang/envs/fairseq2/fairseq2/src/fairseq2/cli/commands/recipe.py", line 245, in run
    recipe = self._loader(context, config, output_dir)
  File "/opt/hpcaas/.mounts/fs-072917c00f01ae1ba/home/chuanyang/envs/fairseq2/fairseq2/src/fairseq2/recipes/lm/_preference_finetune/_recipe.py", line 224, in load_po_finetuner
    gangs = setup_gangs(context, config)
  File "/opt/hpcaas/.mounts/fs-072917c00f01ae1ba/home/chuanyang/envs/fairseq2/fairseq2/src/fairseq2/recipes/common/_gang.py", line 50, in setup_gangs
    log.info("Root gang initialized.")
  File "/opt/hpcaas/.mounts/fs-072917c00f01ae1ba/home/chuanyang/envs/fairseq2/fairseq2/src/fairseq2/logging.py", line 40, in info
    self._write(logging.INFO, message, args)
  File "/opt/hpcaas/.mounts/fs-072917c00f01ae1ba/home/chuanyang/envs/fairseq2/fairseq2/src/fairseq2/logging.py", line 67, in _write
    self._logger.log(level, message, exc_info=exc_info, extra=self._NO_HIGHLIGHT)
Message: 'Root gang initialized.'
Arguments: ()
  File "/home/chuanyang/miniconda3/envs/fairseq2/bin/fairseq2", line 8, in <module>
    sys.exit(main())
  File "/opt/hpcaas/.mounts/fs-072917c00f01ae1ba/home/chuanyang/envs/fairseq2/fairseq2/src/fairseq2/cli/_main.py", line 27, in main
    exit_code = _run()
  File "/opt/hpcaas/.mounts/fs-072917c00f01ae1ba/home/chuanyang/envs/fairseq2/fairseq2/src/fairseq2/cli/_main.py", line 73, in _run
    return cli.run(context)
  File "/opt/hpcaas/.mounts/fs-072917c00f01ae1ba/home/chuanyang/envs/fairseq2/fairseq2/src/fairseq2/cli/_cli.py", line 123, in run
    return args.command.run(context, args)  # type: ignore[no-any-return]
  File "/opt/hpcaas/.mounts/fs-072917c00f01ae1ba/home/chuanyang/envs/fairseq2/fairseq2/src/fairseq2/cli/_cli.py", line 361, in run
    return self._handler.run(context, self._parser, args)
  File "/opt/hpcaas/.mounts/fs-072917c00f01ae1ba/home/chuanyang/envs/fairseq2/fairseq2/src/fairseq2/cli/commands/recipe.py", line 245, in run
    recipe = self._loader(context, config, output_dir)
--- Logging error ---
  File "/opt/hpcaas/.mounts/fs-072917c00f01ae1ba/home/chuanyang/envs/fairseq2/fairseq2/src/fairseq2/recipes/lm/_preference_finetune/_recipe.py", line 224, in load_po_finetuner
    gangs = setup_gangs(context, config)
  File "/opt/hpcaas/.mounts/fs-072917c00f01ae1ba/home/chuanyang/envs/fairseq2/fairseq2/src/fairseq2/recipes/common/_gang.py", line 50, in setup_gangs
    log.info("Root gang initialized.")
  File "/opt/hpcaas/.mounts/fs-072917c00f01ae1ba/home/chuanyang/envs/fairseq2/fairseq2/src/fairseq2/logging.py", line 40, in info
    self._write(logging.INFO, message, args)
  File "/opt/hpcaas/.mounts/fs-072917c00f01ae1ba/home/chuanyang/envs/fairseq2/fairseq2/src/fairseq2/logging.py", line 67, in _write
    self._logger.log(level, message, exc_info=exc_info, extra=self._NO_HIGHLIGHT)
Message: 'Root gang initialized.'
Arguments: ()
Traceback (most recent call last):
  File "/opt/hpcaas/.mounts/fs-072917c00f01ae1ba/home/chuanyang/envs/fairseq2/fairseq2/src/fairseq2/logging.py", line 40, in info
    self._write(logging.INFO, message, args)
  File "/opt/hpcaas/.mounts/fs-072917c00f01ae1ba/home/chuanyang/envs/fairseq2/fairseq2/src/fairseq2/logging.py", line 67, in _write
    self._logger.log(level, message, exc_info=exc_info, extra=self._NO_HIGHLIGHT)
Message: 'Root gang initialized.'
Arguments: ()
  File "/home/chuanyang/envs/fairseq2/conda/lib/python3.10/logging/__init__.py", line 1104, in emit
    self.flush()
  File "/home/chuanyang/envs/fairseq2/conda/lib/python3.10/logging/__init__.py", line 1084, in flush
    self.stream.flush()
OSError: [Errno 122] Disk quota exceeded
Traceback (most recent call last):
  File "/home/chuanyang/envs/fairseq2/conda/lib/python3.10/logging/__init__.py", line 1104, in emit
    self.flush()
  File "/home/chuanyang/envs/fairseq2/conda/lib/python3.10/logging/__init__.py", line 1084, in flush
    self.stream.flush()
OSError: [Errno 122] Disk quota exceeded
Call stack:
Call stack:
  File "/home/chuanyang/miniconda3/envs/fairseq2/bin/fairseq2", line 8, in <module>
    sys.exit(main())
  File "/opt/hpcaas/.mounts/fs-072917c00f01ae1ba/home/chuanyang/envs/fairseq2/fairseq2/src/fairseq2/cli/_main.py", line 27, in main
    exit_code = _run()
  File "/opt/hpcaas/.mounts/fs-072917c00f01ae1ba/home/chuanyang/envs/fairseq2/fairseq2/src/fairseq2/cli/_main.py", line 73, in _run
    return cli.run(context)
  File "/opt/hpcaas/.mounts/fs-072917c00f01ae1ba/home/chuanyang/envs/fairseq2/fairseq2/src/fairseq2/cli/_cli.py", line 123, in run
    return args.command.run(context, args)  # type: ignore[no-any-return]
  File "/opt/hpcaas/.mounts/fs-072917c00f01ae1ba/home/chuanyang/envs/fairseq2/fairseq2/src/fairseq2/cli/_cli.py", line 361, in run
    return self._handler.run(context, self._parser, args)
  File "/opt/hpcaas/.mounts/fs-072917c00f01ae1ba/home/chuanyang/envs/fairseq2/fairseq2/src/fairseq2/cli/commands/recipe.py", line 245, in run
    recipe = self._loader(context, config, output_dir)
  File "/home/chuanyang/miniconda3/envs/fairseq2/bin/fairseq2", line 8, in <module>
    sys.exit(main())
  File "/opt/hpcaas/.mounts/fs-072917c00f01ae1ba/home/chuanyang/envs/fairseq2/fairseq2/src/fairseq2/cli/_main.py", line 27, in main
    exit_code = _run()
  File "/opt/hpcaas/.mounts/fs-072917c00f01ae1ba/home/chuanyang/envs/fairseq2/fairseq2/src/fairseq2/cli/_main.py", line 73, in _run
    return cli.run(context)
  File "/opt/hpcaas/.mounts/fs-072917c00f01ae1ba/home/chuanyang/envs/fairseq2/fairseq2/src/fairseq2/cli/_cli.py", line 123, in run
    return args.command.run(context, args)  # type: ignore[no-any-return]
  File "/opt/hpcaas/.mounts/fs-072917c00f01ae1ba/home/chuanyang/envs/fairseq2/fairseq2/src/fairseq2/cli/_cli.py", line 361, in run
    return self._handler.run(context, self._parser, args)
  File "/opt/hpcaas/.mounts/fs-072917c00f01ae1ba/home/chuanyang/envs/fairseq2/fairseq2/src/fairseq2/cli/commands/recipe.py", line 245, in run
    recipe = self._loader(context, config, output_dir)
  File "/opt/hpcaas/.mounts/fs-072917c00f01ae1ba/home/chuanyang/envs/fairseq2/fairseq2/src/fairseq2/recipes/lm/_preference_finetune/_recipe.py", line 224, in load_po_finetuner
    gangs = setup_gangs(context, config)
  File "/opt/hpcaas/.mounts/fs-072917c00f01ae1ba/home/chuanyang/envs/fairseq2/fairseq2/src/fairseq2/recipes/common/_gang.py", line 50, in setup_gangs
    log.info("Root gang initialized.")
  File "/opt/hpcaas/.mounts/fs-072917c00f01ae1ba/home/chuanyang/envs/fairseq2/fairseq2/src/fairseq2/logging.py", line 40, in info
    self._write(logging.INFO, message, args)
  File "/opt/hpcaas/.mounts/fs-072917c00f01ae1ba/home/chuanyang/envs/fairseq2/fairseq2/src/fairseq2/recipes/lm/_preference_finetune/_recipe.py", line 224, in load_po_finetuner
    gangs = setup_gangs(context, config)
  File "/opt/hpcaas/.mounts/fs-072917c00f01ae1ba/home/chuanyang/envs/fairseq2/fairseq2/src/fairseq2/recipes/common/_gang.py", line 50, in setup_gangs
    log.info("Root gang initialized.")
  File "/opt/hpcaas/.mounts/fs-072917c00f01ae1ba/home/chuanyang/envs/fairseq2/fairseq2/src/fairseq2/logging.py", line 40, in info
    self._write(logging.INFO, message, args)
  File "/opt/hpcaas/.mounts/fs-072917c00f01ae1ba/home/chuanyang/envs/fairseq2/fairseq2/src/fairseq2/logging.py", line 67, in _write
    self._logger.log(level, message, exc_info=exc_info, extra=self._NO_HIGHLIGHT)
Message: 'Root gang initialized.'
Arguments: ()
  File "/opt/hpcaas/.mounts/fs-072917c00f01ae1ba/home/chuanyang/envs/fairseq2/fairseq2/src/fairseq2/logging.py", line 67, in _write
    self._logger.log(level, message, exc_info=exc_info, extra=self._NO_HIGHLIGHT)
Message: 'Root gang initialized.'
Arguments: ()
--- Logging error ---
--- Logging error ---
--- Logging error ---
Traceback (most recent call last):
Traceback (most recent call last):
  File "/home/chuanyang/envs/fairseq2/conda/lib/python3.10/logging/__init__.py", line 1104, in emit
    self.flush()
  File "/home/chuanyang/envs/fairseq2/conda/lib/python3.10/logging/__init__.py", line 1084, in flush
    self.stream.flush()
  File "/home/chuanyang/envs/fairseq2/conda/lib/python3.10/logging/__init__.py", line 1104, in emit
    self.flush()
  File "/home/chuanyang/envs/fairseq2/conda/lib/python3.10/logging/__init__.py", line 1084, in flush
    self.stream.flush()
OSError: [Errno 122] Disk quota exceeded
Call stack:
--- Logging error ---
  File "/home/chuanyang/miniconda3/envs/fairseq2/bin/fairseq2", line 8, in <module>
    sys.exit(main())
  File "/opt/hpcaas/.mounts/fs-072917c00f01ae1ba/home/chuanyang/envs/fairseq2/fairseq2/src/fairseq2/cli/_main.py", line 27, in main
    exit_code = _run()
  File "/opt/hpcaas/.mounts/fs-072917c00f01ae1ba/home/chuanyang/envs/fairseq2/fairseq2/src/fairseq2/cli/_main.py", line 73, in _run
    return cli.run(context)
  File "/opt/hpcaas/.mounts/fs-072917c00f01ae1ba/home/chuanyang/envs/fairseq2/fairseq2/src/fairseq2/cli/_cli.py", line 123, in run
    return args.command.run(context, args)  # type: ignore[no-any-return]
  File "/opt/hpcaas/.mounts/fs-072917c00f01ae1ba/home/chuanyang/envs/fairseq2/fairseq2/src/fairseq2/cli/_cli.py", line 361, in run
    return self._handler.run(context, self._parser, args)
  File "/opt/hpcaas/.mounts/fs-072917c00f01ae1ba/home/chuanyang/envs/fairseq2/fairseq2/src/fairseq2/cli/commands/recipe.py", line 245, in run
    recipe = self._loader(context, config, output_dir)
  File "/home/chuanyang/miniconda3/envs/fairseq2/bin/fairseq2", line 8, in <module>
    sys.exit(main())
  File "/opt/hpcaas/.mounts/fs-072917c00f01ae1ba/home/chuanyang/envs/fairseq2/fairseq2/src/fairseq2/cli/_main.py", line 27, in main
    exit_code = _run()
  File "/opt/hpcaas/.mounts/fs-072917c00f01ae1ba/home/chuanyang/envs/fairseq2/fairseq2/src/fairseq2/cli/_main.py", line 73, in _run
    return cli.run(context)
  File "/opt/hpcaas/.mounts/fs-072917c00f01ae1ba/home/chuanyang/envs/fairseq2/fairseq2/src/fairseq2/cli/_cli.py", line 123, in run
    return args.command.run(context, args)  # type: ignore[no-any-return]
  File "/opt/hpcaas/.mounts/fs-072917c00f01ae1ba/home/chuanyang/envs/fairseq2/fairseq2/src/fairseq2/cli/_cli.py", line 361, in run
    return self._handler.run(context, self._parser, args)
  File "/opt/hpcaas/.mounts/fs-072917c00f01ae1ba/home/chuanyang/envs/fairseq2/fairseq2/src/fairseq2/recipes/lm/_preference_finetune/_recipe.py", line 224, in load_po_finetuner
    gangs = setup_gangs(context, config)
  File "/opt/hpcaas/.mounts/fs-072917c00f01ae1ba/home/chuanyang/envs/fairseq2/fairseq2/src/fairseq2/recipes/common/_gang.py", line 52, in setup_gangs
    log.info("Initializing the parallel gangs.")
Traceback (most recent call last):
  File "/opt/hpcaas/.mounts/fs-072917c00f01ae1ba/home/chuanyang/envs/fairseq2/fairseq2/src/fairseq2/logging.py", line 40, in info
    self._write(logging.INFO, message, args)
  File "/opt/hpcaas/.mounts/fs-072917c00f01ae1ba/home/chuanyang/envs/fairseq2/fairseq2/src/fairseq2/logging.py", line 67, in _write
    self._logger.log(level, message, exc_info=exc_info, extra=self._NO_HIGHLIGHT)
Message: 'Initializing the parallel gangs.'
Arguments: ()
OSError: [Errno 122] Disk quota exceeded
Call stack:
--- Logging error ---
  File "/opt/hpcaas/.mounts/fs-072917c00f01ae1ba/home/chuanyang/envs/fairseq2/fairseq2/src/fairseq2/cli/commands/recipe.py", line 245, in run
    recipe = self._loader(context, config, output_dir)
  File "/opt/hpcaas/.mounts/fs-072917c00f01ae1ba/home/chuanyang/envs/fairseq2/fairseq2/src/fairseq2/recipes/lm/_preference_finetune/_recipe.py", line 224, in load_po_finetuner
    gangs = setup_gangs(context, config)
  File "/opt/hpcaas/.mounts/fs-072917c00f01ae1ba/home/chuanyang/envs/fairseq2/fairseq2/src/fairseq2/recipes/common/_gang.py", line 50, in setup_gangs
    log.info("Root gang initialized.")
  File "/opt/hpcaas/.mounts/fs-072917c00f01ae1ba/home/chuanyang/envs/fairseq2/fairseq2/src/fairseq2/logging.py", line 40, in info
    self._write(logging.INFO, message, args)
  File "/opt/hpcaas/.mounts/fs-072917c00f01ae1ba/home/chuanyang/envs/fairseq2/fairseq2/src/fairseq2/logging.py", line 67, in _write
    self._logger.log(level, message, exc_info=exc_info, extra=self._NO_HIGHLIGHT)
Traceback (most recent call last):
Message: 'Root gang initialized.'
Arguments: ()
  File "/home/chuanyang/envs/fairseq2/conda/lib/python3.10/logging/__init__.py", line 1104, in emit
    self.flush()
  File "/home/chuanyang/envs/fairseq2/conda/lib/python3.10/logging/__init__.py", line 1104, in emit
    self.flush()
  File "/home/chuanyang/envs/fairseq2/conda/lib/python3.10/logging/__init__.py", line 1084, in flush
    self.stream.flush()
OSError: [Errno 122] Disk quota exceeded
  File "/home/chuanyang/envs/fairseq2/conda/lib/python3.10/logging/__init__.py", line 1084, in flush
    self.stream.flush()
OSError: [Errno 122] Disk quota exceeded
Call stack:
Call stack:
Traceback (most recent call last):
  File "/home/chuanyang/miniconda3/envs/fairseq2/bin/fairseq2", line 8, in <module>
    sys.exit(main())
  File "/opt/hpcaas/.mounts/fs-072917c00f01ae1ba/home/chuanyang/envs/fairseq2/fairseq2/src/fairseq2/cli/_main.py", line 27, in main
    exit_code = _run()
  File "/opt/hpcaas/.mounts/fs-072917c00f01ae1ba/home/chuanyang/envs/fairseq2/fairseq2/src/fairseq2/cli/_main.py", line 73, in _run
    return cli.run(context)
  File "/opt/hpcaas/.mounts/fs-072917c00f01ae1ba/home/chuanyang/envs/fairseq2/fairseq2/src/fairseq2/cli/_cli.py", line 123, in run
    return args.command.run(context, args)  # type: ignore[no-any-return]
  File "/opt/hpcaas/.mounts/fs-072917c00f01ae1ba/home/chuanyang/envs/fairseq2/fairseq2/src/fairseq2/cli/_cli.py", line 361, in run
    return self._handler.run(context, self._parser, args)
  File "/opt/hpcaas/.mounts/fs-072917c00f01ae1ba/home/chuanyang/envs/fairseq2/fairseq2/src/fairseq2/cli/commands/recipe.py", line 245, in run
    recipe = self._loader(context, config, output_dir)
  File "/home/chuanyang/envs/fairseq2/conda/lib/python3.10/logging/__init__.py", line 1104, in emit
    self.flush()
  File "/home/chuanyang/envs/fairseq2/conda/lib/python3.10/logging/__init__.py", line 1084, in flush
    self.stream.flush()
  File "/opt/hpcaas/.mounts/fs-072917c00f01ae1ba/home/chuanyang/envs/fairseq2/fairseq2/src/fairseq2/recipes/lm/_preference_finetune/_recipe.py", line 224, in load_po_finetuner
    gangs = setup_gangs(context, config)
  File "/opt/hpcaas/.mounts/fs-072917c00f01ae1ba/home/chuanyang/envs/fairseq2/fairseq2/src/fairseq2/recipes/common/_gang.py", line 50, in setup_gangs
    log.info("Root gang initialized.")
OSError: [Errno 122] Disk quota exceeded
  File "/opt/hpcaas/.mounts/fs-072917c00f01ae1ba/home/chuanyang/envs/fairseq2/fairseq2/src/fairseq2/logging.py", line 40, in info
    self._write(logging.INFO, message, args)
  File "/opt/hpcaas/.mounts/fs-072917c00f01ae1ba/home/chuanyang/envs/fairseq2/fairseq2/src/fairseq2/logging.py", line 67, in _write
    self._logger.log(level, message, exc_info=exc_info, extra=self._NO_HIGHLIGHT)
Message: 'Root gang initialized.'
Arguments: ()
Call stack:
--- Logging error ---
  File "/home/chuanyang/miniconda3/envs/fairseq2/bin/fairseq2", line 8, in <module>
    sys.exit(main())
  File "/opt/hpcaas/.mounts/fs-072917c00f01ae1ba/home/chuanyang/envs/fairseq2/fairseq2/src/fairseq2/cli/_main.py", line 27, in main
    exit_code = _run()
Traceback (most recent call last):
  File "/opt/hpcaas/.mounts/fs-072917c00f01ae1ba/home/chuanyang/envs/fairseq2/fairseq2/src/fairseq2/cli/_main.py", line 73, in _run
    return cli.run(context)
  File "/opt/hpcaas/.mounts/fs-072917c00f01ae1ba/home/chuanyang/envs/fairseq2/fairseq2/src/fairseq2/cli/_cli.py", line 123, in run
    return args.command.run(context, args)  # type: ignore[no-any-return]
  File "/opt/hpcaas/.mounts/fs-072917c00f01ae1ba/home/chuanyang/envs/fairseq2/fairseq2/src/fairseq2/cli/_cli.py", line 361, in run
    return self._handler.run(context, self._parser, args)
  File "/opt/hpcaas/.mounts/fs-072917c00f01ae1ba/home/chuanyang/envs/fairseq2/fairseq2/src/fairseq2/cli/commands/recipe.py", line 245, in run
    recipe = self._loader(context, config, output_dir)
  File "/home/chuanyang/envs/fairseq2/conda/lib/python3.10/logging/__init__.py", line 1104, in emit
    self.flush()
  File "/home/chuanyang/envs/fairseq2/conda/lib/python3.10/logging/__init__.py", line 1084, in flush
    self.stream.flush()
  File "/opt/hpcaas/.mounts/fs-072917c00f01ae1ba/home/chuanyang/envs/fairseq2/fairseq2/src/fairseq2/recipes/lm/_preference_finetune/_recipe.py", line 224, in load_po_finetuner
    gangs = setup_gangs(context, config)
  File "/opt/hpcaas/.mounts/fs-072917c00f01ae1ba/home/chuanyang/envs/fairseq2/fairseq2/src/fairseq2/recipes/common/_gang.py", line 52, in setup_gangs
    log.info("Initializing the parallel gangs.")
  File "/opt/hpcaas/.mounts/fs-072917c00f01ae1ba/home/chuanyang/envs/fairseq2/fairseq2/src/fairseq2/logging.py", line 40, in info
    self._write(logging.INFO, message, args)
  File "/opt/hpcaas/.mounts/fs-072917c00f01ae1ba/home/chuanyang/envs/fairseq2/fairseq2/src/fairseq2/logging.py", line 67, in _write
    self._logger.log(level, message, exc_info=exc_info, extra=self._NO_HIGHLIGHT)
Message: 'Initializing the parallel gangs.'
Arguments: ()
OSError: [Errno 122] Disk quota exceeded
Call stack:
  File "/home/chuanyang/miniconda3/envs/fairseq2/bin/fairseq2", line 8, in <module>
    sys.exit(main())
  File "/opt/hpcaas/.mounts/fs-072917c00f01ae1ba/home/chuanyang/envs/fairseq2/fairseq2/src/fairseq2/cli/_main.py", line 27, in main
    exit_code = _run()
  File "/opt/hpcaas/.mounts/fs-072917c00f01ae1ba/home/chuanyang/envs/fairseq2/fairseq2/src/fairseq2/cli/_main.py", line 73, in _run
    return cli.run(context)
  File "/home/chuanyang/miniconda3/envs/fairseq2/bin/fairseq2", line 8, in <module>
    sys.exit(main())
  File "/opt/hpcaas/.mounts/fs-072917c00f01ae1ba/home/chuanyang/envs/fairseq2/fairseq2/src/fairseq2/cli/_main.py", line 27, in main
    exit_code = _run()
  File "/opt/hpcaas/.mounts/fs-072917c00f01ae1ba/home/chuanyang/envs/fairseq2/fairseq2/src/fairseq2/cli/_main.py", line 73, in _run
    return cli.run(context)
  File "/opt/hpcaas/.mounts/fs-072917c00f01ae1ba/home/chuanyang/envs/fairseq2/fairseq2/src/fairseq2/cli/_cli.py", line 123, in run
    return args.command.run(context, args)  # type: ignore[no-any-return]
  File "/opt/hpcaas/.mounts/fs-072917c00f01ae1ba/home/chuanyang/envs/fairseq2/fairseq2/src/fairseq2/cli/_cli.py", line 361, in run
    return self._handler.run(context, self._parser, args)
  File "/opt/hpcaas/.mounts/fs-072917c00f01ae1ba/home/chuanyang/envs/fairseq2/fairseq2/src/fairseq2/cli/_cli.py", line 123, in run
    return args.command.run(context, args)  # type: ignore[no-any-return]
  File "/opt/hpcaas/.mounts/fs-072917c00f01ae1ba/home/chuanyang/envs/fairseq2/fairseq2/src/fairseq2/cli/_cli.py", line 361, in run
    return self._handler.run(context, self._parser, args)
  File "/opt/hpcaas/.mounts/fs-072917c00f01ae1ba/home/chuanyang/envs/fairseq2/fairseq2/src/fairseq2/cli/commands/recipe.py", line 245, in run
    recipe = self._loader(context, config, output_dir)
  File "/opt/hpcaas/.mounts/fs-072917c00f01ae1ba/home/chuanyang/envs/fairseq2/fairseq2/src/fairseq2/recipes/lm/_preference_finetune/_recipe.py", line 224, in load_po_finetuner
    gangs = setup_gangs(context, config)
  File "/opt/hpcaas/.mounts/fs-072917c00f01ae1ba/home/chuanyang/envs/fairseq2/fairseq2/src/fairseq2/cli/commands/recipe.py", line 245, in run
    recipe = self._loader(context, config, output_dir)
  File "/opt/hpcaas/.mounts/fs-072917c00f01ae1ba/home/chuanyang/envs/fairseq2/fairseq2/src/fairseq2/recipes/lm/_preference_finetune/_recipe.py", line 224, in load_po_finetuner
    gangs = setup_gangs(context, config)
  File "/opt/hpcaas/.mounts/fs-072917c00f01ae1ba/home/chuanyang/envs/fairseq2/fairseq2/src/fairseq2/recipes/common/_gang.py", line 52, in setup_gangs
    log.info("Initializing the parallel gangs.")
  File "/opt/hpcaas/.mounts/fs-072917c00f01ae1ba/home/chuanyang/envs/fairseq2/fairseq2/src/fairseq2/logging.py", line 40, in info
    self._write(logging.INFO, message, args)
  File "/opt/hpcaas/.mounts/fs-072917c00f01ae1ba/home/chuanyang/envs/fairseq2/fairseq2/src/fairseq2/logging.py", line 67, in _write
    self._logger.log(level, message, exc_info=exc_info, extra=self._NO_HIGHLIGHT)
  File "/opt/hpcaas/.mounts/fs-072917c00f01ae1ba/home/chuanyang/envs/fairseq2/fairseq2/src/fairseq2/recipes/common/_gang.py", line 52, in setup_gangs
    log.info("Initializing the parallel gangs.")
  File "/opt/hpcaas/.mounts/fs-072917c00f01ae1ba/home/chuanyang/envs/fairseq2/fairseq2/src/fairseq2/logging.py", line 40, in info
    self._write(logging.INFO, message, args)
  File "/opt/hpcaas/.mounts/fs-072917c00f01ae1ba/home/chuanyang/envs/fairseq2/fairseq2/src/fairseq2/logging.py", line 67, in _write
    self._logger.log(level, message, exc_info=exc_info, extra=self._NO_HIGHLIGHT)
Message: 'Initializing the parallel gangs.'
Arguments: ()
Message: 'Initializing the parallel gangs.'
Arguments: ()
--- Logging error ---
--- Logging error ---
  File "/home/chuanyang/miniconda3/envs/fairseq2/bin/fairseq2", line 8, in <module>
    sys.exit(main())
  File "/opt/hpcaas/.mounts/fs-072917c00f01ae1ba/home/chuanyang/envs/fairseq2/fairseq2/src/fairseq2/cli/_main.py", line 27, in main
    exit_code = _run()
  File "/opt/hpcaas/.mounts/fs-072917c00f01ae1ba/home/chuanyang/envs/fairseq2/fairseq2/src/fairseq2/cli/_main.py", line 73, in _run
    return cli.run(context)
  File "/opt/hpcaas/.mounts/fs-072917c00f01ae1ba/home/chuanyang/envs/fairseq2/fairseq2/src/fairseq2/cli/_cli.py", line 123, in run
    return args.command.run(context, args)  # type: ignore[no-any-return]
  File "/opt/hpcaas/.mounts/fs-072917c00f01ae1ba/home/chuanyang/envs/fairseq2/fairseq2/src/fairseq2/cli/_cli.py", line 361, in run
    return self._handler.run(context, self._parser, args)
  File "/opt/hpcaas/.mounts/fs-072917c00f01ae1ba/home/chuanyang/envs/fairseq2/fairseq2/src/fairseq2/cli/commands/recipe.py", line 245, in run
    recipe = self._loader(context, config, output_dir)
Traceback (most recent call last):
  File "/opt/hpcaas/.mounts/fs-072917c00f01ae1ba/home/chuanyang/envs/fairseq2/fairseq2/src/fairseq2/recipes/lm/_preference_finetune/_recipe.py", line 224, in load_po_finetuner
    gangs = setup_gangs(context, config)
  File "/opt/hpcaas/.mounts/fs-072917c00f01ae1ba/home/chuanyang/envs/fairseq2/fairseq2/src/fairseq2/recipes/common/_gang.py", line 52, in setup_gangs
    log.info("Initializing the parallel gangs.")
  File "/opt/hpcaas/.mounts/fs-072917c00f01ae1ba/home/chuanyang/envs/fairseq2/fairseq2/src/fairseq2/logging.py", line 40, in info
    self._write(logging.INFO, message, args)
  File "/opt/hpcaas/.mounts/fs-072917c00f01ae1ba/home/chuanyang/envs/fairseq2/fairseq2/src/fairseq2/logging.py", line 67, in _write
    self._logger.log(level, message, exc_info=exc_info, extra=self._NO_HIGHLIGHT)
Message: 'Initializing the parallel gangs.'
Arguments: ()
  File "/home/chuanyang/envs/fairseq2/conda/lib/python3.10/logging/__init__.py", line 1104, in emit
    self.flush()
  File "/home/chuanyang/envs/fairseq2/conda/lib/python3.10/logging/__init__.py", line 1084, in flush
    self.stream.flush()
Traceback (most recent call last):
  File "/home/chuanyang/envs/fairseq2/conda/lib/python3.10/logging/__init__.py", line 1104, in emit
    self.flush()
  File "/home/chuanyang/envs/fairseq2/conda/lib/python3.10/logging/__init__.py", line 1084, in flush
    self.stream.flush()
OSError: [Errno 122] Disk quota exceeded
Call stack:
OSError: [Errno 122] Disk quota exceeded
Call stack:
--- Logging error ---
  File "/home/chuanyang/miniconda3/envs/fairseq2/bin/fairseq2", line 8, in <module>
    sys.exit(main())
  File "/opt/hpcaas/.mounts/fs-072917c00f01ae1ba/home/chuanyang/envs/fairseq2/fairseq2/src/fairseq2/cli/_main.py", line 27, in main
    exit_code = _run()
  File "/opt/hpcaas/.mounts/fs-072917c00f01ae1ba/home/chuanyang/envs/fairseq2/fairseq2/src/fairseq2/cli/_main.py", line 73, in _run
    return cli.run(context)
  File "/opt/hpcaas/.mounts/fs-072917c00f01ae1ba/home/chuanyang/envs/fairseq2/fairseq2/src/fairseq2/cli/_cli.py", line 123, in run
    return args.command.run(context, args)  # type: ignore[no-any-return]
  File "/opt/hpcaas/.mounts/fs-072917c00f01ae1ba/home/chuanyang/envs/fairseq2/fairseq2/src/fairseq2/cli/_cli.py", line 361, in run
    return self._handler.run(context, self._parser, args)
  File "/opt/hpcaas/.mounts/fs-072917c00f01ae1ba/home/chuanyang/envs/fairseq2/fairseq2/src/fairseq2/cli/commands/recipe.py", line 245, in run
    recipe = self._loader(context, config, output_dir)
Traceback (most recent call last):
  File "/opt/hpcaas/.mounts/fs-072917c00f01ae1ba/home/chuanyang/envs/fairseq2/fairseq2/src/fairseq2/recipes/lm/_preference_finetune/_recipe.py", line 224, in load_po_finetuner
    gangs = setup_gangs(context, config)
  File "/opt/hpcaas/.mounts/fs-072917c00f01ae1ba/home/chuanyang/envs/fairseq2/fairseq2/src/fairseq2/recipes/common/_gang.py", line 52, in setup_gangs
    log.info("Initializing the parallel gangs.")
  File "/opt/hpcaas/.mounts/fs-072917c00f01ae1ba/home/chuanyang/envs/fairseq2/fairseq2/src/fairseq2/logging.py", line 40, in info
    self._write(logging.INFO, message, args)
  File "/opt/hpcaas/.mounts/fs-072917c00f01ae1ba/home/chuanyang/envs/fairseq2/fairseq2/src/fairseq2/logging.py", line 67, in _write
    self._logger.log(level, message, exc_info=exc_info, extra=self._NO_HIGHLIGHT)
Message: 'Initializing the parallel gangs.'
Arguments: ()
  File "/home/chuanyang/envs/fairseq2/conda/lib/python3.10/logging/__init__.py", line 1104, in emit
    self.flush()
  File "/home/chuanyang/envs/fairseq2/conda/lib/python3.10/logging/__init__.py", line 1084, in flush
    self.stream.flush()
--- Logging error ---
OSError: [Errno 122] Disk quota exceeded
Call stack:
Traceback (most recent call last):
  File "/home/chuanyang/envs/fairseq2/conda/lib/python3.10/logging/__init__.py", line 1104, in emit
    self.flush()
  File "/home/chuanyang/miniconda3/envs/fairseq2/bin/fairseq2", line 8, in <module>
    sys.exit(main())
  File "/opt/hpcaas/.mounts/fs-072917c00f01ae1ba/home/chuanyang/envs/fairseq2/fairseq2/src/fairseq2/cli/_main.py", line 27, in main
    exit_code = _run()
  File "/opt/hpcaas/.mounts/fs-072917c00f01ae1ba/home/chuanyang/envs/fairseq2/fairseq2/src/fairseq2/cli/_main.py", line 73, in _run
    return cli.run(context)
  File "/opt/hpcaas/.mounts/fs-072917c00f01ae1ba/home/chuanyang/envs/fairseq2/fairseq2/src/fairseq2/cli/_cli.py", line 123, in run
    return args.command.run(context, args)  # type: ignore[no-any-return]
  File "/opt/hpcaas/.mounts/fs-072917c00f01ae1ba/home/chuanyang/envs/fairseq2/fairseq2/src/fairseq2/cli/_cli.py", line 361, in run
    return self._handler.run(context, self._parser, args)
  File "/home/chuanyang/envs/fairseq2/conda/lib/python3.10/logging/__init__.py", line 1084, in flush
    self.stream.flush()
OSError: [Errno 122] Disk quota exceeded
  File "/opt/hpcaas/.mounts/fs-072917c00f01ae1ba/home/chuanyang/envs/fairseq2/fairseq2/src/fairseq2/cli/commands/recipe.py", line 245, in run
    recipe = self._loader(context, config, output_dir)
  File "/opt/hpcaas/.mounts/fs-072917c00f01ae1ba/home/chuanyang/envs/fairseq2/fairseq2/src/fairseq2/recipes/lm/_preference_finetune/_recipe.py", line 224, in load_po_finetuner
    gangs = setup_gangs(context, config)
  File "/opt/hpcaas/.mounts/fs-072917c00f01ae1ba/home/chuanyang/envs/fairseq2/fairseq2/src/fairseq2/recipes/common/_gang.py", line 67, in setup_gangs
    gangs = setup_parallel_gangs(root_gang, tp_size=tp_size)
  File "/opt/hpcaas/.mounts/fs-072917c00f01ae1ba/home/chuanyang/envs/fairseq2/fairseq2/src/fairseq2/gang.py", line 715, in setup_parallel_gangs
    log.info("Initializing data parallel gang with a size of {}.", dp_size)
  File "/opt/hpcaas/.mounts/fs-072917c00f01ae1ba/home/chuanyang/envs/fairseq2/fairseq2/src/fairseq2/logging.py", line 40, in info
    self._write(logging.INFO, message, args)
Call stack:
  File "/opt/hpcaas/.mounts/fs-072917c00f01ae1ba/home/chuanyang/envs/fairseq2/fairseq2/src/fairseq2/logging.py", line 67, in _write
    self._logger.log(level, message, exc_info=exc_info, extra=self._NO_HIGHLIGHT)
  File "/home/chuanyang/miniconda3/envs/fairseq2/bin/fairseq2", line 8, in <module>
    sys.exit(main())
  File "/opt/hpcaas/.mounts/fs-072917c00f01ae1ba/home/chuanyang/envs/fairseq2/fairseq2/src/fairseq2/cli/_main.py", line 27, in main
    exit_code = _run()
  File "/opt/hpcaas/.mounts/fs-072917c00f01ae1ba/home/chuanyang/envs/fairseq2/fairseq2/src/fairseq2/cli/_main.py", line 73, in _run
    return cli.run(context)
  File "/opt/hpcaas/.mounts/fs-072917c00f01ae1ba/home/chuanyang/envs/fairseq2/fairseq2/src/fairseq2/cli/_cli.py", line 123, in run
    return args.command.run(context, args)  # type: ignore[no-any-return]
Message: 'Initializing data parallel gang with a size of 16.'
Arguments: ()
  File "/opt/hpcaas/.mounts/fs-072917c00f01ae1ba/home/chuanyang/envs/fairseq2/fairseq2/src/fairseq2/cli/_cli.py", line 361, in run
    return self._handler.run(context, self._parser, args)
  File "/opt/hpcaas/.mounts/fs-072917c00f01ae1ba/home/chuanyang/envs/fairseq2/fairseq2/src/fairseq2/cli/commands/recipe.py", line 245, in run
    recipe = self._loader(context, config, output_dir)
  File "/opt/hpcaas/.mounts/fs-072917c00f01ae1ba/home/chuanyang/envs/fairseq2/fairseq2/src/fairseq2/recipes/lm/_preference_finetune/_recipe.py", line 224, in load_po_finetuner
    gangs = setup_gangs(context, config)
  File "/opt/hpcaas/.mounts/fs-072917c00f01ae1ba/home/chuanyang/envs/fairseq2/fairseq2/src/fairseq2/recipes/common/_gang.py", line 52, in setup_gangs
    log.info("Initializing the parallel gangs.")
  File "/opt/hpcaas/.mounts/fs-072917c00f01ae1ba/home/chuanyang/envs/fairseq2/fairseq2/src/fairseq2/logging.py", line 40, in info
    self._write(logging.INFO, message, args)
  File "/home/chuanyang/miniconda3/envs/fairseq2/bin/fairseq2", line 8, in <module>
    sys.exit(main())
  File "/opt/hpcaas/.mounts/fs-072917c00f01ae1ba/home/chuanyang/envs/fairseq2/fairseq2/src/fairseq2/cli/_main.py", line 27, in main
    exit_code = _run()
  File "/opt/hpcaas/.mounts/fs-072917c00f01ae1ba/home/chuanyang/envs/fairseq2/fairseq2/src/fairseq2/cli/_main.py", line 73, in _run
    return cli.run(context)
  File "/opt/hpcaas/.mounts/fs-072917c00f01ae1ba/home/chuanyang/envs/fairseq2/fairseq2/src/fairseq2/cli/_cli.py", line 123, in run
    return args.command.run(context, args)  # type: ignore[no-any-return]
  File "/opt/hpcaas/.mounts/fs-072917c00f01ae1ba/home/chuanyang/envs/fairseq2/fairseq2/src/fairseq2/cli/_cli.py", line 361, in run
    return self._handler.run(context, self._parser, args)
  File "/opt/hpcaas/.mounts/fs-072917c00f01ae1ba/home/chuanyang/envs/fairseq2/fairseq2/src/fairseq2/cli/commands/recipe.py", line 245, in run
    recipe = self._loader(context, config, output_dir)
  File "/opt/hpcaas/.mounts/fs-072917c00f01ae1ba/home/chuanyang/envs/fairseq2/fairseq2/src/fairseq2/logging.py", line 67, in _write
    self._logger.log(level, message, exc_info=exc_info, extra=self._NO_HIGHLIGHT)
Message: 'Initializing the parallel gangs.'
Arguments: ()
  File "/opt/hpcaas/.mounts/fs-072917c00f01ae1ba/home/chuanyang/envs/fairseq2/fairseq2/src/fairseq2/recipes/lm/_preference_finetune/_recipe.py", line 224, in load_po_finetuner
    gangs = setup_gangs(context, config)
  File "/opt/hpcaas/.mounts/fs-072917c00f01ae1ba/home/chuanyang/envs/fairseq2/fairseq2/src/fairseq2/recipes/common/_gang.py", line 67, in setup_gangs
    gangs = setup_parallel_gangs(root_gang, tp_size=tp_size)
  File "/opt/hpcaas/.mounts/fs-072917c00f01ae1ba/home/chuanyang/envs/fairseq2/fairseq2/src/fairseq2/gang.py", line 715, in setup_parallel_gangs
    log.info("Initializing data parallel gang with a size of {}.", dp_size)
  File "/opt/hpcaas/.mounts/fs-072917c00f01ae1ba/home/chuanyang/envs/fairseq2/fairseq2/src/fairseq2/logging.py", line 40, in info
    self._write(logging.INFO, message, args)
  File "/opt/hpcaas/.mounts/fs-072917c00f01ae1ba/home/chuanyang/envs/fairseq2/fairseq2/src/fairseq2/logging.py", line 67, in _write
--- Logging error ---
    self._logger.log(level, message, exc_info=exc_info, extra=self._NO_HIGHLIGHT)
Traceback (most recent call last):
Message: 'Initializing data parallel gang with a size of 16.'
Arguments: ()
  File "/home/chuanyang/envs/fairseq2/conda/lib/python3.10/logging/__init__.py", line 1104, in emit
    self.flush()
  File "/home/chuanyang/envs/fairseq2/conda/lib/python3.10/logging/__init__.py", line 1084, in flush
    self.stream.flush()
OSError: [Errno 122] Disk quota exceeded
Call stack:
--- Logging error ---
  File "/home/chuanyang/miniconda3/envs/fairseq2/bin/fairseq2", line 8, in <module>
    sys.exit(main())
  File "/opt/hpcaas/.mounts/fs-072917c00f01ae1ba/home/chuanyang/envs/fairseq2/fairseq2/src/fairseq2/cli/_main.py", line 27, in main
    exit_code = _run()
  File "/opt/hpcaas/.mounts/fs-072917c00f01ae1ba/home/chuanyang/envs/fairseq2/fairseq2/src/fairseq2/cli/_main.py", line 73, in _run
    return cli.run(context)
  File "/opt/hpcaas/.mounts/fs-072917c00f01ae1ba/home/chuanyang/envs/fairseq2/fairseq2/src/fairseq2/cli/_cli.py", line 123, in run
    return args.command.run(context, args)  # type: ignore[no-any-return]
Traceback (most recent call last):
  File "/opt/hpcaas/.mounts/fs-072917c00f01ae1ba/home/chuanyang/envs/fairseq2/fairseq2/src/fairseq2/cli/_cli.py", line 361, in run
    return self._handler.run(context, self._parser, args)
  File "/opt/hpcaas/.mounts/fs-072917c00f01ae1ba/home/chuanyang/envs/fairseq2/fairseq2/src/fairseq2/cli/commands/recipe.py", line 245, in run
    recipe = self._loader(context, config, output_dir)
  File "/opt/hpcaas/.mounts/fs-072917c00f01ae1ba/home/chuanyang/envs/fairseq2/fairseq2/src/fairseq2/recipes/lm/_preference_finetune/_recipe.py", line 224, in load_po_finetuner
    gangs = setup_gangs(context, config)
  File "/opt/hpcaas/.mounts/fs-072917c00f01ae1ba/home/chuanyang/envs/fairseq2/fairseq2/src/fairseq2/recipes/common/_gang.py", line 52, in setup_gangs
    log.info("Initializing the parallel gangs.")
  File "/opt/hpcaas/.mounts/fs-072917c00f01ae1ba/home/chuanyang/envs/fairseq2/fairseq2/src/fairseq2/logging.py", line 40, in info
    self._write(logging.INFO, message, args)
  File "/home/chuanyang/envs/fairseq2/conda/lib/python3.10/logging/__init__.py", line 1104, in emit
    self.flush()
  File "/home/chuanyang/envs/fairseq2/conda/lib/python3.10/logging/__init__.py", line 1084, in flush
    self.stream.flush()
  File "/opt/hpcaas/.mounts/fs-072917c00f01ae1ba/home/chuanyang/envs/fairseq2/fairseq2/src/fairseq2/logging.py", line 67, in _write
    self._logger.log(level, message, exc_info=exc_info, extra=self._NO_HIGHLIGHT)
OSError: [Errno 122] Disk quota exceeded
Call stack:
Message: 'Initializing the parallel gangs.'
Arguments: ()
  File "/home/chuanyang/miniconda3/envs/fairseq2/bin/fairseq2", line 8, in <module>
    sys.exit(main())
  File "/opt/hpcaas/.mounts/fs-072917c00f01ae1ba/home/chuanyang/envs/fairseq2/fairseq2/src/fairseq2/cli/_main.py", line 27, in main
    exit_code = _run()
  File "/opt/hpcaas/.mounts/fs-072917c00f01ae1ba/home/chuanyang/envs/fairseq2/fairseq2/src/fairseq2/cli/_main.py", line 73, in _run
    return cli.run(context)
  File "/opt/hpcaas/.mounts/fs-072917c00f01ae1ba/home/chuanyang/envs/fairseq2/fairseq2/src/fairseq2/cli/_cli.py", line 123, in run
    return args.command.run(context, args)  # type: ignore[no-any-return]
--- Logging error ---
  File "/opt/hpcaas/.mounts/fs-072917c00f01ae1ba/home/chuanyang/envs/fairseq2/fairseq2/src/fairseq2/cli/_cli.py", line 361, in run
    return self._handler.run(context, self._parser, args)
  File "/opt/hpcaas/.mounts/fs-072917c00f01ae1ba/home/chuanyang/envs/fairseq2/fairseq2/src/fairseq2/cli/commands/recipe.py", line 245, in run
    recipe = self._loader(context, config, output_dir)
  File "/opt/hpcaas/.mounts/fs-072917c00f01ae1ba/home/chuanyang/envs/fairseq2/fairseq2/src/fairseq2/recipes/lm/_preference_finetune/_recipe.py", line 224, in load_po_finetuner
    gangs = setup_gangs(context, config)
  File "/opt/hpcaas/.mounts/fs-072917c00f01ae1ba/home/chuanyang/envs/fairseq2/fairseq2/src/fairseq2/recipes/common/_gang.py", line 67, in setup_gangs
    gangs = setup_parallel_gangs(root_gang, tp_size=tp_size)
  File "/opt/hpcaas/.mounts/fs-072917c00f01ae1ba/home/chuanyang/envs/fairseq2/fairseq2/src/fairseq2/gang.py", line 734, in setup_parallel_gangs
--- Logging error ---
    log.info("Initializing tensor parallel gang with a size of {}.", tp_size)
  File "/opt/hpcaas/.mounts/fs-072917c00f01ae1ba/home/chuanyang/envs/fairseq2/fairseq2/src/fairseq2/logging.py", line 40, in info
    self._write(logging.INFO, message, args)
  File "/opt/hpcaas/.mounts/fs-072917c00f01ae1ba/home/chuanyang/envs/fairseq2/fairseq2/src/fairseq2/logging.py", line 67, in _write
    self._logger.log(level, message, exc_info=exc_info, extra=self._NO_HIGHLIGHT)
Message: 'Initializing tensor parallel gang with a size of 1.'
Arguments: ()
--- Logging error ---
--- Logging error ---
Traceback (most recent call last):
  File "/home/chuanyang/envs/fairseq2/conda/lib/python3.10/logging/__init__.py", line 1104, in emit
    self.flush()
  File "/home/chuanyang/envs/fairseq2/conda/lib/python3.10/logging/__init__.py", line 1084, in flush
    self.stream.flush()
OSError: [Errno 122] Disk quota exceeded
Call stack:
Traceback (most recent call last):
--- Logging error ---
  File "/home/chuanyang/envs/fairseq2/conda/lib/python3.10/logging/__init__.py", line 1104, in emit
    self.flush()
Traceback (most recent call last):
  File "/home/chuanyang/envs/fairseq2/conda/lib/python3.10/logging/__init__.py", line 1084, in flush
    self.stream.flush()
OSError: [Errno 122] Disk quota exceeded
Traceback (most recent call last):
  File "/home/chuanyang/envs/fairseq2/conda/lib/python3.10/logging/__init__.py", line 1104, in emit
    self.flush()
  File "/home/chuanyang/envs/fairseq2/conda/lib/python3.10/logging/__init__.py", line 1084, in flush
    self.stream.flush()
OSError: [Errno 122] Disk quota exceeded
Call stack:
  File "/home/chuanyang/envs/fairseq2/conda/lib/python3.10/logging/__init__.py", line 1104, in emit
    self.flush()
  File "/home/chuanyang/envs/fairseq2/conda/lib/python3.10/logging/__init__.py", line 1084, in flush
    self.stream.flush()
OSError: [Errno 122] Disk quota exceeded
Call stack:
  File "/home/chuanyang/miniconda3/envs/fairseq2/bin/fairseq2", line 8, in <module>
    sys.exit(main())
  File "/opt/hpcaas/.mounts/fs-072917c00f01ae1ba/home/chuanyang/envs/fairseq2/fairseq2/src/fairseq2/cli/_main.py", line 27, in main
    exit_code = _run()
  File "/opt/hpcaas/.mounts/fs-072917c00f01ae1ba/home/chuanyang/envs/fairseq2/fairseq2/src/fairseq2/cli/_main.py", line 73, in _run
    return cli.run(context)
  File "/opt/hpcaas/.mounts/fs-072917c00f01ae1ba/home/chuanyang/envs/fairseq2/fairseq2/src/fairseq2/cli/_cli.py", line 123, in run
    return args.command.run(context, args)  # type: ignore[no-any-return]
  File "/opt/hpcaas/.mounts/fs-072917c00f01ae1ba/home/chuanyang/envs/fairseq2/fairseq2/src/fairseq2/cli/_cli.py", line 361, in run
    return self._handler.run(context, self._parser, args)
  File "/opt/hpcaas/.mounts/fs-072917c00f01ae1ba/home/chuanyang/envs/fairseq2/fairseq2/src/fairseq2/cli/commands/recipe.py", line 245, in run
    recipe = self._loader(context, config, output_dir)
Traceback (most recent call last):
  File "/home/chuanyang/envs/fairseq2/conda/lib/python3.10/logging/__init__.py", line 1104, in emit
    self.flush()
  File "/home/chuanyang/envs/fairseq2/conda/lib/python3.10/logging/__init__.py", line 1084, in flush
    self.stream.flush()
  File "/opt/hpcaas/.mounts/fs-072917c00f01ae1ba/home/chuanyang/envs/fairseq2/fairseq2/src/fairseq2/recipes/lm/_preference_finetune/_recipe.py", line 224, in load_po_finetuner
    gangs = setup_gangs(context, config)
  File "/opt/hpcaas/.mounts/fs-072917c00f01ae1ba/home/chuanyang/envs/fairseq2/fairseq2/src/fairseq2/recipes/common/_gang.py", line 67, in setup_gangs
    gangs = setup_parallel_gangs(root_gang, tp_size=tp_size)
Call stack:
  File "/opt/hpcaas/.mounts/fs-072917c00f01ae1ba/home/chuanyang/envs/fairseq2/fairseq2/src/fairseq2/gang.py", line 734, in setup_parallel_gangs
    log.info("Initializing tensor parallel gang with a size of {}.", tp_size)
  File "/opt/hpcaas/.mounts/fs-072917c00f01ae1ba/home/chuanyang/envs/fairseq2/fairseq2/src/fairseq2/logging.py", line 40, in info
    self._write(logging.INFO, message, args)
  File "/opt/hpcaas/.mounts/fs-072917c00f01ae1ba/home/chuanyang/envs/fairseq2/fairseq2/src/fairseq2/logging.py", line 67, in _write
    self._logger.log(level, message, exc_info=exc_info, extra=self._NO_HIGHLIGHT)
Message: 'Initializing tensor parallel gang with a size of 1.'
Arguments: ()
OSError: [Errno 122] Disk quota exceeded
Call stack:
--- Logging error ---
--- Logging error ---
--- Logging error ---
Traceback (most recent call last):
Traceback (most recent call last):
  File "/home/chuanyang/envs/fairseq2/conda/lib/python3.10/logging/__init__.py", line 1104, in emit
    self.flush()
  File "/home/chuanyang/envs/fairseq2/conda/lib/python3.10/logging/__init__.py", line 1084, in flush
    self.stream.flush()
  File "/home/chuanyang/envs/fairseq2/conda/lib/python3.10/logging/__init__.py", line 1104, in emit
    self.flush()
  File "/home/chuanyang/envs/fairseq2/conda/lib/python3.10/logging/__init__.py", line 1084, in flush
    self.stream.flush()
OSError: [Errno 122] Disk quota exceeded
Call stack:
OSError: [Errno 122] Disk quota exceeded
Call stack:
  File "/home/chuanyang/miniconda3/envs/fairseq2/bin/fairseq2", line 8, in <module>
    sys.exit(main())
  File "/opt/hpcaas/.mounts/fs-072917c00f01ae1ba/home/chuanyang/envs/fairseq2/fairseq2/src/fairseq2/cli/_main.py", line 27, in main
    exit_code = _run()
  File "/opt/hpcaas/.mounts/fs-072917c00f01ae1ba/home/chuanyang/envs/fairseq2/fairseq2/src/fairseq2/cli/_main.py", line 73, in _run
    return cli.run(context)
  File "/opt/hpcaas/.mounts/fs-072917c00f01ae1ba/home/chuanyang/envs/fairseq2/fairseq2/src/fairseq2/cli/_cli.py", line 123, in run
    return args.command.run(context, args)  # type: ignore[no-any-return]
  File "/opt/hpcaas/.mounts/fs-072917c00f01ae1ba/home/chuanyang/envs/fairseq2/fairseq2/src/fairseq2/cli/_cli.py", line 361, in run
    return self._handler.run(context, self._parser, args)
  File "/opt/hpcaas/.mounts/fs-072917c00f01ae1ba/home/chuanyang/envs/fairseq2/fairseq2/src/fairseq2/cli/commands/recipe.py", line 245, in run
    recipe = self._loader(context, config, output_dir)
--- Logging error ---
  File "/opt/hpcaas/.mounts/fs-072917c00f01ae1ba/home/chuanyang/envs/fairseq2/fairseq2/src/fairseq2/recipes/lm/_preference_finetune/_recipe.py", line 224, in load_po_finetuner
    gangs = setup_gangs(context, config)
  File "/opt/hpcaas/.mounts/fs-072917c00f01ae1ba/home/chuanyang/envs/fairseq2/fairseq2/src/fairseq2/recipes/common/_gang.py", line 73, in setup_gangs
    log.info("Parallel gangs initialized.")
  File "/opt/hpcaas/.mounts/fs-072917c00f01ae1ba/home/chuanyang/envs/fairseq2/fairseq2/src/fairseq2/logging.py", line 40, in info
    self._write(logging.INFO, message, args)
  File "/opt/hpcaas/.mounts/fs-072917c00f01ae1ba/home/chuanyang/envs/fairseq2/fairseq2/src/fairseq2/logging.py", line 67, in _write
    self._logger.log(level, message, exc_info=exc_info, extra=self._NO_HIGHLIGHT)
Traceback (most recent call last):
  File "/home/chuanyang/envs/fairseq2/conda/lib/python3.10/logging/__init__.py", line 1104, in emit
    self.flush()
Message: 'Parallel gangs initialized.'
Arguments: ()
  File "/home/chuanyang/envs/fairseq2/conda/lib/python3.10/logging/__init__.py", line 1084, in flush
    self.stream.flush()
OSError: [Errno 122] Disk quota exceeded
Call stack:
--- Logging error ---
  File "/home/chuanyang/miniconda3/envs/fairseq2/bin/fairseq2", line 8, in <module>
    sys.exit(main())
  File "/opt/hpcaas/.mounts/fs-072917c00f01ae1ba/home/chuanyang/envs/fairseq2/fairseq2/src/fairseq2/cli/_main.py", line 27, in main
    exit_code = _run()
  File "/opt/hpcaas/.mounts/fs-072917c00f01ae1ba/home/chuanyang/envs/fairseq2/fairseq2/src/fairseq2/cli/_main.py", line 73, in _run
    return cli.run(context)
  File "/opt/hpcaas/.mounts/fs-072917c00f01ae1ba/home/chuanyang/envs/fairseq2/fairseq2/src/fairseq2/cli/_cli.py", line 123, in run
    return args.command.run(context, args)  # type: ignore[no-any-return]
Traceback (most recent call last):
  File "/home/chuanyang/miniconda3/envs/fairseq2/bin/fairseq2", line 8, in <module>
    sys.exit(main())
  File "/opt/hpcaas/.mounts/fs-072917c00f01ae1ba/home/chuanyang/envs/fairseq2/fairseq2/src/fairseq2/cli/_main.py", line 27, in main
    exit_code = _run()
  File "/opt/hpcaas/.mounts/fs-072917c00f01ae1ba/home/chuanyang/envs/fairseq2/fairseq2/src/fairseq2/cli/_main.py", line 73, in _run
    return cli.run(context)
  File "/opt/hpcaas/.mounts/fs-072917c00f01ae1ba/home/chuanyang/envs/fairseq2/fairseq2/src/fairseq2/cli/_cli.py", line 123, in run
    return args.command.run(context, args)  # type: ignore[no-any-return]
  File "/opt/hpcaas/.mounts/fs-072917c00f01ae1ba/home/chuanyang/envs/fairseq2/fairseq2/src/fairseq2/cli/_cli.py", line 361, in run
    return self._handler.run(context, self._parser, args)
  File "/opt/hpcaas/.mounts/fs-072917c00f01ae1ba/home/chuanyang/envs/fairseq2/fairseq2/src/fairseq2/cli/commands/recipe.py", line 245, in run
    recipe = self._loader(context, config, output_dir)
  File "/home/chuanyang/envs/fairseq2/conda/lib/python3.10/logging/__init__.py", line 1104, in emit
    self.flush()
  File "/opt/hpcaas/.mounts/fs-072917c00f01ae1ba/home/chuanyang/envs/fairseq2/fairseq2/src/fairseq2/recipes/lm/_preference_finetune/_recipe.py", line 224, in load_po_finetuner
    gangs = setup_gangs(context, config)
  File "/opt/hpcaas/.mounts/fs-072917c00f01ae1ba/home/chuanyang/envs/fairseq2/fairseq2/src/fairseq2/recipes/common/_gang.py", line 67, in setup_gangs
    gangs = setup_parallel_gangs(root_gang, tp_size=tp_size)
  File "/opt/hpcaas/.mounts/fs-072917c00f01ae1ba/home/chuanyang/envs/fairseq2/fairseq2/src/fairseq2/gang.py", line 715, in setup_parallel_gangs
    log.info("Initializing data parallel gang with a size of {}.", dp_size)
  File "/opt/hpcaas/.mounts/fs-072917c00f01ae1ba/home/chuanyang/envs/fairseq2/fairseq2/src/fairseq2/logging.py", line 40, in info
    self._write(logging.INFO, message, args)
  File "/opt/hpcaas/.mounts/fs-072917c00f01ae1ba/home/chuanyang/envs/fairseq2/fairseq2/src/fairseq2/logging.py", line 67, in _write
  File "/home/chuanyang/envs/fairseq2/conda/lib/python3.10/logging/__init__.py", line 1084, in flush
    self.stream.flush()
OSError: [Errno 122] Disk quota exceeded
Call stack:
    self._logger.log(level, message, exc_info=exc_info, extra=self._NO_HIGHLIGHT)
Message: 'Initializing data parallel gang with a size of 16.'
Arguments: ()
  File "/home/chuanyang/miniconda3/envs/fairseq2/bin/fairseq2", line 8, in <module>
    sys.exit(main())
  File "/opt/hpcaas/.mounts/fs-072917c00f01ae1ba/home/chuanyang/envs/fairseq2/fairseq2/src/fairseq2/cli/_main.py", line 27, in main
    exit_code = _run()
  File "/opt/hpcaas/.mounts/fs-072917c00f01ae1ba/home/chuanyang/envs/fairseq2/fairseq2/src/fairseq2/cli/_main.py", line 73, in _run
    return cli.run(context)
  File "/opt/hpcaas/.mounts/fs-072917c00f01ae1ba/home/chuanyang/envs/fairseq2/fairseq2/src/fairseq2/cli/_cli.py", line 123, in run
    return args.command.run(context, args)  # type: ignore[no-any-return]
  File "/opt/hpcaas/.mounts/fs-072917c00f01ae1ba/home/chuanyang/envs/fairseq2/fairseq2/src/fairseq2/cli/_cli.py", line 361, in run
    return self._handler.run(context, self._parser, args)
  File "/opt/hpcaas/.mounts/fs-072917c00f01ae1ba/home/chuanyang/envs/fairseq2/fairseq2/src/fairseq2/cli/commands/recipe.py", line 245, in run
    recipe = self._loader(context, config, output_dir)
  File "/home/chuanyang/miniconda3/envs/fairseq2/bin/fairseq2", line 8, in <module>
    sys.exit(main())
  File "/opt/hpcaas/.mounts/fs-072917c00f01ae1ba/home/chuanyang/envs/fairseq2/fairseq2/src/fairseq2/cli/_main.py", line 27, in main
    exit_code = _run()
  File "/opt/hpcaas/.mounts/fs-072917c00f01ae1ba/home/chuanyang/envs/fairseq2/fairseq2/src/fairseq2/cli/_main.py", line 73, in _run
    return cli.run(context)
  File "/opt/hpcaas/.mounts/fs-072917c00f01ae1ba/home/chuanyang/envs/fairseq2/fairseq2/src/fairseq2/cli/_cli.py", line 123, in run
    return args.command.run(context, args)  # type: ignore[no-any-return]
  File "/opt/hpcaas/.mounts/fs-072917c00f01ae1ba/home/chuanyang/envs/fairseq2/fairseq2/src/fairseq2/cli/_cli.py", line 361, in run
    return self._handler.run(context, self._parser, args)
  File "/opt/hpcaas/.mounts/fs-072917c00f01ae1ba/home/chuanyang/envs/fairseq2/fairseq2/src/fairseq2/cli/commands/recipe.py", line 245, in run
    recipe = self._loader(context, config, output_dir)
  File "/opt/hpcaas/.mounts/fs-072917c00f01ae1ba/home/chuanyang/envs/fairseq2/fairseq2/src/fairseq2/recipes/lm/_preference_finetune/_recipe.py", line 224, in load_po_finetuner
    gangs = setup_gangs(context, config)
  File "/opt/hpcaas/.mounts/fs-072917c00f01ae1ba/home/chuanyang/envs/fairseq2/fairseq2/src/fairseq2/recipes/common/_gang.py", line 73, in setup_gangs
    log.info("Parallel gangs initialized.")
  File "/opt/hpcaas/.mounts/fs-072917c00f01ae1ba/home/chuanyang/envs/fairseq2/fairseq2/src/fairseq2/logging.py", line 40, in info
    self._write(logging.INFO, message, args)
  File "/opt/hpcaas/.mounts/fs-072917c00f01ae1ba/home/chuanyang/envs/fairseq2/fairseq2/src/fairseq2/recipes/lm/_preference_finetune/_recipe.py", line 224, in load_po_finetuner
    gangs = setup_gangs(context, config)
  File "/opt/hpcaas/.mounts/fs-072917c00f01ae1ba/home/chuanyang/envs/fairseq2/fairseq2/src/fairseq2/recipes/common/_gang.py", line 67, in setup_gangs
    gangs = setup_parallel_gangs(root_gang, tp_size=tp_size)
  File "/opt/hpcaas/.mounts/fs-072917c00f01ae1ba/home/chuanyang/envs/fairseq2/fairseq2/src/fairseq2/gang.py", line 715, in setup_parallel_gangs
    log.info("Initializing data parallel gang with a size of {}.", dp_size)
  File "/opt/hpcaas/.mounts/fs-072917c00f01ae1ba/home/chuanyang/envs/fairseq2/fairseq2/src/fairseq2/logging.py", line 40, in info
    self._write(logging.INFO, message, args)
  File "/opt/hpcaas/.mounts/fs-072917c00f01ae1ba/home/chuanyang/envs/fairseq2/fairseq2/src/fairseq2/logging.py", line 67, in _write
  File "/opt/hpcaas/.mounts/fs-072917c00f01ae1ba/home/chuanyang/envs/fairseq2/fairseq2/src/fairseq2/logging.py", line 67, in _write
    self._logger.log(level, message, exc_info=exc_info, extra=self._NO_HIGHLIGHT)
Message: 'Parallel gangs initialized.'
Arguments: ()
    self._logger.log(level, message, exc_info=exc_info, extra=self._NO_HIGHLIGHT)
Message: 'Initializing data parallel gang with a size of 16.'
Arguments: ()
Traceback (most recent call last):
  File "/home/chuanyang/envs/fairseq2/conda/lib/python3.10/logging/__init__.py", line 1104, in emit
    self.flush()
  File "/home/chuanyang/miniconda3/envs/fairseq2/bin/fairseq2", line 8, in <module>
    sys.exit(main())
  File "/opt/hpcaas/.mounts/fs-072917c00f01ae1ba/home/chuanyang/envs/fairseq2/fairseq2/src/fairseq2/cli/_main.py", line 27, in main
    exit_code = _run()
  File "/opt/hpcaas/.mounts/fs-072917c00f01ae1ba/home/chuanyang/envs/fairseq2/fairseq2/src/fairseq2/cli/_main.py", line 73, in _run
    return cli.run(context)
  File "/opt/hpcaas/.mounts/fs-072917c00f01ae1ba/home/chuanyang/envs/fairseq2/fairseq2/src/fairseq2/cli/_cli.py", line 123, in run
    return args.command.run(context, args)  # type: ignore[no-any-return]
  File "/opt/hpcaas/.mounts/fs-072917c00f01ae1ba/home/chuanyang/envs/fairseq2/fairseq2/src/fairseq2/cli/_cli.py", line 361, in run
    return self._handler.run(context, self._parser, args)
  File "/opt/hpcaas/.mounts/fs-072917c00f01ae1ba/home/chuanyang/envs/fairseq2/fairseq2/src/fairseq2/cli/commands/recipe.py", line 245, in run
    recipe = self._loader(context, config, output_dir)
  File "/home/chuanyang/envs/fairseq2/conda/lib/python3.10/logging/__init__.py", line 1084, in flush
    self.stream.flush()
OSError: [Errno 122] Disk quota exceeded
  File "/opt/hpcaas/.mounts/fs-072917c00f01ae1ba/home/chuanyang/envs/fairseq2/fairseq2/src/fairseq2/recipes/lm/_preference_finetune/_recipe.py", line 224, in load_po_finetuner
    gangs = setup_gangs(context, config)
  File "/opt/hpcaas/.mounts/fs-072917c00f01ae1ba/home/chuanyang/envs/fairseq2/fairseq2/src/fairseq2/recipes/common/_gang.py", line 67, in setup_gangs
    gangs = setup_parallel_gangs(root_gang, tp_size=tp_size)
  File "/opt/hpcaas/.mounts/fs-072917c00f01ae1ba/home/chuanyang/envs/fairseq2/fairseq2/src/fairseq2/gang.py", line 715, in setup_parallel_gangs
    log.info("Initializing data parallel gang with a size of {}.", dp_size)
  File "/opt/hpcaas/.mounts/fs-072917c00f01ae1ba/home/chuanyang/envs/fairseq2/fairseq2/src/fairseq2/logging.py", line 40, in info
    self._write(logging.INFO, message, args)
  File "/opt/hpcaas/.mounts/fs-072917c00f01ae1ba/home/chuanyang/envs/fairseq2/fairseq2/src/fairseq2/logging.py", line 67, in _write
Call stack:
    self._logger.log(level, message, exc_info=exc_info, extra=self._NO_HIGHLIGHT)
Message: 'Initializing data parallel gang with a size of 16.'
Arguments: ()
  File "/home/chuanyang/miniconda3/envs/fairseq2/bin/fairseq2", line 8, in <module>
    sys.exit(main())
  File "/opt/hpcaas/.mounts/fs-072917c00f01ae1ba/home/chuanyang/envs/fairseq2/fairseq2/src/fairseq2/cli/_main.py", line 27, in main
    exit_code = _run()
  File "/opt/hpcaas/.mounts/fs-072917c00f01ae1ba/home/chuanyang/envs/fairseq2/fairseq2/src/fairseq2/cli/_main.py", line 73, in _run
    return cli.run(context)
  File "/opt/hpcaas/.mounts/fs-072917c00f01ae1ba/home/chuanyang/envs/fairseq2/fairseq2/src/fairseq2/cli/_cli.py", line 123, in run
    return args.command.run(context, args)  # type: ignore[no-any-return]
  File "/opt/hpcaas/.mounts/fs-072917c00f01ae1ba/home/chuanyang/envs/fairseq2/fairseq2/src/fairseq2/cli/_cli.py", line 361, in run
    return self._handler.run(context, self._parser, args)
  File "/opt/hpcaas/.mounts/fs-072917c00f01ae1ba/home/chuanyang/envs/fairseq2/fairseq2/src/fairseq2/cli/commands/recipe.py", line 245, in run
    recipe = self._loader(context, config, output_dir)
  File "/home/chuanyang/miniconda3/envs/fairseq2/bin/fairseq2", line 8, in <module>
    sys.exit(main())
  File "/opt/hpcaas/.mounts/fs-072917c00f01ae1ba/home/chuanyang/envs/fairseq2/fairseq2/src/fairseq2/cli/_main.py", line 27, in main
    exit_code = _run()
  File "/opt/hpcaas/.mounts/fs-072917c00f01ae1ba/home/chuanyang/envs/fairseq2/fairseq2/src/fairseq2/cli/_main.py", line 73, in _run
    return cli.run(context)
  File "/opt/hpcaas/.mounts/fs-072917c00f01ae1ba/home/chuanyang/envs/fairseq2/fairseq2/src/fairseq2/cli/_cli.py", line 123, in run
    return args.command.run(context, args)  # type: ignore[no-any-return]
  File "/opt/hpcaas/.mounts/fs-072917c00f01ae1ba/home/chuanyang/envs/fairseq2/fairseq2/src/fairseq2/cli/_cli.py", line 361, in run
    return self._handler.run(context, self._parser, args)
  File "/opt/hpcaas/.mounts/fs-072917c00f01ae1ba/home/chuanyang/envs/fairseq2/fairseq2/src/fairseq2/cli/commands/recipe.py", line 245, in run
    recipe = self._loader(context, config, output_dir)
  File "/opt/hpcaas/.mounts/fs-072917c00f01ae1ba/home/chuanyang/envs/fairseq2/fairseq2/src/fairseq2/recipes/lm/_preference_finetune/_recipe.py", line 224, in load_po_finetuner
    gangs = setup_gangs(context, config)
  File "/opt/hpcaas/.mounts/fs-072917c00f01ae1ba/home/chuanyang/envs/fairseq2/fairseq2/src/fairseq2/recipes/lm/_preference_finetune/_recipe.py", line 224, in load_po_finetuner
    gangs = setup_gangs(context, config)
  File "/opt/hpcaas/.mounts/fs-072917c00f01ae1ba/home/chuanyang/envs/fairseq2/fairseq2/src/fairseq2/recipes/common/_gang.py", line 67, in setup_gangs
    gangs = setup_parallel_gangs(root_gang, tp_size=tp_size)
  File "/opt/hpcaas/.mounts/fs-072917c00f01ae1ba/home/chuanyang/envs/fairseq2/fairseq2/src/fairseq2/gang.py", line 715, in setup_parallel_gangs
    log.info("Initializing data parallel gang with a size of {}.", dp_size)
  File "/opt/hpcaas/.mounts/fs-072917c00f01ae1ba/home/chuanyang/envs/fairseq2/fairseq2/src/fairseq2/logging.py", line 40, in info
    self._write(logging.INFO, message, args)
  File "/opt/hpcaas/.mounts/fs-072917c00f01ae1ba/home/chuanyang/envs/fairseq2/fairseq2/src/fairseq2/logging.py", line 67, in _write
  File "/opt/hpcaas/.mounts/fs-072917c00f01ae1ba/home/chuanyang/envs/fairseq2/fairseq2/src/fairseq2/recipes/common/_gang.py", line 50, in setup_gangs
    log.info("Root gang initialized.")
  File "/opt/hpcaas/.mounts/fs-072917c00f01ae1ba/home/chuanyang/envs/fairseq2/fairseq2/src/fairseq2/logging.py", line 40, in info
    self._write(logging.INFO, message, args)
  File "/opt/hpcaas/.mounts/fs-072917c00f01ae1ba/home/chuanyang/envs/fairseq2/fairseq2/src/fairseq2/logging.py", line 67, in _write
    self._logger.log(level, message, exc_info=exc_info, extra=self._NO_HIGHLIGHT)
Message: 'Root gang initialized.'
Arguments: ()
    self._logger.log(level, message, exc_info=exc_info, extra=self._NO_HIGHLIGHT)
Message: 'Initializing data parallel gang with a size of 16.'
Arguments: ()
--- Logging error ---
Traceback (most recent call last):
  File "/opt/hpcaas/.mounts/fs-072917c00f01ae1ba/home/chuanyang/envs/fairseq2/fairseq2/src/fairseq2/cli/_cli.py", line 361, in run
    return self._handler.run(context, self._parser, args)
  File "/opt/hpcaas/.mounts/fs-072917c00f01ae1ba/home/chuanyang/envs/fairseq2/fairseq2/src/fairseq2/cli/commands/recipe.py", line 245, in run
    recipe = self._loader(context, config, output_dir)
  File "/opt/hpcaas/.mounts/fs-072917c00f01ae1ba/home/chuanyang/envs/fairseq2/fairseq2/src/fairseq2/recipes/lm/_preference_finetune/_recipe.py", line 224, in load_po_finetuner
    gangs = setup_gangs(context, config)
  File "/opt/hpcaas/.mounts/fs-072917c00f01ae1ba/home/chuanyang/envs/fairseq2/fairseq2/src/fairseq2/recipes/common/_gang.py", line 67, in setup_gangs
    gangs = setup_parallel_gangs(root_gang, tp_size=tp_size)
  File "/opt/hpcaas/.mounts/fs-072917c00f01ae1ba/home/chuanyang/envs/fairseq2/fairseq2/src/fairseq2/gang.py", line 715, in setup_parallel_gangs
--- Logging error ---
    log.info("Initializing data parallel gang with a size of {}.", dp_size)
  File "/opt/hpcaas/.mounts/fs-072917c00f01ae1ba/home/chuanyang/envs/fairseq2/fairseq2/src/fairseq2/logging.py", line 40, in info
    self._write(logging.INFO, message, args)
  File "/opt/hpcaas/.mounts/fs-072917c00f01ae1ba/home/chuanyang/envs/fairseq2/fairseq2/src/fairseq2/logging.py", line 67, in _write
    self._logger.log(level, message, exc_info=exc_info, extra=self._NO_HIGHLIGHT)
Message: 'Initializing data parallel gang with a size of 16.'
Arguments: ()
  File "/home/chuanyang/envs/fairseq2/conda/lib/python3.10/logging/__init__.py", line 1104, in emit
    self.flush()
  File "/home/chuanyang/envs/fairseq2/conda/lib/python3.10/logging/__init__.py", line 1084, in flush
    self.stream.flush()
OSError: [Errno 122] Disk quota exceeded
Call stack:
  File "/home/chuanyang/miniconda3/envs/fairseq2/bin/fairseq2", line 8, in <module>
    sys.exit(main())
  File "/opt/hpcaas/.mounts/fs-072917c00f01ae1ba/home/chuanyang/envs/fairseq2/fairseq2/src/fairseq2/cli/_main.py", line 27, in main
    exit_code = _run()
  File "/opt/hpcaas/.mounts/fs-072917c00f01ae1ba/home/chuanyang/envs/fairseq2/fairseq2/src/fairseq2/cli/_main.py", line 73, in _run
    return cli.run(context)
  File "/opt/hpcaas/.mounts/fs-072917c00f01ae1ba/home/chuanyang/envs/fairseq2/fairseq2/src/fairseq2/cli/_cli.py", line 123, in run
    return args.command.run(context, args)  # type: ignore[no-any-return]
  File "/opt/hpcaas/.mounts/fs-072917c00f01ae1ba/home/chuanyang/envs/fairseq2/fairseq2/src/fairseq2/cli/_cli.py", line 361, in run
    return self._handler.run(context, self._parser, args)
  File "/opt/hpcaas/.mounts/fs-072917c00f01ae1ba/home/chuanyang/envs/fairseq2/fairseq2/src/fairseq2/cli/commands/recipe.py", line 245, in run
    recipe = self._loader(context, config, output_dir)
  File "/home/chuanyang/miniconda3/envs/fairseq2/bin/fairseq2", line 8, in <module>
    sys.exit(main())
  File "/opt/hpcaas/.mounts/fs-072917c00f01ae1ba/home/chuanyang/envs/fairseq2/fairseq2/src/fairseq2/cli/_main.py", line 27, in main
    exit_code = _run()
  File "/opt/hpcaas/.mounts/fs-072917c00f01ae1ba/home/chuanyang/envs/fairseq2/fairseq2/src/fairseq2/cli/_main.py", line 73, in _run
    return cli.run(context)
  File "/opt/hpcaas/.mounts/fs-072917c00f01ae1ba/home/chuanyang/envs/fairseq2/fairseq2/src/fairseq2/cli/_cli.py", line 123, in run
    return args.command.run(context, args)  # type: ignore[no-any-return]
  File "/opt/hpcaas/.mounts/fs-072917c00f01ae1ba/home/chuanyang/envs/fairseq2/fairseq2/src/fairseq2/cli/_cli.py", line 361, in run
    return self._handler.run(context, self._parser, args)
  File "/opt/hpcaas/.mounts/fs-072917c00f01ae1ba/home/chuanyang/envs/fairseq2/fairseq2/src/fairseq2/cli/commands/recipe.py", line 245, in run
    recipe = self._loader(context, config, output_dir)
  File "/opt/hpcaas/.mounts/fs-072917c00f01ae1ba/home/chuanyang/envs/fairseq2/fairseq2/src/fairseq2/recipes/lm/_preference_finetune/_recipe.py", line 224, in load_po_finetuner
    gangs = setup_gangs(context, config)
  File "/opt/hpcaas/.mounts/fs-072917c00f01ae1ba/home/chuanyang/envs/fairseq2/fairseq2/src/fairseq2/recipes/common/_gang.py", line 67, in setup_gangs
    gangs = setup_parallel_gangs(root_gang, tp_size=tp_size)
  File "/opt/hpcaas/.mounts/fs-072917c00f01ae1ba/home/chuanyang/envs/fairseq2/fairseq2/src/fairseq2/gang.py", line 715, in setup_parallel_gangs
    log.info("Initializing data parallel gang with a size of {}.", dp_size)
  File "/opt/hpcaas/.mounts/fs-072917c00f01ae1ba/home/chuanyang/envs/fairseq2/fairseq2/src/fairseq2/recipes/lm/_preference_finetune/_recipe.py", line 224, in load_po_finetuner
    gangs = setup_gangs(context, config)
  File "/opt/hpcaas/.mounts/fs-072917c00f01ae1ba/home/chuanyang/envs/fairseq2/fairseq2/src/fairseq2/recipes/common/_gang.py", line 52, in setup_gangs
    log.info("Initializing the parallel gangs.")
  File "/opt/hpcaas/.mounts/fs-072917c00f01ae1ba/home/chuanyang/envs/fairseq2/fairseq2/src/fairseq2/logging.py", line 40, in info
    self._write(logging.INFO, message, args)
  File "/opt/hpcaas/.mounts/fs-072917c00f01ae1ba/home/chuanyang/envs/fairseq2/fairseq2/src/fairseq2/logging.py", line 67, in _write
    self._logger.log(level, message, exc_info=exc_info, extra=self._NO_HIGHLIGHT)
Message: 'Initializing the parallel gangs.'
Arguments: ()
  File "/opt/hpcaas/.mounts/fs-072917c00f01ae1ba/home/chuanyang/envs/fairseq2/fairseq2/src/fairseq2/logging.py", line 40, in info
    self._write(logging.INFO, message, args)
  File "/opt/hpcaas/.mounts/fs-072917c00f01ae1ba/home/chuanyang/envs/fairseq2/fairseq2/src/fairseq2/logging.py", line 67, in _write
    self._logger.log(level, message, exc_info=exc_info, extra=self._NO_HIGHLIGHT)
Message: 'Initializing data parallel gang with a size of 16.'
Arguments: ()
Traceback (most recent call last):
  File "/home/chuanyang/envs/fairseq2/conda/lib/python3.10/logging/__init__.py", line 1104, in emit
    self.flush()
  File "/home/chuanyang/envs/fairseq2/conda/lib/python3.10/logging/__init__.py", line 1084, in flush
    self.stream.flush()
--- Logging error ---
OSError: [Errno 122] Disk quota exceeded
--- Logging error ---
Call stack:
Traceback (most recent call last):
  File "/home/chuanyang/miniconda3/envs/fairseq2/bin/fairseq2", line 8, in <module>
    sys.exit(main())
  File "/opt/hpcaas/.mounts/fs-072917c00f01ae1ba/home/chuanyang/envs/fairseq2/fairseq2/src/fairseq2/cli/_main.py", line 27, in main
    exit_code = _run()
  File "/opt/hpcaas/.mounts/fs-072917c00f01ae1ba/home/chuanyang/envs/fairseq2/fairseq2/src/fairseq2/cli/_main.py", line 73, in _run
    return cli.run(context)
  File "/opt/hpcaas/.mounts/fs-072917c00f01ae1ba/home/chuanyang/envs/fairseq2/fairseq2/src/fairseq2/cli/_cli.py", line 123, in run
    return args.command.run(context, args)  # type: ignore[no-any-return]
  File "/opt/hpcaas/.mounts/fs-072917c00f01ae1ba/home/chuanyang/envs/fairseq2/fairseq2/src/fairseq2/cli/_cli.py", line 361, in run
    return self._handler.run(context, self._parser, args)
  File "/opt/hpcaas/.mounts/fs-072917c00f01ae1ba/home/chuanyang/envs/fairseq2/fairseq2/src/fairseq2/cli/commands/recipe.py", line 245, in run
    recipe = self._loader(context, config, output_dir)
  File "/home/chuanyang/envs/fairseq2/conda/lib/python3.10/logging/__init__.py", line 1104, in emit
    self.flush()
  File "/home/chuanyang/envs/fairseq2/conda/lib/python3.10/logging/__init__.py", line 1084, in flush
    self.stream.flush()
OSError: [Errno 122] Disk quota exceeded
  File "/opt/hpcaas/.mounts/fs-072917c00f01ae1ba/home/chuanyang/envs/fairseq2/fairseq2/src/fairseq2/recipes/lm/_preference_finetune/_recipe.py", line 224, in load_po_finetuner
    gangs = setup_gangs(context, config)
  File "/opt/hpcaas/.mounts/fs-072917c00f01ae1ba/home/chuanyang/envs/fairseq2/fairseq2/src/fairseq2/recipes/common/_gang.py", line 50, in setup_gangs
    log.info("Root gang initialized.")
  File "/opt/hpcaas/.mounts/fs-072917c00f01ae1ba/home/chuanyang/envs/fairseq2/fairseq2/src/fairseq2/logging.py", line 40, in info
    self._write(logging.INFO, message, args)
Traceback (most recent call last):
  File "/opt/hpcaas/.mounts/fs-072917c00f01ae1ba/home/chuanyang/envs/fairseq2/fairseq2/src/fairseq2/logging.py", line 67, in _write
    self._logger.log(level, message, exc_info=exc_info, extra=self._NO_HIGHLIGHT)
Message: 'Root gang initialized.'
Arguments: ()
Call stack:
--- Logging error ---
  File "/home/chuanyang/envs/fairseq2/conda/lib/python3.10/logging/__init__.py", line 1104, in emit
    self.flush()
  File "/home/chuanyang/envs/fairseq2/conda/lib/python3.10/logging/__init__.py", line 1084, in flush
    self.stream.flush()
OSError: [Errno 122] Disk quota exceeded
Call stack:
Traceback (most recent call last):
--- Logging error ---
  File "/home/chuanyang/envs/fairseq2/conda/lib/python3.10/logging/__init__.py", line 1104, in emit
    self.flush()
Traceback (most recent call last):
  File "/home/chuanyang/envs/fairseq2/conda/lib/python3.10/logging/__init__.py", line 1104, in emit
    self.flush()
  File "/home/chuanyang/envs/fairseq2/conda/lib/python3.10/logging/__init__.py", line 1084, in flush
    self.stream.flush()
  File "/home/chuanyang/envs/fairseq2/conda/lib/python3.10/logging/__init__.py", line 1084, in flush
    self.stream.flush()
OSError: [Errno 122] Disk quota exceeded
OSError: [Errno 122] Disk quota exceeded
Call stack:
Call stack:
  File "/home/chuanyang/miniconda3/envs/fairseq2/bin/fairseq2", line 8, in <module>
    sys.exit(main())
  File "/opt/hpcaas/.mounts/fs-072917c00f01ae1ba/home/chuanyang/envs/fairseq2/fairseq2/src/fairseq2/cli/_main.py", line 27, in main
    exit_code = _run()
  File "/opt/hpcaas/.mounts/fs-072917c00f01ae1ba/home/chuanyang/envs/fairseq2/fairseq2/src/fairseq2/cli/_main.py", line 73, in _run
    return cli.run(context)
  File "/opt/hpcaas/.mounts/fs-072917c00f01ae1ba/home/chuanyang/envs/fairseq2/fairseq2/src/fairseq2/cli/_cli.py", line 123, in run
    return args.command.run(context, args)  # type: ignore[no-any-return]
  File "/home/chuanyang/miniconda3/envs/fairseq2/bin/fairseq2", line 8, in <module>
    sys.exit(main())
  File "/opt/hpcaas/.mounts/fs-072917c00f01ae1ba/home/chuanyang/envs/fairseq2/fairseq2/src/fairseq2/cli/_main.py", line 27, in main
    exit_code = _run()
  File "/opt/hpcaas/.mounts/fs-072917c00f01ae1ba/home/chuanyang/envs/fairseq2/fairseq2/src/fairseq2/cli/_main.py", line 73, in _run
    return cli.run(context)
  File "/opt/hpcaas/.mounts/fs-072917c00f01ae1ba/home/chuanyang/envs/fairseq2/fairseq2/src/fairseq2/cli/_cli.py", line 123, in run
    return args.command.run(context, args)  # type: ignore[no-any-return]
  File "/opt/hpcaas/.mounts/fs-072917c00f01ae1ba/home/chuanyang/envs/fairseq2/fairseq2/src/fairseq2/cli/_cli.py", line 361, in run
    return self._handler.run(context, self._parser, args)
  File "/opt/hpcaas/.mounts/fs-072917c00f01ae1ba/home/chuanyang/envs/fairseq2/fairseq2/src/fairseq2/cli/commands/recipe.py", line 245, in run
    recipe = self._loader(context, config, output_dir)
  File "/opt/hpcaas/.mounts/fs-072917c00f01ae1ba/home/chuanyang/envs/fairseq2/fairseq2/src/fairseq2/cli/_cli.py", line 361, in run
    return self._handler.run(context, self._parser, args)
  File "/opt/hpcaas/.mounts/fs-072917c00f01ae1ba/home/chuanyang/envs/fairseq2/fairseq2/src/fairseq2/cli/commands/recipe.py", line 245, in run
    recipe = self._loader(context, config, output_dir)
  File "/opt/hpcaas/.mounts/fs-072917c00f01ae1ba/home/chuanyang/envs/fairseq2/fairseq2/src/fairseq2/recipes/lm/_preference_finetune/_recipe.py", line 224, in load_po_finetuner
    gangs = setup_gangs(context, config)
  File "/opt/hpcaas/.mounts/fs-072917c00f01ae1ba/home/chuanyang/envs/fairseq2/fairseq2/src/fairseq2/recipes/common/_gang.py", line 67, in setup_gangs
    gangs = setup_parallel_gangs(root_gang, tp_size=tp_size)
  File "/opt/hpcaas/.mounts/fs-072917c00f01ae1ba/home/chuanyang/envs/fairseq2/fairseq2/src/fairseq2/gang.py", line 734, in setup_parallel_gangs
  File "/opt/hpcaas/.mounts/fs-072917c00f01ae1ba/home/chuanyang/envs/fairseq2/fairseq2/src/fairseq2/recipes/lm/_preference_finetune/_recipe.py", line 224, in load_po_finetuner
    gangs = setup_gangs(context, config)
  File "/opt/hpcaas/.mounts/fs-072917c00f01ae1ba/home/chuanyang/envs/fairseq2/fairseq2/src/fairseq2/recipes/common/_gang.py", line 67, in setup_gangs
    gangs = setup_parallel_gangs(root_gang, tp_size=tp_size)
  File "/opt/hpcaas/.mounts/fs-072917c00f01ae1ba/home/chuanyang/envs/fairseq2/fairseq2/src/fairseq2/gang.py", line 715, in setup_parallel_gangs
    log.info("Initializing data parallel gang with a size of {}.", dp_size)
  File "/opt/hpcaas/.mounts/fs-072917c00f01ae1ba/home/chuanyang/envs/fairseq2/fairseq2/src/fairseq2/logging.py", line 40, in info
    self._write(logging.INFO, message, args)
  File "/opt/hpcaas/.mounts/fs-072917c00f01ae1ba/home/chuanyang/envs/fairseq2/fairseq2/src/fairseq2/logging.py", line 67, in _write
    log.info("Initializing tensor parallel gang with a size of {}.", tp_size)
  File "/opt/hpcaas/.mounts/fs-072917c00f01ae1ba/home/chuanyang/envs/fairseq2/fairseq2/src/fairseq2/logging.py", line 40, in info
    self._write(logging.INFO, message, args)
  File "/opt/hpcaas/.mounts/fs-072917c00f01ae1ba/home/chuanyang/envs/fairseq2/fairseq2/src/fairseq2/logging.py", line 67, in _write
    self._logger.log(level, message, exc_info=exc_info, extra=self._NO_HIGHLIGHT)
    self._logger.log(level, message, exc_info=exc_info, extra=self._NO_HIGHLIGHT)
Message: 'Initializing data parallel gang with a size of 16.'
Arguments: ()
--- Logging error ---
--- Logging error ---
Message: 'Initializing tensor parallel gang with a size of 1.'
Arguments: ()
Traceback (most recent call last):
  File "/home/chuanyang/envs/fairseq2/conda/lib/python3.10/logging/__init__.py", line 1104, in emit
    self.flush()
  File "/home/chuanyang/miniconda3/envs/fairseq2/bin/fairseq2", line 8, in <module>
    sys.exit(main())
  File "/opt/hpcaas/.mounts/fs-072917c00f01ae1ba/home/chuanyang/envs/fairseq2/fairseq2/src/fairseq2/cli/_main.py", line 27, in main
    exit_code = _run()
  File "/opt/hpcaas/.mounts/fs-072917c00f01ae1ba/home/chuanyang/envs/fairseq2/fairseq2/src/fairseq2/cli/_main.py", line 73, in _run
    return cli.run(context)
  File "/opt/hpcaas/.mounts/fs-072917c00f01ae1ba/home/chuanyang/envs/fairseq2/fairseq2/src/fairseq2/cli/_cli.py", line 123, in run
    return args.command.run(context, args)  # type: ignore[no-any-return]
  File "/opt/hpcaas/.mounts/fs-072917c00f01ae1ba/home/chuanyang/envs/fairseq2/fairseq2/src/fairseq2/cli/_cli.py", line 361, in run
    return self._handler.run(context, self._parser, args)
  File "/opt/hpcaas/.mounts/fs-072917c00f01ae1ba/home/chuanyang/envs/fairseq2/fairseq2/src/fairseq2/cli/commands/recipe.py", line 245, in run
    recipe = self._loader(context, config, output_dir)
--- Logging error ---
  File "/opt/hpcaas/.mounts/fs-072917c00f01ae1ba/home/chuanyang/envs/fairseq2/fairseq2/src/fairseq2/recipes/lm/_preference_finetune/_recipe.py", line 224, in load_po_finetuner
    gangs = setup_gangs(context, config)
  File "/opt/hpcaas/.mounts/fs-072917c00f01ae1ba/home/chuanyang/envs/fairseq2/fairseq2/src/fairseq2/recipes/common/_gang.py", line 67, in setup_gangs
    gangs = setup_parallel_gangs(root_gang, tp_size=tp_size)
  File "/opt/hpcaas/.mounts/fs-072917c00f01ae1ba/home/chuanyang/envs/fairseq2/fairseq2/src/fairseq2/gang.py", line 734, in setup_parallel_gangs
    log.info("Initializing tensor parallel gang with a size of {}.", tp_size)
  File "/opt/hpcaas/.mounts/fs-072917c00f01ae1ba/home/chuanyang/envs/fairseq2/fairseq2/src/fairseq2/logging.py", line 40, in info
    self._write(logging.INFO, message, args)
  File "/opt/hpcaas/.mounts/fs-072917c00f01ae1ba/home/chuanyang/envs/fairseq2/fairseq2/src/fairseq2/logging.py", line 67, in _write
  File "/home/chuanyang/envs/fairseq2/conda/lib/python3.10/logging/__init__.py", line 1084, in flush
    self.stream.flush()
OSError: [Errno 122] Disk quota exceeded
Call stack:
    self._logger.log(level, message, exc_info=exc_info, extra=self._NO_HIGHLIGHT)
Message: 'Initializing tensor parallel gang with a size of 1.'
Arguments: ()
Traceback (most recent call last):
Traceback (most recent call last):
  File "/home/chuanyang/envs/fairseq2/conda/lib/python3.10/logging/__init__.py", line 1104, in emit
    self.flush()
  File "/home/chuanyang/envs/fairseq2/conda/lib/python3.10/logging/__init__.py", line 1084, in flush
    self.stream.flush()
  File "/home/chuanyang/envs/fairseq2/conda/lib/python3.10/logging/__init__.py", line 1104, in emit
    self.flush()
  File "/home/chuanyang/envs/fairseq2/conda/lib/python3.10/logging/__init__.py", line 1084, in flush
    self.stream.flush()
OSError: [Errno 122] Disk quota exceeded
Call stack:
--- Logging error ---
--- Logging error ---
OSError: [Errno 122] Disk quota exceeded
Call stack:
Traceback (most recent call last):
  File "/home/chuanyang/miniconda3/envs/fairseq2/bin/fairseq2", line 8, in <module>
    sys.exit(main())
  File "/opt/hpcaas/.mounts/fs-072917c00f01ae1ba/home/chuanyang/envs/fairseq2/fairseq2/src/fairseq2/cli/_main.py", line 27, in main
    exit_code = _run()
  File "/opt/hpcaas/.mounts/fs-072917c00f01ae1ba/home/chuanyang/envs/fairseq2/fairseq2/src/fairseq2/cli/_main.py", line 73, in _run
    return cli.run(context)
  File "/opt/hpcaas/.mounts/fs-072917c00f01ae1ba/home/chuanyang/envs/fairseq2/fairseq2/src/fairseq2/cli/_cli.py", line 123, in run
    return args.command.run(context, args)  # type: ignore[no-any-return]
  File "/opt/hpcaas/.mounts/fs-072917c00f01ae1ba/home/chuanyang/envs/fairseq2/fairseq2/src/fairseq2/cli/_cli.py", line 361, in run
    return self._handler.run(context, self._parser, args)
  File "/opt/hpcaas/.mounts/fs-072917c00f01ae1ba/home/chuanyang/envs/fairseq2/fairseq2/src/fairseq2/cli/commands/recipe.py", line 245, in run
    recipe = self._loader(context, config, output_dir)
  File "/home/chuanyang/envs/fairseq2/conda/lib/python3.10/logging/__init__.py", line 1104, in emit
    self.flush()
  File "/home/chuanyang/envs/fairseq2/conda/lib/python3.10/logging/__init__.py", line 1084, in flush
    self.stream.flush()
  File "/opt/hpcaas/.mounts/fs-072917c00f01ae1ba/home/chuanyang/envs/fairseq2/fairseq2/src/fairseq2/recipes/lm/_preference_finetune/_recipe.py", line 224, in load_po_finetuner
    gangs = setup_gangs(context, config)
OSError: [Errno 122] Disk quota exceeded
Call stack:
--- Logging error ---
  File "/home/chuanyang/miniconda3/envs/fairseq2/bin/fairseq2", line 8, in <module>
    sys.exit(main())
  File "/opt/hpcaas/.mounts/fs-072917c00f01ae1ba/home/chuanyang/envs/fairseq2/fairseq2/src/fairseq2/cli/_main.py", line 27, in main
    exit_code = _run()
  File "/opt/hpcaas/.mounts/fs-072917c00f01ae1ba/home/chuanyang/envs/fairseq2/fairseq2/src/fairseq2/cli/_main.py", line 73, in _run
    return cli.run(context)
  File "/opt/hpcaas/.mounts/fs-072917c00f01ae1ba/home/chuanyang/envs/fairseq2/fairseq2/src/fairseq2/cli/_cli.py", line 123, in run
    return args.command.run(context, args)  # type: ignore[no-any-return]
  File "/opt/hpcaas/.mounts/fs-072917c00f01ae1ba/home/chuanyang/envs/fairseq2/fairseq2/src/fairseq2/cli/_cli.py", line 361, in run
    return self._handler.run(context, self._parser, args)
  File "/opt/hpcaas/.mounts/fs-072917c00f01ae1ba/home/chuanyang/envs/fairseq2/fairseq2/src/fairseq2/cli/commands/recipe.py", line 245, in run
    recipe = self._loader(context, config, output_dir)
  File "/opt/hpcaas/.mounts/fs-072917c00f01ae1ba/home/chuanyang/envs/fairseq2/fairseq2/src/fairseq2/recipes/common/_gang.py", line 67, in setup_gangs
    gangs = setup_parallel_gangs(root_gang, tp_size=tp_size)
  File "/opt/hpcaas/.mounts/fs-072917c00f01ae1ba/home/chuanyang/envs/fairseq2/fairseq2/src/fairseq2/gang.py", line 734, in setup_parallel_gangs
    log.info("Initializing tensor parallel gang with a size of {}.", tp_size)
  File "/opt/hpcaas/.mounts/fs-072917c00f01ae1ba/home/chuanyang/envs/fairseq2/fairseq2/src/fairseq2/logging.py", line 40, in info
    self._write(logging.INFO, message, args)
  File "/opt/hpcaas/.mounts/fs-072917c00f01ae1ba/home/chuanyang/envs/fairseq2/fairseq2/src/fairseq2/logging.py", line 67, in _write
    self._logger.log(level, message, exc_info=exc_info, extra=self._NO_HIGHLIGHT)
Message: 'Initializing tensor parallel gang with a size of 1.'
Arguments: ()
  File "/opt/hpcaas/.mounts/fs-072917c00f01ae1ba/home/chuanyang/envs/fairseq2/fairseq2/src/fairseq2/recipes/lm/_preference_finetune/_recipe.py", line 224, in load_po_finetuner
    gangs = setup_gangs(context, config)
  File "/opt/hpcaas/.mounts/fs-072917c00f01ae1ba/home/chuanyang/envs/fairseq2/fairseq2/src/fairseq2/recipes/common/_gang.py", line 52, in setup_gangs
    log.info("Initializing the parallel gangs.")
Traceback (most recent call last):
--- Logging error ---
Traceback (most recent call last):
  File "/home/chuanyang/envs/fairseq2/conda/lib/python3.10/logging/__init__.py", line 1104, in emit
    self.flush()
  File "/home/chuanyang/envs/fairseq2/conda/lib/python3.10/logging/__init__.py", line 1084, in flush
    self.stream.flush()
OSError: [Errno 122] Disk quota exceeded
Call stack:
  File "/home/chuanyang/miniconda3/envs/fairseq2/bin/fairseq2", line 8, in <module>
    sys.exit(main())
  File "/opt/hpcaas/.mounts/fs-072917c00f01ae1ba/home/chuanyang/envs/fairseq2/fairseq2/src/fairseq2/cli/_main.py", line 27, in main
    exit_code = _run()
  File "/opt/hpcaas/.mounts/fs-072917c00f01ae1ba/home/chuanyang/envs/fairseq2/fairseq2/src/fairseq2/cli/_main.py", line 73, in _run
    return cli.run(context)
  File "/opt/hpcaas/.mounts/fs-072917c00f01ae1ba/home/chuanyang/envs/fairseq2/fairseq2/src/fairseq2/cli/_cli.py", line 123, in run
    return args.command.run(context, args)  # type: ignore[no-any-return]
  File "/home/chuanyang/envs/fairseq2/conda/lib/python3.10/logging/__init__.py", line 1104, in emit
    self.flush()
  File "/home/chuanyang/envs/fairseq2/conda/lib/python3.10/logging/__init__.py", line 1084, in flush
    self.stream.flush()
  File "/opt/hpcaas/.mounts/fs-072917c00f01ae1ba/home/chuanyang/envs/fairseq2/fairseq2/src/fairseq2/cli/_cli.py", line 361, in run
    return self._handler.run(context, self._parser, args)
  File "/opt/hpcaas/.mounts/fs-072917c00f01ae1ba/home/chuanyang/envs/fairseq2/fairseq2/src/fairseq2/cli/commands/recipe.py", line 245, in run
    recipe = self._loader(context, config, output_dir)
  File "/opt/hpcaas/.mounts/fs-072917c00f01ae1ba/home/chuanyang/envs/fairseq2/fairseq2/src/fairseq2/recipes/lm/_preference_finetune/_recipe.py", line 224, in load_po_finetuner
    gangs = setup_gangs(context, config)
  File "/opt/hpcaas/.mounts/fs-072917c00f01ae1ba/home/chuanyang/envs/fairseq2/fairseq2/src/fairseq2/recipes/common/_gang.py", line 67, in setup_gangs
    gangs = setup_parallel_gangs(root_gang, tp_size=tp_size)
  File "/opt/hpcaas/.mounts/fs-072917c00f01ae1ba/home/chuanyang/envs/fairseq2/fairseq2/src/fairseq2/gang.py", line 734, in setup_parallel_gangs
OSError: [Errno 122] Disk quota exceeded
Call stack:
    log.info("Initializing tensor parallel gang with a size of {}.", tp_size)
  File "/opt/hpcaas/.mounts/fs-072917c00f01ae1ba/home/chuanyang/envs/fairseq2/fairseq2/src/fairseq2/logging.py", line 40, in info
    self._write(logging.INFO, message, args)
  File "/opt/hpcaas/.mounts/fs-072917c00f01ae1ba/home/chuanyang/envs/fairseq2/fairseq2/src/fairseq2/logging.py", line 67, in _write
    self._logger.log(level, message, exc_info=exc_info, extra=self._NO_HIGHLIGHT)
Message: 'Initializing tensor parallel gang with a size of 1.'
Arguments: ()
Traceback (most recent call last):
  File "/opt/hpcaas/.mounts/fs-072917c00f01ae1ba/home/chuanyang/envs/fairseq2/fairseq2/src/fairseq2/logging.py", line 40, in info
    self._write(logging.INFO, message, args)
  File "/opt/hpcaas/.mounts/fs-072917c00f01ae1ba/home/chuanyang/envs/fairseq2/fairseq2/src/fairseq2/logging.py", line 67, in _write
    self._logger.log(level, message, exc_info=exc_info, extra=self._NO_HIGHLIGHT)
Message: 'Initializing the parallel gangs.'
Arguments: ()
  File "/home/chuanyang/envs/fairseq2/conda/lib/python3.10/logging/__init__.py", line 1104, in emit
    self.flush()
  File "/home/chuanyang/envs/fairseq2/conda/lib/python3.10/logging/__init__.py", line 1084, in flush
    self.stream.flush()
--- Logging error ---
OSError: [Errno 122] Disk quota exceeded
--- Logging error ---
Call stack:
Traceback (most recent call last):
  File "/home/chuanyang/miniconda3/envs/fairseq2/bin/fairseq2", line 8, in <module>
    sys.exit(main())
  File "/opt/hpcaas/.mounts/fs-072917c00f01ae1ba/home/chuanyang/envs/fairseq2/fairseq2/src/fairseq2/cli/_main.py", line 27, in main
    exit_code = _run()
  File "/opt/hpcaas/.mounts/fs-072917c00f01ae1ba/home/chuanyang/envs/fairseq2/fairseq2/src/fairseq2/cli/_main.py", line 73, in _run
    return cli.run(context)
  File "/opt/hpcaas/.mounts/fs-072917c00f01ae1ba/home/chuanyang/envs/fairseq2/fairseq2/src/fairseq2/cli/_cli.py", line 123, in run
    return args.command.run(context, args)  # type: ignore[no-any-return]
  File "/opt/hpcaas/.mounts/fs-072917c00f01ae1ba/home/chuanyang/envs/fairseq2/fairseq2/src/fairseq2/cli/_cli.py", line 361, in run
    return self._handler.run(context, self._parser, args)
  File "/home/chuanyang/envs/fairseq2/conda/lib/python3.10/logging/__init__.py", line 1104, in emit
    self.flush()
  File "/home/chuanyang/envs/fairseq2/conda/lib/python3.10/logging/__init__.py", line 1084, in flush
    self.stream.flush()
OSError: [Errno 122] Disk quota exceeded
  File "/opt/hpcaas/.mounts/fs-072917c00f01ae1ba/home/chuanyang/envs/fairseq2/fairseq2/src/fairseq2/cli/commands/recipe.py", line 245, in run
    recipe = self._loader(context, config, output_dir)
  File "/opt/hpcaas/.mounts/fs-072917c00f01ae1ba/home/chuanyang/envs/fairseq2/fairseq2/src/fairseq2/recipes/lm/_preference_finetune/_recipe.py", line 224, in load_po_finetuner
    gangs = setup_gangs(context, config)
  File "/opt/hpcaas/.mounts/fs-072917c00f01ae1ba/home/chuanyang/envs/fairseq2/fairseq2/src/fairseq2/recipes/common/_gang.py", line 67, in setup_gangs
    gangs = setup_parallel_gangs(root_gang, tp_size=tp_size)
  File "/opt/hpcaas/.mounts/fs-072917c00f01ae1ba/home/chuanyang/envs/fairseq2/fairseq2/src/fairseq2/gang.py", line 734, in setup_parallel_gangs
    log.info("Initializing tensor parallel gang with a size of {}.", tp_size)
  File "/opt/hpcaas/.mounts/fs-072917c00f01ae1ba/home/chuanyang/envs/fairseq2/fairseq2/src/fairseq2/logging.py", line 40, in info
    self._write(logging.INFO, message, args)
Call stack:
  File "/opt/hpcaas/.mounts/fs-072917c00f01ae1ba/home/chuanyang/envs/fairseq2/fairseq2/src/fairseq2/logging.py", line 67, in _write
    self._logger.log(level, message, exc_info=exc_info, extra=self._NO_HIGHLIGHT)
Message: 'Initializing tensor parallel gang with a size of 1.'
Arguments: ()
  File "/home/chuanyang/miniconda3/envs/fairseq2/bin/fairseq2", line 8, in <module>
    sys.exit(main())
  File "/opt/hpcaas/.mounts/fs-072917c00f01ae1ba/home/chuanyang/envs/fairseq2/fairseq2/src/fairseq2/cli/_main.py", line 27, in main
    exit_code = _run()
  File "/opt/hpcaas/.mounts/fs-072917c00f01ae1ba/home/chuanyang/envs/fairseq2/fairseq2/src/fairseq2/cli/_main.py", line 73, in _run
    return cli.run(context)
  File "/opt/hpcaas/.mounts/fs-072917c00f01ae1ba/home/chuanyang/envs/fairseq2/fairseq2/src/fairseq2/cli/_cli.py", line 123, in run
    return args.command.run(context, args)  # type: ignore[no-any-return]
  File "/opt/hpcaas/.mounts/fs-072917c00f01ae1ba/home/chuanyang/envs/fairseq2/fairseq2/src/fairseq2/cli/_cli.py", line 361, in run
    return self._handler.run(context, self._parser, args)
  File "/opt/hpcaas/.mounts/fs-072917c00f01ae1ba/home/chuanyang/envs/fairseq2/fairseq2/src/fairseq2/cli/commands/recipe.py", line 245, in run
    recipe = self._loader(context, config, output_dir)
  File "/home/chuanyang/miniconda3/envs/fairseq2/bin/fairseq2", line 8, in <module>
    sys.exit(main())
  File "/opt/hpcaas/.mounts/fs-072917c00f01ae1ba/home/chuanyang/envs/fairseq2/fairseq2/src/fairseq2/cli/_main.py", line 27, in main
    exit_code = _run()
  File "/opt/hpcaas/.mounts/fs-072917c00f01ae1ba/home/chuanyang/envs/fairseq2/fairseq2/src/fairseq2/cli/_main.py", line 73, in _run
    return cli.run(context)
  File "/opt/hpcaas/.mounts/fs-072917c00f01ae1ba/home/chuanyang/envs/fairseq2/fairseq2/src/fairseq2/recipes/lm/_preference_finetune/_recipe.py", line 234, in load_po_finetuner
    model = setup_model(
  File "/opt/hpcaas/.mounts/fs-072917c00f01ae1ba/home/chuanyang/envs/fairseq2/fairseq2/src/fairseq2/recipes/common/_model.py", line 82, in setup_model
    model = load_base_model(
  File "/opt/hpcaas/.mounts/fs-072917c00f01ae1ba/home/chuanyang/envs/fairseq2/fairseq2/src/fairseq2/cli/_cli.py", line 123, in run
    return args.command.run(context, args)  # type: ignore[no-any-return]
  File "/opt/hpcaas/.mounts/fs-072917c00f01ae1ba/home/chuanyang/envs/fairseq2/fairseq2/src/fairseq2/cli/_cli.py", line 361, in run
    return self._handler.run(context, self._parser, args)
  File "/opt/hpcaas/.mounts/fs-072917c00f01ae1ba/home/chuanyang/envs/fairseq2/fairseq2/src/fairseq2/cli/commands/recipe.py", line 245, in run
    recipe = self._loader(context, config, output_dir)
  File "/opt/hpcaas/.mounts/fs-072917c00f01ae1ba/home/chuanyang/envs/fairseq2/fairseq2/src/fairseq2/recipes/lm/_preference_finetune/_recipe.py", line 224, in load_po_finetuner
    gangs = setup_gangs(context, config)
  File "/opt/hpcaas/.mounts/fs-072917c00f01ae1ba/home/chuanyang/envs/fairseq2/fairseq2/src/fairseq2/recipes/common/_gang.py", line 67, in setup_gangs
    gangs = setup_parallel_gangs(root_gang, tp_size=tp_size)
Traceback (most recent call last):
  File "/home/chuanyang/envs/fairseq2/conda/lib/python3.10/logging/__init__.py", line 1104, in emit
    self.flush()
  File "/home/chuanyang/envs/fairseq2/conda/lib/python3.10/logging/__init__.py", line 1084, in flush
    self.stream.flush()
OSError: [Errno 122] Disk quota exceeded
Call stack:
  File "/opt/hpcaas/.mounts/fs-072917c00f01ae1ba/home/chuanyang/envs/fairseq2/fairseq2/src/fairseq2/gang.py", line 734, in setup_parallel_gangs
    log.info("Initializing tensor parallel gang with a size of {}.", tp_size)
  File "/opt/hpcaas/.mounts/fs-072917c00f01ae1ba/home/chuanyang/envs/fairseq2/fairseq2/src/fairseq2/logging.py", line 40, in info
    self._write(logging.INFO, message, args)
  File "/opt/hpcaas/.mounts/fs-072917c00f01ae1ba/home/chuanyang/envs/fairseq2/fairseq2/src/fairseq2/recipes/common/_model.py", line 140, in load_base_model
    model = model_loader.load(recipe_config, gangs)
  File "/opt/hpcaas/.mounts/fs-072917c00f01ae1ba/home/chuanyang/envs/fairseq2/fairseq2/src/fairseq2/recipes/common/_model.py", line 224, in load
    log_config(log, "Model Config", model_config)
  File "/opt/hpcaas/.mounts/fs-072917c00f01ae1ba/home/chuanyang/envs/fairseq2/fairseq2/src/fairseq2/recipes/utils/log.py", line 28, in log_config
    log.info("{}:\n{}", title, pretty_repr(config, max_width=88))
  File "/opt/hpcaas/.mounts/fs-072917c00f01ae1ba/home/chuanyang/envs/fairseq2/fairseq2/src/fairseq2/logging.py", line 40, in info
    self._write(logging.INFO, message, args)
  File "/opt/hpcaas/.mounts/fs-072917c00f01ae1ba/home/chuanyang/envs/fairseq2/fairseq2/src/fairseq2/logging.py", line 67, in _write
    self._logger.log(level, message, exc_info=exc_info, extra=self._NO_HIGHLIGHT)
  File "/opt/hpcaas/.mounts/fs-072917c00f01ae1ba/home/chuanyang/envs/fairseq2/fairseq2/src/fairseq2/logging.py", line 67, in _write
    self._logger.log(level, message, exc_info=exc_info, extra=self._NO_HIGHLIGHT)
Message: 'Initializing tensor parallel gang with a size of 1.'
Arguments: ()
Message: 'Model Config:\nLLaMAConfig(\n    model_dim=4096,\n    max_seq_len=131072,\n    vocab_info=VocabularyInfo(\n        size=128256,\n        unk_idx=None,\n        bos_idx=128000,\n        eos_idx=128009,\n        pad_idx=None,\n        boh_idx=None,\n        eoh_idx=None\n    ),\n    num_layers=32,\n    num_attn_heads=32,\n    num_key_value_heads=8,\n    ffn_inner_dim=16384,\n    ffn_inner_dim_scale=0.6666666666666666,\n    ffn_inner_dim_multiplier=1.3,\n    ffn_inner_dim_to_multiple=1024,\n    rope_theta=500000.0,\n    use_scaled_rope=True,\n    rope_scaling=LLaMARopeScalingConfig(\n        factor=8.0,\n        frequency_factors=(1.0, 4.0),\n        original_context_length=8192\n    ),\n    dropout_p=0.0\n)'
Arguments: ()
  File "/home/chuanyang/miniconda3/envs/fairseq2/bin/fairseq2", line 8, in <module>
    sys.exit(main())
  File "/opt/hpcaas/.mounts/fs-072917c00f01ae1ba/home/chuanyang/envs/fairseq2/fairseq2/src/fairseq2/cli/_main.py", line 27, in main
    exit_code = _run()
  File "/opt/hpcaas/.mounts/fs-072917c00f01ae1ba/home/chuanyang/envs/fairseq2/fairseq2/src/fairseq2/cli/_main.py", line 73, in _run
    return cli.run(context)
  File "/opt/hpcaas/.mounts/fs-072917c00f01ae1ba/home/chuanyang/envs/fairseq2/fairseq2/src/fairseq2/cli/_cli.py", line 123, in run
    return args.command.run(context, args)  # type: ignore[no-any-return]
  File "/opt/hpcaas/.mounts/fs-072917c00f01ae1ba/home/chuanyang/envs/fairseq2/fairseq2/src/fairseq2/cli/_cli.py", line 361, in run
    return self._handler.run(context, self._parser, args)
  File "/home/chuanyang/miniconda3/envs/fairseq2/bin/fairseq2", line 8, in <module>
    sys.exit(main())
  File "/opt/hpcaas/.mounts/fs-072917c00f01ae1ba/home/chuanyang/envs/fairseq2/fairseq2/src/fairseq2/cli/_main.py", line 27, in main
    exit_code = _run()
  File "/opt/hpcaas/.mounts/fs-072917c00f01ae1ba/home/chuanyang/envs/fairseq2/fairseq2/src/fairseq2/cli/_main.py", line 73, in _run
    return cli.run(context)
  File "/opt/hpcaas/.mounts/fs-072917c00f01ae1ba/home/chuanyang/envs/fairseq2/fairseq2/src/fairseq2/cli/_cli.py", line 123, in run
    return args.command.run(context, args)  # type: ignore[no-any-return]
  File "/opt/hpcaas/.mounts/fs-072917c00f01ae1ba/home/chuanyang/envs/fairseq2/fairseq2/src/fairseq2/cli/_cli.py", line 361, in run
    return self._handler.run(context, self._parser, args)
  File "/opt/hpcaas/.mounts/fs-072917c00f01ae1ba/home/chuanyang/envs/fairseq2/fairseq2/src/fairseq2/cli/commands/recipe.py", line 245, in run
    recipe = self._loader(context, config, output_dir)
  File "/opt/hpcaas/.mounts/fs-072917c00f01ae1ba/home/chuanyang/envs/fairseq2/fairseq2/src/fairseq2/recipes/lm/_preference_finetune/_recipe.py", line 224, in load_po_finetuner
    gangs = setup_gangs(context, config)
  File "/opt/hpcaas/.mounts/fs-072917c00f01ae1ba/home/chuanyang/envs/fairseq2/fairseq2/src/fairseq2/recipes/common/_gang.py", line 67, in setup_gangs
    gangs = setup_parallel_gangs(root_gang, tp_size=tp_size)
  File "/opt/hpcaas/.mounts/fs-072917c00f01ae1ba/home/chuanyang/envs/fairseq2/fairseq2/src/fairseq2/gang.py", line 734, in setup_parallel_gangs
    log.info("Initializing tensor parallel gang with a size of {}.", tp_size)
  File "/opt/hpcaas/.mounts/fs-072917c00f01ae1ba/home/chuanyang/envs/fairseq2/fairseq2/src/fairseq2/logging.py", line 40, in info
    self._write(logging.INFO, message, args)
  File "/opt/hpcaas/.mounts/fs-072917c00f01ae1ba/home/chuanyang/envs/fairseq2/fairseq2/src/fairseq2/cli/commands/recipe.py", line 245, in run
    recipe = self._loader(context, config, output_dir)
  File "/opt/hpcaas/.mounts/fs-072917c00f01ae1ba/home/chuanyang/envs/fairseq2/fairseq2/src/fairseq2/recipes/lm/_preference_finetune/_recipe.py", line 224, in load_po_finetuner
    gangs = setup_gangs(context, config)
  File "/opt/hpcaas/.mounts/fs-072917c00f01ae1ba/home/chuanyang/envs/fairseq2/fairseq2/src/fairseq2/recipes/common/_gang.py", line 73, in setup_gangs
    log.info("Parallel gangs initialized.")
  File "/opt/hpcaas/.mounts/fs-072917c00f01ae1ba/home/chuanyang/envs/fairseq2/fairseq2/src/fairseq2/logging.py", line 40, in info
    self._write(logging.INFO, message, args)
  File "/opt/hpcaas/.mounts/fs-072917c00f01ae1ba/home/chuanyang/envs/fairseq2/fairseq2/src/fairseq2/logging.py", line 67, in _write
    self._logger.log(level, message, exc_info=exc_info, extra=self._NO_HIGHLIGHT)
  File "/opt/hpcaas/.mounts/fs-072917c00f01ae1ba/home/chuanyang/envs/fairseq2/fairseq2/src/fairseq2/logging.py", line 67, in _write
    self._logger.log(level, message, exc_info=exc_info, extra=self._NO_HIGHLIGHT)
Message: 'Parallel gangs initialized.'
Arguments: ()
Message: 'Initializing tensor parallel gang with a size of 1.'
Arguments: ()
  File "/home/chuanyang/miniconda3/envs/fairseq2/bin/fairseq2", line 8, in <module>
    sys.exit(main())
  File "/opt/hpcaas/.mounts/fs-072917c00f01ae1ba/home/chuanyang/envs/fairseq2/fairseq2/src/fairseq2/cli/_main.py", line 27, in main
    exit_code = _run()
--- Logging error ---
  File "/opt/hpcaas/.mounts/fs-072917c00f01ae1ba/home/chuanyang/envs/fairseq2/fairseq2/src/fairseq2/cli/_main.py", line 73, in _run
    return cli.run(context)
  File "/opt/hpcaas/.mounts/fs-072917c00f01ae1ba/home/chuanyang/envs/fairseq2/fairseq2/src/fairseq2/cli/_cli.py", line 123, in run
    return args.command.run(context, args)  # type: ignore[no-any-return]
  File "/opt/hpcaas/.mounts/fs-072917c00f01ae1ba/home/chuanyang/envs/fairseq2/fairseq2/src/fairseq2/cli/_cli.py", line 361, in run
    return self._handler.run(context, self._parser, args)
  File "/opt/hpcaas/.mounts/fs-072917c00f01ae1ba/home/chuanyang/envs/fairseq2/fairseq2/src/fairseq2/cli/commands/recipe.py", line 245, in run
    recipe = self._loader(context, config, output_dir)
  File "/opt/hpcaas/.mounts/fs-072917c00f01ae1ba/home/chuanyang/envs/fairseq2/fairseq2/src/fairseq2/recipes/lm/_preference_finetune/_recipe.py", line 234, in load_po_finetuner
    model = setup_model(
--- Logging error ---
  File "/opt/hpcaas/.mounts/fs-072917c00f01ae1ba/home/chuanyang/envs/fairseq2/fairseq2/src/fairseq2/recipes/common/_model.py", line 82, in setup_model
    model = load_base_model(
  File "/opt/hpcaas/.mounts/fs-072917c00f01ae1ba/home/chuanyang/envs/fairseq2/fairseq2/src/fairseq2/recipes/common/_model.py", line 140, in load_base_model
    model = model_loader.load(recipe_config, gangs)
  File "/opt/hpcaas/.mounts/fs-072917c00f01ae1ba/home/chuanyang/envs/fairseq2/fairseq2/src/fairseq2/recipes/common/_model.py", line 224, in load
    log_config(log, "Model Config", model_config)
  File "/opt/hpcaas/.mounts/fs-072917c00f01ae1ba/home/chuanyang/envs/fairseq2/fairseq2/src/fairseq2/recipes/utils/log.py", line 28, in log_config
    log.info("{}:\n{}", title, pretty_repr(config, max_width=88))
  File "/opt/hpcaas/.mounts/fs-072917c00f01ae1ba/home/chuanyang/envs/fairseq2/fairseq2/src/fairseq2/logging.py", line 40, in info
    self._write(logging.INFO, message, args)
Traceback (most recent call last):
  File "/opt/hpcaas/.mounts/fs-072917c00f01ae1ba/home/chuanyang/envs/fairseq2/fairseq2/src/fairseq2/logging.py", line 67, in _write
    self._logger.log(level, message, exc_info=exc_info, extra=self._NO_HIGHLIGHT)
Message: 'Model Config:\nLLaMAConfig(\n    model_dim=4096,\n    max_seq_len=131072,\n    vocab_info=VocabularyInfo(\n        size=128256,\n        unk_idx=None,\n        bos_idx=128000,\n        eos_idx=128009,\n        pad_idx=None,\n        boh_idx=None,\n        eoh_idx=None\n    ),\n    num_layers=32,\n    num_attn_heads=32,\n    num_key_value_heads=8,\n    ffn_inner_dim=16384,\n    ffn_inner_dim_scale=0.6666666666666666,\n    ffn_inner_dim_multiplier=1.3,\n    ffn_inner_dim_to_multiple=1024,\n    rope_theta=500000.0,\n    use_scaled_rope=True,\n    rope_scaling=LLaMARopeScalingConfig(\n        factor=8.0,\n        frequency_factors=(1.0, 4.0),\n        original_context_length=8192\n    ),\n    dropout_p=0.0\n)'
Arguments: ()
  File "/home/chuanyang/envs/fairseq2/conda/lib/python3.10/logging/__init__.py", line 1104, in emit
    self.flush()
  File "/home/chuanyang/envs/fairseq2/conda/lib/python3.10/logging/__init__.py", line 1084, in flush
    self.stream.flush()
  File "/home/chuanyang/miniconda3/envs/fairseq2/bin/fairseq2", line 8, in <module>
    sys.exit(main())
  File "/opt/hpcaas/.mounts/fs-072917c00f01ae1ba/home/chuanyang/envs/fairseq2/fairseq2/src/fairseq2/cli/_main.py", line 27, in main
    exit_code = _run()
  File "/opt/hpcaas/.mounts/fs-072917c00f01ae1ba/home/chuanyang/envs/fairseq2/fairseq2/src/fairseq2/cli/_main.py", line 73, in _run
    return cli.run(context)
  File "/opt/hpcaas/.mounts/fs-072917c00f01ae1ba/home/chuanyang/envs/fairseq2/fairseq2/src/fairseq2/cli/_cli.py", line 123, in run
    return args.command.run(context, args)  # type: ignore[no-any-return]
  File "/opt/hpcaas/.mounts/fs-072917c00f01ae1ba/home/chuanyang/envs/fairseq2/fairseq2/src/fairseq2/cli/_cli.py", line 361, in run
    return self._handler.run(context, self._parser, args)
  File "/opt/hpcaas/.mounts/fs-072917c00f01ae1ba/home/chuanyang/envs/fairseq2/fairseq2/src/fairseq2/cli/commands/recipe.py", line 245, in run
    recipe = self._loader(context, config, output_dir)
OSError: [Errno 122] Disk quota exceeded
Call stack:
  File "/opt/hpcaas/.mounts/fs-072917c00f01ae1ba/home/chuanyang/envs/fairseq2/fairseq2/src/fairseq2/recipes/lm/_preference_finetune/_recipe.py", line 224, in load_po_finetuner
    gangs = setup_gangs(context, config)
  File "/opt/hpcaas/.mounts/fs-072917c00f01ae1ba/home/chuanyang/envs/fairseq2/fairseq2/src/fairseq2/recipes/common/_gang.py", line 67, in setup_gangs
    gangs = setup_parallel_gangs(root_gang, tp_size=tp_size)
  File "/opt/hpcaas/.mounts/fs-072917c00f01ae1ba/home/chuanyang/envs/fairseq2/fairseq2/src/fairseq2/gang.py", line 715, in setup_parallel_gangs
    log.info("Initializing data parallel gang with a size of {}.", dp_size)
  File "/opt/hpcaas/.mounts/fs-072917c00f01ae1ba/home/chuanyang/envs/fairseq2/fairseq2/src/fairseq2/logging.py", line 40, in info
    self._write(logging.INFO, message, args)
  File "/opt/hpcaas/.mounts/fs-072917c00f01ae1ba/home/chuanyang/envs/fairseq2/fairseq2/src/fairseq2/logging.py", line 67, in _write
Traceback (most recent call last):
    self._logger.log(level, message, exc_info=exc_info, extra=self._NO_HIGHLIGHT)
  File "/home/chuanyang/envs/fairseq2/conda/lib/python3.10/logging/__init__.py", line 1104, in emit
    self.flush()
  File "/home/chuanyang/envs/fairseq2/conda/lib/python3.10/logging/__init__.py", line 1084, in flush
    self.stream.flush()
Message: 'Initializing data parallel gang with a size of 16.'
Arguments: ()
OSError: [Errno 122] Disk quota exceeded
Call stack:
--- Logging error ---
--- Logging error ---
--- Logging error ---
Traceback (most recent call last):
  File "/home/chuanyang/envs/fairseq2/conda/lib/python3.10/logging/__init__.py", line 1104, in emit
    self.flush()
  File "/home/chuanyang/envs/fairseq2/conda/lib/python3.10/logging/__init__.py", line 1084, in flush
    self.stream.flush()
Traceback (most recent call last):
  File "/home/chuanyang/miniconda3/envs/fairseq2/bin/fairseq2", line 8, in <module>
    sys.exit(main())
  File "/opt/hpcaas/.mounts/fs-072917c00f01ae1ba/home/chuanyang/envs/fairseq2/fairseq2/src/fairseq2/cli/_main.py", line 27, in main
    exit_code = _run()
  File "/opt/hpcaas/.mounts/fs-072917c00f01ae1ba/home/chuanyang/envs/fairseq2/fairseq2/src/fairseq2/cli/_main.py", line 73, in _run
    return cli.run(context)
  File "/opt/hpcaas/.mounts/fs-072917c00f01ae1ba/home/chuanyang/envs/fairseq2/fairseq2/src/fairseq2/cli/_cli.py", line 123, in run
    return args.command.run(context, args)  # type: ignore[no-any-return]
  File "/opt/hpcaas/.mounts/fs-072917c00f01ae1ba/home/chuanyang/envs/fairseq2/fairseq2/src/fairseq2/cli/_cli.py", line 361, in run
    return self._handler.run(context, self._parser, args)
  File "/opt/hpcaas/.mounts/fs-072917c00f01ae1ba/home/chuanyang/envs/fairseq2/fairseq2/src/fairseq2/cli/commands/recipe.py", line 245, in run
    recipe = self._loader(context, config, output_dir)
  File "/home/chuanyang/envs/fairseq2/conda/lib/python3.10/logging/__init__.py", line 1104, in emit
    self.flush()
  File "/home/chuanyang/envs/fairseq2/conda/lib/python3.10/logging/__init__.py", line 1084, in flush
    self.stream.flush()
OSError: [Errno 122] Disk quota exceeded
  File "/opt/hpcaas/.mounts/fs-072917c00f01ae1ba/home/chuanyang/envs/fairseq2/fairseq2/src/fairseq2/recipes/lm/_preference_finetune/_recipe.py", line 224, in load_po_finetuner
    gangs = setup_gangs(context, config)
Call stack:
OSError: [Errno 122] Disk quota exceeded
Call stack:
Traceback (most recent call last):
  File "/home/chuanyang/envs/fairseq2/conda/lib/python3.10/logging/__init__.py", line 1104, in emit
    self.flush()
  File "/opt/hpcaas/.mounts/fs-072917c00f01ae1ba/home/chuanyang/envs/fairseq2/fairseq2/src/fairseq2/recipes/common/_gang.py", line 73, in setup_gangs
    log.info("Parallel gangs initialized.")
  File "/opt/hpcaas/.mounts/fs-072917c00f01ae1ba/home/chuanyang/envs/fairseq2/fairseq2/src/fairseq2/logging.py", line 40, in info
    self._write(logging.INFO, message, args)
  File "/opt/hpcaas/.mounts/fs-072917c00f01ae1ba/home/chuanyang/envs/fairseq2/fairseq2/src/fairseq2/logging.py", line 67, in _write
    self._logger.log(level, message, exc_info=exc_info, extra=self._NO_HIGHLIGHT)
Message: 'Parallel gangs initialized.'
Arguments: ()
  File "/home/chuanyang/envs/fairseq2/conda/lib/python3.10/logging/__init__.py", line 1084, in flush
    self.stream.flush()
OSError: [Errno 122] Disk quota exceeded
Call stack:
  File "/home/chuanyang/miniconda3/envs/fairseq2/bin/fairseq2", line 8, in <module>
    sys.exit(main())
  File "/opt/hpcaas/.mounts/fs-072917c00f01ae1ba/home/chuanyang/envs/fairseq2/fairseq2/src/fairseq2/cli/_main.py", line 27, in main
    exit_code = _run()
  File "/opt/hpcaas/.mounts/fs-072917c00f01ae1ba/home/chuanyang/envs/fairseq2/fairseq2/src/fairseq2/cli/_main.py", line 73, in _run
    return cli.run(context)
  File "/opt/hpcaas/.mounts/fs-072917c00f01ae1ba/home/chuanyang/envs/fairseq2/fairseq2/src/fairseq2/cli/_cli.py", line 123, in run
    return args.command.run(context, args)  # type: ignore[no-any-return]
  File "/opt/hpcaas/.mounts/fs-072917c00f01ae1ba/home/chuanyang/envs/fairseq2/fairseq2/src/fairseq2/cli/_cli.py", line 361, in run
    return self._handler.run(context, self._parser, args)
  File "/opt/hpcaas/.mounts/fs-072917c00f01ae1ba/home/chuanyang/envs/fairseq2/fairseq2/src/fairseq2/cli/commands/recipe.py", line 245, in run
    recipe = self._loader(context, config, output_dir)
  File "/home/chuanyang/miniconda3/envs/fairseq2/bin/fairseq2", line 8, in <module>
    sys.exit(main())
  File "/opt/hpcaas/.mounts/fs-072917c00f01ae1ba/home/chuanyang/envs/fairseq2/fairseq2/src/fairseq2/cli/_main.py", line 27, in main
    exit_code = _run()
  File "/opt/hpcaas/.mounts/fs-072917c00f01ae1ba/home/chuanyang/envs/fairseq2/fairseq2/src/fairseq2/cli/_main.py", line 73, in _run
    return cli.run(context)
  File "/opt/hpcaas/.mounts/fs-072917c00f01ae1ba/home/chuanyang/envs/fairseq2/fairseq2/src/fairseq2/cli/_cli.py", line 123, in run
    return args.command.run(context, args)  # type: ignore[no-any-return]
  File "/opt/hpcaas/.mounts/fs-072917c00f01ae1ba/home/chuanyang/envs/fairseq2/fairseq2/src/fairseq2/cli/_cli.py", line 361, in run
    return self._handler.run(context, self._parser, args)
  File "/opt/hpcaas/.mounts/fs-072917c00f01ae1ba/home/chuanyang/envs/fairseq2/fairseq2/src/fairseq2/cli/commands/recipe.py", line 245, in run
    recipe = self._loader(context, config, output_dir)
  File "/opt/hpcaas/.mounts/fs-072917c00f01ae1ba/home/chuanyang/envs/fairseq2/fairseq2/src/fairseq2/recipes/lm/_preference_finetune/_recipe.py", line 224, in load_po_finetuner
    gangs = setup_gangs(context, config)
  File "/opt/hpcaas/.mounts/fs-072917c00f01ae1ba/home/chuanyang/envs/fairseq2/fairseq2/src/fairseq2/recipes/common/_gang.py", line 73, in setup_gangs
    log.info("Parallel gangs initialized.")
  File "/opt/hpcaas/.mounts/fs-072917c00f01ae1ba/home/chuanyang/envs/fairseq2/fairseq2/src/fairseq2/logging.py", line 40, in info
    self._write(logging.INFO, message, args)
  File "/opt/hpcaas/.mounts/fs-072917c00f01ae1ba/home/chuanyang/envs/fairseq2/fairseq2/src/fairseq2/recipes/lm/_preference_finetune/_recipe.py", line 234, in load_po_finetuner
    model = setup_model(
  File "/opt/hpcaas/.mounts/fs-072917c00f01ae1ba/home/chuanyang/envs/fairseq2/fairseq2/src/fairseq2/recipes/common/_model.py", line 82, in setup_model
    model = load_base_model(
  File "/opt/hpcaas/.mounts/fs-072917c00f01ae1ba/home/chuanyang/envs/fairseq2/fairseq2/src/fairseq2/logging.py", line 67, in _write
    self._logger.log(level, message, exc_info=exc_info, extra=self._NO_HIGHLIGHT)
Message: 'Parallel gangs initialized.'
Arguments: ()
  File "/opt/hpcaas/.mounts/fs-072917c00f01ae1ba/home/chuanyang/envs/fairseq2/fairseq2/src/fairseq2/recipes/common/_model.py", line 140, in load_base_model
    model = model_loader.load(recipe_config, gangs)
  File "/opt/hpcaas/.mounts/fs-072917c00f01ae1ba/home/chuanyang/envs/fairseq2/fairseq2/src/fairseq2/recipes/common/_model.py", line 247, in load
    log.info("Loading '{}' model on data parallel rank 0.", model_name)
  File "/opt/hpcaas/.mounts/fs-072917c00f01ae1ba/home/chuanyang/envs/fairseq2/fairseq2/src/fairseq2/logging.py", line 40, in info
    self._write(logging.INFO, message, args)
  File "/opt/hpcaas/.mounts/fs-072917c00f01ae1ba/home/chuanyang/envs/fairseq2/fairseq2/src/fairseq2/logging.py", line 67, in _write
    self._logger.log(level, message, exc_info=exc_info, extra=self._NO_HIGHLIGHT)
Message: "Loading 'llama3_1_8b_instruct' model on data parallel rank 0."
Arguments: ()
  File "/home/chuanyang/miniconda3/envs/fairseq2/bin/fairseq2", line 8, in <module>
    sys.exit(main())
  File "/opt/hpcaas/.mounts/fs-072917c00f01ae1ba/home/chuanyang/envs/fairseq2/fairseq2/src/fairseq2/cli/_main.py", line 27, in main
    exit_code = _run()
  File "/opt/hpcaas/.mounts/fs-072917c00f01ae1ba/home/chuanyang/envs/fairseq2/fairseq2/src/fairseq2/cli/_main.py", line 73, in _run
    return cli.run(context)
  File "/opt/hpcaas/.mounts/fs-072917c00f01ae1ba/home/chuanyang/envs/fairseq2/fairseq2/src/fairseq2/cli/_cli.py", line 123, in run
    return args.command.run(context, args)  # type: ignore[no-any-return]
  File "/home/chuanyang/miniconda3/envs/fairseq2/bin/fairseq2", line 8, in <module>
    sys.exit(main())
  File "/opt/hpcaas/.mounts/fs-072917c00f01ae1ba/home/chuanyang/envs/fairseq2/fairseq2/src/fairseq2/cli/_main.py", line 27, in main
    exit_code = _run()
  File "/opt/hpcaas/.mounts/fs-072917c00f01ae1ba/home/chuanyang/envs/fairseq2/fairseq2/src/fairseq2/cli/_main.py", line 73, in _run
    return cli.run(context)
  File "/opt/hpcaas/.mounts/fs-072917c00f01ae1ba/home/chuanyang/envs/fairseq2/fairseq2/src/fairseq2/cli/_cli.py", line 123, in run
    return args.command.run(context, args)  # type: ignore[no-any-return]
  File "/opt/hpcaas/.mounts/fs-072917c00f01ae1ba/home/chuanyang/envs/fairseq2/fairseq2/src/fairseq2/cli/_cli.py", line 361, in run
    return self._handler.run(context, self._parser, args)
  File "/opt/hpcaas/.mounts/fs-072917c00f01ae1ba/home/chuanyang/envs/fairseq2/fairseq2/src/fairseq2/cli/commands/recipe.py", line 245, in run
    recipe = self._loader(context, config, output_dir)
  File "/opt/hpcaas/.mounts/fs-072917c00f01ae1ba/home/chuanyang/envs/fairseq2/fairseq2/src/fairseq2/cli/_cli.py", line 361, in run
    return self._handler.run(context, self._parser, args)
  File "/opt/hpcaas/.mounts/fs-072917c00f01ae1ba/home/chuanyang/envs/fairseq2/fairseq2/src/fairseq2/cli/commands/recipe.py", line 245, in run
    recipe = self._loader(context, config, output_dir)
  File "/opt/hpcaas/.mounts/fs-072917c00f01ae1ba/home/chuanyang/envs/fairseq2/fairseq2/src/fairseq2/recipes/lm/_preference_finetune/_recipe.py", line 224, in load_po_finetuner
    gangs = setup_gangs(context, config)
  File "/opt/hpcaas/.mounts/fs-072917c00f01ae1ba/home/chuanyang/envs/fairseq2/fairseq2/src/fairseq2/recipes/common/_gang.py", line 73, in setup_gangs
    log.info("Parallel gangs initialized.")
  File "/opt/hpcaas/.mounts/fs-072917c00f01ae1ba/home/chuanyang/envs/fairseq2/fairseq2/src/fairseq2/logging.py", line 40, in info
    self._write(logging.INFO, message, args)
  File "/opt/hpcaas/.mounts/fs-072917c00f01ae1ba/home/chuanyang/envs/fairseq2/fairseq2/src/fairseq2/recipes/lm/_preference_finetune/_recipe.py", line 224, in load_po_finetuner
    gangs = setup_gangs(context, config)
  File "/opt/hpcaas/.mounts/fs-072917c00f01ae1ba/home/chuanyang/envs/fairseq2/fairseq2/src/fairseq2/recipes/common/_gang.py", line 67, in setup_gangs
    gangs = setup_parallel_gangs(root_gang, tp_size=tp_size)
  File "/opt/hpcaas/.mounts/fs-072917c00f01ae1ba/home/chuanyang/envs/fairseq2/fairseq2/src/fairseq2/gang.py", line 734, in setup_parallel_gangs
    log.info("Initializing tensor parallel gang with a size of {}.", tp_size)
  File "/opt/hpcaas/.mounts/fs-072917c00f01ae1ba/home/chuanyang/envs/fairseq2/fairseq2/src/fairseq2/logging.py", line 40, in info
    self._write(logging.INFO, message, args)
  File "/opt/hpcaas/.mounts/fs-072917c00f01ae1ba/home/chuanyang/envs/fairseq2/fairseq2/src/fairseq2/logging.py", line 67, in _write
--- Logging error ---
    self._logger.log(level, message, exc_info=exc_info, extra=self._NO_HIGHLIGHT)
Message: 'Initializing tensor parallel gang with a size of 1.'
Arguments: ()
  File "/opt/hpcaas/.mounts/fs-072917c00f01ae1ba/home/chuanyang/envs/fairseq2/fairseq2/src/fairseq2/logging.py", line 67, in _write
    self._logger.log(level, message, exc_info=exc_info, extra=self._NO_HIGHLIGHT)
Message: 'Parallel gangs initialized.'
Arguments: ()
--- Logging error ---
--- Logging error ---
Traceback (most recent call last):
--- Logging error ---
  File "/home/chuanyang/envs/fairseq2/conda/lib/python3.10/logging/__init__.py", line 1104, in emit
    self.flush()
  File "/home/chuanyang/envs/fairseq2/conda/lib/python3.10/logging/__init__.py", line 1084, in flush
    self.stream.flush()
OSError: [Errno 122] Disk quota exceeded
Call stack:
Traceback (most recent call last):
  File "/home/chuanyang/miniconda3/envs/fairseq2/bin/fairseq2", line 8, in <module>
    sys.exit(main())
  File "/opt/hpcaas/.mounts/fs-072917c00f01ae1ba/home/chuanyang/envs/fairseq2/fairseq2/src/fairseq2/cli/_main.py", line 27, in main
    exit_code = _run()
  File "/opt/hpcaas/.mounts/fs-072917c00f01ae1ba/home/chuanyang/envs/fairseq2/fairseq2/src/fairseq2/cli/_main.py", line 73, in _run
    return cli.run(context)
  File "/opt/hpcaas/.mounts/fs-072917c00f01ae1ba/home/chuanyang/envs/fairseq2/fairseq2/src/fairseq2/cli/_cli.py", line 123, in run
    return args.command.run(context, args)  # type: ignore[no-any-return]
  File "/opt/hpcaas/.mounts/fs-072917c00f01ae1ba/home/chuanyang/envs/fairseq2/fairseq2/src/fairseq2/cli/_cli.py", line 361, in run
    return self._handler.run(context, self._parser, args)
  File "/opt/hpcaas/.mounts/fs-072917c00f01ae1ba/home/chuanyang/envs/fairseq2/fairseq2/src/fairseq2/cli/commands/recipe.py", line 245, in run
    recipe = self._loader(context, config, output_dir)
Traceback (most recent call last):
  File "/opt/hpcaas/.mounts/fs-072917c00f01ae1ba/home/chuanyang/envs/fairseq2/fairseq2/src/fairseq2/recipes/lm/_preference_finetune/_recipe.py", line 234, in load_po_finetuner
    model = setup_model(
  File "/opt/hpcaas/.mounts/fs-072917c00f01ae1ba/home/chuanyang/envs/fairseq2/fairseq2/src/fairseq2/recipes/common/_model.py", line 82, in setup_model
    model = load_base_model(
  File "/opt/hpcaas/.mounts/fs-072917c00f01ae1ba/home/chuanyang/envs/fairseq2/fairseq2/src/fairseq2/recipes/common/_model.py", line 140, in load_base_model
    model = model_loader.load(recipe_config, gangs)
  File "/opt/hpcaas/.mounts/fs-072917c00f01ae1ba/home/chuanyang/envs/fairseq2/fairseq2/src/fairseq2/recipes/common/_model.py", line 247, in load
    log.info("Loading '{}' model on data parallel rank 0.", model_name)
  File "/opt/hpcaas/.mounts/fs-072917c00f01ae1ba/home/chuanyang/envs/fairseq2/fairseq2/src/fairseq2/logging.py", line 40, in info
    self._write(logging.INFO, message, args)
  File "/home/chuanyang/envs/fairseq2/conda/lib/python3.10/logging/__init__.py", line 1104, in emit
    self.flush()
  File "/home/chuanyang/envs/fairseq2/conda/lib/python3.10/logging/__init__.py", line 1084, in flush
    self.stream.flush()
OSError: [Errno 122] Disk quota exceeded
  File "/opt/hpcaas/.mounts/fs-072917c00f01ae1ba/home/chuanyang/envs/fairseq2/fairseq2/src/fairseq2/logging.py", line 67, in _write
    self._logger.log(level, message, exc_info=exc_info, extra=self._NO_HIGHLIGHT)
Traceback (most recent call last):
Message: "Loading 'llama3_1_8b_instruct' model on data parallel rank 0."
Arguments: ()
  File "/home/chuanyang/envs/fairseq2/conda/lib/python3.10/logging/__init__.py", line 1104, in emit
    self.flush()
  File "/home/chuanyang/envs/fairseq2/conda/lib/python3.10/logging/__init__.py", line 1084, in flush
    self.stream.flush()
--- Logging error ---
Call stack:
Traceback (most recent call last):
  File "/home/chuanyang/envs/fairseq2/conda/lib/python3.10/logging/__init__.py", line 1104, in emit
    self.flush()
  File "/home/chuanyang/envs/fairseq2/conda/lib/python3.10/logging/__init__.py", line 1084, in flush
    self.stream.flush()
OSError: [Errno 122] Disk quota exceeded
  File "/home/chuanyang/envs/fairseq2/conda/lib/python3.10/logging/__init__.py", line 1104, in emit
    self.flush()
  File "/home/chuanyang/envs/fairseq2/conda/lib/python3.10/logging/__init__.py", line 1084, in flush
    self.stream.flush()
OSError: [Errno 122] Disk quota exceeded
Call stack:
OSError: [Errno 122] Disk quota exceeded
Call stack:
Call stack:
  File "/home/chuanyang/miniconda3/envs/fairseq2/bin/fairseq2", line 8, in <module>
    sys.exit(main())
  File "/opt/hpcaas/.mounts/fs-072917c00f01ae1ba/home/chuanyang/envs/fairseq2/fairseq2/src/fairseq2/cli/_main.py", line 27, in main
    exit_code = _run()
  File "/opt/hpcaas/.mounts/fs-072917c00f01ae1ba/home/chuanyang/envs/fairseq2/fairseq2/src/fairseq2/cli/_main.py", line 73, in _run
    return cli.run(context)
  File "/opt/hpcaas/.mounts/fs-072917c00f01ae1ba/home/chuanyang/envs/fairseq2/fairseq2/src/fairseq2/cli/_cli.py", line 123, in run
    return args.command.run(context, args)  # type: ignore[no-any-return]
  File "/opt/hpcaas/.mounts/fs-072917c00f01ae1ba/home/chuanyang/envs/fairseq2/fairseq2/src/fairseq2/cli/_cli.py", line 361, in run
    return self._handler.run(context, self._parser, args)
  File "/opt/hpcaas/.mounts/fs-072917c00f01ae1ba/home/chuanyang/envs/fairseq2/fairseq2/src/fairseq2/cli/commands/recipe.py", line 245, in run
    recipe = self._loader(context, config, output_dir)
  File "/home/chuanyang/miniconda3/envs/fairseq2/bin/fairseq2", line 8, in <module>
    sys.exit(main())
  File "/opt/hpcaas/.mounts/fs-072917c00f01ae1ba/home/chuanyang/envs/fairseq2/fairseq2/src/fairseq2/cli/_main.py", line 27, in main
    exit_code = _run()
  File "/opt/hpcaas/.mounts/fs-072917c00f01ae1ba/home/chuanyang/envs/fairseq2/fairseq2/src/fairseq2/cli/_main.py", line 73, in _run
    return cli.run(context)
  File "/opt/hpcaas/.mounts/fs-072917c00f01ae1ba/home/chuanyang/envs/fairseq2/fairseq2/src/fairseq2/recipes/lm/_preference_finetune/_recipe.py", line 224, in load_po_finetuner
    gangs = setup_gangs(context, config)
  File "/home/chuanyang/miniconda3/envs/fairseq2/bin/fairseq2", line 8, in <module>
    sys.exit(main())
  File "/opt/hpcaas/.mounts/fs-072917c00f01ae1ba/home/chuanyang/envs/fairseq2/fairseq2/src/fairseq2/cli/_main.py", line 27, in main
    exit_code = _run()
  File "/opt/hpcaas/.mounts/fs-072917c00f01ae1ba/home/chuanyang/envs/fairseq2/fairseq2/src/fairseq2/cli/_main.py", line 73, in _run
    return cli.run(context)
  File "/opt/hpcaas/.mounts/fs-072917c00f01ae1ba/home/chuanyang/envs/fairseq2/fairseq2/src/fairseq2/cli/_cli.py", line 123, in run
    return args.command.run(context, args)  # type: ignore[no-any-return]
  File "/opt/hpcaas/.mounts/fs-072917c00f01ae1ba/home/chuanyang/envs/fairseq2/fairseq2/src/fairseq2/cli/_cli.py", line 361, in run
    return self._handler.run(context, self._parser, args)
  File "/opt/hpcaas/.mounts/fs-072917c00f01ae1ba/home/chuanyang/envs/fairseq2/fairseq2/src/fairseq2/recipes/common/_gang.py", line 73, in setup_gangs
    log.info("Parallel gangs initialized.")
  File "/opt/hpcaas/.mounts/fs-072917c00f01ae1ba/home/chuanyang/envs/fairseq2/fairseq2/src/fairseq2/logging.py", line 40, in info
    self._write(logging.INFO, message, args)
  File "/opt/hpcaas/.mounts/fs-072917c00f01ae1ba/home/chuanyang/envs/fairseq2/fairseq2/src/fairseq2/logging.py", line 67, in _write
    self._logger.log(level, message, exc_info=exc_info, extra=self._NO_HIGHLIGHT)
Message: 'Parallel gangs initialized.'
Arguments: ()
  File "/home/chuanyang/miniconda3/envs/fairseq2/bin/fairseq2", line 8, in <module>
    sys.exit(main())
  File "/opt/hpcaas/.mounts/fs-072917c00f01ae1ba/home/chuanyang/envs/fairseq2/fairseq2/src/fairseq2/cli/_main.py", line 27, in main
    exit_code = _run()
  File "/opt/hpcaas/.mounts/fs-072917c00f01ae1ba/home/chuanyang/envs/fairseq2/fairseq2/src/fairseq2/cli/_main.py", line 73, in _run
    return cli.run(context)
  File "/opt/hpcaas/.mounts/fs-072917c00f01ae1ba/home/chuanyang/envs/fairseq2/fairseq2/src/fairseq2/cli/_cli.py", line 123, in run
    return args.command.run(context, args)  # type: ignore[no-any-return]
  File "/opt/hpcaas/.mounts/fs-072917c00f01ae1ba/home/chuanyang/envs/fairseq2/fairseq2/src/fairseq2/cli/_cli.py", line 361, in run
    return self._handler.run(context, self._parser, args)
  File "/opt/hpcaas/.mounts/fs-072917c00f01ae1ba/home/chuanyang/envs/fairseq2/fairseq2/src/fairseq2/cli/commands/recipe.py", line 245, in run
    recipe = self._loader(context, config, output_dir)
--- Logging error ---
  File "/opt/hpcaas/.mounts/fs-072917c00f01ae1ba/home/chuanyang/envs/fairseq2/fairseq2/src/fairseq2/recipes/lm/_preference_finetune/_recipe.py", line 224, in load_po_finetuner
    gangs = setup_gangs(context, config)
  File "/opt/hpcaas/.mounts/fs-072917c00f01ae1ba/home/chuanyang/envs/fairseq2/fairseq2/src/fairseq2/recipes/common/_gang.py", line 73, in setup_gangs
    log.info("Parallel gangs initialized.")
  File "/opt/hpcaas/.mounts/fs-072917c00f01ae1ba/home/chuanyang/envs/fairseq2/fairseq2/src/fairseq2/logging.py", line 40, in info
    self._write(logging.INFO, message, args)
  File "/opt/hpcaas/.mounts/fs-072917c00f01ae1ba/home/chuanyang/envs/fairseq2/fairseq2/src/fairseq2/logging.py", line 67, in _write
    self._logger.log(level, message, exc_info=exc_info, extra=self._NO_HIGHLIGHT)
Message: 'Parallel gangs initialized.'
Arguments: ()
Traceback (most recent call last):
  File "/home/chuanyang/envs/fairseq2/conda/lib/python3.10/logging/__init__.py", line 1104, in emit
    self.flush()
  File "/opt/hpcaas/.mounts/fs-072917c00f01ae1ba/home/chuanyang/envs/fairseq2/fairseq2/src/fairseq2/cli/_cli.py", line 123, in run
    return args.command.run(context, args)  # type: ignore[no-any-return]
  File "/opt/hpcaas/.mounts/fs-072917c00f01ae1ba/home/chuanyang/envs/fairseq2/fairseq2/src/fairseq2/cli/_cli.py", line 361, in run
    return self._handler.run(context, self._parser, args)
  File "/opt/hpcaas/.mounts/fs-072917c00f01ae1ba/home/chuanyang/envs/fairseq2/fairseq2/src/fairseq2/cli/commands/recipe.py", line 245, in run
    recipe = self._loader(context, config, output_dir)
  File "/opt/hpcaas/.mounts/fs-072917c00f01ae1ba/home/chuanyang/envs/fairseq2/fairseq2/src/fairseq2/recipes/lm/_preference_finetune/_recipe.py", line 224, in load_po_finetuner
    gangs = setup_gangs(context, config)
  File "/opt/hpcaas/.mounts/fs-072917c00f01ae1ba/home/chuanyang/envs/fairseq2/fairseq2/src/fairseq2/recipes/common/_gang.py", line 73, in setup_gangs
    log.info("Parallel gangs initialized.")
  File "/home/chuanyang/envs/fairseq2/conda/lib/python3.10/logging/__init__.py", line 1084, in flush
    self.stream.flush()
OSError: [Errno 122] Disk quota exceeded
  File "/opt/hpcaas/.mounts/fs-072917c00f01ae1ba/home/chuanyang/envs/fairseq2/fairseq2/src/fairseq2/logging.py", line 40, in info
    self._write(logging.INFO, message, args)
  File "/opt/hpcaas/.mounts/fs-072917c00f01ae1ba/home/chuanyang/envs/fairseq2/fairseq2/src/fairseq2/logging.py", line 67, in _write
    self._logger.log(level, message, exc_info=exc_info, extra=self._NO_HIGHLIGHT)
Message: 'Parallel gangs initialized.'
Arguments: ()
Call stack:
  File "/opt/hpcaas/.mounts/fs-072917c00f01ae1ba/home/chuanyang/envs/fairseq2/fairseq2/src/fairseq2/cli/commands/recipe.py", line 245, in run
    recipe = self._loader(context, config, output_dir)
  File "/opt/hpcaas/.mounts/fs-072917c00f01ae1ba/home/chuanyang/envs/fairseq2/fairseq2/src/fairseq2/recipes/lm/_preference_finetune/_recipe.py", line 224, in load_po_finetuner
    gangs = setup_gangs(context, config)
  File "/opt/hpcaas/.mounts/fs-072917c00f01ae1ba/home/chuanyang/envs/fairseq2/fairseq2/src/fairseq2/recipes/common/_gang.py", line 73, in setup_gangs
    log.info("Parallel gangs initialized.")
  File "/opt/hpcaas/.mounts/fs-072917c00f01ae1ba/home/chuanyang/envs/fairseq2/fairseq2/src/fairseq2/logging.py", line 40, in info
    self._write(logging.INFO, message, args)
  File "/opt/hpcaas/.mounts/fs-072917c00f01ae1ba/home/chuanyang/envs/fairseq2/fairseq2/src/fairseq2/logging.py", line 67, in _write
    self._logger.log(level, message, exc_info=exc_info, extra=self._NO_HIGHLIGHT)
  File "/home/chuanyang/miniconda3/envs/fairseq2/bin/fairseq2", line 8, in <module>
    sys.exit(main())
  File "/opt/hpcaas/.mounts/fs-072917c00f01ae1ba/home/chuanyang/envs/fairseq2/fairseq2/src/fairseq2/cli/_main.py", line 27, in main
    exit_code = _run()
  File "/opt/hpcaas/.mounts/fs-072917c00f01ae1ba/home/chuanyang/envs/fairseq2/fairseq2/src/fairseq2/cli/_main.py", line 73, in _run
    return cli.run(context)
  File "/opt/hpcaas/.mounts/fs-072917c00f01ae1ba/home/chuanyang/envs/fairseq2/fairseq2/src/fairseq2/cli/_cli.py", line 123, in run
    return args.command.run(context, args)  # type: ignore[no-any-return]
  File "/opt/hpcaas/.mounts/fs-072917c00f01ae1ba/home/chuanyang/envs/fairseq2/fairseq2/src/fairseq2/cli/_cli.py", line 361, in run
    return self._handler.run(context, self._parser, args)
  File "/opt/hpcaas/.mounts/fs-072917c00f01ae1ba/home/chuanyang/envs/fairseq2/fairseq2/src/fairseq2/cli/commands/recipe.py", line 245, in run
    recipe = self._loader(context, config, output_dir)
Message: 'Parallel gangs initialized.'
Arguments: ()
  File "/opt/hpcaas/.mounts/fs-072917c00f01ae1ba/home/chuanyang/envs/fairseq2/fairseq2/src/fairseq2/recipes/lm/_preference_finetune/_recipe.py", line 234, in load_po_finetuner
    model = setup_model(
  File "/opt/hpcaas/.mounts/fs-072917c00f01ae1ba/home/chuanyang/envs/fairseq2/fairseq2/src/fairseq2/recipes/common/_model.py", line 82, in setup_model
    model = load_base_model(
  File "/opt/hpcaas/.mounts/fs-072917c00f01ae1ba/home/chuanyang/envs/fairseq2/fairseq2/src/fairseq2/recipes/common/_model.py", line 140, in load_base_model
    model = model_loader.load(recipe_config, gangs)
--- Logging error ---
  File "/opt/hpcaas/.mounts/fs-072917c00f01ae1ba/home/chuanyang/envs/fairseq2/fairseq2/src/fairseq2/recipes/common/_model.py", line 224, in load
    log_config(log, "Model Config", model_config)
  File "/opt/hpcaas/.mounts/fs-072917c00f01ae1ba/home/chuanyang/envs/fairseq2/fairseq2/src/fairseq2/recipes/utils/log.py", line 28, in log_config
    log.info("{}:\n{}", title, pretty_repr(config, max_width=88))
  File "/opt/hpcaas/.mounts/fs-072917c00f01ae1ba/home/chuanyang/envs/fairseq2/fairseq2/src/fairseq2/logging.py", line 40, in info
    self._write(logging.INFO, message, args)
  File "/opt/hpcaas/.mounts/fs-072917c00f01ae1ba/home/chuanyang/envs/fairseq2/fairseq2/src/fairseq2/logging.py", line 67, in _write
    self._logger.log(level, message, exc_info=exc_info, extra=self._NO_HIGHLIGHT)
Traceback (most recent call last):
Message: 'Model Config:\nLLaMAConfig(\n    model_dim=4096,\n    max_seq_len=131072,\n    vocab_info=VocabularyInfo(\n        size=128256,\n        unk_idx=None,\n        bos_idx=128000,\n        eos_idx=128009,\n        pad_idx=None,\n        boh_idx=None,\n        eoh_idx=None\n    ),\n    num_layers=32,\n    num_attn_heads=32,\n    num_key_value_heads=8,\n    ffn_inner_dim=16384,\n    ffn_inner_dim_scale=0.6666666666666666,\n    ffn_inner_dim_multiplier=1.3,\n    ffn_inner_dim_to_multiple=1024,\n    rope_theta=500000.0,\n    use_scaled_rope=True,\n    rope_scaling=LLaMARopeScalingConfig(\n        factor=8.0,\n        frequency_factors=(1.0, 4.0),\n        original_context_length=8192\n    ),\n    dropout_p=0.0\n)'
Arguments: ()
  File "/home/chuanyang/envs/fairseq2/conda/lib/python3.10/logging/__init__.py", line 1104, in emit
    self.flush()
  File "/home/chuanyang/envs/fairseq2/conda/lib/python3.10/logging/__init__.py", line 1084, in flush
    self.stream.flush()
--- Logging error ---
OSError: [Errno 122] Disk quota exceeded
Traceback (most recent call last):
Call stack:
  File "/home/chuanyang/envs/fairseq2/conda/lib/python3.10/logging/__init__.py", line 1104, in emit
    self.flush()
  File "/home/chuanyang/envs/fairseq2/conda/lib/python3.10/logging/__init__.py", line 1084, in flush
    self.stream.flush()
--- Logging error ---
OSError: [Errno 122] Disk quota exceeded
Call stack:
--- Logging error ---
  File "/home/chuanyang/miniconda3/envs/fairseq2/bin/fairseq2", line 8, in <module>
    sys.exit(main())
  File "/opt/hpcaas/.mounts/fs-072917c00f01ae1ba/home/chuanyang/envs/fairseq2/fairseq2/src/fairseq2/cli/_main.py", line 27, in main
    exit_code = _run()
  File "/opt/hpcaas/.mounts/fs-072917c00f01ae1ba/home/chuanyang/envs/fairseq2/fairseq2/src/fairseq2/cli/_main.py", line 73, in _run
    return cli.run(context)
  File "/opt/hpcaas/.mounts/fs-072917c00f01ae1ba/home/chuanyang/envs/fairseq2/fairseq2/src/fairseq2/cli/_cli.py", line 123, in run
    return args.command.run(context, args)  # type: ignore[no-any-return]
  File "/opt/hpcaas/.mounts/fs-072917c00f01ae1ba/home/chuanyang/envs/fairseq2/fairseq2/src/fairseq2/cli/_cli.py", line 361, in run
    return self._handler.run(context, self._parser, args)
Traceback (most recent call last):
  File "/opt/hpcaas/.mounts/fs-072917c00f01ae1ba/home/chuanyang/envs/fairseq2/fairseq2/src/fairseq2/cli/commands/recipe.py", line 245, in run
    recipe = self._loader(context, config, output_dir)
  File "/opt/hpcaas/.mounts/fs-072917c00f01ae1ba/home/chuanyang/envs/fairseq2/fairseq2/src/fairseq2/recipes/lm/_preference_finetune/_recipe.py", line 234, in load_po_finetuner
    model = setup_model(
  File "/opt/hpcaas/.mounts/fs-072917c00f01ae1ba/home/chuanyang/envs/fairseq2/fairseq2/src/fairseq2/recipes/common/_model.py", line 82, in setup_model
    model = load_base_model(
  File "/opt/hpcaas/.mounts/fs-072917c00f01ae1ba/home/chuanyang/envs/fairseq2/fairseq2/src/fairseq2/recipes/common/_model.py", line 140, in load_base_model
    model = model_loader.load(recipe_config, gangs)
  File "/opt/hpcaas/.mounts/fs-072917c00f01ae1ba/home/chuanyang/envs/fairseq2/fairseq2/src/fairseq2/recipes/common/_model.py", line 247, in load
    log.info("Loading '{}' model on data parallel rank 0.", model_name)
Traceback (most recent call last):
  File "/opt/hpcaas/.mounts/fs-072917c00f01ae1ba/home/chuanyang/envs/fairseq2/fairseq2/src/fairseq2/logging.py", line 40, in info
    self._write(logging.INFO, message, args)
  File "/opt/hpcaas/.mounts/fs-072917c00f01ae1ba/home/chuanyang/envs/fairseq2/fairseq2/src/fairseq2/logging.py", line 67, in _write
    self._logger.log(level, message, exc_info=exc_info, extra=self._NO_HIGHLIGHT)
  File "/home/chuanyang/envs/fairseq2/conda/lib/python3.10/logging/__init__.py", line 1104, in emit
    self.flush()
  File "/home/chuanyang/envs/fairseq2/conda/lib/python3.10/logging/__init__.py", line 1084, in flush
    self.stream.flush()
Message: "Loading 'llama3_1_8b_instruct' model on data parallel rank 0."
Arguments: ()
  File "/home/chuanyang/envs/fairseq2/conda/lib/python3.10/logging/__init__.py", line 1104, in emit
    self.flush()
  File "/home/chuanyang/envs/fairseq2/conda/lib/python3.10/logging/__init__.py", line 1084, in flush
    self.stream.flush()
OSError: [Errno 122] Disk quota exceeded
--- Logging error ---
OSError: [Errno 122] Disk quota exceeded
Call stack:
Traceback (most recent call last):
Call stack:
  File "/home/chuanyang/envs/fairseq2/conda/lib/python3.10/logging/__init__.py", line 1104, in emit
    self.flush()
  File "/home/chuanyang/envs/fairseq2/conda/lib/python3.10/logging/__init__.py", line 1084, in flush
    self.stream.flush()
OSError: [Errno 122] Disk quota exceeded
--- Logging error ---
Call stack:
Traceback (most recent call last):
  File "/home/chuanyang/miniconda3/envs/fairseq2/bin/fairseq2", line 8, in <module>
    sys.exit(main())
  File "/opt/hpcaas/.mounts/fs-072917c00f01ae1ba/home/chuanyang/envs/fairseq2/fairseq2/src/fairseq2/cli/_main.py", line 27, in main
    exit_code = _run()
  File "/opt/hpcaas/.mounts/fs-072917c00f01ae1ba/home/chuanyang/envs/fairseq2/fairseq2/src/fairseq2/cli/_main.py", line 73, in _run
    return cli.run(context)
  File "/opt/hpcaas/.mounts/fs-072917c00f01ae1ba/home/chuanyang/envs/fairseq2/fairseq2/src/fairseq2/cli/_cli.py", line 123, in run
    return args.command.run(context, args)  # type: ignore[no-any-return]
  File "/opt/hpcaas/.mounts/fs-072917c00f01ae1ba/home/chuanyang/envs/fairseq2/fairseq2/src/fairseq2/cli/_cli.py", line 361, in run
    return self._handler.run(context, self._parser, args)
  File "/opt/hpcaas/.mounts/fs-072917c00f01ae1ba/home/chuanyang/envs/fairseq2/fairseq2/src/fairseq2/cli/commands/recipe.py", line 245, in run
    recipe = self._loader(context, config, output_dir)
--- Logging error ---
  File "/opt/hpcaas/.mounts/fs-072917c00f01ae1ba/home/chuanyang/envs/fairseq2/fairseq2/src/fairseq2/recipes/lm/_preference_finetune/_recipe.py", line 234, in load_po_finetuner
    model = setup_model(
  File "/opt/hpcaas/.mounts/fs-072917c00f01ae1ba/home/chuanyang/envs/fairseq2/fairseq2/src/fairseq2/recipes/common/_model.py", line 82, in setup_model
    model = load_base_model(
  File "/opt/hpcaas/.mounts/fs-072917c00f01ae1ba/home/chuanyang/envs/fairseq2/fairseq2/src/fairseq2/recipes/common/_model.py", line 140, in load_base_model
    model = model_loader.load(recipe_config, gangs)
  File "/opt/hpcaas/.mounts/fs-072917c00f01ae1ba/home/chuanyang/envs/fairseq2/fairseq2/src/fairseq2/recipes/common/_model.py", line 224, in load
    log_config(log, "Model Config", model_config)
  File "/opt/hpcaas/.mounts/fs-072917c00f01ae1ba/home/chuanyang/envs/fairseq2/fairseq2/src/fairseq2/recipes/utils/log.py", line 28, in log_config
    log.info("{}:\n{}", title, pretty_repr(config, max_width=88))
  File "/home/chuanyang/envs/fairseq2/conda/lib/python3.10/logging/__init__.py", line 1104, in emit
    self.flush()
  File "/home/chuanyang/envs/fairseq2/conda/lib/python3.10/logging/__init__.py", line 1084, in flush
    self.stream.flush()
  File "/opt/hpcaas/.mounts/fs-072917c00f01ae1ba/home/chuanyang/envs/fairseq2/fairseq2/src/fairseq2/logging.py", line 40, in info
    self._write(logging.INFO, message, args)
  File "/opt/hpcaas/.mounts/fs-072917c00f01ae1ba/home/chuanyang/envs/fairseq2/fairseq2/src/fairseq2/logging.py", line 67, in _write
    self._logger.log(level, message, exc_info=exc_info, extra=self._NO_HIGHLIGHT)
OSError: [Errno 122] Disk quota exceeded
Call stack:
Message: 'Model Config:\nLLaMAConfig(\n    model_dim=4096,\n    max_seq_len=131072,\n    vocab_info=VocabularyInfo(\n        size=128256,\n        unk_idx=None,\n        bos_idx=128000,\n        eos_idx=128009,\n        pad_idx=None,\n        boh_idx=None,\n        eoh_idx=None\n    ),\n    num_layers=32,\n    num_attn_heads=32,\n    num_key_value_heads=8,\n    ffn_inner_dim=16384,\n    ffn_inner_dim_scale=0.6666666666666666,\n    ffn_inner_dim_multiplier=1.3,\n    ffn_inner_dim_to_multiple=1024,\n    rope_theta=500000.0,\n    use_scaled_rope=True,\n    rope_scaling=LLaMARopeScalingConfig(\n        factor=8.0,\n        frequency_factors=(1.0, 4.0),\n        original_context_length=8192\n    ),\n    dropout_p=0.0\n)'
Arguments: ()
Traceback (most recent call last):
  File "/home/chuanyang/envs/fairseq2/conda/lib/python3.10/logging/__init__.py", line 1104, in emit
    self.flush()
--- Logging error ---
--- Logging error ---
Traceback (most recent call last):
  File "/home/chuanyang/envs/fairseq2/conda/lib/python3.10/logging/__init__.py", line 1084, in flush
    self.stream.flush()
OSError: [Errno 122] Disk quota exceeded
  File "/home/chuanyang/envs/fairseq2/conda/lib/python3.10/logging/__init__.py", line 1104, in emit
    self.flush()
  File "/home/chuanyang/envs/fairseq2/conda/lib/python3.10/logging/__init__.py", line 1084, in flush
    self.stream.flush()
Call stack:
OSError: [Errno 122] Disk quota exceeded
Call stack:
Traceback (most recent call last):
  File "/home/chuanyang/envs/fairseq2/conda/lib/python3.10/logging/__init__.py", line 1104, in emit
    self.flush()
  File "/home/chuanyang/envs/fairseq2/conda/lib/python3.10/logging/__init__.py", line 1084, in flush
    self.stream.flush()
  File "/home/chuanyang/miniconda3/envs/fairseq2/bin/fairseq2", line 8, in <module>
    sys.exit(main())
  File "/opt/hpcaas/.mounts/fs-072917c00f01ae1ba/home/chuanyang/envs/fairseq2/fairseq2/src/fairseq2/cli/_main.py", line 27, in main
    exit_code = _run()
  File "/opt/hpcaas/.mounts/fs-072917c00f01ae1ba/home/chuanyang/envs/fairseq2/fairseq2/src/fairseq2/cli/_main.py", line 73, in _run
    return cli.run(context)
  File "/opt/hpcaas/.mounts/fs-072917c00f01ae1ba/home/chuanyang/envs/fairseq2/fairseq2/src/fairseq2/cli/_cli.py", line 123, in run
    return args.command.run(context, args)  # type: ignore[no-any-return]
  File "/opt/hpcaas/.mounts/fs-072917c00f01ae1ba/home/chuanyang/envs/fairseq2/fairseq2/src/fairseq2/cli/_cli.py", line 361, in run
    return self._handler.run(context, self._parser, args)
OSError: [Errno 122] Disk quota exceeded
Call stack:
  File "/opt/hpcaas/.mounts/fs-072917c00f01ae1ba/home/chuanyang/envs/fairseq2/fairseq2/src/fairseq2/cli/commands/recipe.py", line 245, in run
    recipe = self._loader(context, config, output_dir)
  File "/opt/hpcaas/.mounts/fs-072917c00f01ae1ba/home/chuanyang/envs/fairseq2/fairseq2/src/fairseq2/recipes/lm/_preference_finetune/_recipe.py", line 234, in load_po_finetuner
    model = setup_model(
  File "/opt/hpcaas/.mounts/fs-072917c00f01ae1ba/home/chuanyang/envs/fairseq2/fairseq2/src/fairseq2/recipes/common/_model.py", line 82, in setup_model
    model = load_base_model(
  File "/opt/hpcaas/.mounts/fs-072917c00f01ae1ba/home/chuanyang/envs/fairseq2/fairseq2/src/fairseq2/recipes/common/_model.py", line 140, in load_base_model
    model = model_loader.load(recipe_config, gangs)
  File "/opt/hpcaas/.mounts/fs-072917c00f01ae1ba/home/chuanyang/envs/fairseq2/fairseq2/src/fairseq2/recipes/common/_model.py", line 247, in load
    log.info("Loading '{}' model on data parallel rank 0.", model_name)
  File "/home/chuanyang/miniconda3/envs/fairseq2/bin/fairseq2", line 8, in <module>
    sys.exit(main())
  File "/opt/hpcaas/.mounts/fs-072917c00f01ae1ba/home/chuanyang/envs/fairseq2/fairseq2/src/fairseq2/cli/_main.py", line 27, in main
    exit_code = _run()
  File "/opt/hpcaas/.mounts/fs-072917c00f01ae1ba/home/chuanyang/envs/fairseq2/fairseq2/src/fairseq2/cli/_main.py", line 73, in _run
    return cli.run(context)
  File "/opt/hpcaas/.mounts/fs-072917c00f01ae1ba/home/chuanyang/envs/fairseq2/fairseq2/src/fairseq2/cli/_cli.py", line 123, in run
    return args.command.run(context, args)  # type: ignore[no-any-return]
  File "/opt/hpcaas/.mounts/fs-072917c00f01ae1ba/home/chuanyang/envs/fairseq2/fairseq2/src/fairseq2/cli/_cli.py", line 361, in run
    return self._handler.run(context, self._parser, args)
  File "/opt/hpcaas/.mounts/fs-072917c00f01ae1ba/home/chuanyang/envs/fairseq2/fairseq2/src/fairseq2/cli/commands/recipe.py", line 245, in run
    recipe = self._loader(context, config, output_dir)
  File "/opt/hpcaas/.mounts/fs-072917c00f01ae1ba/home/chuanyang/envs/fairseq2/fairseq2/src/fairseq2/logging.py", line 40, in info
    self._write(logging.INFO, message, args)
  File "/opt/hpcaas/.mounts/fs-072917c00f01ae1ba/home/chuanyang/envs/fairseq2/fairseq2/src/fairseq2/logging.py", line 67, in _write
    self._logger.log(level, message, exc_info=exc_info, extra=self._NO_HIGHLIGHT)
  File "/opt/hpcaas/.mounts/fs-072917c00f01ae1ba/home/chuanyang/envs/fairseq2/fairseq2/src/fairseq2/recipes/lm/_preference_finetune/_recipe.py", line 234, in load_po_finetuner
    model = setup_model(
  File "/opt/hpcaas/.mounts/fs-072917c00f01ae1ba/home/chuanyang/envs/fairseq2/fairseq2/src/fairseq2/recipes/common/_model.py", line 82, in setup_model
    model = load_base_model(
  File "/opt/hpcaas/.mounts/fs-072917c00f01ae1ba/home/chuanyang/envs/fairseq2/fairseq2/src/fairseq2/recipes/common/_model.py", line 140, in load_base_model
    model = model_loader.load(recipe_config, gangs)
Message: "Loading 'llama3_1_8b_instruct' model on data parallel rank 0."
Arguments: ()
  File "/home/chuanyang/miniconda3/envs/fairseq2/bin/fairseq2", line 8, in <module>
    sys.exit(main())
  File "/opt/hpcaas/.mounts/fs-072917c00f01ae1ba/home/chuanyang/envs/fairseq2/fairseq2/src/fairseq2/cli/_main.py", line 27, in main
    exit_code = _run()
  File "/opt/hpcaas/.mounts/fs-072917c00f01ae1ba/home/chuanyang/envs/fairseq2/fairseq2/src/fairseq2/cli/_main.py", line 73, in _run
    return cli.run(context)
  File "/opt/hpcaas/.mounts/fs-072917c00f01ae1ba/home/chuanyang/envs/fairseq2/fairseq2/src/fairseq2/cli/_cli.py", line 123, in run
    return args.command.run(context, args)  # type: ignore[no-any-return]
  File "/opt/hpcaas/.mounts/fs-072917c00f01ae1ba/home/chuanyang/envs/fairseq2/fairseq2/src/fairseq2/cli/_cli.py", line 361, in run
    return self._handler.run(context, self._parser, args)
  File "/opt/hpcaas/.mounts/fs-072917c00f01ae1ba/home/chuanyang/envs/fairseq2/fairseq2/src/fairseq2/cli/commands/recipe.py", line 245, in run
    recipe = self._loader(context, config, output_dir)
  File "/opt/hpcaas/.mounts/fs-072917c00f01ae1ba/home/chuanyang/envs/fairseq2/fairseq2/src/fairseq2/recipes/lm/_preference_finetune/_recipe.py", line 234, in load_po_finetuner
    model = setup_model(
  File "/opt/hpcaas/.mounts/fs-072917c00f01ae1ba/home/chuanyang/envs/fairseq2/fairseq2/src/fairseq2/recipes/common/_model.py", line 82, in setup_model
    model = load_base_model(
  File "/opt/hpcaas/.mounts/fs-072917c00f01ae1ba/home/chuanyang/envs/fairseq2/fairseq2/src/fairseq2/recipes/common/_model.py", line 140, in load_base_model
    model = model_loader.load(recipe_config, gangs)
  File "/opt/hpcaas/.mounts/fs-072917c00f01ae1ba/home/chuanyang/envs/fairseq2/fairseq2/src/fairseq2/recipes/common/_model.py", line 224, in load
    log_config(log, "Model Config", model_config)
  File "/opt/hpcaas/.mounts/fs-072917c00f01ae1ba/home/chuanyang/envs/fairseq2/fairseq2/src/fairseq2/recipes/utils/log.py", line 28, in log_config
    log.info("{}:\n{}", title, pretty_repr(config, max_width=88))
  File "/opt/hpcaas/.mounts/fs-072917c00f01ae1ba/home/chuanyang/envs/fairseq2/fairseq2/src/fairseq2/logging.py", line 40, in info
    self._write(logging.INFO, message, args)
  File "/opt/hpcaas/.mounts/fs-072917c00f01ae1ba/home/chuanyang/envs/fairseq2/fairseq2/src/fairseq2/logging.py", line 67, in _write
    self._logger.log(level, message, exc_info=exc_info, extra=self._NO_HIGHLIGHT)
Message: 'Model Config:\nLLaMAConfig(\n    model_dim=4096,\n    max_seq_len=131072,\n    vocab_info=VocabularyInfo(\n        size=128256,\n        unk_idx=None,\n        bos_idx=128000,\n        eos_idx=128009,\n        pad_idx=None,\n        boh_idx=None,\n        eoh_idx=None\n    ),\n    num_layers=32,\n    num_attn_heads=32,\n    num_key_value_heads=8,\n    ffn_inner_dim=16384,\n    ffn_inner_dim_scale=0.6666666666666666,\n    ffn_inner_dim_multiplier=1.3,\n    ffn_inner_dim_to_multiple=1024,\n    rope_theta=500000.0,\n    use_scaled_rope=True,\n    rope_scaling=LLaMARopeScalingConfig(\n        factor=8.0,\n        frequency_factors=(1.0, 4.0),\n        original_context_length=8192\n    ),\n    dropout_p=0.0\n)'
Arguments: ()
  File "/home/chuanyang/miniconda3/envs/fairseq2/bin/fairseq2", line 8, in <module>
    sys.exit(main())
  File "/opt/hpcaas/.mounts/fs-072917c00f01ae1ba/home/chuanyang/envs/fairseq2/fairseq2/src/fairseq2/cli/_main.py", line 27, in main
    exit_code = _run()
  File "/opt/hpcaas/.mounts/fs-072917c00f01ae1ba/home/chuanyang/envs/fairseq2/fairseq2/src/fairseq2/cli/_main.py", line 73, in _run
    return cli.run(context)
  File "/opt/hpcaas/.mounts/fs-072917c00f01ae1ba/home/chuanyang/envs/fairseq2/fairseq2/src/fairseq2/cli/_cli.py", line 123, in run
    return args.command.run(context, args)  # type: ignore[no-any-return]
  File "/opt/hpcaas/.mounts/fs-072917c00f01ae1ba/home/chuanyang/envs/fairseq2/fairseq2/src/fairseq2/cli/_cli.py", line 361, in run
    return self._handler.run(context, self._parser, args)
  File "/opt/hpcaas/.mounts/fs-072917c00f01ae1ba/home/chuanyang/envs/fairseq2/fairseq2/src/fairseq2/cli/commands/recipe.py", line 245, in run
    recipe = self._loader(context, config, output_dir)
  File "/opt/hpcaas/.mounts/fs-072917c00f01ae1ba/home/chuanyang/envs/fairseq2/fairseq2/src/fairseq2/recipes/lm/_preference_finetune/_recipe.py", line 234, in load_po_finetuner
    model = setup_model(
  File "/opt/hpcaas/.mounts/fs-072917c00f01ae1ba/home/chuanyang/envs/fairseq2/fairseq2/src/fairseq2/recipes/common/_model.py", line 82, in setup_model
    model = load_base_model(
  File "/opt/hpcaas/.mounts/fs-072917c00f01ae1ba/home/chuanyang/envs/fairseq2/fairseq2/src/fairseq2/recipes/common/_model.py", line 140, in load_base_model
    model = model_loader.load(recipe_config, gangs)
  File "/opt/hpcaas/.mounts/fs-072917c00f01ae1ba/home/chuanyang/envs/fairseq2/fairseq2/src/fairseq2/recipes/common/_model.py", line 224, in load
    log_config(log, "Model Config", model_config)
  File "/opt/hpcaas/.mounts/fs-072917c00f01ae1ba/home/chuanyang/envs/fairseq2/fairseq2/src/fairseq2/recipes/utils/log.py", line 28, in log_config
    log.info("{}:\n{}", title, pretty_repr(config, max_width=88))
  File "/opt/hpcaas/.mounts/fs-072917c00f01ae1ba/home/chuanyang/envs/fairseq2/fairseq2/src/fairseq2/logging.py", line 40, in info
    self._write(logging.INFO, message, args)
  File "/opt/hpcaas/.mounts/fs-072917c00f01ae1ba/home/chuanyang/envs/fairseq2/fairseq2/src/fairseq2/logging.py", line 67, in _write
    self._logger.log(level, message, exc_info=exc_info, extra=self._NO_HIGHLIGHT)
Message: 'Model Config:\nLLaMAConfig(\n    model_dim=4096,\n    max_seq_len=131072,\n    vocab_info=VocabularyInfo(\n        size=128256,\n        unk_idx=None,\n        bos_idx=128000,\n        eos_idx=128009,\n        pad_idx=None,\n        boh_idx=None,\n        eoh_idx=None\n    ),\n    num_layers=32,\n    num_attn_heads=32,\n    num_key_value_heads=8,\n    ffn_inner_dim=16384,\n    ffn_inner_dim_scale=0.6666666666666666,\n    ffn_inner_dim_multiplier=1.3,\n    ffn_inner_dim_to_multiple=1024,\n    rope_theta=500000.0,\n    use_scaled_rope=True,\n    rope_scaling=LLaMARopeScalingConfig(\n        factor=8.0,\n        frequency_factors=(1.0, 4.0),\n        original_context_length=8192\n    ),\n    dropout_p=0.0\n)'
Arguments: ()
  File "/home/chuanyang/miniconda3/envs/fairseq2/bin/fairseq2", line 8, in <module>
    sys.exit(main())
  File "/opt/hpcaas/.mounts/fs-072917c00f01ae1ba/home/chuanyang/envs/fairseq2/fairseq2/src/fairseq2/cli/_main.py", line 27, in main
    exit_code = _run()
  File "/opt/hpcaas/.mounts/fs-072917c00f01ae1ba/home/chuanyang/envs/fairseq2/fairseq2/src/fairseq2/cli/_main.py", line 73, in _run
    return cli.run(context)
  File "/opt/hpcaas/.mounts/fs-072917c00f01ae1ba/home/chuanyang/envs/fairseq2/fairseq2/src/fairseq2/cli/_cli.py", line 123, in run
    return args.command.run(context, args)  # type: ignore[no-any-return]
  File "/opt/hpcaas/.mounts/fs-072917c00f01ae1ba/home/chuanyang/envs/fairseq2/fairseq2/src/fairseq2/cli/_cli.py", line 361, in run
    return self._handler.run(context, self._parser, args)
  File "/opt/hpcaas/.mounts/fs-072917c00f01ae1ba/home/chuanyang/envs/fairseq2/fairseq2/src/fairseq2/cli/commands/recipe.py", line 245, in run
    recipe = self._loader(context, config, output_dir)
  File "/opt/hpcaas/.mounts/fs-072917c00f01ae1ba/home/chuanyang/envs/fairseq2/fairseq2/src/fairseq2/recipes/lm/_preference_finetune/_recipe.py", line 234, in load_po_finetuner
    model = setup_model(
  File "/opt/hpcaas/.mounts/fs-072917c00f01ae1ba/home/chuanyang/envs/fairseq2/fairseq2/src/fairseq2/recipes/common/_model.py", line 82, in setup_model
    model = load_base_model(
  File "/opt/hpcaas/.mounts/fs-072917c00f01ae1ba/home/chuanyang/envs/fairseq2/fairseq2/src/fairseq2/recipes/common/_model.py", line 140, in load_base_model
    model = model_loader.load(recipe_config, gangs)
  File "/opt/hpcaas/.mounts/fs-072917c00f01ae1ba/home/chuanyang/envs/fairseq2/fairseq2/src/fairseq2/recipes/common/_model.py", line 224, in load
    log_config(log, "Model Config", model_config)
  File "/opt/hpcaas/.mounts/fs-072917c00f01ae1ba/home/chuanyang/envs/fairseq2/fairseq2/src/fairseq2/recipes/utils/log.py", line 28, in log_config
    log.info("{}:\n{}", title, pretty_repr(config, max_width=88))
  File "/opt/hpcaas/.mounts/fs-072917c00f01ae1ba/home/chuanyang/envs/fairseq2/fairseq2/src/fairseq2/logging.py", line 40, in info
    self._write(logging.INFO, message, args)
  File "/opt/hpcaas/.mounts/fs-072917c00f01ae1ba/home/chuanyang/envs/fairseq2/fairseq2/src/fairseq2/logging.py", line 67, in _write
    self._logger.log(level, message, exc_info=exc_info, extra=self._NO_HIGHLIGHT)
Message: 'Model Config:\nLLaMAConfig(\n    model_dim=4096,\n    max_seq_len=131072,\n    vocab_info=VocabularyInfo(\n        size=128256,\n        unk_idx=None,\n        bos_idx=128000,\n        eos_idx=128009,\n        pad_idx=None,\n        boh_idx=None,\n        eoh_idx=None\n    ),\n    num_layers=32,\n    num_attn_heads=32,\n    num_key_value_heads=8,\n    ffn_inner_dim=16384,\n    ffn_inner_dim_scale=0.6666666666666666,\n    ffn_inner_dim_multiplier=1.3,\n    ffn_inner_dim_to_multiple=1024,\n    rope_theta=500000.0,\n    use_scaled_rope=True,\n    rope_scaling=LLaMARopeScalingConfig(\n        factor=8.0,\n        frequency_factors=(1.0, 4.0),\n        original_context_length=8192\n    ),\n    dropout_p=0.0\n)'
Arguments: ()
  File "/home/chuanyang/miniconda3/envs/fairseq2/bin/fairseq2", line 8, in <module>
    sys.exit(main())
  File "/opt/hpcaas/.mounts/fs-072917c00f01ae1ba/home/chuanyang/envs/fairseq2/fairseq2/src/fairseq2/cli/_main.py", line 27, in main
    exit_code = _run()
  File "/opt/hpcaas/.mounts/fs-072917c00f01ae1ba/home/chuanyang/envs/fairseq2/fairseq2/src/fairseq2/cli/_main.py", line 73, in _run
    return cli.run(context)
  File "/opt/hpcaas/.mounts/fs-072917c00f01ae1ba/home/chuanyang/envs/fairseq2/fairseq2/src/fairseq2/cli/_cli.py", line 123, in run
    return args.command.run(context, args)  # type: ignore[no-any-return]
  File "/opt/hpcaas/.mounts/fs-072917c00f01ae1ba/home/chuanyang/envs/fairseq2/fairseq2/src/fairseq2/cli/_cli.py", line 361, in run
    return self._handler.run(context, self._parser, args)
  File "/opt/hpcaas/.mounts/fs-072917c00f01ae1ba/home/chuanyang/envs/fairseq2/fairseq2/src/fairseq2/cli/commands/recipe.py", line 245, in run
    recipe = self._loader(context, config, output_dir)
  File "/opt/hpcaas/.mounts/fs-072917c00f01ae1ba/home/chuanyang/envs/fairseq2/fairseq2/src/fairseq2/recipes/lm/_preference_finetune/_recipe.py", line 234, in load_po_finetuner
    model = setup_model(
  File "/opt/hpcaas/.mounts/fs-072917c00f01ae1ba/home/chuanyang/envs/fairseq2/fairseq2/src/fairseq2/recipes/common/_model.py", line 82, in setup_model
    model = load_base_model(
  File "/opt/hpcaas/.mounts/fs-072917c00f01ae1ba/home/chuanyang/envs/fairseq2/fairseq2/src/fairseq2/recipes/common/_model.py", line 140, in load_base_model
    model = model_loader.load(recipe_config, gangs)
  File "/opt/hpcaas/.mounts/fs-072917c00f01ae1ba/home/chuanyang/envs/fairseq2/fairseq2/src/fairseq2/recipes/common/_model.py", line 224, in load
    log_config(log, "Model Config", model_config)
  File "/opt/hpcaas/.mounts/fs-072917c00f01ae1ba/home/chuanyang/envs/fairseq2/fairseq2/src/fairseq2/recipes/utils/log.py", line 28, in log_config
    log.info("{}:\n{}", title, pretty_repr(config, max_width=88))
  File "/opt/hpcaas/.mounts/fs-072917c00f01ae1ba/home/chuanyang/envs/fairseq2/fairseq2/src/fairseq2/logging.py", line 40, in info
    self._write(logging.INFO, message, args)
  File "/opt/hpcaas/.mounts/fs-072917c00f01ae1ba/home/chuanyang/envs/fairseq2/fairseq2/src/fairseq2/logging.py", line 67, in _write
    self._logger.log(level, message, exc_info=exc_info, extra=self._NO_HIGHLIGHT)
Message: 'Model Config:\nLLaMAConfig(\n    model_dim=4096,\n    max_seq_len=131072,\n    vocab_info=VocabularyInfo(\n        size=128256,\n        unk_idx=None,\n        bos_idx=128000,\n        eos_idx=128009,\n        pad_idx=None,\n        boh_idx=None,\n        eoh_idx=None\n    ),\n    num_layers=32,\n    num_attn_heads=32,\n    num_key_value_heads=8,\n    ffn_inner_dim=16384,\n    ffn_inner_dim_scale=0.6666666666666666,\n    ffn_inner_dim_multiplier=1.3,\n    ffn_inner_dim_to_multiple=1024,\n    rope_theta=500000.0,\n    use_scaled_rope=True,\n    rope_scaling=LLaMARopeScalingConfig(\n        factor=8.0,\n        frequency_factors=(1.0, 4.0),\n        original_context_length=8192\n    ),\n    dropout_p=0.0\n)'
Arguments: ()
  File "/opt/hpcaas/.mounts/fs-072917c00f01ae1ba/home/chuanyang/envs/fairseq2/fairseq2/src/fairseq2/recipes/common/_model.py", line 224, in load
    log_config(log, "Model Config", model_config)
  File "/opt/hpcaas/.mounts/fs-072917c00f01ae1ba/home/chuanyang/envs/fairseq2/fairseq2/src/fairseq2/recipes/utils/log.py", line 28, in log_config
    log.info("{}:\n{}", title, pretty_repr(config, max_width=88))
  File "/opt/hpcaas/.mounts/fs-072917c00f01ae1ba/home/chuanyang/envs/fairseq2/fairseq2/src/fairseq2/logging.py", line 40, in info
    self._write(logging.INFO, message, args)
  File "/opt/hpcaas/.mounts/fs-072917c00f01ae1ba/home/chuanyang/envs/fairseq2/fairseq2/src/fairseq2/logging.py", line 67, in _write
    self._logger.log(level, message, exc_info=exc_info, extra=self._NO_HIGHLIGHT)
Message: 'Model Config:\nLLaMAConfig(\n    model_dim=4096,\n    max_seq_len=131072,\n    vocab_info=VocabularyInfo(\n        size=128256,\n        unk_idx=None,\n        bos_idx=128000,\n        eos_idx=128009,\n        pad_idx=None,\n        boh_idx=None,\n        eoh_idx=None\n    ),\n    num_layers=32,\n    num_attn_heads=32,\n    num_key_value_heads=8,\n    ffn_inner_dim=16384,\n    ffn_inner_dim_scale=0.6666666666666666,\n    ffn_inner_dim_multiplier=1.3,\n    ffn_inner_dim_to_multiple=1024,\n    rope_theta=500000.0,\n    use_scaled_rope=True,\n    rope_scaling=LLaMARopeScalingConfig(\n        factor=8.0,\n        frequency_factors=(1.0, 4.0),\n        original_context_length=8192\n    ),\n    dropout_p=0.0\n)'
Arguments: ()
  File "/home/chuanyang/miniconda3/envs/fairseq2/bin/fairseq2", line 8, in <module>
    sys.exit(main())
  File "/opt/hpcaas/.mounts/fs-072917c00f01ae1ba/home/chuanyang/envs/fairseq2/fairseq2/src/fairseq2/cli/_main.py", line 27, in main
    exit_code = _run()
  File "/opt/hpcaas/.mounts/fs-072917c00f01ae1ba/home/chuanyang/envs/fairseq2/fairseq2/src/fairseq2/cli/_main.py", line 73, in _run
    return cli.run(context)
  File "/opt/hpcaas/.mounts/fs-072917c00f01ae1ba/home/chuanyang/envs/fairseq2/fairseq2/src/fairseq2/cli/_cli.py", line 123, in run
    return args.command.run(context, args)  # type: ignore[no-any-return]
  File "/opt/hpcaas/.mounts/fs-072917c00f01ae1ba/home/chuanyang/envs/fairseq2/fairseq2/src/fairseq2/cli/_cli.py", line 361, in run
    return self._handler.run(context, self._parser, args)
  File "/opt/hpcaas/.mounts/fs-072917c00f01ae1ba/home/chuanyang/envs/fairseq2/fairseq2/src/fairseq2/cli/commands/recipe.py", line 245, in run
    recipe = self._loader(context, config, output_dir)
  File "/opt/hpcaas/.mounts/fs-072917c00f01ae1ba/home/chuanyang/envs/fairseq2/fairseq2/src/fairseq2/recipes/lm/_preference_finetune/_recipe.py", line 234, in load_po_finetuner
    model = setup_model(
  File "/opt/hpcaas/.mounts/fs-072917c00f01ae1ba/home/chuanyang/envs/fairseq2/fairseq2/src/fairseq2/recipes/common/_model.py", line 82, in setup_model
    model = load_base_model(
  File "/opt/hpcaas/.mounts/fs-072917c00f01ae1ba/home/chuanyang/envs/fairseq2/fairseq2/src/fairseq2/recipes/common/_model.py", line 140, in load_base_model
    model = model_loader.load(recipe_config, gangs)
  File "/opt/hpcaas/.mounts/fs-072917c00f01ae1ba/home/chuanyang/envs/fairseq2/fairseq2/src/fairseq2/recipes/common/_model.py", line 224, in load
    log_config(log, "Model Config", model_config)
  File "/opt/hpcaas/.mounts/fs-072917c00f01ae1ba/home/chuanyang/envs/fairseq2/fairseq2/src/fairseq2/recipes/utils/log.py", line 28, in log_config
    log.info("{}:\n{}", title, pretty_repr(config, max_width=88))
  File "/opt/hpcaas/.mounts/fs-072917c00f01ae1ba/home/chuanyang/envs/fairseq2/fairseq2/src/fairseq2/logging.py", line 40, in info
    self._write(logging.INFO, message, args)
  File "/opt/hpcaas/.mounts/fs-072917c00f01ae1ba/home/chuanyang/envs/fairseq2/fairseq2/src/fairseq2/logging.py", line 67, in _write
    self._logger.log(level, message, exc_info=exc_info, extra=self._NO_HIGHLIGHT)
Message: 'Model Config:\nLLaMAConfig(\n    model_dim=4096,\n    max_seq_len=131072,\n    vocab_info=VocabularyInfo(\n        size=128256,\n        unk_idx=None,\n        bos_idx=128000,\n        eos_idx=128009,\n        pad_idx=None,\n        boh_idx=None,\n        eoh_idx=None\n    ),\n    num_layers=32,\n    num_attn_heads=32,\n    num_key_value_heads=8,\n    ffn_inner_dim=16384,\n    ffn_inner_dim_scale=0.6666666666666666,\n    ffn_inner_dim_multiplier=1.3,\n    ffn_inner_dim_to_multiple=1024,\n    rope_theta=500000.0,\n    use_scaled_rope=True,\n    rope_scaling=LLaMARopeScalingConfig(\n        factor=8.0,\n        frequency_factors=(1.0, 4.0),\n        original_context_length=8192\n    ),\n    dropout_p=0.0\n)'
Arguments: ()
--- Logging error ---
--- Logging error ---
Traceback (most recent call last):
Traceback (most recent call last):
  File "/home/chuanyang/envs/fairseq2/conda/lib/python3.10/logging/__init__.py", line 1104, in emit
    self.flush()
  File "/home/chuanyang/envs/fairseq2/conda/lib/python3.10/logging/__init__.py", line 1084, in flush
    self.stream.flush()
OSError: [Errno 122] Disk quota exceeded
  File "/home/chuanyang/envs/fairseq2/conda/lib/python3.10/logging/__init__.py", line 1104, in emit
    self.flush()
  File "/home/chuanyang/envs/fairseq2/conda/lib/python3.10/logging/__init__.py", line 1084, in flush
    self.stream.flush()
OSError: [Errno 122] Disk quota exceeded
Call stack:
Call stack:
--- Logging error ---
--- Logging error ---
Traceback (most recent call last):
  File "/home/chuanyang/envs/fairseq2/conda/lib/python3.10/logging/__init__.py", line 1104, in emit
    self.flush()
  File "/home/chuanyang/envs/fairseq2/conda/lib/python3.10/logging/__init__.py", line 1084, in flush
    self.stream.flush()
OSError: [Errno 122] Disk quota exceeded
Call stack:
Traceback (most recent call last):
  File "/home/chuanyang/miniconda3/envs/fairseq2/bin/fairseq2", line 8, in <module>
    sys.exit(main())
  File "/opt/hpcaas/.mounts/fs-072917c00f01ae1ba/home/chuanyang/envs/fairseq2/fairseq2/src/fairseq2/cli/_main.py", line 27, in main
    exit_code = _run()
  File "/opt/hpcaas/.mounts/fs-072917c00f01ae1ba/home/chuanyang/envs/fairseq2/fairseq2/src/fairseq2/cli/_main.py", line 73, in _run
    return cli.run(context)
  File "/opt/hpcaas/.mounts/fs-072917c00f01ae1ba/home/chuanyang/envs/fairseq2/fairseq2/src/fairseq2/cli/_cli.py", line 123, in run
    return args.command.run(context, args)  # type: ignore[no-any-return]
  File "/opt/hpcaas/.mounts/fs-072917c00f01ae1ba/home/chuanyang/envs/fairseq2/fairseq2/src/fairseq2/cli/_cli.py", line 361, in run
    return self._handler.run(context, self._parser, args)
  File "/opt/hpcaas/.mounts/fs-072917c00f01ae1ba/home/chuanyang/envs/fairseq2/fairseq2/src/fairseq2/cli/commands/recipe.py", line 245, in run
    recipe = self._loader(context, config, output_dir)
  File "/opt/hpcaas/.mounts/fs-072917c00f01ae1ba/home/chuanyang/envs/fairseq2/fairseq2/src/fairseq2/recipes/lm/_preference_finetune/_recipe.py", line 234, in load_po_finetuner
    model = setup_model(
  File "/opt/hpcaas/.mounts/fs-072917c00f01ae1ba/home/chuanyang/envs/fairseq2/fairseq2/src/fairseq2/recipes/common/_model.py", line 82, in setup_model
    model = load_base_model(
  File "/opt/hpcaas/.mounts/fs-072917c00f01ae1ba/home/chuanyang/envs/fairseq2/fairseq2/src/fairseq2/recipes/common/_model.py", line 140, in load_base_model
    model = model_loader.load(recipe_config, gangs)
  File "/opt/hpcaas/.mounts/fs-072917c00f01ae1ba/home/chuanyang/envs/fairseq2/fairseq2/src/fairseq2/recipes/common/_model.py", line 247, in load
    log.info("Loading '{}' model on data parallel rank 0.", model_name)
  File "/opt/hpcaas/.mounts/fs-072917c00f01ae1ba/home/chuanyang/envs/fairseq2/fairseq2/src/fairseq2/logging.py", line 40, in info
    self._write(logging.INFO, message, args)
  File "/opt/hpcaas/.mounts/fs-072917c00f01ae1ba/home/chuanyang/envs/fairseq2/fairseq2/src/fairseq2/logging.py", line 67, in _write
    self._logger.log(level, message, exc_info=exc_info, extra=self._NO_HIGHLIGHT)
Message: "Loading 'llama3_1_8b_instruct' model on data parallel rank 0."
Arguments: ()
  File "/home/chuanyang/envs/fairseq2/conda/lib/python3.10/logging/__init__.py", line 1104, in emit
    self.flush()
  File "/home/chuanyang/envs/fairseq2/conda/lib/python3.10/logging/__init__.py", line 1084, in flush
    self.stream.flush()
OSError: [Errno 122] Disk quota exceeded
Call stack:
  File "/home/chuanyang/miniconda3/envs/fairseq2/bin/fairseq2", line 8, in <module>
    sys.exit(main())
  File "/opt/hpcaas/.mounts/fs-072917c00f01ae1ba/home/chuanyang/envs/fairseq2/fairseq2/src/fairseq2/cli/_main.py", line 27, in main
    exit_code = _run()
  File "/opt/hpcaas/.mounts/fs-072917c00f01ae1ba/home/chuanyang/envs/fairseq2/fairseq2/src/fairseq2/cli/_main.py", line 73, in _run
    return cli.run(context)
  File "/opt/hpcaas/.mounts/fs-072917c00f01ae1ba/home/chuanyang/envs/fairseq2/fairseq2/src/fairseq2/cli/_cli.py", line 123, in run
    return args.command.run(context, args)  # type: ignore[no-any-return]
  File "/opt/hpcaas/.mounts/fs-072917c00f01ae1ba/home/chuanyang/envs/fairseq2/fairseq2/src/fairseq2/cli/_cli.py", line 361, in run
    return self._handler.run(context, self._parser, args)
  File "/opt/hpcaas/.mounts/fs-072917c00f01ae1ba/home/chuanyang/envs/fairseq2/fairseq2/src/fairseq2/cli/commands/recipe.py", line 245, in run
    recipe = self._loader(context, config, output_dir)
  File "/opt/hpcaas/.mounts/fs-072917c00f01ae1ba/home/chuanyang/envs/fairseq2/fairseq2/src/fairseq2/recipes/lm/_preference_finetune/_recipe.py", line 234, in load_po_finetuner
    model = setup_model(
  File "/opt/hpcaas/.mounts/fs-072917c00f01ae1ba/home/chuanyang/envs/fairseq2/fairseq2/src/fairseq2/recipes/common/_model.py", line 82, in setup_model
    model = load_base_model(
  File "/opt/hpcaas/.mounts/fs-072917c00f01ae1ba/home/chuanyang/envs/fairseq2/fairseq2/src/fairseq2/recipes/common/_model.py", line 140, in load_base_model
    model = model_loader.load(recipe_config, gangs)
  File "/opt/hpcaas/.mounts/fs-072917c00f01ae1ba/home/chuanyang/envs/fairseq2/fairseq2/src/fairseq2/recipes/common/_model.py", line 247, in load
    log.info("Loading '{}' model on data parallel rank 0.", model_name)
  File "/opt/hpcaas/.mounts/fs-072917c00f01ae1ba/home/chuanyang/envs/fairseq2/fairseq2/src/fairseq2/logging.py", line 40, in info
    self._write(logging.INFO, message, args)
  File "/opt/hpcaas/.mounts/fs-072917c00f01ae1ba/home/chuanyang/envs/fairseq2/fairseq2/src/fairseq2/logging.py", line 67, in _write
    self._logger.log(level, message, exc_info=exc_info, extra=self._NO_HIGHLIGHT)
Message: "Loading 'llama3_1_8b_instruct' model on data parallel rank 0."
Arguments: ()
--- Logging error ---
--- Logging error ---
Traceback (most recent call last):
  File "/home/chuanyang/miniconda3/envs/fairseq2/bin/fairseq2", line 8, in <module>
    sys.exit(main())
  File "/opt/hpcaas/.mounts/fs-072917c00f01ae1ba/home/chuanyang/envs/fairseq2/fairseq2/src/fairseq2/cli/_main.py", line 27, in main
    exit_code = _run()
  File "/opt/hpcaas/.mounts/fs-072917c00f01ae1ba/home/chuanyang/envs/fairseq2/fairseq2/src/fairseq2/cli/_main.py", line 73, in _run
    return cli.run(context)
  File "/opt/hpcaas/.mounts/fs-072917c00f01ae1ba/home/chuanyang/envs/fairseq2/fairseq2/src/fairseq2/cli/_cli.py", line 123, in run
    return args.command.run(context, args)  # type: ignore[no-any-return]
  File "/opt/hpcaas/.mounts/fs-072917c00f01ae1ba/home/chuanyang/envs/fairseq2/fairseq2/src/fairseq2/cli/_cli.py", line 361, in run
    return self._handler.run(context, self._parser, args)
  File "/opt/hpcaas/.mounts/fs-072917c00f01ae1ba/home/chuanyang/envs/fairseq2/fairseq2/src/fairseq2/cli/commands/recipe.py", line 245, in run
    recipe = self._loader(context, config, output_dir)
  File "/opt/hpcaas/.mounts/fs-072917c00f01ae1ba/home/chuanyang/envs/fairseq2/fairseq2/src/fairseq2/recipes/lm/_preference_finetune/_recipe.py", line 234, in load_po_finetuner
    model = setup_model(
  File "/opt/hpcaas/.mounts/fs-072917c00f01ae1ba/home/chuanyang/envs/fairseq2/fairseq2/src/fairseq2/recipes/common/_model.py", line 82, in setup_model
    model = load_base_model(
  File "/opt/hpcaas/.mounts/fs-072917c00f01ae1ba/home/chuanyang/envs/fairseq2/fairseq2/src/fairseq2/recipes/common/_model.py", line 140, in load_base_model
    model = model_loader.load(recipe_config, gangs)
  File "/opt/hpcaas/.mounts/fs-072917c00f01ae1ba/home/chuanyang/envs/fairseq2/fairseq2/src/fairseq2/recipes/common/_model.py", line 247, in load
    log.info("Loading '{}' model on data parallel rank 0.", model_name)
  File "/opt/hpcaas/.mounts/fs-072917c00f01ae1ba/home/chuanyang/envs/fairseq2/fairseq2/src/fairseq2/logging.py", line 40, in info
    self._write(logging.INFO, message, args)
  File "/opt/hpcaas/.mounts/fs-072917c00f01ae1ba/home/chuanyang/envs/fairseq2/fairseq2/src/fairseq2/logging.py", line 67, in _write
    self._logger.log(level, message, exc_info=exc_info, extra=self._NO_HIGHLIGHT)
Message: "Loading 'llama3_1_8b_instruct' model on data parallel rank 0."
Arguments: ()
Traceback (most recent call last):
  File "/home/chuanyang/envs/fairseq2/conda/lib/python3.10/logging/__init__.py", line 1104, in emit
    self.flush()
  File "/home/chuanyang/envs/fairseq2/conda/lib/python3.10/logging/__init__.py", line 1084, in flush
    self.stream.flush()
OSError: [Errno 122] Disk quota exceeded
Call stack:
  File "/home/chuanyang/envs/fairseq2/conda/lib/python3.10/logging/__init__.py", line 1104, in emit
    self.flush()
  File "/home/chuanyang/envs/fairseq2/conda/lib/python3.10/logging/__init__.py", line 1084, in flush
    self.stream.flush()
OSError: [Errno 122] Disk quota exceeded
Call stack:
  File "/home/chuanyang/miniconda3/envs/fairseq2/bin/fairseq2", line 8, in <module>
    sys.exit(main())
  File "/opt/hpcaas/.mounts/fs-072917c00f01ae1ba/home/chuanyang/envs/fairseq2/fairseq2/src/fairseq2/cli/_main.py", line 27, in main
    exit_code = _run()
  File "/opt/hpcaas/.mounts/fs-072917c00f01ae1ba/home/chuanyang/envs/fairseq2/fairseq2/src/fairseq2/cli/_main.py", line 73, in _run
    return cli.run(context)
  File "/opt/hpcaas/.mounts/fs-072917c00f01ae1ba/home/chuanyang/envs/fairseq2/fairseq2/src/fairseq2/cli/_cli.py", line 123, in run
    return args.command.run(context, args)  # type: ignore[no-any-return]
  File "/opt/hpcaas/.mounts/fs-072917c00f01ae1ba/home/chuanyang/envs/fairseq2/fairseq2/src/fairseq2/cli/_cli.py", line 361, in run
    return self._handler.run(context, self._parser, args)
  File "/opt/hpcaas/.mounts/fs-072917c00f01ae1ba/home/chuanyang/envs/fairseq2/fairseq2/src/fairseq2/cli/commands/recipe.py", line 245, in run
    recipe = self._loader(context, config, output_dir)
  File "/opt/hpcaas/.mounts/fs-072917c00f01ae1ba/home/chuanyang/envs/fairseq2/fairseq2/src/fairseq2/recipes/lm/_preference_finetune/_recipe.py", line 234, in load_po_finetuner
    model = setup_model(
  File "/opt/hpcaas/.mounts/fs-072917c00f01ae1ba/home/chuanyang/envs/fairseq2/fairseq2/src/fairseq2/recipes/common/_model.py", line 82, in setup_model
    model = load_base_model(
  File "/opt/hpcaas/.mounts/fs-072917c00f01ae1ba/home/chuanyang/envs/fairseq2/fairseq2/src/fairseq2/recipes/common/_model.py", line 140, in load_base_model
    model = model_loader.load(recipe_config, gangs)
  File "/opt/hpcaas/.mounts/fs-072917c00f01ae1ba/home/chuanyang/envs/fairseq2/fairseq2/src/fairseq2/recipes/common/_model.py", line 247, in load
    log.info("Loading '{}' model on data parallel rank 0.", model_name)
  File "/opt/hpcaas/.mounts/fs-072917c00f01ae1ba/home/chuanyang/envs/fairseq2/fairseq2/src/fairseq2/logging.py", line 40, in info
    self._write(logging.INFO, message, args)
  File "/opt/hpcaas/.mounts/fs-072917c00f01ae1ba/home/chuanyang/envs/fairseq2/fairseq2/src/fairseq2/logging.py", line 67, in _write
    self._logger.log(level, message, exc_info=exc_info, extra=self._NO_HIGHLIGHT)
Message: "Loading 'llama3_1_8b_instruct' model on data parallel rank 0."
Arguments: ()
  File "/home/chuanyang/miniconda3/envs/fairseq2/bin/fairseq2", line 8, in <module>
    sys.exit(main())
  File "/opt/hpcaas/.mounts/fs-072917c00f01ae1ba/home/chuanyang/envs/fairseq2/fairseq2/src/fairseq2/cli/_main.py", line 27, in main
    exit_code = _run()
  File "/opt/hpcaas/.mounts/fs-072917c00f01ae1ba/home/chuanyang/envs/fairseq2/fairseq2/src/fairseq2/cli/_main.py", line 73, in _run
    return cli.run(context)
  File "/home/chuanyang/miniconda3/envs/fairseq2/bin/fairseq2", line 8, in <module>
    sys.exit(main())
  File "/opt/hpcaas/.mounts/fs-072917c00f01ae1ba/home/chuanyang/envs/fairseq2/fairseq2/src/fairseq2/cli/_main.py", line 27, in main
    exit_code = _run()
  File "/opt/hpcaas/.mounts/fs-072917c00f01ae1ba/home/chuanyang/envs/fairseq2/fairseq2/src/fairseq2/cli/_main.py", line 73, in _run
    return cli.run(context)
  File "/opt/hpcaas/.mounts/fs-072917c00f01ae1ba/home/chuanyang/envs/fairseq2/fairseq2/src/fairseq2/cli/_cli.py", line 123, in run
    return args.command.run(context, args)  # type: ignore[no-any-return]
  File "/opt/hpcaas/.mounts/fs-072917c00f01ae1ba/home/chuanyang/envs/fairseq2/fairseq2/src/fairseq2/cli/_cli.py", line 361, in run
    return self._handler.run(context, self._parser, args)
  File "/opt/hpcaas/.mounts/fs-072917c00f01ae1ba/home/chuanyang/envs/fairseq2/fairseq2/src/fairseq2/cli/commands/recipe.py", line 245, in run
    recipe = self._loader(context, config, output_dir)
  File "/opt/hpcaas/.mounts/fs-072917c00f01ae1ba/home/chuanyang/envs/fairseq2/fairseq2/src/fairseq2/recipes/lm/_preference_finetune/_recipe.py", line 234, in load_po_finetuner
    model = setup_model(
  File "/opt/hpcaas/.mounts/fs-072917c00f01ae1ba/home/chuanyang/envs/fairseq2/fairseq2/src/fairseq2/recipes/common/_model.py", line 82, in setup_model
    model = load_base_model(
  File "/opt/hpcaas/.mounts/fs-072917c00f01ae1ba/home/chuanyang/envs/fairseq2/fairseq2/src/fairseq2/recipes/common/_model.py", line 140, in load_base_model
    model = model_loader.load(recipe_config, gangs)
  File "/opt/hpcaas/.mounts/fs-072917c00f01ae1ba/home/chuanyang/envs/fairseq2/fairseq2/src/fairseq2/recipes/common/_model.py", line 247, in load
    log.info("Loading '{}' model on data parallel rank 0.", model_name)
  File "/opt/hpcaas/.mounts/fs-072917c00f01ae1ba/home/chuanyang/envs/fairseq2/fairseq2/src/fairseq2/cli/_cli.py", line 123, in run
    return args.command.run(context, args)  # type: ignore[no-any-return]
  File "/opt/hpcaas/.mounts/fs-072917c00f01ae1ba/home/chuanyang/envs/fairseq2/fairseq2/src/fairseq2/cli/_cli.py", line 361, in run
    return self._handler.run(context, self._parser, args)
  File "/opt/hpcaas/.mounts/fs-072917c00f01ae1ba/home/chuanyang/envs/fairseq2/fairseq2/src/fairseq2/cli/commands/recipe.py", line 245, in run
    recipe = self._loader(context, config, output_dir)
  File "/opt/hpcaas/.mounts/fs-072917c00f01ae1ba/home/chuanyang/envs/fairseq2/fairseq2/src/fairseq2/recipes/lm/_preference_finetune/_recipe.py", line 234, in load_po_finetuner
    model = setup_model(
  File "/opt/hpcaas/.mounts/fs-072917c00f01ae1ba/home/chuanyang/envs/fairseq2/fairseq2/src/fairseq2/recipes/common/_model.py", line 82, in setup_model
    model = load_base_model(
  File "/opt/hpcaas/.mounts/fs-072917c00f01ae1ba/home/chuanyang/envs/fairseq2/fairseq2/src/fairseq2/recipes/common/_model.py", line 140, in load_base_model
    model = model_loader.load(recipe_config, gangs)
  File "/opt/hpcaas/.mounts/fs-072917c00f01ae1ba/home/chuanyang/envs/fairseq2/fairseq2/src/fairseq2/recipes/common/_model.py", line 247, in load
    log.info("Loading '{}' model on data parallel rank 0.", model_name)
  File "/opt/hpcaas/.mounts/fs-072917c00f01ae1ba/home/chuanyang/envs/fairseq2/fairseq2/src/fairseq2/logging.py", line 40, in info
    self._write(logging.INFO, message, args)
  File "/opt/hpcaas/.mounts/fs-072917c00f01ae1ba/home/chuanyang/envs/fairseq2/fairseq2/src/fairseq2/logging.py", line 67, in _write
    self._logger.log(level, message, exc_info=exc_info, extra=self._NO_HIGHLIGHT)
Message: "Loading 'llama3_1_8b_instruct' model on data parallel rank 0."
Arguments: ()
  File "/opt/hpcaas/.mounts/fs-072917c00f01ae1ba/home/chuanyang/envs/fairseq2/fairseq2/src/fairseq2/logging.py", line 40, in info
    self._write(logging.INFO, message, args)
  File "/opt/hpcaas/.mounts/fs-072917c00f01ae1ba/home/chuanyang/envs/fairseq2/fairseq2/src/fairseq2/logging.py", line 67, in _write
    self._logger.log(level, message, exc_info=exc_info, extra=self._NO_HIGHLIGHT)
Message: "Loading 'llama3_1_8b_instruct' model on data parallel rank 0."
Arguments: ()
                    INFO     fairseq2 - Initializing data parallel gang with a  
                             size of 16.                                        
                    INFO     fairseq2 - Initializing tensor parallel gang with a
                             size of 1.                                         
                    INFO     fairseq2 - Parallel gangs initialized.             
                    INFO     fairseq2 - Model Config:                           
                             LLaMAConfig(                                       
                                 model_dim=4096,                                
                                 max_seq_len=131072,                            
                                 vocab_info=VocabularyInfo(                     
                                     size=128256,                               
                                     unk_idx=None,                              
                                     bos_idx=128000,                            
                                     eos_idx=128009,                            
                                     pad_idx=None,                              
                                     boh_idx=None,                              
                                     eoh_idx=None                               
                                 ),                                             
                                 num_layers=32,                                 
                                 num_attn_heads=32,                             
                                 num_key_value_heads=8,                         
                                 ffn_inner_dim=16384,                           
                                 ffn_inner_dim_scale=0.6666666666666666,        
                                 ffn_inner_dim_multiplier=1.3,                  
                                 ffn_inner_dim_to_multiple=1024,                
                                 rope_theta=500000.0,                           
                                 use_scaled_rope=True,                          
                                 rope_scaling=LLaMARopeScalingConfig(           
                                     factor=8.0,                                
                                     frequency_factors=(1.0, 4.0),              
                                     original_context_length=8192               
                                 ),                                             
                                 dropout_p=0.0                                  
                             )                                                  
                    INFO     fairseq2 - Loading 'llama3_1_8b_instruct' model on 
                             data parallel rank 0.                              
--- Logging error ---
Traceback (most recent call last):
--- Logging error ---
--- Logging error ---
--- Logging error ---
  File "/home/chuanyang/envs/fairseq2/conda/lib/python3.10/logging/__init__.py", line 1104, in emit
    self.flush()
  File "/home/chuanyang/envs/fairseq2/conda/lib/python3.10/logging/__init__.py", line 1084, in flush
    self.stream.flush()
--- Logging error ---
--- Logging error ---
--- Logging error ---
OSError: [Errno 122] Disk quota exceeded
Call stack:
--- Logging error ---
Traceback (most recent call last):
  File "/home/chuanyang/envs/fairseq2/conda/lib/python3.10/logging/__init__.py", line 1104, in emit
    self.flush()
  File "/home/chuanyang/envs/fairseq2/conda/lib/python3.10/logging/__init__.py", line 1084, in flush
    self.stream.flush()
--- Logging error ---
Traceback (most recent call last):
  File "/home/chuanyang/envs/fairseq2/conda/lib/python3.10/logging/__init__.py", line 1104, in emit
    self.flush()
  File "/home/chuanyang/envs/fairseq2/conda/lib/python3.10/logging/__init__.py", line 1084, in flush
    self.stream.flush()
OSError: [Errno 122] Disk quota exceeded
Call stack:
Traceback (most recent call last):
  File "/home/chuanyang/envs/fairseq2/conda/lib/python3.10/logging/__init__.py", line 1104, in emit
    self.flush()
OSError: [Errno 122] Disk quota exceeded
Call stack:
Traceback (most recent call last):
  File "/home/chuanyang/envs/fairseq2/conda/lib/python3.10/logging/__init__.py", line 1104, in emit
    self.flush()
  File "/home/chuanyang/envs/fairseq2/conda/lib/python3.10/logging/__init__.py", line 1084, in flush
    self.stream.flush()
OSError: [Errno 122] Disk quota exceeded
--- Logging error ---
  File "/home/chuanyang/envs/fairseq2/conda/lib/python3.10/logging/__init__.py", line 1084, in flush
    self.stream.flush()
OSError: [Errno 122] Disk quota exceeded
Call stack:
Traceback (most recent call last):
Call stack:
  File "/home/chuanyang/envs/fairseq2/conda/lib/python3.10/logging/__init__.py", line 1104, in emit
    self.flush()
  File "/home/chuanyang/envs/fairseq2/conda/lib/python3.10/logging/__init__.py", line 1084, in flush
    self.stream.flush()
Traceback (most recent call last):
OSError: [Errno 122] Disk quota exceeded
Traceback (most recent call last):
Call stack:
Traceback (most recent call last):
  File "/home/chuanyang/envs/fairseq2/conda/lib/python3.10/logging/__init__.py", line 1104, in emit
    self.flush()
  File "/home/chuanyang/envs/fairseq2/conda/lib/python3.10/logging/__init__.py", line 1084, in flush
    self.stream.flush()
  File "/home/chuanyang/miniconda3/envs/fairseq2/bin/fairseq2", line 8, in <module>
    sys.exit(main())
  File "/opt/hpcaas/.mounts/fs-072917c00f01ae1ba/home/chuanyang/envs/fairseq2/fairseq2/src/fairseq2/cli/_main.py", line 27, in main
    exit_code = _run()
  File "/opt/hpcaas/.mounts/fs-072917c00f01ae1ba/home/chuanyang/envs/fairseq2/fairseq2/src/fairseq2/cli/_main.py", line 73, in _run
    return cli.run(context)
Traceback (most recent call last):
  File "/home/chuanyang/envs/fairseq2/conda/lib/python3.10/logging/__init__.py", line 1104, in emit
    self.flush()
  File "/home/chuanyang/envs/fairseq2/conda/lib/python3.10/logging/__init__.py", line 1084, in flush
    self.stream.flush()
  File "/home/chuanyang/miniconda3/envs/fairseq2/bin/fairseq2", line 8, in <module>
    sys.exit(main())
  File "/opt/hpcaas/.mounts/fs-072917c00f01ae1ba/home/chuanyang/envs/fairseq2/fairseq2/src/fairseq2/cli/_main.py", line 27, in main
    exit_code = _run()
  File "/opt/hpcaas/.mounts/fs-072917c00f01ae1ba/home/chuanyang/envs/fairseq2/fairseq2/src/fairseq2/cli/_main.py", line 73, in _run
    return cli.run(context)
  File "/opt/hpcaas/.mounts/fs-072917c00f01ae1ba/home/chuanyang/envs/fairseq2/fairseq2/src/fairseq2/cli/_cli.py", line 123, in run
    return args.command.run(context, args)  # type: ignore[no-any-return]
  File "/opt/hpcaas/.mounts/fs-072917c00f01ae1ba/home/chuanyang/envs/fairseq2/fairseq2/src/fairseq2/cli/_cli.py", line 361, in run
    return self._handler.run(context, self._parser, args)
  File "/opt/hpcaas/.mounts/fs-072917c00f01ae1ba/home/chuanyang/envs/fairseq2/fairseq2/src/fairseq2/cli/commands/recipe.py", line 245, in run
    recipe = self._loader(context, config, output_dir)
  File "/home/chuanyang/envs/fairseq2/conda/lib/python3.10/logging/__init__.py", line 1104, in emit
    self.flush()
  File "/home/chuanyang/envs/fairseq2/conda/lib/python3.10/logging/__init__.py", line 1084, in flush
    self.stream.flush()
OSError: [Errno 122] Disk quota exceeded
Call stack:
  File "/opt/hpcaas/.mounts/fs-072917c00f01ae1ba/home/chuanyang/envs/fairseq2/fairseq2/src/fairseq2/recipes/lm/_preference_finetune/_recipe.py", line 234, in load_po_finetuner
    model = setup_model(
  File "/opt/hpcaas/.mounts/fs-072917c00f01ae1ba/home/chuanyang/envs/fairseq2/fairseq2/src/fairseq2/recipes/common/_model.py", line 82, in setup_model
    model = load_base_model(
  File "/opt/hpcaas/.mounts/fs-072917c00f01ae1ba/home/chuanyang/envs/fairseq2/fairseq2/src/fairseq2/recipes/common/_model.py", line 140, in load_base_model
    model = model_loader.load(recipe_config, gangs)
  File "/opt/hpcaas/.mounts/fs-072917c00f01ae1ba/home/chuanyang/envs/fairseq2/fairseq2/src/fairseq2/recipes/common/_model.py", line 278, in load
    log.info("Model loaded on data parallel rank 0.")
  File "/opt/hpcaas/.mounts/fs-072917c00f01ae1ba/home/chuanyang/envs/fairseq2/fairseq2/src/fairseq2/logging.py", line 40, in info
    self._write(logging.INFO, message, args)
  File "/home/chuanyang/envs/fairseq2/conda/lib/python3.10/logging/__init__.py", line 1104, in emit
    self.flush()
  File "/home/chuanyang/envs/fairseq2/conda/lib/python3.10/logging/__init__.py", line 1084, in flush
    self.stream.flush()
OSError: [Errno 122] Disk quota exceeded
Call stack:
  File "/opt/hpcaas/.mounts/fs-072917c00f01ae1ba/home/chuanyang/envs/fairseq2/fairseq2/src/fairseq2/logging.py", line 67, in _write
    self._logger.log(level, message, exc_info=exc_info, extra=self._NO_HIGHLIGHT)
Message: 'Model loaded on data parallel rank 0.'
Arguments: ()
OSError: [Errno 122] Disk quota exceeded
Call stack:
  File "/opt/hpcaas/.mounts/fs-072917c00f01ae1ba/home/chuanyang/envs/fairseq2/fairseq2/src/fairseq2/cli/_cli.py", line 123, in run
    return args.command.run(context, args)  # type: ignore[no-any-return]
  File "/opt/hpcaas/.mounts/fs-072917c00f01ae1ba/home/chuanyang/envs/fairseq2/fairseq2/src/fairseq2/cli/_cli.py", line 361, in run
    return self._handler.run(context, self._parser, args)
  File "/opt/hpcaas/.mounts/fs-072917c00f01ae1ba/home/chuanyang/envs/fairseq2/fairseq2/src/fairseq2/cli/commands/recipe.py", line 245, in run
    recipe = self._loader(context, config, output_dir)
  File "/opt/hpcaas/.mounts/fs-072917c00f01ae1ba/home/chuanyang/envs/fairseq2/fairseq2/src/fairseq2/recipes/lm/_preference_finetune/_recipe.py", line 234, in load_po_finetuner
    model = setup_model(
  File "/opt/hpcaas/.mounts/fs-072917c00f01ae1ba/home/chuanyang/envs/fairseq2/fairseq2/src/fairseq2/recipes/common/_model.py", line 82, in setup_model
    model = load_base_model(
OSError: [Errno 122] Disk quota exceeded
Call stack:
  File "/opt/hpcaas/.mounts/fs-072917c00f01ae1ba/home/chuanyang/envs/fairseq2/fairseq2/src/fairseq2/recipes/common/_model.py", line 140, in load_base_model
    model = model_loader.load(recipe_config, gangs)
  File "/opt/hpcaas/.mounts/fs-072917c00f01ae1ba/home/chuanyang/envs/fairseq2/fairseq2/src/fairseq2/recipes/common/_model.py", line 278, in load
    log.info("Model loaded on data parallel rank 0.")
  File "/opt/hpcaas/.mounts/fs-072917c00f01ae1ba/home/chuanyang/envs/fairseq2/fairseq2/src/fairseq2/logging.py", line 40, in info
    self._write(logging.INFO, message, args)
  File "/opt/hpcaas/.mounts/fs-072917c00f01ae1ba/home/chuanyang/envs/fairseq2/fairseq2/src/fairseq2/logging.py", line 67, in _write
    self._logger.log(level, message, exc_info=exc_info, extra=self._NO_HIGHLIGHT)
Message: 'Model loaded on data parallel rank 0.'
Arguments: ()
  File "/home/chuanyang/miniconda3/envs/fairseq2/bin/fairseq2", line 8, in <module>
    sys.exit(main())
  File "/opt/hpcaas/.mounts/fs-072917c00f01ae1ba/home/chuanyang/envs/fairseq2/fairseq2/src/fairseq2/cli/_main.py", line 27, in main
    exit_code = _run()
  File "/opt/hpcaas/.mounts/fs-072917c00f01ae1ba/home/chuanyang/envs/fairseq2/fairseq2/src/fairseq2/cli/_main.py", line 73, in _run
    return cli.run(context)
  File "/opt/hpcaas/.mounts/fs-072917c00f01ae1ba/home/chuanyang/envs/fairseq2/fairseq2/src/fairseq2/cli/_cli.py", line 123, in run
    return args.command.run(context, args)  # type: ignore[no-any-return]
  File "/opt/hpcaas/.mounts/fs-072917c00f01ae1ba/home/chuanyang/envs/fairseq2/fairseq2/src/fairseq2/cli/_cli.py", line 361, in run
    return self._handler.run(context, self._parser, args)
  File "/opt/hpcaas/.mounts/fs-072917c00f01ae1ba/home/chuanyang/envs/fairseq2/fairseq2/src/fairseq2/cli/commands/recipe.py", line 245, in run
    recipe = self._loader(context, config, output_dir)
  File "/home/chuanyang/miniconda3/envs/fairseq2/bin/fairseq2", line 8, in <module>
    sys.exit(main())
  File "/opt/hpcaas/.mounts/fs-072917c00f01ae1ba/home/chuanyang/envs/fairseq2/fairseq2/src/fairseq2/cli/_main.py", line 27, in main
    exit_code = _run()
  File "/opt/hpcaas/.mounts/fs-072917c00f01ae1ba/home/chuanyang/envs/fairseq2/fairseq2/src/fairseq2/cli/_main.py", line 73, in _run
    return cli.run(context)
  File "/opt/hpcaas/.mounts/fs-072917c00f01ae1ba/home/chuanyang/envs/fairseq2/fairseq2/src/fairseq2/cli/_cli.py", line 123, in run
    return args.command.run(context, args)  # type: ignore[no-any-return]
  File "/opt/hpcaas/.mounts/fs-072917c00f01ae1ba/home/chuanyang/envs/fairseq2/fairseq2/src/fairseq2/cli/_cli.py", line 361, in run
    return self._handler.run(context, self._parser, args)
  File "/opt/hpcaas/.mounts/fs-072917c00f01ae1ba/home/chuanyang/envs/fairseq2/fairseq2/src/fairseq2/cli/commands/recipe.py", line 245, in run
    recipe = self._loader(context, config, output_dir)
  File "/opt/hpcaas/.mounts/fs-072917c00f01ae1ba/home/chuanyang/envs/fairseq2/fairseq2/src/fairseq2/recipes/lm/_preference_finetune/_recipe.py", line 234, in load_po_finetuner
    model = setup_model(
  File "/opt/hpcaas/.mounts/fs-072917c00f01ae1ba/home/chuanyang/envs/fairseq2/fairseq2/src/fairseq2/recipes/lm/_preference_finetune/_recipe.py", line 234, in load_po_finetuner
    model = setup_model(
  File "/opt/hpcaas/.mounts/fs-072917c00f01ae1ba/home/chuanyang/envs/fairseq2/fairseq2/src/fairseq2/recipes/common/_model.py", line 82, in setup_model
    model = load_base_model(
  File "/opt/hpcaas/.mounts/fs-072917c00f01ae1ba/home/chuanyang/envs/fairseq2/fairseq2/src/fairseq2/recipes/common/_model.py", line 140, in load_base_model
    model = model_loader.load(recipe_config, gangs)
  File "/opt/hpcaas/.mounts/fs-072917c00f01ae1ba/home/chuanyang/envs/fairseq2/fairseq2/src/fairseq2/recipes/common/_model.py", line 278, in load
    log.info("Model loaded on data parallel rank 0.")
  File "/opt/hpcaas/.mounts/fs-072917c00f01ae1ba/home/chuanyang/envs/fairseq2/fairseq2/src/fairseq2/logging.py", line 40, in info
    self._write(logging.INFO, message, args)
  File "/opt/hpcaas/.mounts/fs-072917c00f01ae1ba/home/chuanyang/envs/fairseq2/fairseq2/src/fairseq2/recipes/common/_model.py", line 82, in setup_model
    model = load_base_model(
  File "/opt/hpcaas/.mounts/fs-072917c00f01ae1ba/home/chuanyang/envs/fairseq2/fairseq2/src/fairseq2/recipes/common/_model.py", line 140, in load_base_model
    model = model_loader.load(recipe_config, gangs)
  File "/opt/hpcaas/.mounts/fs-072917c00f01ae1ba/home/chuanyang/envs/fairseq2/fairseq2/src/fairseq2/recipes/common/_model.py", line 278, in load
    log.info("Model loaded on data parallel rank 0.")
  File "/opt/hpcaas/.mounts/fs-072917c00f01ae1ba/home/chuanyang/envs/fairseq2/fairseq2/src/fairseq2/logging.py", line 40, in info
    self._write(logging.INFO, message, args)
  File "/opt/hpcaas/.mounts/fs-072917c00f01ae1ba/home/chuanyang/envs/fairseq2/fairseq2/src/fairseq2/logging.py", line 67, in _write
    self._logger.log(level, message, exc_info=exc_info, extra=self._NO_HIGHLIGHT)
  File "/opt/hpcaas/.mounts/fs-072917c00f01ae1ba/home/chuanyang/envs/fairseq2/fairseq2/src/fairseq2/logging.py", line 67, in _write
    self._logger.log(level, message, exc_info=exc_info, extra=self._NO_HIGHLIGHT)
Message: 'Model loaded on data parallel rank 0.'
Arguments: ()
  File "/home/chuanyang/miniconda3/envs/fairseq2/bin/fairseq2", line 8, in <module>
    sys.exit(main())
  File "/opt/hpcaas/.mounts/fs-072917c00f01ae1ba/home/chuanyang/envs/fairseq2/fairseq2/src/fairseq2/cli/_main.py", line 27, in main
    exit_code = _run()
  File "/opt/hpcaas/.mounts/fs-072917c00f01ae1ba/home/chuanyang/envs/fairseq2/fairseq2/src/fairseq2/cli/_main.py", line 73, in _run
    return cli.run(context)
  File "/opt/hpcaas/.mounts/fs-072917c00f01ae1ba/home/chuanyang/envs/fairseq2/fairseq2/src/fairseq2/cli/_cli.py", line 123, in run
    return args.command.run(context, args)  # type: ignore[no-any-return]
  File "/opt/hpcaas/.mounts/fs-072917c00f01ae1ba/home/chuanyang/envs/fairseq2/fairseq2/src/fairseq2/cli/_cli.py", line 361, in run
    return self._handler.run(context, self._parser, args)
  File "/opt/hpcaas/.mounts/fs-072917c00f01ae1ba/home/chuanyang/envs/fairseq2/fairseq2/src/fairseq2/cli/commands/recipe.py", line 245, in run
    recipe = self._loader(context, config, output_dir)
  File "/home/chuanyang/miniconda3/envs/fairseq2/bin/fairseq2", line 8, in <module>
    sys.exit(main())
  File "/opt/hpcaas/.mounts/fs-072917c00f01ae1ba/home/chuanyang/envs/fairseq2/fairseq2/src/fairseq2/cli/_main.py", line 27, in main
    exit_code = _run()
  File "/opt/hpcaas/.mounts/fs-072917c00f01ae1ba/home/chuanyang/envs/fairseq2/fairseq2/src/fairseq2/cli/_main.py", line 73, in _run
    return cli.run(context)
  File "/opt/hpcaas/.mounts/fs-072917c00f01ae1ba/home/chuanyang/envs/fairseq2/fairseq2/src/fairseq2/cli/_cli.py", line 123, in run
    return args.command.run(context, args)  # type: ignore[no-any-return]
  File "/opt/hpcaas/.mounts/fs-072917c00f01ae1ba/home/chuanyang/envs/fairseq2/fairseq2/src/fairseq2/cli/_cli.py", line 361, in run
    return self._handler.run(context, self._parser, args)
  File "/opt/hpcaas/.mounts/fs-072917c00f01ae1ba/home/chuanyang/envs/fairseq2/fairseq2/src/fairseq2/cli/commands/recipe.py", line 245, in run
    recipe = self._loader(context, config, output_dir)
  File "/opt/hpcaas/.mounts/fs-072917c00f01ae1ba/home/chuanyang/envs/fairseq2/fairseq2/src/fairseq2/recipes/lm/_preference_finetune/_recipe.py", line 234, in load_po_finetuner
    model = setup_model(
  File "/opt/hpcaas/.mounts/fs-072917c00f01ae1ba/home/chuanyang/envs/fairseq2/fairseq2/src/fairseq2/recipes/common/_model.py", line 82, in setup_model
    model = load_base_model(
  File "/opt/hpcaas/.mounts/fs-072917c00f01ae1ba/home/chuanyang/envs/fairseq2/fairseq2/src/fairseq2/recipes/common/_model.py", line 140, in load_base_model
    model = model_loader.load(recipe_config, gangs)
  File "/opt/hpcaas/.mounts/fs-072917c00f01ae1ba/home/chuanyang/envs/fairseq2/fairseq2/src/fairseq2/recipes/common/_model.py", line 278, in load
    log.info("Model loaded on data parallel rank 0.")
  File "/opt/hpcaas/.mounts/fs-072917c00f01ae1ba/home/chuanyang/envs/fairseq2/fairseq2/src/fairseq2/logging.py", line 40, in info
    self._write(logging.INFO, message, args)
  File "/opt/hpcaas/.mounts/fs-072917c00f01ae1ba/home/chuanyang/envs/fairseq2/fairseq2/src/fairseq2/recipes/lm/_preference_finetune/_recipe.py", line 234, in load_po_finetuner
    model = setup_model(
  File "/opt/hpcaas/.mounts/fs-072917c00f01ae1ba/home/chuanyang/envs/fairseq2/fairseq2/src/fairseq2/recipes/common/_model.py", line 82, in setup_model
    model = load_base_model(
  File "/opt/hpcaas/.mounts/fs-072917c00f01ae1ba/home/chuanyang/envs/fairseq2/fairseq2/src/fairseq2/recipes/common/_model.py", line 140, in load_base_model
    model = model_loader.load(recipe_config, gangs)
  File "/opt/hpcaas/.mounts/fs-072917c00f01ae1ba/home/chuanyang/envs/fairseq2/fairseq2/src/fairseq2/recipes/common/_model.py", line 278, in load
    log.info("Model loaded on data parallel rank 0.")
  File "/opt/hpcaas/.mounts/fs-072917c00f01ae1ba/home/chuanyang/envs/fairseq2/fairseq2/src/fairseq2/logging.py", line 40, in info
    self._write(logging.INFO, message, args)
  File "/opt/hpcaas/.mounts/fs-072917c00f01ae1ba/home/chuanyang/envs/fairseq2/fairseq2/src/fairseq2/logging.py", line 67, in _write
    self._logger.log(level, message, exc_info=exc_info, extra=self._NO_HIGHLIGHT)
Message: 'Model loaded on data parallel rank 0.'
Arguments: ()
  File "/opt/hpcaas/.mounts/fs-072917c00f01ae1ba/home/chuanyang/envs/fairseq2/fairseq2/src/fairseq2/logging.py", line 67, in _write
    self._logger.log(level, message, exc_info=exc_info, extra=self._NO_HIGHLIGHT)
Message: 'Model loaded on data parallel rank 0.'
Arguments: ()
  File "/home/chuanyang/miniconda3/envs/fairseq2/bin/fairseq2", line 8, in <module>
    sys.exit(main())
  File "/opt/hpcaas/.mounts/fs-072917c00f01ae1ba/home/chuanyang/envs/fairseq2/fairseq2/src/fairseq2/cli/_main.py", line 27, in main
    exit_code = _run()
  File "/opt/hpcaas/.mounts/fs-072917c00f01ae1ba/home/chuanyang/envs/fairseq2/fairseq2/src/fairseq2/cli/_main.py", line 73, in _run
    return cli.run(context)
  File "/opt/hpcaas/.mounts/fs-072917c00f01ae1ba/home/chuanyang/envs/fairseq2/fairseq2/src/fairseq2/cli/_cli.py", line 123, in run
    return args.command.run(context, args)  # type: ignore[no-any-return]
  File "/opt/hpcaas/.mounts/fs-072917c00f01ae1ba/home/chuanyang/envs/fairseq2/fairseq2/src/fairseq2/cli/_cli.py", line 361, in run
    return self._handler.run(context, self._parser, args)
  File "/opt/hpcaas/.mounts/fs-072917c00f01ae1ba/home/chuanyang/envs/fairseq2/fairseq2/src/fairseq2/cli/commands/recipe.py", line 245, in run
    recipe = self._loader(context, config, output_dir)
  File "/opt/hpcaas/.mounts/fs-072917c00f01ae1ba/home/chuanyang/envs/fairseq2/fairseq2/src/fairseq2/recipes/lm/_preference_finetune/_recipe.py", line 234, in load_po_finetuner
    model = setup_model(
  File "/opt/hpcaas/.mounts/fs-072917c00f01ae1ba/home/chuanyang/envs/fairseq2/fairseq2/src/fairseq2/recipes/common/_model.py", line 82, in setup_model
    model = load_base_model(
  File "/opt/hpcaas/.mounts/fs-072917c00f01ae1ba/home/chuanyang/envs/fairseq2/fairseq2/src/fairseq2/recipes/common/_model.py", line 140, in load_base_model
    model = model_loader.load(recipe_config, gangs)
  File "/opt/hpcaas/.mounts/fs-072917c00f01ae1ba/home/chuanyang/envs/fairseq2/fairseq2/src/fairseq2/recipes/common/_model.py", line 278, in load
    log.info("Model loaded on data parallel rank 0.")
  File "/opt/hpcaas/.mounts/fs-072917c00f01ae1ba/home/chuanyang/envs/fairseq2/fairseq2/src/fairseq2/logging.py", line 40, in info
    self._write(logging.INFO, message, args)
  File "/opt/hpcaas/.mounts/fs-072917c00f01ae1ba/home/chuanyang/envs/fairseq2/fairseq2/src/fairseq2/logging.py", line 67, in _write
    self._logger.log(level, message, exc_info=exc_info, extra=self._NO_HIGHLIGHT)
Message: 'Model loaded on data parallel rank 0.'
Arguments: ()
Message: 'Model loaded on data parallel rank 0.'
Arguments: ()
  File "/home/chuanyang/miniconda3/envs/fairseq2/bin/fairseq2", line 8, in <module>
    sys.exit(main())
  File "/opt/hpcaas/.mounts/fs-072917c00f01ae1ba/home/chuanyang/envs/fairseq2/fairseq2/src/fairseq2/cli/_main.py", line 27, in main
    exit_code = _run()
  File "/opt/hpcaas/.mounts/fs-072917c00f01ae1ba/home/chuanyang/envs/fairseq2/fairseq2/src/fairseq2/cli/_main.py", line 73, in _run
    return cli.run(context)
  File "/home/chuanyang/miniconda3/envs/fairseq2/bin/fairseq2", line 8, in <module>
    sys.exit(main())
  File "/opt/hpcaas/.mounts/fs-072917c00f01ae1ba/home/chuanyang/envs/fairseq2/fairseq2/src/fairseq2/cli/_main.py", line 27, in main
    exit_code = _run()
  File "/opt/hpcaas/.mounts/fs-072917c00f01ae1ba/home/chuanyang/envs/fairseq2/fairseq2/src/fairseq2/cli/_main.py", line 73, in _run
    return cli.run(context)
  File "/opt/hpcaas/.mounts/fs-072917c00f01ae1ba/home/chuanyang/envs/fairseq2/fairseq2/src/fairseq2/cli/_cli.py", line 123, in run
    return args.command.run(context, args)  # type: ignore[no-any-return]
  File "/opt/hpcaas/.mounts/fs-072917c00f01ae1ba/home/chuanyang/envs/fairseq2/fairseq2/src/fairseq2/cli/_cli.py", line 123, in run
    return args.command.run(context, args)  # type: ignore[no-any-return]
  File "/opt/hpcaas/.mounts/fs-072917c00f01ae1ba/home/chuanyang/envs/fairseq2/fairseq2/src/fairseq2/cli/_cli.py", line 361, in run
    return self._handler.run(context, self._parser, args)
  File "/opt/hpcaas/.mounts/fs-072917c00f01ae1ba/home/chuanyang/envs/fairseq2/fairseq2/src/fairseq2/cli/commands/recipe.py", line 245, in run
    recipe = self._loader(context, config, output_dir)
  File "/opt/hpcaas/.mounts/fs-072917c00f01ae1ba/home/chuanyang/envs/fairseq2/fairseq2/src/fairseq2/recipes/lm/_preference_finetune/_recipe.py", line 234, in load_po_finetuner
    model = setup_model(
  File "/opt/hpcaas/.mounts/fs-072917c00f01ae1ba/home/chuanyang/envs/fairseq2/fairseq2/src/fairseq2/recipes/common/_model.py", line 82, in setup_model
    model = load_base_model(
  File "/opt/hpcaas/.mounts/fs-072917c00f01ae1ba/home/chuanyang/envs/fairseq2/fairseq2/src/fairseq2/recipes/common/_model.py", line 140, in load_base_model
    model = model_loader.load(recipe_config, gangs)
  File "/opt/hpcaas/.mounts/fs-072917c00f01ae1ba/home/chuanyang/envs/fairseq2/fairseq2/src/fairseq2/recipes/common/_model.py", line 278, in load
    log.info("Model loaded on data parallel rank 0.")
  File "/opt/hpcaas/.mounts/fs-072917c00f01ae1ba/home/chuanyang/envs/fairseq2/fairseq2/src/fairseq2/logging.py", line 40, in info
    self._write(logging.INFO, message, args)
  File "/opt/hpcaas/.mounts/fs-072917c00f01ae1ba/home/chuanyang/envs/fairseq2/fairseq2/src/fairseq2/logging.py", line 67, in _write
    self._logger.log(level, message, exc_info=exc_info, extra=self._NO_HIGHLIGHT)
Message: 'Model loaded on data parallel rank 0.'
Arguments: ()
  File "/home/chuanyang/miniconda3/envs/fairseq2/bin/fairseq2", line 8, in <module>
    sys.exit(main())
  File "/opt/hpcaas/.mounts/fs-072917c00f01ae1ba/home/chuanyang/envs/fairseq2/fairseq2/src/fairseq2/cli/_main.py", line 27, in main
    exit_code = _run()
  File "/opt/hpcaas/.mounts/fs-072917c00f01ae1ba/home/chuanyang/envs/fairseq2/fairseq2/src/fairseq2/cli/_main.py", line 73, in _run
    return cli.run(context)
  File "/opt/hpcaas/.mounts/fs-072917c00f01ae1ba/home/chuanyang/envs/fairseq2/fairseq2/src/fairseq2/cli/_cli.py", line 123, in run
    return args.command.run(context, args)  # type: ignore[no-any-return]
  File "/opt/hpcaas/.mounts/fs-072917c00f01ae1ba/home/chuanyang/envs/fairseq2/fairseq2/src/fairseq2/cli/_cli.py", line 361, in run
    return self._handler.run(context, self._parser, args)
  File "/opt/hpcaas/.mounts/fs-072917c00f01ae1ba/home/chuanyang/envs/fairseq2/fairseq2/src/fairseq2/cli/commands/recipe.py", line 245, in run
    recipe = self._loader(context, config, output_dir)
  File "/opt/hpcaas/.mounts/fs-072917c00f01ae1ba/home/chuanyang/envs/fairseq2/fairseq2/src/fairseq2/recipes/lm/_preference_finetune/_recipe.py", line 234, in load_po_finetuner
    model = setup_model(
  File "/opt/hpcaas/.mounts/fs-072917c00f01ae1ba/home/chuanyang/envs/fairseq2/fairseq2/src/fairseq2/recipes/common/_model.py", line 82, in setup_model
    model = load_base_model(
  File "/opt/hpcaas/.mounts/fs-072917c00f01ae1ba/home/chuanyang/envs/fairseq2/fairseq2/src/fairseq2/recipes/common/_model.py", line 140, in load_base_model
    model = model_loader.load(recipe_config, gangs)
  File "/opt/hpcaas/.mounts/fs-072917c00f01ae1ba/home/chuanyang/envs/fairseq2/fairseq2/src/fairseq2/recipes/common/_model.py", line 278, in load
    log.info("Model loaded on data parallel rank 0.")
  File "/opt/hpcaas/.mounts/fs-072917c00f01ae1ba/home/chuanyang/envs/fairseq2/fairseq2/src/fairseq2/logging.py", line 40, in info
    self._write(logging.INFO, message, args)
  File "/opt/hpcaas/.mounts/fs-072917c00f01ae1ba/home/chuanyang/envs/fairseq2/fairseq2/src/fairseq2/logging.py", line 67, in _write
    self._logger.log(level, message, exc_info=exc_info, extra=self._NO_HIGHLIGHT)
  File "/opt/hpcaas/.mounts/fs-072917c00f01ae1ba/home/chuanyang/envs/fairseq2/fairseq2/src/fairseq2/cli/_cli.py", line 361, in run
    return self._handler.run(context, self._parser, args)
  File "/opt/hpcaas/.mounts/fs-072917c00f01ae1ba/home/chuanyang/envs/fairseq2/fairseq2/src/fairseq2/cli/commands/recipe.py", line 245, in run
    recipe = self._loader(context, config, output_dir)
  File "/opt/hpcaas/.mounts/fs-072917c00f01ae1ba/home/chuanyang/envs/fairseq2/fairseq2/src/fairseq2/recipes/lm/_preference_finetune/_recipe.py", line 234, in load_po_finetuner
    model = setup_model(
  File "/opt/hpcaas/.mounts/fs-072917c00f01ae1ba/home/chuanyang/envs/fairseq2/fairseq2/src/fairseq2/recipes/common/_model.py", line 82, in setup_model
    model = load_base_model(
  File "/opt/hpcaas/.mounts/fs-072917c00f01ae1ba/home/chuanyang/envs/fairseq2/fairseq2/src/fairseq2/recipes/common/_model.py", line 140, in load_base_model
    model = model_loader.load(recipe_config, gangs)
  File "/opt/hpcaas/.mounts/fs-072917c00f01ae1ba/home/chuanyang/envs/fairseq2/fairseq2/src/fairseq2/recipes/common/_model.py", line 278, in load
    log.info("Model loaded on data parallel rank 0.")
  File "/opt/hpcaas/.mounts/fs-072917c00f01ae1ba/home/chuanyang/envs/fairseq2/fairseq2/src/fairseq2/logging.py", line 40, in info
    self._write(logging.INFO, message, args)
  File "/opt/hpcaas/.mounts/fs-072917c00f01ae1ba/home/chuanyang/envs/fairseq2/fairseq2/src/fairseq2/logging.py", line 67, in _write
    self._logger.log(level, message, exc_info=exc_info, extra=self._NO_HIGHLIGHT)
Message: 'Model loaded on data parallel rank 0.'
Arguments: ()
--- Logging error ---
Message: 'Model loaded on data parallel rank 0.'
Arguments: ()
Traceback (most recent call last):
  File "/home/chuanyang/envs/fairseq2/conda/lib/python3.10/logging/__init__.py", line 1104, in emit
    self.flush()
  File "/home/chuanyang/envs/fairseq2/conda/lib/python3.10/logging/__init__.py", line 1084, in flush
    self.stream.flush()
OSError: [Errno 122] Disk quota exceeded
[07/25/25 20:48:27] INFO     fairseq2 - Model loaded on data parallel rank 0.   
Call stack:
--- Logging error ---
--- Logging error ---
Traceback (most recent call last):
  File "/home/chuanyang/envs/fairseq2/conda/lib/python3.10/logging/__init__.py", line 1104, in emit
    self.flush()
  File "/home/chuanyang/envs/fairseq2/conda/lib/python3.10/logging/__init__.py", line 1084, in flush
    self.stream.flush()
OSError: [Errno 122] Disk quota exceeded
Call stack:
Traceback (most recent call last):
  File "/home/chuanyang/envs/fairseq2/conda/lib/python3.10/logging/__init__.py", line 1104, in emit
    self.flush()
--- Logging error ---
  File "/home/chuanyang/envs/fairseq2/conda/lib/python3.10/logging/__init__.py", line 1084, in flush
    self.stream.flush()
OSError: [Errno 122] Disk quota exceeded
--- Logging error ---
Call stack:
Traceback (most recent call last):
--- Logging error ---
  File "/home/chuanyang/envs/fairseq2/conda/lib/python3.10/logging/__init__.py", line 1104, in emit
    self.flush()
  File "/home/chuanyang/envs/fairseq2/conda/lib/python3.10/logging/__init__.py", line 1084, in flush
    self.stream.flush()
Traceback (most recent call last):
Traceback (most recent call last):
  File "/home/chuanyang/envs/fairseq2/conda/lib/python3.10/logging/__init__.py", line 1104, in emit
    self.flush()
  File "/home/chuanyang/envs/fairseq2/conda/lib/python3.10/logging/__init__.py", line 1084, in flush
    self.stream.flush()
OSError: [Errno 122] Disk quota exceeded
Call stack:
OSError: [Errno 122] Disk quota exceeded
Call stack:
  File "/home/chuanyang/envs/fairseq2/conda/lib/python3.10/logging/__init__.py", line 1104, in emit
    self.flush()
  File "/home/chuanyang/envs/fairseq2/conda/lib/python3.10/logging/__init__.py", line 1084, in flush
    self.stream.flush()
OSError: [Errno 122] Disk quota exceeded
Call stack:
  File "/home/chuanyang/miniconda3/envs/fairseq2/bin/fairseq2", line 8, in <module>
    sys.exit(main())
  File "/opt/hpcaas/.mounts/fs-072917c00f01ae1ba/home/chuanyang/envs/fairseq2/fairseq2/src/fairseq2/cli/_main.py", line 27, in main
    exit_code = _run()
  File "/opt/hpcaas/.mounts/fs-072917c00f01ae1ba/home/chuanyang/envs/fairseq2/fairseq2/src/fairseq2/cli/_main.py", line 73, in _run
    return cli.run(context)
  File "/opt/hpcaas/.mounts/fs-072917c00f01ae1ba/home/chuanyang/envs/fairseq2/fairseq2/src/fairseq2/cli/_cli.py", line 123, in run
    return args.command.run(context, args)  # type: ignore[no-any-return]
  File "/opt/hpcaas/.mounts/fs-072917c00f01ae1ba/home/chuanyang/envs/fairseq2/fairseq2/src/fairseq2/cli/_cli.py", line 361, in run
    return self._handler.run(context, self._parser, args)
  File "/opt/hpcaas/.mounts/fs-072917c00f01ae1ba/home/chuanyang/envs/fairseq2/fairseq2/src/fairseq2/cli/commands/recipe.py", line 245, in run
    recipe = self._loader(context, config, output_dir)
--- Logging error ---
  File "/opt/hpcaas/.mounts/fs-072917c00f01ae1ba/home/chuanyang/envs/fairseq2/fairseq2/src/fairseq2/recipes/lm/_preference_finetune/_recipe.py", line 234, in load_po_finetuner
    model = setup_model(
Traceback (most recent call last):
  File "/home/chuanyang/envs/fairseq2/conda/lib/python3.10/logging/__init__.py", line 1104, in emit
    self.flush()
  File "/home/chuanyang/envs/fairseq2/conda/lib/python3.10/logging/__init__.py", line 1084, in flush
    self.stream.flush()
OSError: [Errno 122] Disk quota exceeded
Call stack:
  File "/home/chuanyang/miniconda3/envs/fairseq2/bin/fairseq2", line 8, in <module>
    sys.exit(main())
  File "/opt/hpcaas/.mounts/fs-072917c00f01ae1ba/home/chuanyang/envs/fairseq2/fairseq2/src/fairseq2/cli/_main.py", line 27, in main
    exit_code = _run()
  File "/opt/hpcaas/.mounts/fs-072917c00f01ae1ba/home/chuanyang/envs/fairseq2/fairseq2/src/fairseq2/cli/_main.py", line 73, in _run
    return cli.run(context)
  File "/opt/hpcaas/.mounts/fs-072917c00f01ae1ba/home/chuanyang/envs/fairseq2/fairseq2/src/fairseq2/cli/_cli.py", line 123, in run
    return args.command.run(context, args)  # type: ignore[no-any-return]
  File "/opt/hpcaas/.mounts/fs-072917c00f01ae1ba/home/chuanyang/envs/fairseq2/fairseq2/src/fairseq2/cli/_cli.py", line 361, in run
    return self._handler.run(context, self._parser, args)
  File "/opt/hpcaas/.mounts/fs-072917c00f01ae1ba/home/chuanyang/envs/fairseq2/fairseq2/src/fairseq2/cli/commands/recipe.py", line 245, in run
    recipe = self._loader(context, config, output_dir)
--- Logging error ---
  File "/opt/hpcaas/.mounts/fs-072917c00f01ae1ba/home/chuanyang/envs/fairseq2/fairseq2/src/fairseq2/recipes/lm/_preference_finetune/_recipe.py", line 234, in load_po_finetuner
    model = setup_model(
  File "/opt/hpcaas/.mounts/fs-072917c00f01ae1ba/home/chuanyang/envs/fairseq2/fairseq2/src/fairseq2/recipes/common/_model.py", line 88, in setup_model
    model = setup_data_parallel_model(
  File "/opt/hpcaas/.mounts/fs-072917c00f01ae1ba/home/chuanyang/envs/fairseq2/fairseq2/src/fairseq2/recipes/common/_distributed.py", line 58, in setup_data_parallel_model
    return wrap_fsdp(
  File "/opt/hpcaas/.mounts/fs-072917c00f01ae1ba/home/chuanyang/envs/fairseq2/fairseq2/src/fairseq2/recipes/common/_distributed.py", line 115, in wrap_fsdp
    log.info("Wrapping the model with FSDP and broadcasting to all processes.")  # fmt: skip
  File "/opt/hpcaas/.mounts/fs-072917c00f01ae1ba/home/chuanyang/envs/fairseq2/fairseq2/src/fairseq2/logging.py", line 40, in info
    self._write(logging.INFO, message, args)
Traceback (most recent call last):
  File "/home/chuanyang/envs/fairseq2/conda/lib/python3.10/logging/__init__.py", line 1104, in emit
    self.flush()
  File "/home/chuanyang/envs/fairseq2/conda/lib/python3.10/logging/__init__.py", line 1084, in flush
    self.stream.flush()
  File "/opt/hpcaas/.mounts/fs-072917c00f01ae1ba/home/chuanyang/envs/fairseq2/fairseq2/src/fairseq2/logging.py", line 67, in _write
    self._logger.log(level, message, exc_info=exc_info, extra=self._NO_HIGHLIGHT)
Message: 'Wrapping the model with FSDP and broadcasting to all processes.'
Arguments: ()
OSError: [Errno 122] Disk quota exceeded
--- Logging error ---
Traceback (most recent call last):
Call stack:
  File "/opt/hpcaas/.mounts/fs-072917c00f01ae1ba/home/chuanyang/envs/fairseq2/fairseq2/src/fairseq2/recipes/common/_model.py", line 88, in setup_model
    model = setup_data_parallel_model(
  File "/opt/hpcaas/.mounts/fs-072917c00f01ae1ba/home/chuanyang/envs/fairseq2/fairseq2/src/fairseq2/recipes/common/_distributed.py", line 58, in setup_data_parallel_model
    return wrap_fsdp(
  File "/opt/hpcaas/.mounts/fs-072917c00f01ae1ba/home/chuanyang/envs/fairseq2/fairseq2/src/fairseq2/recipes/common/_distributed.py", line 115, in wrap_fsdp
    log.info("Wrapping the model with FSDP and broadcasting to all processes.")  # fmt: skip
  File "/opt/hpcaas/.mounts/fs-072917c00f01ae1ba/home/chuanyang/envs/fairseq2/fairseq2/src/fairseq2/logging.py", line 40, in info
    self._write(logging.INFO, message, args)
  File "/opt/hpcaas/.mounts/fs-072917c00f01ae1ba/home/chuanyang/envs/fairseq2/fairseq2/src/fairseq2/logging.py", line 67, in _write
    self._logger.log(level, message, exc_info=exc_info, extra=self._NO_HIGHLIGHT)
--- Logging error ---
Message: 'Wrapping the model with FSDP and broadcasting to all processes.'
Arguments: ()
Traceback (most recent call last):
  File "/home/chuanyang/envs/fairseq2/conda/lib/python3.10/logging/__init__.py", line 1104, in emit
    self.flush()
  File "/home/chuanyang/envs/fairseq2/conda/lib/python3.10/logging/__init__.py", line 1084, in flush
    self.stream.flush()
OSError: [Errno 122] Disk quota exceeded
Call stack:
  File "/home/chuanyang/envs/fairseq2/conda/lib/python3.10/logging/__init__.py", line 1104, in emit
    self.flush()
  File "/home/chuanyang/envs/fairseq2/conda/lib/python3.10/logging/__init__.py", line 1084, in flush
    self.stream.flush()
  File "/home/chuanyang/miniconda3/envs/fairseq2/bin/fairseq2", line 8, in <module>
    sys.exit(main())
  File "/opt/hpcaas/.mounts/fs-072917c00f01ae1ba/home/chuanyang/envs/fairseq2/fairseq2/src/fairseq2/cli/_main.py", line 27, in main
    exit_code = _run()
  File "/opt/hpcaas/.mounts/fs-072917c00f01ae1ba/home/chuanyang/envs/fairseq2/fairseq2/src/fairseq2/cli/_main.py", line 73, in _run
    return cli.run(context)
  File "/opt/hpcaas/.mounts/fs-072917c00f01ae1ba/home/chuanyang/envs/fairseq2/fairseq2/src/fairseq2/cli/_cli.py", line 123, in run
    return args.command.run(context, args)  # type: ignore[no-any-return]
  File "/opt/hpcaas/.mounts/fs-072917c00f01ae1ba/home/chuanyang/envs/fairseq2/fairseq2/src/fairseq2/cli/_cli.py", line 361, in run
    return self._handler.run(context, self._parser, args)
  File "/opt/hpcaas/.mounts/fs-072917c00f01ae1ba/home/chuanyang/envs/fairseq2/fairseq2/src/fairseq2/cli/commands/recipe.py", line 245, in run
    recipe = self._loader(context, config, output_dir)
OSError: [Errno 122] Disk quota exceeded
Call stack:
  File "/opt/hpcaas/.mounts/fs-072917c00f01ae1ba/home/chuanyang/envs/fairseq2/fairseq2/src/fairseq2/recipes/lm/_preference_finetune/_recipe.py", line 234, in load_po_finetuner
    model = setup_model(
  File "/opt/hpcaas/.mounts/fs-072917c00f01ae1ba/home/chuanyang/envs/fairseq2/fairseq2/src/fairseq2/recipes/common/_model.py", line 88, in setup_model
    model = setup_data_parallel_model(
  File "/opt/hpcaas/.mounts/fs-072917c00f01ae1ba/home/chuanyang/envs/fairseq2/fairseq2/src/fairseq2/recipes/common/_distributed.py", line 58, in setup_data_parallel_model
    return wrap_fsdp(
  File "/home/chuanyang/miniconda3/envs/fairseq2/bin/fairseq2", line 8, in <module>
    sys.exit(main())
  File "/opt/hpcaas/.mounts/fs-072917c00f01ae1ba/home/chuanyang/envs/fairseq2/fairseq2/src/fairseq2/cli/_main.py", line 27, in main
    exit_code = _run()
  File "/opt/hpcaas/.mounts/fs-072917c00f01ae1ba/home/chuanyang/envs/fairseq2/fairseq2/src/fairseq2/cli/_main.py", line 73, in _run
    return cli.run(context)
  File "/opt/hpcaas/.mounts/fs-072917c00f01ae1ba/home/chuanyang/envs/fairseq2/fairseq2/src/fairseq2/cli/_cli.py", line 123, in run
    return args.command.run(context, args)  # type: ignore[no-any-return]
  File "/opt/hpcaas/.mounts/fs-072917c00f01ae1ba/home/chuanyang/envs/fairseq2/fairseq2/src/fairseq2/cli/_cli.py", line 361, in run
    return self._handler.run(context, self._parser, args)
  File "/opt/hpcaas/.mounts/fs-072917c00f01ae1ba/home/chuanyang/envs/fairseq2/fairseq2/src/fairseq2/cli/commands/recipe.py", line 245, in run
    recipe = self._loader(context, config, output_dir)
  File "/opt/hpcaas/.mounts/fs-072917c00f01ae1ba/home/chuanyang/envs/fairseq2/fairseq2/src/fairseq2/recipes/common/_distributed.py", line 115, in wrap_fsdp
    log.info("Wrapping the model with FSDP and broadcasting to all processes.")  # fmt: skip
  File "/opt/hpcaas/.mounts/fs-072917c00f01ae1ba/home/chuanyang/envs/fairseq2/fairseq2/src/fairseq2/logging.py", line 40, in info
    self._write(logging.INFO, message, args)
  File "/opt/hpcaas/.mounts/fs-072917c00f01ae1ba/home/chuanyang/envs/fairseq2/fairseq2/src/fairseq2/logging.py", line 67, in _write
    self._logger.log(level, message, exc_info=exc_info, extra=self._NO_HIGHLIGHT)
Message: 'Wrapping the model with FSDP and broadcasting to all processes.'
Arguments: ()
  File "/opt/hpcaas/.mounts/fs-072917c00f01ae1ba/home/chuanyang/envs/fairseq2/fairseq2/src/fairseq2/recipes/lm/_preference_finetune/_recipe.py", line 234, in load_po_finetuner
    model = setup_model(
  File "/opt/hpcaas/.mounts/fs-072917c00f01ae1ba/home/chuanyang/envs/fairseq2/fairseq2/src/fairseq2/recipes/common/_model.py", line 88, in setup_model
    model = setup_data_parallel_model(
  File "/opt/hpcaas/.mounts/fs-072917c00f01ae1ba/home/chuanyang/envs/fairseq2/fairseq2/src/fairseq2/recipes/common/_distributed.py", line 58, in setup_data_parallel_model
    return wrap_fsdp(
  File "/home/chuanyang/miniconda3/envs/fairseq2/bin/fairseq2", line 8, in <module>
    sys.exit(main())
  File "/opt/hpcaas/.mounts/fs-072917c00f01ae1ba/home/chuanyang/envs/fairseq2/fairseq2/src/fairseq2/cli/_main.py", line 27, in main
    exit_code = _run()
  File "/opt/hpcaas/.mounts/fs-072917c00f01ae1ba/home/chuanyang/envs/fairseq2/fairseq2/src/fairseq2/cli/_main.py", line 73, in _run
    return cli.run(context)
  File "/opt/hpcaas/.mounts/fs-072917c00f01ae1ba/home/chuanyang/envs/fairseq2/fairseq2/src/fairseq2/cli/_cli.py", line 123, in run
    return args.command.run(context, args)  # type: ignore[no-any-return]
  File "/opt/hpcaas/.mounts/fs-072917c00f01ae1ba/home/chuanyang/envs/fairseq2/fairseq2/src/fairseq2/cli/_cli.py", line 361, in run
    return self._handler.run(context, self._parser, args)
  File "/opt/hpcaas/.mounts/fs-072917c00f01ae1ba/home/chuanyang/envs/fairseq2/fairseq2/src/fairseq2/cli/commands/recipe.py", line 245, in run
    recipe = self._loader(context, config, output_dir)
  File "/home/chuanyang/miniconda3/envs/fairseq2/bin/fairseq2", line 8, in <module>
    sys.exit(main())
  File "/opt/hpcaas/.mounts/fs-072917c00f01ae1ba/home/chuanyang/envs/fairseq2/fairseq2/src/fairseq2/cli/_main.py", line 27, in main
    exit_code = _run()
  File "/opt/hpcaas/.mounts/fs-072917c00f01ae1ba/home/chuanyang/envs/fairseq2/fairseq2/src/fairseq2/cli/_main.py", line 73, in _run
    return cli.run(context)
  File "/opt/hpcaas/.mounts/fs-072917c00f01ae1ba/home/chuanyang/envs/fairseq2/fairseq2/src/fairseq2/cli/_cli.py", line 123, in run
    return args.command.run(context, args)  # type: ignore[no-any-return]
  File "/opt/hpcaas/.mounts/fs-072917c00f01ae1ba/home/chuanyang/envs/fairseq2/fairseq2/src/fairseq2/cli/_cli.py", line 361, in run
    return self._handler.run(context, self._parser, args)
  File "/opt/hpcaas/.mounts/fs-072917c00f01ae1ba/home/chuanyang/envs/fairseq2/fairseq2/src/fairseq2/cli/commands/recipe.py", line 245, in run
    recipe = self._loader(context, config, output_dir)
  File "/opt/hpcaas/.mounts/fs-072917c00f01ae1ba/home/chuanyang/envs/fairseq2/fairseq2/src/fairseq2/recipes/lm/_preference_finetune/_recipe.py", line 234, in load_po_finetuner
    model = setup_model(
  File "/opt/hpcaas/.mounts/fs-072917c00f01ae1ba/home/chuanyang/envs/fairseq2/fairseq2/src/fairseq2/recipes/common/_model.py", line 88, in setup_model
    model = setup_data_parallel_model(
  File "/opt/hpcaas/.mounts/fs-072917c00f01ae1ba/home/chuanyang/envs/fairseq2/fairseq2/src/fairseq2/recipes/common/_distributed.py", line 58, in setup_data_parallel_model
    return wrap_fsdp(
  File "/opt/hpcaas/.mounts/fs-072917c00f01ae1ba/home/chuanyang/envs/fairseq2/fairseq2/src/fairseq2/recipes/lm/_preference_finetune/_recipe.py", line 234, in load_po_finetuner
    model = setup_model(
  File "/opt/hpcaas/.mounts/fs-072917c00f01ae1ba/home/chuanyang/envs/fairseq2/fairseq2/src/fairseq2/recipes/common/_model.py", line 88, in setup_model
    model = setup_data_parallel_model(
  File "/opt/hpcaas/.mounts/fs-072917c00f01ae1ba/home/chuanyang/envs/fairseq2/fairseq2/src/fairseq2/recipes/common/_distributed.py", line 58, in setup_data_parallel_model
    return wrap_fsdp(
  File "/opt/hpcaas/.mounts/fs-072917c00f01ae1ba/home/chuanyang/envs/fairseq2/fairseq2/src/fairseq2/recipes/common/_distributed.py", line 115, in wrap_fsdp
    log.info("Wrapping the model with FSDP and broadcasting to all processes.")  # fmt: skip
  File "/opt/hpcaas/.mounts/fs-072917c00f01ae1ba/home/chuanyang/envs/fairseq2/fairseq2/src/fairseq2/logging.py", line 40, in info
    self._write(logging.INFO, message, args)
  File "/opt/hpcaas/.mounts/fs-072917c00f01ae1ba/home/chuanyang/envs/fairseq2/fairseq2/src/fairseq2/recipes/common/_distributed.py", line 115, in wrap_fsdp
    log.info("Wrapping the model with FSDP and broadcasting to all processes.")  # fmt: skip
  File "/opt/hpcaas/.mounts/fs-072917c00f01ae1ba/home/chuanyang/envs/fairseq2/fairseq2/src/fairseq2/logging.py", line 40, in info
    self._write(logging.INFO, message, args)
  File "/opt/hpcaas/.mounts/fs-072917c00f01ae1ba/home/chuanyang/envs/fairseq2/fairseq2/src/fairseq2/logging.py", line 67, in _write
    self._logger.log(level, message, exc_info=exc_info, extra=self._NO_HIGHLIGHT)
Message: 'Wrapping the model with FSDP and broadcasting to all processes.'
Arguments: ()
  File "/opt/hpcaas/.mounts/fs-072917c00f01ae1ba/home/chuanyang/envs/fairseq2/fairseq2/src/fairseq2/logging.py", line 67, in _write
    self._logger.log(level, message, exc_info=exc_info, extra=self._NO_HIGHLIGHT)
Message: 'Wrapping the model with FSDP and broadcasting to all processes.'
Arguments: ()
  File "/home/chuanyang/miniconda3/envs/fairseq2/bin/fairseq2", line 8, in <module>
    sys.exit(main())
  File "/opt/hpcaas/.mounts/fs-072917c00f01ae1ba/home/chuanyang/envs/fairseq2/fairseq2/src/fairseq2/cli/_main.py", line 27, in main
    exit_code = _run()
  File "/opt/hpcaas/.mounts/fs-072917c00f01ae1ba/home/chuanyang/envs/fairseq2/fairseq2/src/fairseq2/cli/_main.py", line 73, in _run
    return cli.run(context)
  File "/opt/hpcaas/.mounts/fs-072917c00f01ae1ba/home/chuanyang/envs/fairseq2/fairseq2/src/fairseq2/cli/_cli.py", line 123, in run
    return args.command.run(context, args)  # type: ignore[no-any-return]
  File "/opt/hpcaas/.mounts/fs-072917c00f01ae1ba/home/chuanyang/envs/fairseq2/fairseq2/src/fairseq2/cli/_cli.py", line 361, in run
    return self._handler.run(context, self._parser, args)
  File "/opt/hpcaas/.mounts/fs-072917c00f01ae1ba/home/chuanyang/envs/fairseq2/fairseq2/src/fairseq2/cli/commands/recipe.py", line 245, in run
    recipe = self._loader(context, config, output_dir)
  File "/opt/hpcaas/.mounts/fs-072917c00f01ae1ba/home/chuanyang/envs/fairseq2/fairseq2/src/fairseq2/recipes/lm/_preference_finetune/_recipe.py", line 234, in load_po_finetuner
    model = setup_model(
  File "/opt/hpcaas/.mounts/fs-072917c00f01ae1ba/home/chuanyang/envs/fairseq2/fairseq2/src/fairseq2/recipes/common/_model.py", line 88, in setup_model
    model = setup_data_parallel_model(
  File "/opt/hpcaas/.mounts/fs-072917c00f01ae1ba/home/chuanyang/envs/fairseq2/fairseq2/src/fairseq2/recipes/common/_distributed.py", line 58, in setup_data_parallel_model
    return wrap_fsdp(
  File "/opt/hpcaas/.mounts/fs-072917c00f01ae1ba/home/chuanyang/envs/fairseq2/fairseq2/src/fairseq2/recipes/common/_distributed.py", line 115, in wrap_fsdp
    log.info("Wrapping the model with FSDP and broadcasting to all processes.")  # fmt: skip
  File "/opt/hpcaas/.mounts/fs-072917c00f01ae1ba/home/chuanyang/envs/fairseq2/fairseq2/src/fairseq2/logging.py", line 40, in info
    self._write(logging.INFO, message, args)
  File "/opt/hpcaas/.mounts/fs-072917c00f01ae1ba/home/chuanyang/envs/fairseq2/fairseq2/src/fairseq2/logging.py", line 67, in _write
    self._logger.log(level, message, exc_info=exc_info, extra=self._NO_HIGHLIGHT)
Message: 'Wrapping the model with FSDP and broadcasting to all processes.'
Arguments: ()
  File "/home/chuanyang/miniconda3/envs/fairseq2/bin/fairseq2", line 8, in <module>
    sys.exit(main())
  File "/opt/hpcaas/.mounts/fs-072917c00f01ae1ba/home/chuanyang/envs/fairseq2/fairseq2/src/fairseq2/cli/_main.py", line 27, in main
    exit_code = _run()
  File "/opt/hpcaas/.mounts/fs-072917c00f01ae1ba/home/chuanyang/envs/fairseq2/fairseq2/src/fairseq2/cli/_main.py", line 73, in _run
    return cli.run(context)
  File "/opt/hpcaas/.mounts/fs-072917c00f01ae1ba/home/chuanyang/envs/fairseq2/fairseq2/src/fairseq2/cli/_cli.py", line 123, in run
    return args.command.run(context, args)  # type: ignore[no-any-return]
  File "/opt/hpcaas/.mounts/fs-072917c00f01ae1ba/home/chuanyang/envs/fairseq2/fairseq2/src/fairseq2/cli/_cli.py", line 361, in run
    return self._handler.run(context, self._parser, args)
  File "/opt/hpcaas/.mounts/fs-072917c00f01ae1ba/home/chuanyang/envs/fairseq2/fairseq2/src/fairseq2/cli/commands/recipe.py", line 245, in run
    recipe = self._loader(context, config, output_dir)
  File "/opt/hpcaas/.mounts/fs-072917c00f01ae1ba/home/chuanyang/envs/fairseq2/fairseq2/src/fairseq2/recipes/lm/_preference_finetune/_recipe.py", line 234, in load_po_finetuner
    model = setup_model(
  File "/opt/hpcaas/.mounts/fs-072917c00f01ae1ba/home/chuanyang/envs/fairseq2/fairseq2/src/fairseq2/recipes/common/_model.py", line 88, in setup_model
    model = setup_data_parallel_model(
  File "/opt/hpcaas/.mounts/fs-072917c00f01ae1ba/home/chuanyang/envs/fairseq2/fairseq2/src/fairseq2/recipes/common/_distributed.py", line 58, in setup_data_parallel_model
    return wrap_fsdp(
  File "/opt/hpcaas/.mounts/fs-072917c00f01ae1ba/home/chuanyang/envs/fairseq2/fairseq2/src/fairseq2/recipes/common/_distributed.py", line 115, in wrap_fsdp
    log.info("Wrapping the model with FSDP and broadcasting to all processes.")  # fmt: skip
  File "/opt/hpcaas/.mounts/fs-072917c00f01ae1ba/home/chuanyang/envs/fairseq2/fairseq2/src/fairseq2/logging.py", line 40, in info
    self._write(logging.INFO, message, args)
  File "/opt/hpcaas/.mounts/fs-072917c00f01ae1ba/home/chuanyang/envs/fairseq2/fairseq2/src/fairseq2/logging.py", line 67, in _write
    self._logger.log(level, message, exc_info=exc_info, extra=self._NO_HIGHLIGHT)
Message: 'Wrapping the model with FSDP and broadcasting to all processes.'
Arguments: ()
  File "/home/chuanyang/miniconda3/envs/fairseq2/bin/fairseq2", line 8, in <module>
    sys.exit(main())
  File "/opt/hpcaas/.mounts/fs-072917c00f01ae1ba/home/chuanyang/envs/fairseq2/fairseq2/src/fairseq2/cli/_main.py", line 27, in main
    exit_code = _run()
  File "/opt/hpcaas/.mounts/fs-072917c00f01ae1ba/home/chuanyang/envs/fairseq2/fairseq2/src/fairseq2/cli/_main.py", line 73, in _run
    return cli.run(context)
  File "/opt/hpcaas/.mounts/fs-072917c00f01ae1ba/home/chuanyang/envs/fairseq2/fairseq2/src/fairseq2/cli/_cli.py", line 123, in run
    return args.command.run(context, args)  # type: ignore[no-any-return]
  File "/opt/hpcaas/.mounts/fs-072917c00f01ae1ba/home/chuanyang/envs/fairseq2/fairseq2/src/fairseq2/cli/_cli.py", line 361, in run
    return self._handler.run(context, self._parser, args)
  File "/opt/hpcaas/.mounts/fs-072917c00f01ae1ba/home/chuanyang/envs/fairseq2/fairseq2/src/fairseq2/cli/commands/recipe.py", line 245, in run
    recipe = self._loader(context, config, output_dir)
  File "/opt/hpcaas/.mounts/fs-072917c00f01ae1ba/home/chuanyang/envs/fairseq2/fairseq2/src/fairseq2/recipes/lm/_preference_finetune/_recipe.py", line 234, in load_po_finetuner
    model = setup_model(
  File "/opt/hpcaas/.mounts/fs-072917c00f01ae1ba/home/chuanyang/envs/fairseq2/fairseq2/src/fairseq2/recipes/common/_model.py", line 88, in setup_model
    model = setup_data_parallel_model(
  File "/opt/hpcaas/.mounts/fs-072917c00f01ae1ba/home/chuanyang/envs/fairseq2/fairseq2/src/fairseq2/recipes/common/_distributed.py", line 58, in setup_data_parallel_model
    return wrap_fsdp(
  File "/opt/hpcaas/.mounts/fs-072917c00f01ae1ba/home/chuanyang/envs/fairseq2/fairseq2/src/fairseq2/recipes/common/_distributed.py", line 115, in wrap_fsdp
    log.info("Wrapping the model with FSDP and broadcasting to all processes.")  # fmt: skip
  File "/opt/hpcaas/.mounts/fs-072917c00f01ae1ba/home/chuanyang/envs/fairseq2/fairseq2/src/fairseq2/logging.py", line 40, in info
    self._write(logging.INFO, message, args)
  File "/opt/hpcaas/.mounts/fs-072917c00f01ae1ba/home/chuanyang/envs/fairseq2/fairseq2/src/fairseq2/logging.py", line 67, in _write
    self._logger.log(level, message, exc_info=exc_info, extra=self._NO_HIGHLIGHT)
Message: 'Wrapping the model with FSDP and broadcasting to all processes.'
Arguments: ()
  File "/opt/hpcaas/.mounts/fs-072917c00f01ae1ba/home/chuanyang/envs/fairseq2/fairseq2/src/fairseq2/recipes/common/_distributed.py", line 115, in wrap_fsdp
    log.info("Wrapping the model with FSDP and broadcasting to all processes.")  # fmt: skip
  File "/opt/hpcaas/.mounts/fs-072917c00f01ae1ba/home/chuanyang/envs/fairseq2/fairseq2/src/fairseq2/logging.py", line 40, in info
    self._write(logging.INFO, message, args)
  File "/opt/hpcaas/.mounts/fs-072917c00f01ae1ba/home/chuanyang/envs/fairseq2/fairseq2/src/fairseq2/logging.py", line 67, in _write
    self._logger.log(level, message, exc_info=exc_info, extra=self._NO_HIGHLIGHT)
Message: 'Wrapping the model with FSDP and broadcasting to all processes.'
Arguments: ()
  File "/home/chuanyang/miniconda3/envs/fairseq2/bin/fairseq2", line 8, in <module>
    sys.exit(main())
  File "/opt/hpcaas/.mounts/fs-072917c00f01ae1ba/home/chuanyang/envs/fairseq2/fairseq2/src/fairseq2/cli/_main.py", line 27, in main
    exit_code = _run()
  File "/opt/hpcaas/.mounts/fs-072917c00f01ae1ba/home/chuanyang/envs/fairseq2/fairseq2/src/fairseq2/cli/_main.py", line 73, in _run
    return cli.run(context)
  File "/opt/hpcaas/.mounts/fs-072917c00f01ae1ba/home/chuanyang/envs/fairseq2/fairseq2/src/fairseq2/cli/_cli.py", line 123, in run
    return args.command.run(context, args)  # type: ignore[no-any-return]
  File "/opt/hpcaas/.mounts/fs-072917c00f01ae1ba/home/chuanyang/envs/fairseq2/fairseq2/src/fairseq2/cli/_cli.py", line 361, in run
    return self._handler.run(context, self._parser, args)
  File "/opt/hpcaas/.mounts/fs-072917c00f01ae1ba/home/chuanyang/envs/fairseq2/fairseq2/src/fairseq2/cli/commands/recipe.py", line 245, in run
    recipe = self._loader(context, config, output_dir)
  File "/opt/hpcaas/.mounts/fs-072917c00f01ae1ba/home/chuanyang/envs/fairseq2/fairseq2/src/fairseq2/recipes/lm/_preference_finetune/_recipe.py", line 234, in load_po_finetuner
    model = setup_model(
  File "/opt/hpcaas/.mounts/fs-072917c00f01ae1ba/home/chuanyang/envs/fairseq2/fairseq2/src/fairseq2/recipes/common/_model.py", line 88, in setup_model
    model = setup_data_parallel_model(
  File "/opt/hpcaas/.mounts/fs-072917c00f01ae1ba/home/chuanyang/envs/fairseq2/fairseq2/src/fairseq2/recipes/common/_distributed.py", line 58, in setup_data_parallel_model
    return wrap_fsdp(
  File "/opt/hpcaas/.mounts/fs-072917c00f01ae1ba/home/chuanyang/envs/fairseq2/fairseq2/src/fairseq2/recipes/common/_distributed.py", line 115, in wrap_fsdp
    log.info("Wrapping the model with FSDP and broadcasting to all processes.")  # fmt: skip
  File "/opt/hpcaas/.mounts/fs-072917c00f01ae1ba/home/chuanyang/envs/fairseq2/fairseq2/src/fairseq2/logging.py", line 40, in info
    self._write(logging.INFO, message, args)
  File "/opt/hpcaas/.mounts/fs-072917c00f01ae1ba/home/chuanyang/envs/fairseq2/fairseq2/src/fairseq2/logging.py", line 67, in _write
    self._logger.log(level, message, exc_info=exc_info, extra=self._NO_HIGHLIGHT)
Message: 'Wrapping the model with FSDP and broadcasting to all processes.'
Arguments: ()
                    INFO     fairseq2 - Wrapping the model with FSDP and        
                             broadcasting to all processes.                     
                    INFO     fairseq2 - Model wrapped with FSDP and broadcasted.
                    INFO     fairseq2 - Model (rank 0) - Parameter Size:        
                             501,891,328 | Parameter Size (bytes): 1.87 GiB |   
                             Trainable Parameter Size: 501,891,328 | Trainable  
                             Parameter Size (bytes): 1.87 GiB | Buffer Size:    
                             16,777,216 | Buffer Size (bytes): 64.00 MiB | Total
                             Size: 518,668,544 | Total Size (bytes): 1.93 GiB | 
                             Layout:                                            
                             FullyShardedDataParallel(                          
                               (_fsdp_wrapped_module): TransformerDecoderModel( 
                                 model_dim=4096                                 
                                 (decoder_frontend):                            
                             TransformerEmbeddingFrontend(                      
                                   model_dim=4096                               
                                   (embed):                                     
                             StandardEmbedding(num_embeddings=128256,           
                             embedding_dim=4096)                                
                                   (pos_encoder): None                          
                                   (layer_norm): None                           
                                   (dropout): None                              
                                 )                                              
                                 (decoder): StandardTransformerDecoder(         
                                   model_dim=4096,                              
                             self_attn_mask_factory=CausalAttentionMaskFactory()
                             , norm_order=PRE                                   
                                   (layers): ModuleList(                        
                                     (0-31): 32 x FullyShardedDataParallel(     
                                       (_fsdp_wrapped_module):                  
                             CheckpointWrapper(                                 
                                         (_checkpoint_wrapped_module):          
                             StandardTransformerDecoderLayer(                   
                                           model_dim=4096, norm_order=PRE       
                                           (self_attn_layer_norm):              
                             RMSNorm(normalized_shape=(4096,), eps=1E-05,       
                             elementwise_affine=True)                           
                                           (self_attn):                         
                             StandardMultiheadAttention(                        
                                             num_heads=32, model_dim=4096,      
                             num_key_value_heads=8                              
                                             (q_proj): Linear(input_dim=4096,   
                             output_dim=4096, bias=False,                       
                             init_fn=init_qkv_projection)                       
                                             (k_proj): Linear(input_dim=4096,   
                             output_dim=1024, bias=False,                       
                             init_fn=init_qkv_projection)                       
                                             (v_proj): Linear(input_dim=4096,   
                             output_dim=1024, bias=False,                       
                             init_fn=init_qkv_projection)                       
                                             (pos_encoder):                     
                             RotaryEncoder(encoding_dim=128, max_seq_len=131072)
                                             (sdpa): TorchSDPA(attn_dropout_p=0)
                                             (output_proj):                     
                             Linear(input_dim=4096, output_dim=4096, bias=False,
                             init_fn=init_output_projection)                    
                                           )                                    
                                           (self_attn_norm): None               
                                           (self_attn_dropout): None            
                                           (self_attn_residual):                
                             StandardResidualConnect()                          
                                           (encoder_decoder_attn): None         
                                           (encoder_decoder_attn_dropout): None 
                                           (encoder_decoder_attn_residual): None
                                           (encoder_decoder_attn_layer_norm):   
                             None                                               
                                           (ffn_layer_norm):                    
                             RMSNorm(normalized_shape=(4096,), eps=1E-05,       
                             elementwise_affine=True)                           
                                           (ffn): GLUFeedForwardNetwork(        
                                             model_dim=4096,                    
                             inner_dim_scale=0.666667,                          
                             inner_dim_to_multiple=1024                         
                                             (gate_proj): Linear(input_dim=4096,
                             output_dim=14336, bias=False)                      
                                             (gate_activation): SiLU()          
                                             (inner_proj):                      
                             Linear(input_dim=4096, output_dim=14336,           
                             bias=False)                                        
                                             (inner_dropout): None              
                                             (output_proj):                     
                             Linear(input_dim=14336, output_dim=4096,           
                             bias=False)                                        
                                           )                                    
                                           (ffn_dropout): None                  
                                           (ffn_residual):                      
                             StandardResidualConnect()                          
                                         )                                      
                                       )                                        
                                     )                                          
                                   )                                            
                                   (layer_norm):                                
                             RMSNorm(normalized_shape=(4096,), eps=1E-05,       
                             elementwise_affine=True)                           
                                   (dropout): None                              
                                 )                                              
                                 (final_proj): Linear(input_dim=4096,           
                             output_dim=128256, bias=False,                     
                             init_fn=init_final_projection)                     
                               )                                                
                             )                                                  
                    INFO     fairseq2 - Loading the dataset.                    
--- Logging error ---
--- Logging error ---
Traceback (most recent call last):
  File "/home/chuanyang/envs/fairseq2/conda/lib/python3.10/logging/__init__.py", line 1104, in emit
    self.flush()
  File "/home/chuanyang/envs/fairseq2/conda/lib/python3.10/logging/__init__.py", line 1084, in flush
    self.stream.flush()
OSError: [Errno 122] Disk quota exceeded
Call stack:
Traceback (most recent call last):
  File "/home/chuanyang/miniconda3/envs/fairseq2/bin/fairseq2", line 8, in <module>
    sys.exit(main())
  File "/opt/hpcaas/.mounts/fs-072917c00f01ae1ba/home/chuanyang/envs/fairseq2/fairseq2/src/fairseq2/cli/_main.py", line 27, in main
    exit_code = _run()
  File "/opt/hpcaas/.mounts/fs-072917c00f01ae1ba/home/chuanyang/envs/fairseq2/fairseq2/src/fairseq2/cli/_main.py", line 73, in _run
    return cli.run(context)
  File "/opt/hpcaas/.mounts/fs-072917c00f01ae1ba/home/chuanyang/envs/fairseq2/fairseq2/src/fairseq2/cli/_cli.py", line 123, in run
    return args.command.run(context, args)  # type: ignore[no-any-return]
  File "/opt/hpcaas/.mounts/fs-072917c00f01ae1ba/home/chuanyang/envs/fairseq2/fairseq2/src/fairseq2/cli/_cli.py", line 361, in run
    return self._handler.run(context, self._parser, args)
  File "/opt/hpcaas/.mounts/fs-072917c00f01ae1ba/home/chuanyang/envs/fairseq2/fairseq2/src/fairseq2/cli/commands/recipe.py", line 245, in run
    recipe = self._loader(context, config, output_dir)
  File "/home/chuanyang/envs/fairseq2/conda/lib/python3.10/logging/__init__.py", line 1104, in emit
    self.flush()
  File "/home/chuanyang/envs/fairseq2/conda/lib/python3.10/logging/__init__.py", line 1084, in flush
    self.stream.flush()
  File "/opt/hpcaas/.mounts/fs-072917c00f01ae1ba/home/chuanyang/envs/fairseq2/fairseq2/src/fairseq2/recipes/lm/_preference_finetune/_recipe.py", line 234, in load_po_finetuner
    model = setup_model(
  File "/opt/hpcaas/.mounts/fs-072917c00f01ae1ba/home/chuanyang/envs/fairseq2/fairseq2/src/fairseq2/recipes/common/_model.py", line 88, in setup_model
    model = setup_data_parallel_model(
  File "/opt/hpcaas/.mounts/fs-072917c00f01ae1ba/home/chuanyang/envs/fairseq2/fairseq2/src/fairseq2/recipes/common/_distributed.py", line 58, in setup_data_parallel_model
    return wrap_fsdp(
  File "/opt/hpcaas/.mounts/fs-072917c00f01ae1ba/home/chuanyang/envs/fairseq2/fairseq2/src/fairseq2/recipes/common/_distributed.py", line 138, in wrap_fsdp
    log.info("Model wrapped with FSDP and broadcasted.")
OSError: [Errno 122] Disk quota exceeded
Call stack:
  File "/opt/hpcaas/.mounts/fs-072917c00f01ae1ba/home/chuanyang/envs/fairseq2/fairseq2/src/fairseq2/logging.py", line 40, in info
    self._write(logging.INFO, message, args)
  File "/opt/hpcaas/.mounts/fs-072917c00f01ae1ba/home/chuanyang/envs/fairseq2/fairseq2/src/fairseq2/logging.py", line 67, in _write
    self._logger.log(level, message, exc_info=exc_info, extra=self._NO_HIGHLIGHT)
Message: 'Model wrapped with FSDP and broadcasted.'
Arguments: ()
  File "/home/chuanyang/miniconda3/envs/fairseq2/bin/fairseq2", line 8, in <module>
    sys.exit(main())
  File "/opt/hpcaas/.mounts/fs-072917c00f01ae1ba/home/chuanyang/envs/fairseq2/fairseq2/src/fairseq2/cli/_main.py", line 27, in main
    exit_code = _run()
  File "/opt/hpcaas/.mounts/fs-072917c00f01ae1ba/home/chuanyang/envs/fairseq2/fairseq2/src/fairseq2/cli/_main.py", line 73, in _run
    return cli.run(context)
  File "/opt/hpcaas/.mounts/fs-072917c00f01ae1ba/home/chuanyang/envs/fairseq2/fairseq2/src/fairseq2/cli/_cli.py", line 123, in run
    return args.command.run(context, args)  # type: ignore[no-any-return]
  File "/opt/hpcaas/.mounts/fs-072917c00f01ae1ba/home/chuanyang/envs/fairseq2/fairseq2/src/fairseq2/cli/_cli.py", line 361, in run
    return self._handler.run(context, self._parser, args)
  File "/opt/hpcaas/.mounts/fs-072917c00f01ae1ba/home/chuanyang/envs/fairseq2/fairseq2/src/fairseq2/cli/commands/recipe.py", line 245, in run
    recipe = self._loader(context, config, output_dir)
--- Logging error ---
  File "/opt/hpcaas/.mounts/fs-072917c00f01ae1ba/home/chuanyang/envs/fairseq2/fairseq2/src/fairseq2/recipes/lm/_preference_finetune/_recipe.py", line 234, in load_po_finetuner
    model = setup_model(
Traceback (most recent call last):
  File "/opt/hpcaas/.mounts/fs-072917c00f01ae1ba/home/chuanyang/envs/fairseq2/fairseq2/src/fairseq2/recipes/common/_model.py", line 88, in setup_model
    model = setup_data_parallel_model(
  File "/opt/hpcaas/.mounts/fs-072917c00f01ae1ba/home/chuanyang/envs/fairseq2/fairseq2/src/fairseq2/recipes/common/_distributed.py", line 58, in setup_data_parallel_model
    return wrap_fsdp(
  File "/opt/hpcaas/.mounts/fs-072917c00f01ae1ba/home/chuanyang/envs/fairseq2/fairseq2/src/fairseq2/recipes/common/_distributed.py", line 138, in wrap_fsdp
    log.info("Model wrapped with FSDP and broadcasted.")
  File "/opt/hpcaas/.mounts/fs-072917c00f01ae1ba/home/chuanyang/envs/fairseq2/fairseq2/src/fairseq2/logging.py", line 40, in info
    self._write(logging.INFO, message, args)
  File "/opt/hpcaas/.mounts/fs-072917c00f01ae1ba/home/chuanyang/envs/fairseq2/fairseq2/src/fairseq2/logging.py", line 67, in _write
    self._logger.log(level, message, exc_info=exc_info, extra=self._NO_HIGHLIGHT)
  File "/home/chuanyang/envs/fairseq2/conda/lib/python3.10/logging/__init__.py", line 1104, in emit
    self.flush()
  File "/home/chuanyang/envs/fairseq2/conda/lib/python3.10/logging/__init__.py", line 1084, in flush
    self.stream.flush()
OSError: [Errno 122] Disk quota exceeded
Call stack:
Message: 'Model wrapped with FSDP and broadcasted.'
Arguments: ()
  File "/home/chuanyang/miniconda3/envs/fairseq2/bin/fairseq2", line 8, in <module>
    sys.exit(main())
  File "/opt/hpcaas/.mounts/fs-072917c00f01ae1ba/home/chuanyang/envs/fairseq2/fairseq2/src/fairseq2/cli/_main.py", line 27, in main
    exit_code = _run()
  File "/opt/hpcaas/.mounts/fs-072917c00f01ae1ba/home/chuanyang/envs/fairseq2/fairseq2/src/fairseq2/cli/_main.py", line 73, in _run
    return cli.run(context)
  File "/opt/hpcaas/.mounts/fs-072917c00f01ae1ba/home/chuanyang/envs/fairseq2/fairseq2/src/fairseq2/cli/_cli.py", line 123, in run
    return args.command.run(context, args)  # type: ignore[no-any-return]
  File "/opt/hpcaas/.mounts/fs-072917c00f01ae1ba/home/chuanyang/envs/fairseq2/fairseq2/src/fairseq2/cli/_cli.py", line 361, in run
    return self._handler.run(context, self._parser, args)
  File "/opt/hpcaas/.mounts/fs-072917c00f01ae1ba/home/chuanyang/envs/fairseq2/fairseq2/src/fairseq2/cli/commands/recipe.py", line 245, in run
    recipe = self._loader(context, config, output_dir)
--- Logging error ---
  File "/opt/hpcaas/.mounts/fs-072917c00f01ae1ba/home/chuanyang/envs/fairseq2/fairseq2/src/fairseq2/recipes/lm/_preference_finetune/_recipe.py", line 234, in load_po_finetuner
    model = setup_model(
  File "/opt/hpcaas/.mounts/fs-072917c00f01ae1ba/home/chuanyang/envs/fairseq2/fairseq2/src/fairseq2/recipes/common/_model.py", line 92, in setup_model
    log_model(log, model, gangs)
  File "/opt/hpcaas/.mounts/fs-072917c00f01ae1ba/home/chuanyang/envs/fairseq2/fairseq2/src/fairseq2/recipes/utils/log.py", line 221, in log_model
    log.info("Model (rank {}) - {} | Layout:\n{}", gangs.root.rank, s, model)
  File "/opt/hpcaas/.mounts/fs-072917c00f01ae1ba/home/chuanyang/envs/fairseq2/fairseq2/src/fairseq2/logging.py", line 40, in info
    self._write(logging.INFO, message, args)
Traceback (most recent call last):
  File "/opt/hpcaas/.mounts/fs-072917c00f01ae1ba/home/chuanyang/envs/fairseq2/fairseq2/src/fairseq2/logging.py", line 67, in _write
    self._logger.log(level, message, exc_info=exc_info, extra=self._NO_HIGHLIGHT)
  File "/home/chuanyang/envs/fairseq2/conda/lib/python3.10/logging/__init__.py", line 1104, in emit
    self.flush()
  File "/home/chuanyang/envs/fairseq2/conda/lib/python3.10/logging/__init__.py", line 1084, in flush
    self.stream.flush()
OSError: [Errno 122] Disk quota exceeded
Message: 'Model (rank 3) - Parameter Size: 501,891,328 | Parameter Size (bytes): 1.87 GiB | Trainable Parameter Size: 501,891,328 | Trainable Parameter Size (bytes): 1.87 GiB | Buffer Size: 16,777,216 | Buffer Size (bytes): 64.00 MiB | Total Size: 518,668,544 | Total Size (bytes): 1.93 GiB | Layout:\nFullyShardedDataParallel(\n  (_fsdp_wrapped_module): TransformerDecoderModel(\n    model_dim=4096\n    (decoder_frontend): TransformerEmbeddingFrontend(\n      model_dim=4096\n      (embed): StandardEmbedding(num_embeddings=128256, embedding_dim=4096)\n      (pos_encoder): None\n      (layer_norm): None\n      (dropout): None\n    )\n    (decoder): StandardTransformerDecoder(\n      model_dim=4096, self_attn_mask_factory=CausalAttentionMaskFactory(), norm_order=PRE\n      (layers): ModuleList(\n        (0-31): 32 x FullyShardedDataParallel(\n          (_fsdp_wrapped_module): CheckpointWrapper(\n            (_checkpoint_wrapped_module): StandardTransformerDecoderLayer(\n              model_dim=4096, norm_order=PRECall stack:
\n              (self_attn_layer_norm): RMSNorm(normalized_shape=(4096,), eps=1E-05, elementwise_affine=True)\n              (self_attn): StandardMultiheadAttention(\n                num_heads=32, model_dim=4096, num_key_value_heads=8\n                (q_proj): Linear(input_dim=4096, output_dim=4096, bias=False, init_fn=init_qkv_projection)\n                (k_proj): Linear(input_dim=4096, output_dim=1024, bias=False, init_fn=init_qkv_projection)\n                (v_proj): Linear(input_dim=4096, output_dim=1024, bias=False, init_fn=init_qkv_projection)\n                (pos_encoder): RotaryEncoder(encoding_dim=128, max_seq_len=131072)\n                (sdpa): TorchSDPA(attn_dropout_p=0)\n                (output_proj): Linear(input_dim=4096, output_dim=4096, bias=False, init_fn=init_output_projection)\n              )\n              (self_attn_norm): None\n              (self_attn_dropout): None\n              (self_attn_residual): StandardResidualConnect()\n              (encoder_decoder_attn): None\n          File "/home/chuanyang/miniconda3/envs/fairseq2/bin/fairseq2", line 8, in <module>
    sys.exit(main())
  File "/opt/hpcaas/.mounts/fs-072917c00f01ae1ba/home/chuanyang/envs/fairseq2/fairseq2/src/fairseq2/cli/_main.py", line 27, in main
    exit_code = _run()
  File "/opt/hpcaas/.mounts/fs-072917c00f01ae1ba/home/chuanyang/envs/fairseq2/fairseq2/src/fairseq2/cli/_main.py", line 73, in _run
    return cli.run(context)
  File "/opt/hpcaas/.mounts/fs-072917c00f01ae1ba/home/chuanyang/envs/fairseq2/fairseq2/src/fairseq2/cli/_cli.py", line 123, in run
    return args.command.run(context, args)  # type: ignore[no-any-return]
  File "/opt/hpcaas/.mounts/fs-072917c00f01ae1ba/home/chuanyang/envs/fairseq2/fairseq2/src/fairseq2/cli/_cli.py", line 361, in run
    return self._handler.run(context, self._parser, args)
      (encoder_decoder_attn_dropout): None\n              (encoder_decoder_attn_residual): None\n              (encoder_decoder_attn_layer_norm): None\n              (ffn_layer_norm): RMSNorm(normalized_shape=(4096,), eps=1E-05, elementwise_affine=True)\n              (ffn): GLUFeedForwardNetwork(\n                model_dim=4096, inner_dim_scale=0.666667, inner_dim_to_multiple=1024\n                (gate_proj): Linear(input_dim=4096, output_dim=14336, bias=False)\n                (gate_activation): SiLU()\n                (inner_proj): Linear(input_dim=4096, output_dim=14336, bias=False)\n                (inner_dropout): None\n                (output_proj): Linear(input_dim=14336, output_dim=4096, bias=False)\n              )\n              (ffn_dropout): None\n              (ffn_residual): StandardResidualConnect()\n            )\n          )\n        )\n      )\n      (layer_norm): RMSNorm(normalized_shape=(4096,), eps=1E-05, elementwise_affine=True)\n      (dropout): None\n    )\n    (final_proj): Linear(i  File "/opt/hpcaas/.mounts/fs-072917c00f01ae1ba/home/chuanyang/envs/fairseq2/fairseq2/src/fairseq2/cli/commands/recipe.py", line 245, in run
    recipe = self._loader(context, config, output_dir)
  File "/opt/hpcaas/.mounts/fs-072917c00f01ae1ba/home/chuanyang/envs/fairseq2/fairseq2/src/fairseq2/recipes/lm/_preference_finetune/_recipe.py", line 234, in load_po_finetuner
    model = setup_model(
  File "/opt/hpcaas/.mounts/fs-072917c00f01ae1ba/home/chuanyang/envs/fairseq2/fairseq2/src/fairseq2/recipes/common/_model.py", line 88, in setup_model
    model = setup_data_parallel_model(
  File "/opt/hpcaas/.mounts/fs-072917c00f01ae1ba/home/chuanyang/envs/fairseq2/fairseq2/src/fairseq2/recipes/common/_distributed.py", line 58, in setup_data_parallel_model
    return wrap_fsdp(
  File "/opt/hpcaas/.mounts/fs-072917c00f01ae1ba/home/chuanyang/envs/fairseq2/fairseq2/src/fairseq2/recipes/common/_distributed.py", line 138, in wrap_fsdp
    log.info("Model wrapped with FSDP and broadcasted.")
nput_dim=4096, output_dim=128256, bias=False, init_fn=init_final_projection)\n  )\n)'
Arguments: ()
  File "/opt/hpcaas/.mounts/fs-072917c00f01ae1ba/home/chuanyang/envs/fairseq2/fairseq2/src/fairseq2/logging.py", line 40, in info
    self._write(logging.INFO, message, args)
  File "/opt/hpcaas/.mounts/fs-072917c00f01ae1ba/home/chuanyang/envs/fairseq2/fairseq2/src/fairseq2/logging.py", line 67, in _write
    self._logger.log(level, message, exc_info=exc_info, extra=self._NO_HIGHLIGHT)
Message: 'Model wrapped with FSDP and broadcasted.'
Arguments: ()
--- Logging error ---
--- Logging error ---
--- Logging error ---
Traceback (most recent call last):
Traceback (most recent call last):
  File "/home/chuanyang/envs/fairseq2/conda/lib/python3.10/logging/__init__.py", line 1104, in emit
    self.flush()
  File "/home/chuanyang/envs/fairseq2/conda/lib/python3.10/logging/__init__.py", line 1084, in flush
    self.stream.flush()
  File "/home/chuanyang/envs/fairseq2/conda/lib/python3.10/logging/__init__.py", line 1104, in emit
    self.flush()
  File "/home/chuanyang/envs/fairseq2/conda/lib/python3.10/logging/__init__.py", line 1084, in flush
    self.stream.flush()
OSError: [Errno 122] Disk quota exceeded
OSError: [Errno 122] Disk quota exceeded
Call stack:
Call stack:
  File "/home/chuanyang/miniconda3/envs/fairseq2/bin/fairseq2", line 8, in <module>
    sys.exit(main())
  File "/opt/hpcaas/.mounts/fs-072917c00f01ae1ba/home/chuanyang/envs/fairseq2/fairseq2/src/fairseq2/cli/_main.py", line 27, in main
    exit_code = _run()
  File "/opt/hpcaas/.mounts/fs-072917c00f01ae1ba/home/chuanyang/envs/fairseq2/fairseq2/src/fairseq2/cli/_main.py", line 73, in _run
    return cli.run(context)
  File "/opt/hpcaas/.mounts/fs-072917c00f01ae1ba/home/chuanyang/envs/fairseq2/fairseq2/src/fairseq2/cli/_cli.py", line 123, in run
    return args.command.run(context, args)  # type: ignore[no-any-return]
  File "/opt/hpcaas/.mounts/fs-072917c00f01ae1ba/home/chuanyang/envs/fairseq2/fairseq2/src/fairseq2/cli/_cli.py", line 361, in run
    return self._handler.run(context, self._parser, args)
  File "/opt/hpcaas/.mounts/fs-072917c00f01ae1ba/home/chuanyang/envs/fairseq2/fairseq2/src/fairseq2/cli/commands/recipe.py", line 245, in run
    recipe = self._loader(context, config, output_dir)
Traceback (most recent call last):
  File "/opt/hpcaas/.mounts/fs-072917c00f01ae1ba/home/chuanyang/envs/fairseq2/fairseq2/src/fairseq2/recipes/lm/_preference_finetune/_recipe.py", line 234, in load_po_finetuner
    model = setup_model(
  File "/opt/hpcaas/.mounts/fs-072917c00f01ae1ba/home/chuanyang/envs/fairseq2/fairseq2/src/fairseq2/recipes/common/_model.py", line 92, in setup_model
    log_model(log, model, gangs)
  File "/opt/hpcaas/.mounts/fs-072917c00f01ae1ba/home/chuanyang/envs/fairseq2/fairseq2/src/fairseq2/recipes/utils/log.py", line 221, in log_model
    log.info("Model (rank {}) - {} | Layout:\n{}", gangs.root.rank, s, model)
  File "/opt/hpcaas/.mounts/fs-072917c00f01ae1ba/home/chuanyang/envs/fairseq2/fairseq2/src/fairseq2/logging.py", line 40, in info
    self._write(logging.INFO, message, args)
  File "/opt/hpcaas/.mounts/fs-072917c00f01ae1ba/home/chuanyang/envs/fairseq2/fairseq2/src/fairseq2/logging.py", line 67, in _write
    self._logger.log(level, message, exc_info=exc_info, extra=self._NO_HIGHLIGHT)
  File "/home/chuanyang/envs/fairseq2/conda/lib/python3.10/logging/__init__.py", line 1104, in emit
    self.flush()
  File "/home/chuanyang/envs/fairseq2/conda/lib/python3.10/logging/__init__.py", line 1084, in flush
    self.stream.flush()
Message: 'Model (rank 15) - Parameter Size: 501,891,328 | Parameter Size (bytes): 1.87 GiB | Trainable Parameter Size: 501,891,328 | Trainable Parameter Size (bytes): 1.87 GiB | Buffer Size: 16,777,216 | Buffer Size (bytes): 64.00 MiB | Total Size: 518,668,544 | Total Size (bytes): 1.93 GiB | Layout:\nFullyShardedDataParallel(\n  (_fsdp_wrapped_module): TransformerDecoderModel(\n    model_dim=4096\n    (decoder_frontend): TransformerEmbeddingFrontend(\n      model_dim=4096\n      (embed): StandardEmbedding(num_embeddings=128256, embedding_dim=4096)\n      (pos_encoder): None\n      (layer_norm): None\n      (dropout): None\n    )\n    (decoder): StandardTransformerDecoder(\n      model_dim=4096, self_attn_mask_factory=CausalAttentionMaskFactory(), norm_order=PRE\n      (layers): ModuleList(\n        (0-31): 32 x FullyShardedDataParallel(\n          (_fsdp_wrapped_module): CheckpointWrapper(\n            (_checkpoint_wrapped_module): StandardTransformerDecoderLayer(\n              model_dim=4096, norm_order=PROSError: [Errno 122] Disk quota exceeded
Call stack:
E\n              (self_attn_layer_norm): RMSNorm(normalized_shape=(4096,), eps=1E-05, elementwise_affine=True)\n              (self_attn): StandardMultiheadAttention(\n                num_heads=32, model_dim=4096, num_key_value_heads=8\n                (q_proj): Linear(input_dim=4096, output_dim=4096, bias=False, init_fn=init_qkv_projection)\n                (k_proj): Linear(input_dim=4096, output_dim=1024, bias=False, init_fn=init_qkv_projection)\n                (v_proj): Linear(input_dim=4096, output_dim=1024, bias=False, init_fn=init_qkv_projection)\n                (pos_encoder): RotaryEncoder(encoding_dim=128, max_seq_len=131072)\n                (sdpa): TorchSDPA(attn_dropout_p=0)\n                (output_proj): Linear(input_dim=4096, output_dim=4096, bias=False, init_fn=init_output_projection)\n              )\n              (self_attn_norm): None\n              (self_attn_dropout): None\n              (self_attn_residual): StandardResidualConnect()\n              (encoder_decoder_attn): None\n         File "/home/chuanyang/miniconda3/envs/fairseq2/bin/fairseq2", line 8, in <module>
    sys.exit(main())
  File "/opt/hpcaas/.mounts/fs-072917c00f01ae1ba/home/chuanyang/envs/fairseq2/fairseq2/src/fairseq2/cli/_main.py", line 27, in main
    exit_code = _run()
  File "/opt/hpcaas/.mounts/fs-072917c00f01ae1ba/home/chuanyang/envs/fairseq2/fairseq2/src/fairseq2/cli/_main.py", line 73, in _run
    return cli.run(context)
  File "/opt/hpcaas/.mounts/fs-072917c00f01ae1ba/home/chuanyang/envs/fairseq2/fairseq2/src/fairseq2/cli/_cli.py", line 123, in run
    return args.command.run(context, args)  # type: ignore[no-any-return]
       (encoder_decoder_attn_dropout): None\n              (encoder_decoder_attn_residual): None\n              (encoder_decoder_attn_layer_norm): None\n              (ffn_layer_norm): RMSNorm(normalized_shape=(4096,), eps=1E-05, elementwise_affine=True)\n              (ffn): GLUFeedForwardNetwork(\n                model_dim=4096, inner_dim_scale=0.666667, inner_dim_to_multiple=1024\n                (gate_proj): Linear(input_dim=4096, output_dim=14336, bias=False)\n                (gate_activation): SiLU()\n                (inner_proj): Linear(input_dim=4096, output_dim=14336, bias=False)\n                (inner_dropout): None\n                (output_proj): Linear(input_dim=14336, output_dim=4096, bias=False)\n              )\n              (ffn_dropout): None\n              (ffn_residual): StandardResidualConnect()\n            )\n          )\n        )\n      )\n      (layer_norm): RMSNorm(normalized_shape=(4096,), eps=1E-05, elementwise_affine=True)\n      (dropout): None\n    )\n    (final_proj): Linear(  File "/opt/hpcaas/.mounts/fs-072917c00f01ae1ba/home/chuanyang/envs/fairseq2/fairseq2/src/fairseq2/cli/_cli.py", line 361, in run
    return self._handler.run(context, self._parser, args)
  File "/opt/hpcaas/.mounts/fs-072917c00f01ae1ba/home/chuanyang/envs/fairseq2/fairseq2/src/fairseq2/cli/commands/recipe.py", line 245, in run
    recipe = self._loader(context, config, output_dir)
  File "/opt/hpcaas/.mounts/fs-072917c00f01ae1ba/home/chuanyang/envs/fairseq2/fairseq2/src/fairseq2/recipes/lm/_preference_finetune/_recipe.py", line 234, in load_po_finetuner
    model = setup_model(
  File "/opt/hpcaas/.mounts/fs-072917c00f01ae1ba/home/chuanyang/envs/fairseq2/fairseq2/src/fairseq2/recipes/common/_model.py", line 88, in setup_model
    model = setup_data_parallel_model(
  File "/opt/hpcaas/.mounts/fs-072917c00f01ae1ba/home/chuanyang/envs/fairseq2/fairseq2/src/fairseq2/recipes/common/_distributed.py", line 58, in setup_data_parallel_model
    return wrap_fsdp(
input_dim=4096, output_dim=128256, bias=False, init_fn=init_final_projection)\n  )\n)'
Arguments: ()
  File "/opt/hpcaas/.mounts/fs-072917c00f01ae1ba/home/chuanyang/envs/fairseq2/fairseq2/src/fairseq2/recipes/common/_distributed.py", line 138, in wrap_fsdp
    log.info("Model wrapped with FSDP and broadcasted.")
  File "/opt/hpcaas/.mounts/fs-072917c00f01ae1ba/home/chuanyang/envs/fairseq2/fairseq2/src/fairseq2/logging.py", line 40, in info
    self._write(logging.INFO, message, args)
--- Logging error ---
  File "/opt/hpcaas/.mounts/fs-072917c00f01ae1ba/home/chuanyang/envs/fairseq2/fairseq2/src/fairseq2/logging.py", line 67, in _write
    self._logger.log(level, message, exc_info=exc_info, extra=self._NO_HIGHLIGHT)
Message: 'Model wrapped with FSDP and broadcasted.'
Arguments: ()
Traceback (most recent call last):
  File "/home/chuanyang/miniconda3/envs/fairseq2/bin/fairseq2", line 8, in <module>
    sys.exit(main())
  File "/opt/hpcaas/.mounts/fs-072917c00f01ae1ba/home/chuanyang/envs/fairseq2/fairseq2/src/fairseq2/cli/_main.py", line 27, in main
    exit_code = _run()
  File "/opt/hpcaas/.mounts/fs-072917c00f01ae1ba/home/chuanyang/envs/fairseq2/fairseq2/src/fairseq2/cli/_main.py", line 73, in _run
    return cli.run(context)
  File "/opt/hpcaas/.mounts/fs-072917c00f01ae1ba/home/chuanyang/envs/fairseq2/fairseq2/src/fairseq2/cli/_cli.py", line 123, in run
    return args.command.run(context, args)  # type: ignore[no-any-return]
  File "/home/chuanyang/envs/fairseq2/conda/lib/python3.10/logging/__init__.py", line 1104, in emit
    self.flush()
  File "/opt/hpcaas/.mounts/fs-072917c00f01ae1ba/home/chuanyang/envs/fairseq2/fairseq2/src/fairseq2/cli/_cli.py", line 361, in run
    return self._handler.run(context, self._parser, args)
  File "/opt/hpcaas/.mounts/fs-072917c00f01ae1ba/home/chuanyang/envs/fairseq2/fairseq2/src/fairseq2/cli/commands/recipe.py", line 245, in run
    recipe = self._loader(context, config, output_dir)
  File "/opt/hpcaas/.mounts/fs-072917c00f01ae1ba/home/chuanyang/envs/fairseq2/fairseq2/src/fairseq2/recipes/lm/_preference_finetune/_recipe.py", line 234, in load_po_finetuner
    model = setup_model(
  File "/opt/hpcaas/.mounts/fs-072917c00f01ae1ba/home/chuanyang/envs/fairseq2/fairseq2/src/fairseq2/recipes/common/_model.py", line 88, in setup_model
    model = setup_data_parallel_model(
  File "/opt/hpcaas/.mounts/fs-072917c00f01ae1ba/home/chuanyang/envs/fairseq2/fairseq2/src/fairseq2/recipes/common/_distributed.py", line 58, in setup_data_parallel_model
    return wrap_fsdp(
  File "/home/chuanyang/envs/fairseq2/conda/lib/python3.10/logging/__init__.py", line 1084, in flush
    self.stream.flush()
OSError: [Errno 122] Disk quota exceeded
Call stack:
  File "/opt/hpcaas/.mounts/fs-072917c00f01ae1ba/home/chuanyang/envs/fairseq2/fairseq2/src/fairseq2/recipes/common/_distributed.py", line 138, in wrap_fsdp
    log.info("Model wrapped with FSDP and broadcasted.")
  File "/opt/hpcaas/.mounts/fs-072917c00f01ae1ba/home/chuanyang/envs/fairseq2/fairseq2/src/fairseq2/logging.py", line 40, in info
    self._write(logging.INFO, message, args)
  File "/opt/hpcaas/.mounts/fs-072917c00f01ae1ba/home/chuanyang/envs/fairseq2/fairseq2/src/fairseq2/logging.py", line 67, in _write
    self._logger.log(level, message, exc_info=exc_info, extra=self._NO_HIGHLIGHT)
Message: 'Model wrapped with FSDP and broadcasted.'
Arguments: ()
--- Logging error ---
--- Logging error ---
Traceback (most recent call last):
Traceback (most recent call last):
  File "/home/chuanyang/envs/fairseq2/conda/lib/python3.10/logging/__init__.py", line 1104, in emit
    self.flush()
  File "/home/chuanyang/envs/fairseq2/conda/lib/python3.10/logging/__init__.py", line 1084, in flush
    self.stream.flush()
OSError: [Errno 122] Disk quota exceeded
  File "/home/chuanyang/envs/fairseq2/conda/lib/python3.10/logging/__init__.py", line 1104, in emit
    self.flush()
  File "/home/chuanyang/envs/fairseq2/conda/lib/python3.10/logging/__init__.py", line 1084, in flush
    self.stream.flush()
Call stack:
OSError: [Errno 122] Disk quota exceeded
Call stack:
  File "/home/chuanyang/miniconda3/envs/fairseq2/bin/fairseq2", line 8, in <module>
    sys.exit(main())
  File "/opt/hpcaas/.mounts/fs-072917c00f01ae1ba/home/chuanyang/envs/fairseq2/fairseq2/src/fairseq2/cli/_main.py", line 27, in main
    exit_code = _run()
  File "/opt/hpcaas/.mounts/fs-072917c00f01ae1ba/home/chuanyang/envs/fairseq2/fairseq2/src/fairseq2/cli/_main.py", line 73, in _run
    return cli.run(context)
  File "/opt/hpcaas/.mounts/fs-072917c00f01ae1ba/home/chuanyang/envs/fairseq2/fairseq2/src/fairseq2/cli/_cli.py", line 123, in run
    return args.command.run(context, args)  # type: ignore[no-any-return]
--- Logging error ---
  File "/opt/hpcaas/.mounts/fs-072917c00f01ae1ba/home/chuanyang/envs/fairseq2/fairseq2/src/fairseq2/cli/_cli.py", line 361, in run
    return self._handler.run(context, self._parser, args)
  File "/opt/hpcaas/.mounts/fs-072917c00f01ae1ba/home/chuanyang/envs/fairseq2/fairseq2/src/fairseq2/cli/commands/recipe.py", line 245, in run
    recipe = self._loader(context, config, output_dir)
  File "/opt/hpcaas/.mounts/fs-072917c00f01ae1ba/home/chuanyang/envs/fairseq2/fairseq2/src/fairseq2/recipes/lm/_preference_finetune/_recipe.py", line 234, in load_po_finetuner
    model = setup_model(
  File "/opt/hpcaas/.mounts/fs-072917c00f01ae1ba/home/chuanyang/envs/fairseq2/fairseq2/src/fairseq2/recipes/common/_model.py", line 92, in setup_model
    log_model(log, model, gangs)
  File "/opt/hpcaas/.mounts/fs-072917c00f01ae1ba/home/chuanyang/envs/fairseq2/fairseq2/src/fairseq2/recipes/utils/log.py", line 221, in log_model
    log.info("Model (rank {}) - {} | Layout:\n{}", gangs.root.rank, s, model)
  File "/home/chuanyang/miniconda3/envs/fairseq2/bin/fairseq2", line 8, in <module>
    sys.exit(main())
  File "/opt/hpcaas/.mounts/fs-072917c00f01ae1ba/home/chuanyang/envs/fairseq2/fairseq2/src/fairseq2/cli/_main.py", line 27, in main
    exit_code = _run()
  File "/opt/hpcaas/.mounts/fs-072917c00f01ae1ba/home/chuanyang/envs/fairseq2/fairseq2/src/fairseq2/cli/_main.py", line 73, in _run
    return cli.run(context)
  File "/opt/hpcaas/.mounts/fs-072917c00f01ae1ba/home/chuanyang/envs/fairseq2/fairseq2/src/fairseq2/cli/_cli.py", line 123, in run
    return args.command.run(context, args)  # type: ignore[no-any-return]
  File "/opt/hpcaas/.mounts/fs-072917c00f01ae1ba/home/chuanyang/envs/fairseq2/fairseq2/src/fairseq2/cli/_cli.py", line 361, in run
    return self._handler.run(context, self._parser, args)
  File "/opt/hpcaas/.mounts/fs-072917c00f01ae1ba/home/chuanyang/envs/fairseq2/fairseq2/src/fairseq2/cli/commands/recipe.py", line 245, in run
    recipe = self._loader(context, config, output_dir)
  File "/opt/hpcaas/.mounts/fs-072917c00f01ae1ba/home/chuanyang/envs/fairseq2/fairseq2/src/fairseq2/logging.py", line 40, in info
    self._write(logging.INFO, message, args)
  File "/opt/hpcaas/.mounts/fs-072917c00f01ae1ba/home/chuanyang/envs/fairseq2/fairseq2/src/fairseq2/logging.py", line 67, in _write
    self._logger.log(level, message, exc_info=exc_info, extra=self._NO_HIGHLIGHT)
  File "/opt/hpcaas/.mounts/fs-072917c00f01ae1ba/home/chuanyang/envs/fairseq2/fairseq2/src/fairseq2/recipes/lm/_preference_finetune/_recipe.py", line 247, in load_po_finetuner
    dataset = load_dataset(PreferenceDataset, context, config, gangs)
  File "/opt/hpcaas/.mounts/fs-072917c00f01ae1ba/home/chuanyang/envs/fairseq2/fairseq2/src/fairseq2/recipes/common/_dataset.py", line 59, in load_dataset
    dataset = dataset_loader.load(recipe_config, gangs)
  File "/opt/hpcaas/.mounts/fs-072917c00f01ae1ba/home/chuanyang/envs/fairseq2/fairseq2/src/fairseq2/recipes/common/_dataset.py", line 166, in load
    log.info("Loading the dataset.")
  File "/opt/hpcaas/.mounts/fs-072917c00f01ae1ba/home/chuanyang/envs/fairseq2/fairseq2/src/fairseq2/logging.py", line 40, in info
    self._write(logging.INFO, message, args)
  File "/opt/hpcaas/.mounts/fs-072917c00f01ae1ba/home/chuanyang/envs/fairseq2/fairseq2/src/fairseq2/logging.py", line 67, in _write
Message: 'Model (rank 14) - Parameter Size: 501,891,328 | Parameter Size (bytes): 1.87 GiB | Trainable Parameter Size: 501,891,328 | Trainable Parameter Size (bytes): 1.87 GiB | Buffer Size: 16,777,216 | Buffer Size (bytes): 64.00 MiB | Total Size: 518,668,544 | Total Size (bytes): 1.93 GiB | Layout:\nFullyShardedDataParallel(\n  (_fsdp_wrapped_module): TransformerDecoderModel(\n    model_dim=4096\n    (decoder_frontend): TransformerEmbeddingFrontend(\n      model_dim=4096\n      (embed): StandardEmbedding(num_embeddings=128256, embedding_dim=4096)\n      (pos_encoder): None\n      (layer_norm): None\n      (dropout): None\n    )\n    (decoder): StandardTransformerDecoder(\n      model_dim=4096, self_attn_mask_factory=CausalAttentionMaskFactory(), norm_order=PRE\n      (layers): ModuleList(\n        (0-31): 32 x FullyShardedDataParallel(\n          (_fsdp_wrapped_module): CheckpointWrapper(\n            (_checkpoint_wrapped_module): StandardTransformerDecoderLayer(\n              model_dim=4096, norm_order=PR    self._logger.log(level, message, exc_info=exc_info, extra=self._NO_HIGHLIGHT)
Message: 'Loading the dataset.'
Arguments: ()
E\n              (self_attn_layer_norm): RMSNorm(normalized_shape=(4096,), eps=1E-05, elementwise_affine=True)\n              (self_attn): StandardMultiheadAttention(\n                num_heads=32, model_dim=4096, num_key_value_heads=8\n                (q_proj): Linear(input_dim=4096, output_dim=4096, bias=False, init_fn=init_qkv_projection)\n                (k_proj): Linear(input_dim=4096, output_dim=1024, bias=False, init_fn=init_qkv_projection)\n                (v_proj): Linear(input_dim=4096, output_dim=1024, bias=False, init_fn=init_qkv_projection)\n                (pos_encoder): RotaryEncoder(encoding_dim=128, max_seq_len=131072)\n                (sdpa): TorchSDPA(attn_dropout_p=0)\n                (output_proj): Linear(input_dim=4096, output_dim=4096, bias=False, init_fn=init_output_projection)\n              )\n              (self_attn_norm): None\n              (self_attn_dropout): None\n              (self_attn_residual): StandardResidualConnect()\n              (encoder_decoder_attn): None\n       Traceback (most recent call last):
  File "/home/chuanyang/envs/fairseq2/conda/lib/python3.10/logging/__init__.py", line 1104, in emit
    self.flush()
  File "/home/chuanyang/envs/fairseq2/conda/lib/python3.10/logging/__init__.py", line 1084, in flush
    self.stream.flush()
OSError: [Errno 122] Disk quota exceeded
Call stack:
       (encoder_decoder_attn_dropout): None\n              (encoder_decoder_attn_residual): None\n              (encoder_decoder_attn_layer_norm): None\n              (ffn_layer_norm): RMSNorm(normalized_shape=(4096,), eps=1E-05, elementwise_affine=True)\n              (ffn): GLUFeedForwardNetwork(\n                model_dim=4096, inner_dim_scale=0.666667, inner_dim_to_multiple=1024\n                (gate_proj): Linear(input_dim=4096, output_dim=14336, bias=False)\n                (gate_activation): SiLU()\n                (inner_proj): Linear(input_dim=4096, output_dim=14336, bias=False)\n                (inner_dropout): None\n                (output_proj): Linear(input_dim=14336, output_dim=4096, bias=False)\n              )\n              (ffn_dropout): None\n              (ffn_residual): StandardResidualConnect()\n            )\n          )\n        )\n      )\n      (layer_norm): RMSNorm(normalized_shape=(4096,), eps=1E-05, elementwise_affine=True)\n      (dropout): None\n    )\n    (final_proj): Linear(  File "/home/chuanyang/miniconda3/envs/fairseq2/bin/fairseq2", line 8, in <module>
    sys.exit(main())
  File "/opt/hpcaas/.mounts/fs-072917c00f01ae1ba/home/chuanyang/envs/fairseq2/fairseq2/src/fairseq2/cli/_main.py", line 27, in main
    exit_code = _run()
  File "/opt/hpcaas/.mounts/fs-072917c00f01ae1ba/home/chuanyang/envs/fairseq2/fairseq2/src/fairseq2/cli/_main.py", line 73, in _run
    return cli.run(context)
  File "/opt/hpcaas/.mounts/fs-072917c00f01ae1ba/home/chuanyang/envs/fairseq2/fairseq2/src/fairseq2/cli/_cli.py", line 123, in run
    return args.command.run(context, args)  # type: ignore[no-any-return]
  File "/opt/hpcaas/.mounts/fs-072917c00f01ae1ba/home/chuanyang/envs/fairseq2/fairseq2/src/fairseq2/cli/_cli.py", line 361, in run
    return self._handler.run(context, self._parser, args)
  File "/opt/hpcaas/.mounts/fs-072917c00f01ae1ba/home/chuanyang/envs/fairseq2/fairseq2/src/fairseq2/cli/commands/recipe.py", line 245, in run
    recipe = self._loader(context, config, output_dir)
input_dim=4096, output_dim=128256, bias=False, init_fn=init_final_projection)\n  )\n)'
Arguments: ()
  File "/opt/hpcaas/.mounts/fs-072917c00f01ae1ba/home/chuanyang/envs/fairseq2/fairseq2/src/fairseq2/recipes/lm/_preference_finetune/_recipe.py", line 234, in load_po_finetuner
    model = setup_model(
  File "/opt/hpcaas/.mounts/fs-072917c00f01ae1ba/home/chuanyang/envs/fairseq2/fairseq2/src/fairseq2/recipes/common/_model.py", line 88, in setup_model
    model = setup_data_parallel_model(
  File "/opt/hpcaas/.mounts/fs-072917c00f01ae1ba/home/chuanyang/envs/fairseq2/fairseq2/src/fairseq2/recipes/common/_distributed.py", line 58, in setup_data_parallel_model
    return wrap_fsdp(
  File "/opt/hpcaas/.mounts/fs-072917c00f01ae1ba/home/chuanyang/envs/fairseq2/fairseq2/src/fairseq2/recipes/common/_distributed.py", line 138, in wrap_fsdp
    log.info("Model wrapped with FSDP and broadcasted.")
  File "/opt/hpcaas/.mounts/fs-072917c00f01ae1ba/home/chuanyang/envs/fairseq2/fairseq2/src/fairseq2/logging.py", line 40, in info
    self._write(logging.INFO, message, args)
  File "/home/chuanyang/miniconda3/envs/fairseq2/bin/fairseq2", line 8, in <module>
    sys.exit(main())
  File "/opt/hpcaas/.mounts/fs-072917c00f01ae1ba/home/chuanyang/envs/fairseq2/fairseq2/src/fairseq2/cli/_main.py", line 27, in main
    exit_code = _run()
  File "/opt/hpcaas/.mounts/fs-072917c00f01ae1ba/home/chuanyang/envs/fairseq2/fairseq2/src/fairseq2/cli/_main.py", line 73, in _run
    return cli.run(context)
  File "/opt/hpcaas/.mounts/fs-072917c00f01ae1ba/home/chuanyang/envs/fairseq2/fairseq2/src/fairseq2/cli/_cli.py", line 123, in run
    return args.command.run(context, args)  # type: ignore[no-any-return]
  File "/opt/hpcaas/.mounts/fs-072917c00f01ae1ba/home/chuanyang/envs/fairseq2/fairseq2/src/fairseq2/cli/_cli.py", line 361, in run
    return self._handler.run(context, self._parser, args)
  File "/opt/hpcaas/.mounts/fs-072917c00f01ae1ba/home/chuanyang/envs/fairseq2/fairseq2/src/fairseq2/cli/commands/recipe.py", line 245, in run
    recipe = self._loader(context, config, output_dir)
  File "/opt/hpcaas/.mounts/fs-072917c00f01ae1ba/home/chuanyang/envs/fairseq2/fairseq2/src/fairseq2/logging.py", line 67, in _write
    self._logger.log(level, message, exc_info=exc_info, extra=self._NO_HIGHLIGHT)
  File "/opt/hpcaas/.mounts/fs-072917c00f01ae1ba/home/chuanyang/envs/fairseq2/fairseq2/src/fairseq2/recipes/lm/_preference_finetune/_recipe.py", line 247, in load_po_finetuner
    dataset = load_dataset(PreferenceDataset, context, config, gangs)
  File "/opt/hpcaas/.mounts/fs-072917c00f01ae1ba/home/chuanyang/envs/fairseq2/fairseq2/src/fairseq2/recipes/common/_dataset.py", line 59, in load_dataset
    dataset = dataset_loader.load(recipe_config, gangs)
  File "/opt/hpcaas/.mounts/fs-072917c00f01ae1ba/home/chuanyang/envs/fairseq2/fairseq2/src/fairseq2/recipes/common/_dataset.py", line 166, in load
    log.info("Loading the dataset.")
  File "/opt/hpcaas/.mounts/fs-072917c00f01ae1ba/home/chuanyang/envs/fairseq2/fairseq2/src/fairseq2/logging.py", line 40, in info
    self._write(logging.INFO, message, args)
  File "/opt/hpcaas/.mounts/fs-072917c00f01ae1ba/home/chuanyang/envs/fairseq2/fairseq2/src/fairseq2/logging.py", line 67, in _write
--- Logging error ---
    self._logger.log(level, message, exc_info=exc_info, extra=self._NO_HIGHLIGHT)
Message: 'Model wrapped with FSDP and broadcasted.'
Arguments: ()
Message: 'Loading the dataset.'
Arguments: ()
Traceback (most recent call last):
--- Logging error ---
  File "/home/chuanyang/envs/fairseq2/conda/lib/python3.10/logging/__init__.py", line 1104, in emit
    self.flush()
  File "/home/chuanyang/envs/fairseq2/conda/lib/python3.10/logging/__init__.py", line 1084, in flush
    self.stream.flush()
OSError: [Errno 122] Disk quota exceeded
Call stack:
Traceback (most recent call last):
  File "/home/chuanyang/miniconda3/envs/fairseq2/bin/fairseq2", line 8, in <module>
    sys.exit(main())
  File "/opt/hpcaas/.mounts/fs-072917c00f01ae1ba/home/chuanyang/envs/fairseq2/fairseq2/src/fairseq2/cli/_main.py", line 27, in main
    exit_code = _run()
  File "/opt/hpcaas/.mounts/fs-072917c00f01ae1ba/home/chuanyang/envs/fairseq2/fairseq2/src/fairseq2/cli/_main.py", line 73, in _run
    return cli.run(context)
  File "/opt/hpcaas/.mounts/fs-072917c00f01ae1ba/home/chuanyang/envs/fairseq2/fairseq2/src/fairseq2/cli/_cli.py", line 123, in run
    return args.command.run(context, args)  # type: ignore[no-any-return]
  File "/opt/hpcaas/.mounts/fs-072917c00f01ae1ba/home/chuanyang/envs/fairseq2/fairseq2/src/fairseq2/cli/_cli.py", line 361, in run
    return self._handler.run(context, self._parser, args)
  File "/opt/hpcaas/.mounts/fs-072917c00f01ae1ba/home/chuanyang/envs/fairseq2/fairseq2/src/fairseq2/cli/commands/recipe.py", line 245, in run
    recipe = self._loader(context, config, output_dir)
  File "/home/chuanyang/envs/fairseq2/conda/lib/python3.10/logging/__init__.py", line 1104, in emit
    self.flush()
  File "/home/chuanyang/envs/fairseq2/conda/lib/python3.10/logging/__init__.py", line 1084, in flush
    self.stream.flush()
OSError: [Errno 122] Disk quota exceeded
  File "/opt/hpcaas/.mounts/fs-072917c00f01ae1ba/home/chuanyang/envs/fairseq2/fairseq2/src/fairseq2/recipes/lm/_preference_finetune/_recipe.py", line 234, in load_po_finetuner
    model = setup_model(
  File "/opt/hpcaas/.mounts/fs-072917c00f01ae1ba/home/chuanyang/envs/fairseq2/fairseq2/src/fairseq2/recipes/common/_model.py", line 88, in setup_model
    model = setup_data_parallel_model(
  File "/opt/hpcaas/.mounts/fs-072917c00f01ae1ba/home/chuanyang/envs/fairseq2/fairseq2/src/fairseq2/recipes/common/_distributed.py", line 58, in setup_data_parallel_model
    return wrap_fsdp(
  File "/opt/hpcaas/.mounts/fs-072917c00f01ae1ba/home/chuanyang/envs/fairseq2/fairseq2/src/fairseq2/recipes/common/_distributed.py", line 138, in wrap_fsdp
    log.info("Model wrapped with FSDP and broadcasted.")
Call stack:
  File "/opt/hpcaas/.mounts/fs-072917c00f01ae1ba/home/chuanyang/envs/fairseq2/fairseq2/src/fairseq2/logging.py", line 40, in info
    self._write(logging.INFO, message, args)
  File "/opt/hpcaas/.mounts/fs-072917c00f01ae1ba/home/chuanyang/envs/fairseq2/fairseq2/src/fairseq2/logging.py", line 67, in _write
    self._logger.log(level, message, exc_info=exc_info, extra=self._NO_HIGHLIGHT)
Message: 'Model wrapped with FSDP and broadcasted.'
Arguments: ()
  File "/home/chuanyang/miniconda3/envs/fairseq2/bin/fairseq2", line 8, in <module>
    sys.exit(main())
  File "/opt/hpcaas/.mounts/fs-072917c00f01ae1ba/home/chuanyang/envs/fairseq2/fairseq2/src/fairseq2/cli/_main.py", line 27, in main
    exit_code = _run()
  File "/opt/hpcaas/.mounts/fs-072917c00f01ae1ba/home/chuanyang/envs/fairseq2/fairseq2/src/fairseq2/cli/_main.py", line 73, in _run
    return cli.run(context)
  File "/opt/hpcaas/.mounts/fs-072917c00f01ae1ba/home/chuanyang/envs/fairseq2/fairseq2/src/fairseq2/cli/_cli.py", line 123, in run
    return args.command.run(context, args)  # type: ignore[no-any-return]
  File "/opt/hpcaas/.mounts/fs-072917c00f01ae1ba/home/chuanyang/envs/fairseq2/fairseq2/src/fairseq2/cli/_cli.py", line 361, in run
    return self._handler.run(context, self._parser, args)
  File "/opt/hpcaas/.mounts/fs-072917c00f01ae1ba/home/chuanyang/envs/fairseq2/fairseq2/src/fairseq2/cli/commands/recipe.py", line 245, in run
    recipe = self._loader(context, config, output_dir)
--- Logging error ---
  File "/opt/hpcaas/.mounts/fs-072917c00f01ae1ba/home/chuanyang/envs/fairseq2/fairseq2/src/fairseq2/recipes/lm/_preference_finetune/_recipe.py", line 234, in load_po_finetuner
    model = setup_model(
  File "/opt/hpcaas/.mounts/fs-072917c00f01ae1ba/home/chuanyang/envs/fairseq2/fairseq2/src/fairseq2/recipes/common/_model.py", line 88, in setup_model
    model = setup_data_parallel_model(
--- Logging error ---
  File "/opt/hpcaas/.mounts/fs-072917c00f01ae1ba/home/chuanyang/envs/fairseq2/fairseq2/src/fairseq2/recipes/common/_distributed.py", line 58, in setup_data_parallel_model
    return wrap_fsdp(
  File "/opt/hpcaas/.mounts/fs-072917c00f01ae1ba/home/chuanyang/envs/fairseq2/fairseq2/src/fairseq2/recipes/common/_distributed.py", line 138, in wrap_fsdp
    log.info("Model wrapped with FSDP and broadcasted.")
  File "/opt/hpcaas/.mounts/fs-072917c00f01ae1ba/home/chuanyang/envs/fairseq2/fairseq2/src/fairseq2/logging.py", line 40, in info
    self._write(logging.INFO, message, args)
  File "/opt/hpcaas/.mounts/fs-072917c00f01ae1ba/home/chuanyang/envs/fairseq2/fairseq2/src/fairseq2/logging.py", line 67, in _write
    self._logger.log(level, message, exc_info=exc_info, extra=self._NO_HIGHLIGHT)
Message: 'Model wrapped with FSDP and broadcasted.'
Arguments: ()
Traceback (most recent call last):
  File "/home/chuanyang/envs/fairseq2/conda/lib/python3.10/logging/__init__.py", line 1104, in emit
    self.flush()
  File "/home/chuanyang/envs/fairseq2/conda/lib/python3.10/logging/__init__.py", line 1084, in flush
    self.stream.flush()
OSError: [Errno 122] Disk quota exceeded
--- Logging error ---
Call stack:
Traceback (most recent call last):
Traceback (most recent call last):
  File "/home/chuanyang/envs/fairseq2/conda/lib/python3.10/logging/__init__.py", line 1104, in emit
    self.flush()
  File "/home/chuanyang/envs/fairseq2/conda/lib/python3.10/logging/__init__.py", line 1084, in flush
    self.stream.flush()
  File "/home/chuanyang/envs/fairseq2/conda/lib/python3.10/logging/__init__.py", line 1104, in emit
    self.flush()
OSError: [Errno 122] Disk quota exceeded
Call stack:
  File "/home/chuanyang/envs/fairseq2/conda/lib/python3.10/logging/__init__.py", line 1084, in flush
    self.stream.flush()
  File "/home/chuanyang/miniconda3/envs/fairseq2/bin/fairseq2", line 8, in <module>
    sys.exit(main())
  File "/opt/hpcaas/.mounts/fs-072917c00f01ae1ba/home/chuanyang/envs/fairseq2/fairseq2/src/fairseq2/cli/_main.py", line 27, in main
    exit_code = _run()
  File "/opt/hpcaas/.mounts/fs-072917c00f01ae1ba/home/chuanyang/envs/fairseq2/fairseq2/src/fairseq2/cli/_main.py", line 73, in _run
    return cli.run(context)
  File "/opt/hpcaas/.mounts/fs-072917c00f01ae1ba/home/chuanyang/envs/fairseq2/fairseq2/src/fairseq2/cli/_cli.py", line 123, in run
    return args.command.run(context, args)  # type: ignore[no-any-return]
OSError: [Errno 122] Disk quota exceeded
Call stack:
  File "/opt/hpcaas/.mounts/fs-072917c00f01ae1ba/home/chuanyang/envs/fairseq2/fairseq2/src/fairseq2/cli/_cli.py", line 361, in run
    return self._handler.run(context, self._parser, args)
  File "/opt/hpcaas/.mounts/fs-072917c00f01ae1ba/home/chuanyang/envs/fairseq2/fairseq2/src/fairseq2/cli/commands/recipe.py", line 245, in run
    recipe = self._loader(context, config, output_dir)
  File "/opt/hpcaas/.mounts/fs-072917c00f01ae1ba/home/chuanyang/envs/fairseq2/fairseq2/src/fairseq2/recipes/lm/_preference_finetune/_recipe.py", line 234, in load_po_finetuner
    model = setup_model(
  File "/opt/hpcaas/.mounts/fs-072917c00f01ae1ba/home/chuanyang/envs/fairseq2/fairseq2/src/fairseq2/recipes/common/_model.py", line 92, in setup_model
    log_model(log, model, gangs)
  File "/opt/hpcaas/.mounts/fs-072917c00f01ae1ba/home/chuanyang/envs/fairseq2/fairseq2/src/fairseq2/recipes/utils/log.py", line 221, in log_model
    log.info("Model (rank {}) - {} | Layout:\n{}", gangs.root.rank, s, model)
  File "/home/chuanyang/miniconda3/envs/fairseq2/bin/fairseq2", line 8, in <module>
    sys.exit(main())
  File "/opt/hpcaas/.mounts/fs-072917c00f01ae1ba/home/chuanyang/envs/fairseq2/fairseq2/src/fairseq2/cli/_main.py", line 27, in main
    exit_code = _run()
  File "/opt/hpcaas/.mounts/fs-072917c00f01ae1ba/home/chuanyang/envs/fairseq2/fairseq2/src/fairseq2/cli/_main.py", line 73, in _run
    return cli.run(context)
  File "/opt/hpcaas/.mounts/fs-072917c00f01ae1ba/home/chuanyang/envs/fairseq2/fairseq2/src/fairseq2/cli/_cli.py", line 123, in run
    return args.command.run(context, args)  # type: ignore[no-any-return]
  File "/opt/hpcaas/.mounts/fs-072917c00f01ae1ba/home/chuanyang/envs/fairseq2/fairseq2/src/fairseq2/cli/_cli.py", line 361, in run
    return self._handler.run(context, self._parser, args)
  File "/opt/hpcaas/.mounts/fs-072917c00f01ae1ba/home/chuanyang/envs/fairseq2/fairseq2/src/fairseq2/logging.py", line 40, in info
    self._write(logging.INFO, message, args)
  File "/opt/hpcaas/.mounts/fs-072917c00f01ae1ba/home/chuanyang/envs/fairseq2/fairseq2/src/fairseq2/logging.py", line 67, in _write
    self._logger.log(level, message, exc_info=exc_info, extra=self._NO_HIGHLIGHT)
  File "/opt/hpcaas/.mounts/fs-072917c00f01ae1ba/home/chuanyang/envs/fairseq2/fairseq2/src/fairseq2/cli/commands/recipe.py", line 245, in run
    recipe = self._loader(context, config, output_dir)
  File "/opt/hpcaas/.mounts/fs-072917c00f01ae1ba/home/chuanyang/envs/fairseq2/fairseq2/src/fairseq2/recipes/lm/_preference_finetune/_recipe.py", line 247, in load_po_finetuner
    dataset = load_dataset(PreferenceDataset, context, config, gangs)
  File "/opt/hpcaas/.mounts/fs-072917c00f01ae1ba/home/chuanyang/envs/fairseq2/fairseq2/src/fairseq2/recipes/common/_dataset.py", line 59, in load_dataset
    dataset = dataset_loader.load(recipe_config, gangs)
  File "/opt/hpcaas/.mounts/fs-072917c00f01ae1ba/home/chuanyang/envs/fairseq2/fairseq2/src/fairseq2/recipes/common/_dataset.py", line 166, in load
    log.info("Loading the dataset.")
  File "/opt/hpcaas/.mounts/fs-072917c00f01ae1ba/home/chuanyang/envs/fairseq2/fairseq2/src/fairseq2/logging.py", line 40, in info
    self._write(logging.INFO, message, args)
Message: 'Model (rank 4) - Parameter Size: 501,891,328 | Parameter Size (bytes): 1.87 GiB | Trainable Parameter Size: 501,891,328 | Trainable Parameter Size (bytes): 1.87 GiB | Buffer Size: 16,777,216 | Buffer Size (bytes): 64.00 MiB | Total Size: 518,668,544 | Total Size (bytes): 1.93 GiB | Layout:\nFullyShardedDataParallel(\n  (_fsdp_wrapped_module): TransformerDecoderModel(\n    model_dim=4096\n    (decoder_frontend): TransformerEmbeddingFrontend(\n      model_dim=4096\n      (embed): StandardEmbedding(num_embeddings=128256, embedding_dim=4096)\n      (pos_encoder): None\n      (layer_norm): None\n      (dropout): None\n    )\n    (decoder): StandardTransformerDecoder(\n      model_dim=4096, self_attn_mask_factory=CausalAttentionMaskFactory(), norm_order=PRE\n      (layers): ModuleList(\n        (0-31): 32 x FullyShardedDataParallel(\n          (_fsdp_wrapped_module): CheckpointWrapper(\n            (_checkpoint_wrapped_module): StandardTransformerDecoderLayer(\n              model_dim=4096, norm_order=PRE  File "/opt/hpcaas/.mounts/fs-072917c00f01ae1ba/home/chuanyang/envs/fairseq2/fairseq2/src/fairseq2/logging.py", line 67, in _write
    self._logger.log(level, message, exc_info=exc_info, extra=self._NO_HIGHLIGHT)
\n              (self_attn_layer_norm): RMSNorm(normalized_shape=(4096,), eps=1E-05, elementwise_affine=True)\n              (self_attn): StandardMultiheadAttention(\n                num_heads=32, model_dim=4096, num_key_value_heads=8\n                (q_proj): Linear(input_dim=4096, output_dim=4096, bias=False, init_fn=init_qkv_projection)\n                (k_proj): Linear(input_dim=4096, output_dim=1024, bias=False, init_fn=init_qkv_projection)\n                (v_proj): Linear(input_dim=4096, output_dim=1024, bias=False, init_fn=init_qkv_projection)\n                (pos_encoder): RotaryEncoder(encoding_dim=128, max_seq_len=131072)\n                (sdpa): TorchSDPA(attn_dropout_p=0)\n                (output_proj): Linear(input_dim=4096, output_dim=4096, bias=False, init_fn=init_output_projection)\n              )\n              (self_attn_norm): None\n              (self_attn_dropout): None\n              (self_attn_residual): StandardResidualConnect()\n              (encoder_decoder_attn): None\n        Message: 'Loading the dataset.'
Arguments: ()
      (encoder_decoder_attn_dropout): None\n              (encoder_decoder_attn_residual): None\n              (encoder_decoder_attn_layer_norm): None\n              (ffn_layer_norm): RMSNorm(normalized_shape=(4096,), eps=1E-05, elementwise_affine=True)\n              (ffn): GLUFeedForwardNetwork(\n                model_dim=4096, inner_dim_scale=0.666667, inner_dim_to_multiple=1024\n                (gate_proj): Linear(input_dim=4096, output_dim=14336, bias=False)\n                (gate_activation): SiLU()\n                (inner_proj): Linear(input_dim=4096, output_dim=14336, bias=False)\n                (inner_dropout): None\n                (output_proj): Linear(input_dim=14336, output_dim=4096, bias=False)\n              )\n              (ffn_dropout): None\n              (ffn_residual): StandardResidualConnect()\n            )\n          )\n        )\n      )\n      (layer_norm): RMSNorm(normalized_shape=(4096,), eps=1E-05, elementwise_affine=True)\n      (dropout): None\n    )\n    (final_proj): Linear(i--- Logging error ---
nput_dim=4096, output_dim=128256, bias=False, init_fn=init_final_projection)\n  )\n)'
Arguments: ()
Traceback (most recent call last):
  File "/home/chuanyang/miniconda3/envs/fairseq2/bin/fairseq2", line 8, in <module>
    sys.exit(main())
  File "/opt/hpcaas/.mounts/fs-072917c00f01ae1ba/home/chuanyang/envs/fairseq2/fairseq2/src/fairseq2/cli/_main.py", line 27, in main
    exit_code = _run()
  File "/opt/hpcaas/.mounts/fs-072917c00f01ae1ba/home/chuanyang/envs/fairseq2/fairseq2/src/fairseq2/cli/_main.py", line 73, in _run
    return cli.run(context)
  File "/opt/hpcaas/.mounts/fs-072917c00f01ae1ba/home/chuanyang/envs/fairseq2/fairseq2/src/fairseq2/cli/_cli.py", line 123, in run
    return args.command.run(context, args)  # type: ignore[no-any-return]
  File "/opt/hpcaas/.mounts/fs-072917c00f01ae1ba/home/chuanyang/envs/fairseq2/fairseq2/src/fairseq2/cli/_cli.py", line 361, in run
    return self._handler.run(context, self._parser, args)
  File "/opt/hpcaas/.mounts/fs-072917c00f01ae1ba/home/chuanyang/envs/fairseq2/fairseq2/src/fairseq2/cli/commands/recipe.py", line 245, in run
    recipe = self._loader(context, config, output_dir)
  File "/home/chuanyang/envs/fairseq2/conda/lib/python3.10/logging/__init__.py", line 1104, in emit
    self.flush()
  File "/home/chuanyang/envs/fairseq2/conda/lib/python3.10/logging/__init__.py", line 1084, in flush
    self.stream.flush()
  File "/opt/hpcaas/.mounts/fs-072917c00f01ae1ba/home/chuanyang/envs/fairseq2/fairseq2/src/fairseq2/recipes/lm/_preference_finetune/_recipe.py", line 234, in load_po_finetuner
    model = setup_model(
  File "/opt/hpcaas/.mounts/fs-072917c00f01ae1ba/home/chuanyang/envs/fairseq2/fairseq2/src/fairseq2/recipes/common/_model.py", line 92, in setup_model
    log_model(log, model, gangs)
  File "/opt/hpcaas/.mounts/fs-072917c00f01ae1ba/home/chuanyang/envs/fairseq2/fairseq2/src/fairseq2/recipes/utils/log.py", line 221, in log_model
    log.info("Model (rank {}) - {} | Layout:\n{}", gangs.root.rank, s, model)
  File "/opt/hpcaas/.mounts/fs-072917c00f01ae1ba/home/chuanyang/envs/fairseq2/fairseq2/src/fairseq2/logging.py", line 40, in info
    self._write(logging.INFO, message, args)
  File "/opt/hpcaas/.mounts/fs-072917c00f01ae1ba/home/chuanyang/envs/fairseq2/fairseq2/src/fairseq2/logging.py", line 67, in _write
    self._logger.log(level, message, exc_info=exc_info, extra=self._NO_HIGHLIGHT)
OSError: [Errno 122] Disk quota exceeded
Call stack:
Message: 'Model (rank 5) - Parameter Size: 501,891,328 | Parameter Size (bytes): 1.87 GiB | Trainable Parameter Size: 501,891,328 | Trainable Parameter Size (bytes): 1.87 GiB | Buffer Size: 16,777,216 | Buffer Size (bytes): 64.00 MiB | Total Size: 518,668,544 | Total Size (bytes): 1.93 GiB | Layout:\nFullyShardedDataParallel(\n  (_fsdp_wrapped_module): TransformerDecoderModel(\n    model_dim=4096\n    (decoder_frontend): TransformerEmbeddingFrontend(\n      model_dim=4096\n      (embed): StandardEmbedding(num_embeddings=128256, embedding_dim=4096)\n      (pos_encoder): None\n      (layer_norm): None\n      (dropout): None\n    )\n    (decoder): StandardTransformerDecoder(\n      model_dim=4096, self_attn_mask_factory=CausalAttentionMaskFactory(), norm_order=PRE\n      (layers): ModuleList(\n        (0-31): 32 x FullyShardedDataParallel(\n          (_fsdp_wrapped_module): CheckpointWrapper(\n            (_checkpoint_wrapped_module): StandardTransformerDecoderLayer(\n              model_dim=4096, norm_order=PRE  File "/home/chuanyang/miniconda3/envs/fairseq2/bin/fairseq2", line 8, in <module>
    sys.exit(main())
  File "/opt/hpcaas/.mounts/fs-072917c00f01ae1ba/home/chuanyang/envs/fairseq2/fairseq2/src/fairseq2/cli/_main.py", line 27, in main
    exit_code = _run()
  File "/opt/hpcaas/.mounts/fs-072917c00f01ae1ba/home/chuanyang/envs/fairseq2/fairseq2/src/fairseq2/cli/_main.py", line 73, in _run
    return cli.run(context)
  File "/opt/hpcaas/.mounts/fs-072917c00f01ae1ba/home/chuanyang/envs/fairseq2/fairseq2/src/fairseq2/cli/_cli.py", line 123, in run
    return args.command.run(context, args)  # type: ignore[no-any-return]
  File "/opt/hpcaas/.mounts/fs-072917c00f01ae1ba/home/chuanyang/envs/fairseq2/fairseq2/src/fairseq2/cli/_cli.py", line 361, in run
    return self._handler.run(context, self._parser, args)
  File "/opt/hpcaas/.mounts/fs-072917c00f01ae1ba/home/chuanyang/envs/fairseq2/fairseq2/src/fairseq2/cli/commands/recipe.py", line 245, in run
    recipe = self._loader(context, config, output_dir)
\n              (self_attn_layer_norm): RMSNorm(normalized_shape=(4096,), eps=1E-05, elementwise_affine=True)\n              (self_attn): StandardMultiheadAttention(\n                num_heads=32, model_dim=4096, num_key_value_heads=8\n                (q_proj): Linear(input_dim=4096, output_dim=4096, bias=False, init_fn=init_qkv_projection)\n                (k_proj): Linear(input_dim=4096, output_dim=1024, bias=False, init_fn=init_qkv_projection)\n                (v_proj): Linear(input_dim=4096, output_dim=1024, bias=False, init_fn=init_qkv_projection)\n                (pos_encoder): RotaryEncoder(encoding_dim=128, max_seq_len=131072)\n                (sdpa): TorchSDPA(attn_dropout_p=0)\n                (output_proj): Linear(input_dim=4096, output_dim=4096, bias=False, init_fn=init_output_projection)\n              )\n              (self_attn_norm): None\n              (self_attn_dropout): None\n              (self_attn_residual): StandardResidualConnect()\n              (encoder_decoder_attn): None\n          File "/opt/hpcaas/.mounts/fs-072917c00f01ae1ba/home/chuanyang/envs/fairseq2/fairseq2/src/fairseq2/recipes/lm/_preference_finetune/_recipe.py", line 234, in load_po_finetuner
    model = setup_model(
      (encoder_decoder_attn_dropout): None\n              (encoder_decoder_attn_residual): None\n              (encoder_decoder_attn_layer_norm): None\n              (ffn_layer_norm): RMSNorm(normalized_shape=(4096,), eps=1E-05, elementwise_affine=True)\n              (ffn): GLUFeedForwardNetwork(\n                model_dim=4096, inner_dim_scale=0.666667, inner_dim_to_multiple=1024\n                (gate_proj): Linear(input_dim=4096, output_dim=14336, bias=False)\n                (gate_activation): SiLU()\n                (inner_proj): Linear(input_dim=4096, output_dim=14336, bias=False)\n                (inner_dropout): None\n                (output_proj): Linear(input_dim=14336, output_dim=4096, bias=False)\n              )\n              (ffn_dropout): None\n              (ffn_residual): StandardResidualConnect()\n            )\n          )\n        )\n      )\n      (layer_norm): RMSNorm(normalized_shape=(4096,), eps=1E-05, elementwise_affine=True)\n      (dropout): None\n    )\n    (final_proj): Linear(i  File "/opt/hpcaas/.mounts/fs-072917c00f01ae1ba/home/chuanyang/envs/fairseq2/fairseq2/src/fairseq2/recipes/common/_model.py", line 88, in setup_model
    model = setup_data_parallel_model(
  File "/opt/hpcaas/.mounts/fs-072917c00f01ae1ba/home/chuanyang/envs/fairseq2/fairseq2/src/fairseq2/recipes/common/_distributed.py", line 58, in setup_data_parallel_model
    return wrap_fsdp(
  File "/opt/hpcaas/.mounts/fs-072917c00f01ae1ba/home/chuanyang/envs/fairseq2/fairseq2/src/fairseq2/recipes/common/_distributed.py", line 138, in wrap_fsdp
    log.info("Model wrapped with FSDP and broadcasted.")
  File "/opt/hpcaas/.mounts/fs-072917c00f01ae1ba/home/chuanyang/envs/fairseq2/fairseq2/src/fairseq2/logging.py", line 40, in info
    self._write(logging.INFO, message, args)
  File "/opt/hpcaas/.mounts/fs-072917c00f01ae1ba/home/chuanyang/envs/fairseq2/fairseq2/src/fairseq2/logging.py", line 67, in _write
    self._logger.log(level, message, exc_info=exc_info, extra=self._NO_HIGHLIGHT)
nput_dim=4096, output_dim=128256, bias=False, init_fn=init_final_projection)\n  )\n)'
Arguments: ()
Message: 'Model wrapped with FSDP and broadcasted.'
Arguments: ()
--- Logging error ---
--- Logging error ---
Traceback (most recent call last):
Traceback (most recent call last):
  File "/home/chuanyang/envs/fairseq2/conda/lib/python3.10/logging/__init__.py", line 1104, in emit
    self.flush()
  File "/home/chuanyang/envs/fairseq2/conda/lib/python3.10/logging/__init__.py", line 1104, in emit
    self.flush()
  File "/home/chuanyang/envs/fairseq2/conda/lib/python3.10/logging/__init__.py", line 1084, in flush
    self.stream.flush()
  File "/home/chuanyang/envs/fairseq2/conda/lib/python3.10/logging/__init__.py", line 1084, in flush
    self.stream.flush()
OSError: [Errno 122] Disk quota exceeded
OSError: [Errno 122] Disk quota exceeded
Call stack:
Call stack:
  File "/home/chuanyang/miniconda3/envs/fairseq2/bin/fairseq2", line 8, in <module>
    sys.exit(main())
  File "/opt/hpcaas/.mounts/fs-072917c00f01ae1ba/home/chuanyang/envs/fairseq2/fairseq2/src/fairseq2/cli/_main.py", line 27, in main
    exit_code = _run()
  File "/opt/hpcaas/.mounts/fs-072917c00f01ae1ba/home/chuanyang/envs/fairseq2/fairseq2/src/fairseq2/cli/_main.py", line 73, in _run
    return cli.run(context)
  File "/opt/hpcaas/.mounts/fs-072917c00f01ae1ba/home/chuanyang/envs/fairseq2/fairseq2/src/fairseq2/cli/_cli.py", line 123, in run
    return args.command.run(context, args)  # type: ignore[no-any-return]
  File "/opt/hpcaas/.mounts/fs-072917c00f01ae1ba/home/chuanyang/envs/fairseq2/fairseq2/src/fairseq2/cli/_cli.py", line 361, in run
    return self._handler.run(context, self._parser, args)
  File "/opt/hpcaas/.mounts/fs-072917c00f01ae1ba/home/chuanyang/envs/fairseq2/fairseq2/src/fairseq2/cli/commands/recipe.py", line 245, in run
    recipe = self._loader(context, config, output_dir)
  File "/home/chuanyang/miniconda3/envs/fairseq2/bin/fairseq2", line 8, in <module>
    sys.exit(main())
  File "/opt/hpcaas/.mounts/fs-072917c00f01ae1ba/home/chuanyang/envs/fairseq2/fairseq2/src/fairseq2/cli/_main.py", line 27, in main
    exit_code = _run()
  File "/opt/hpcaas/.mounts/fs-072917c00f01ae1ba/home/chuanyang/envs/fairseq2/fairseq2/src/fairseq2/cli/_main.py", line 73, in _run
    return cli.run(context)
  File "/opt/hpcaas/.mounts/fs-072917c00f01ae1ba/home/chuanyang/envs/fairseq2/fairseq2/src/fairseq2/cli/_cli.py", line 123, in run
    return args.command.run(context, args)  # type: ignore[no-any-return]
  File "/opt/hpcaas/.mounts/fs-072917c00f01ae1ba/home/chuanyang/envs/fairseq2/fairseq2/src/fairseq2/cli/_cli.py", line 361, in run
    return self._handler.run(context, self._parser, args)
  File "/opt/hpcaas/.mounts/fs-072917c00f01ae1ba/home/chuanyang/envs/fairseq2/fairseq2/src/fairseq2/recipes/lm/_preference_finetune/_recipe.py", line 234, in load_po_finetuner
    model = setup_model(
  File "/opt/hpcaas/.mounts/fs-072917c00f01ae1ba/home/chuanyang/envs/fairseq2/fairseq2/src/fairseq2/recipes/common/_model.py", line 88, in setup_model
    model = setup_data_parallel_model(
  File "/opt/hpcaas/.mounts/fs-072917c00f01ae1ba/home/chuanyang/envs/fairseq2/fairseq2/src/fairseq2/recipes/common/_distributed.py", line 58, in setup_data_parallel_model
    return wrap_fsdp(
  File "/opt/hpcaas/.mounts/fs-072917c00f01ae1ba/home/chuanyang/envs/fairseq2/fairseq2/src/fairseq2/recipes/common/_distributed.py", line 138, in wrap_fsdp
    log.info("Model wrapped with FSDP and broadcasted.")
  File "/opt/hpcaas/.mounts/fs-072917c00f01ae1ba/home/chuanyang/envs/fairseq2/fairseq2/src/fairseq2/logging.py", line 40, in info
    self._write(logging.INFO, message, args)
  File "/opt/hpcaas/.mounts/fs-072917c00f01ae1ba/home/chuanyang/envs/fairseq2/fairseq2/src/fairseq2/cli/commands/recipe.py", line 245, in run
    recipe = self._loader(context, config, output_dir)
  File "/opt/hpcaas/.mounts/fs-072917c00f01ae1ba/home/chuanyang/envs/fairseq2/fairseq2/src/fairseq2/recipes/lm/_preference_finetune/_recipe.py", line 234, in load_po_finetuner
    model = setup_model(
  File "/opt/hpcaas/.mounts/fs-072917c00f01ae1ba/home/chuanyang/envs/fairseq2/fairseq2/src/fairseq2/recipes/common/_model.py", line 92, in setup_model
    log_model(log, model, gangs)
  File "/opt/hpcaas/.mounts/fs-072917c00f01ae1ba/home/chuanyang/envs/fairseq2/fairseq2/src/fairseq2/recipes/utils/log.py", line 221, in log_model
    log.info("Model (rank {}) - {} | Layout:\n{}", gangs.root.rank, s, model)
  File "/opt/hpcaas/.mounts/fs-072917c00f01ae1ba/home/chuanyang/envs/fairseq2/fairseq2/src/fairseq2/logging.py", line 40, in info
    self._write(logging.INFO, message, args)
  File "/opt/hpcaas/.mounts/fs-072917c00f01ae1ba/home/chuanyang/envs/fairseq2/fairseq2/src/fairseq2/logging.py", line 67, in _write
    self._logger.log(level, message, exc_info=exc_info, extra=self._NO_HIGHLIGHT)
Message: 'Model wrapped with FSDP and broadcasted.'
Arguments: ()
  File "/opt/hpcaas/.mounts/fs-072917c00f01ae1ba/home/chuanyang/envs/fairseq2/fairseq2/src/fairseq2/logging.py", line 67, in _write
    self._logger.log(level, message, exc_info=exc_info, extra=self._NO_HIGHLIGHT)
--- Logging error ---
Message: 'Model (rank 8) - Parameter Size: 501,891,328 | Parameter Size (bytes): 1.87 GiB | Trainable Parameter Size: 501,891,328 | Trainable Parameter Size (bytes): 1.87 GiB | Buffer Size: 16,777,216 | Buffer Size (bytes): 64.00 MiB | Total Size: 518,668,544 | Total Size (bytes): 1.93 GiB | Layout:\nFullyShardedDataParallel(\n  (_fsdp_wrapped_module): TransformerDecoderModel(\n    model_dim=4096\n    (decoder_frontend): TransformerEmbeddingFrontend(\n      model_dim=4096\n      (embed): StandardEmbedding(num_embeddings=128256, embedding_dim=4096)\n      (pos_encoder): None\n      (layer_norm): None\n      (dropout): None\n    )\n    (decoder): StandardTransformerDecoder(\n      model_dim=4096, self_attn_mask_factory=CausalAttentionMaskFactory(), norm_order=PRE\n      (layers): ModuleList(\n        (0-31): 32 x FullyShardedDataParallel(\n          (_fsdp_wrapped_module): CheckpointWrapper(\n            (_checkpoint_wrapped_module): StandardTransformerDecoderLayer(\n              model_dim=4096, norm_order=PRETraceback (most recent call last):
  File "/home/chuanyang/envs/fairseq2/conda/lib/python3.10/logging/__init__.py", line 1104, in emit
    self.flush()
\n              (self_attn_layer_norm): RMSNorm(normalized_shape=(4096,), eps=1E-05, elementwise_affine=True)\n              (self_attn): StandardMultiheadAttention(\n                num_heads=32, model_dim=4096, num_key_value_heads=8\n                (q_proj): Linear(input_dim=4096, output_dim=4096, bias=False, init_fn=init_qkv_projection)\n                (k_proj): Linear(input_dim=4096, output_dim=1024, bias=False, init_fn=init_qkv_projection)\n                (v_proj): Linear(input_dim=4096, output_dim=1024, bias=False, init_fn=init_qkv_projection)\n                (pos_encoder): RotaryEncoder(encoding_dim=128, max_seq_len=131072)\n                (sdpa): TorchSDPA(attn_dropout_p=0)\n                (output_proj): Linear(input_dim=4096, output_dim=4096, bias=False, init_fn=init_output_projection)\n              )\n              (self_attn_norm): None\n              (self_attn_dropout): None\n              (self_attn_residual): StandardResidualConnect()\n              (encoder_decoder_attn): None\n          File "/home/chuanyang/envs/fairseq2/conda/lib/python3.10/logging/__init__.py", line 1084, in flush
    self.stream.flush()
OSError: [Errno 122] Disk quota exceeded
      (encoder_decoder_attn_dropout): None\n              (encoder_decoder_attn_residual): None\n              (encoder_decoder_attn_layer_norm): None\n              (ffn_layer_norm): RMSNorm(normalized_shape=(4096,), eps=1E-05, elementwise_affine=True)\n              (ffn): GLUFeedForwardNetwork(\n                model_dim=4096, inner_dim_scale=0.666667, inner_dim_to_multiple=1024\n                (gate_proj): Linear(input_dim=4096, output_dim=14336, bias=False)\n                (gate_activation): SiLU()\n                (inner_proj): Linear(input_dim=4096, output_dim=14336, bias=False)\n                (inner_dropout): None\n                (output_proj): Linear(input_dim=14336, output_dim=4096, bias=False)\n              )\n              (ffn_dropout): None\n              (ffn_residual): StandardResidualConnect()\n            )\n          )\n        )\n      )\n      (layer_norm): RMSNorm(normalized_shape=(4096,), eps=1E-05, elementwise_affine=True)\n      (dropout): None\n    )\n    (final_proj): Linear(iCall stack:
nput_dim=4096, output_dim=128256, bias=False, init_fn=init_final_projection)\n  )\n)'
Arguments: ()
  File "/home/chuanyang/miniconda3/envs/fairseq2/bin/fairseq2", line 8, in <module>
    sys.exit(main())
  File "/opt/hpcaas/.mounts/fs-072917c00f01ae1ba/home/chuanyang/envs/fairseq2/fairseq2/src/fairseq2/cli/_main.py", line 27, in main
    exit_code = _run()
  File "/opt/hpcaas/.mounts/fs-072917c00f01ae1ba/home/chuanyang/envs/fairseq2/fairseq2/src/fairseq2/cli/_main.py", line 73, in _run
    return cli.run(context)
  File "/opt/hpcaas/.mounts/fs-072917c00f01ae1ba/home/chuanyang/envs/fairseq2/fairseq2/src/fairseq2/cli/_cli.py", line 123, in run
    return args.command.run(context, args)  # type: ignore[no-any-return]
  File "/opt/hpcaas/.mounts/fs-072917c00f01ae1ba/home/chuanyang/envs/fairseq2/fairseq2/src/fairseq2/cli/_cli.py", line 361, in run
    return self._handler.run(context, self._parser, args)
  File "/opt/hpcaas/.mounts/fs-072917c00f01ae1ba/home/chuanyang/envs/fairseq2/fairseq2/src/fairseq2/cli/commands/recipe.py", line 245, in run
    recipe = self._loader(context, config, output_dir)
--- Logging error ---
  File "/opt/hpcaas/.mounts/fs-072917c00f01ae1ba/home/chuanyang/envs/fairseq2/fairseq2/src/fairseq2/recipes/lm/_preference_finetune/_recipe.py", line 234, in load_po_finetuner
    model = setup_model(
  File "/opt/hpcaas/.mounts/fs-072917c00f01ae1ba/home/chuanyang/envs/fairseq2/fairseq2/src/fairseq2/recipes/common/_model.py", line 92, in setup_model
    log_model(log, model, gangs)
Traceback (most recent call last):
  File "/opt/hpcaas/.mounts/fs-072917c00f01ae1ba/home/chuanyang/envs/fairseq2/fairseq2/src/fairseq2/recipes/utils/log.py", line 221, in log_model
    log.info("Model (rank {}) - {} | Layout:\n{}", gangs.root.rank, s, model)
  File "/opt/hpcaas/.mounts/fs-072917c00f01ae1ba/home/chuanyang/envs/fairseq2/fairseq2/src/fairseq2/logging.py", line 40, in info
    self._write(logging.INFO, message, args)
  File "/opt/hpcaas/.mounts/fs-072917c00f01ae1ba/home/chuanyang/envs/fairseq2/fairseq2/src/fairseq2/logging.py", line 67, in _write
    self._logger.log(level, message, exc_info=exc_info, extra=self._NO_HIGHLIGHT)
  File "/home/chuanyang/envs/fairseq2/conda/lib/python3.10/logging/__init__.py", line 1104, in emit
    self.flush()
Message: 'Model (rank 2) - Parameter Size: 501,891,328 | Parameter Size (bytes): 1.87 GiB | Trainable Parameter Size: 501,891,328 | Trainable Parameter Size (bytes): 1.87 GiB | Buffer Size: 16,777,216 | Buffer Size (bytes): 64.00 MiB | Total Size: 518,668,544 | Total Size (bytes): 1.93 GiB | Layout:\nFullyShardedDataParallel(\n  (_fsdp_wrapped_module): TransformerDecoderModel(\n    model_dim=4096\n    (decoder_frontend): TransformerEmbeddingFrontend(\n      model_dim=4096\n      (embed): StandardEmbedding(num_embeddings=128256, embedding_dim=4096)\n      (pos_encoder): None\n      (layer_norm): None\n      (dropout): None\n    )\n    (decoder): StandardTransformerDecoder(\n      model_dim=4096, self_attn_mask_factory=CausalAttentionMaskFactory(), norm_order=PRE\n      (layers): ModuleList(\n        (0-31): 32 x FullyShardedDataParallel(\n          (_fsdp_wrapped_module): CheckpointWrapper(\n            (_checkpoint_wrapped_module): StandardTransformerDecoderLayer(\n              model_dim=4096, norm_order=PRE  File "/home/chuanyang/envs/fairseq2/conda/lib/python3.10/logging/__init__.py", line 1084, in flush
    self.stream.flush()
OSError: [Errno 122] Disk quota exceeded
Call stack:
\n              (self_attn_layer_norm): RMSNorm(normalized_shape=(4096,), eps=1E-05, elementwise_affine=True)\n              (self_attn): StandardMultiheadAttention(\n                num_heads=32, model_dim=4096, num_key_value_heads=8\n                (q_proj): Linear(input_dim=4096, output_dim=4096, bias=False, init_fn=init_qkv_projection)\n                (k_proj): Linear(input_dim=4096, output_dim=1024, bias=False, init_fn=init_qkv_projection)\n                (v_proj): Linear(input_dim=4096, output_dim=1024, bias=False, init_fn=init_qkv_projection)\n                (pos_encoder): RotaryEncoder(encoding_dim=128, max_seq_len=131072)\n                (sdpa): TorchSDPA(attn_dropout_p=0)\n                (output_proj): Linear(input_dim=4096, output_dim=4096, bias=False, init_fn=init_output_projection)\n              )\n              (self_attn_norm): None\n              (self_attn_dropout): None\n              (self_attn_residual): StandardResidualConnect()\n              (encoder_decoder_attn): None\n          File "/home/chuanyang/miniconda3/envs/fairseq2/bin/fairseq2", line 8, in <module>
    sys.exit(main())
  File "/opt/hpcaas/.mounts/fs-072917c00f01ae1ba/home/chuanyang/envs/fairseq2/fairseq2/src/fairseq2/cli/_main.py", line 27, in main
    exit_code = _run()
  File "/opt/hpcaas/.mounts/fs-072917c00f01ae1ba/home/chuanyang/envs/fairseq2/fairseq2/src/fairseq2/cli/_main.py", line 73, in _run
    return cli.run(context)
  File "/opt/hpcaas/.mounts/fs-072917c00f01ae1ba/home/chuanyang/envs/fairseq2/fairseq2/src/fairseq2/cli/_cli.py", line 123, in run
    return args.command.run(context, args)  # type: ignore[no-any-return]
  File "/opt/hpcaas/.mounts/fs-072917c00f01ae1ba/home/chuanyang/envs/fairseq2/fairseq2/src/fairseq2/cli/_cli.py", line 361, in run
    return self._handler.run(context, self._parser, args)
      (encoder_decoder_attn_dropout): None\n              (encoder_decoder_attn_residual): None\n              (encoder_decoder_attn_layer_norm): None\n              (ffn_layer_norm): RMSNorm(normalized_shape=(4096,), eps=1E-05, elementwise_affine=True)\n              (ffn): GLUFeedForwardNetwork(\n                model_dim=4096, inner_dim_scale=0.666667, inner_dim_to_multiple=1024\n                (gate_proj): Linear(input_dim=4096, output_dim=14336, bias=False)\n                (gate_activation): SiLU()\n                (inner_proj): Linear(input_dim=4096, output_dim=14336, bias=False)\n                (inner_dropout): None\n                (output_proj): Linear(input_dim=14336, output_dim=4096, bias=False)\n              )\n              (ffn_dropout): None\n              (ffn_residual): StandardResidualConnect()\n            )\n          )\n        )\n      )\n      (layer_norm): RMSNorm(normalized_shape=(4096,), eps=1E-05, elementwise_affine=True)\n      (dropout): None\n    )\n    (final_proj): Linear(i  File "/opt/hpcaas/.mounts/fs-072917c00f01ae1ba/home/chuanyang/envs/fairseq2/fairseq2/src/fairseq2/cli/commands/recipe.py", line 245, in run
    recipe = self._loader(context, config, output_dir)
  File "/opt/hpcaas/.mounts/fs-072917c00f01ae1ba/home/chuanyang/envs/fairseq2/fairseq2/src/fairseq2/recipes/lm/_preference_finetune/_recipe.py", line 247, in load_po_finetuner
    dataset = load_dataset(PreferenceDataset, context, config, gangs)
  File "/opt/hpcaas/.mounts/fs-072917c00f01ae1ba/home/chuanyang/envs/fairseq2/fairseq2/src/fairseq2/recipes/common/_dataset.py", line 59, in load_dataset
    dataset = dataset_loader.load(recipe_config, gangs)
  File "/opt/hpcaas/.mounts/fs-072917c00f01ae1ba/home/chuanyang/envs/fairseq2/fairseq2/src/fairseq2/recipes/common/_dataset.py", line 166, in load
    log.info("Loading the dataset.")
  File "/opt/hpcaas/.mounts/fs-072917c00f01ae1ba/home/chuanyang/envs/fairseq2/fairseq2/src/fairseq2/logging.py", line 40, in info
    self._write(logging.INFO, message, args)
nput_dim=4096, output_dim=128256, bias=False, init_fn=init_final_projection)\n  )\n)'
Arguments: ()
  File "/opt/hpcaas/.mounts/fs-072917c00f01ae1ba/home/chuanyang/envs/fairseq2/fairseq2/src/fairseq2/logging.py", line 67, in _write
    self._logger.log(level, message, exc_info=exc_info, extra=self._NO_HIGHLIGHT)
Message: 'Loading the dataset.'
Arguments: ()
--- Logging error ---
Traceback (most recent call last):
--- Logging error ---
  File "/home/chuanyang/envs/fairseq2/conda/lib/python3.10/logging/__init__.py", line 1104, in emit
    self.flush()
  File "/home/chuanyang/envs/fairseq2/conda/lib/python3.10/logging/__init__.py", line 1084, in flush
    self.stream.flush()
OSError: [Errno 122] Disk quota exceeded
Call stack:
Traceback (most recent call last):
  File "/home/chuanyang/envs/fairseq2/conda/lib/python3.10/logging/__init__.py", line 1104, in emit
    self.flush()
  File "/home/chuanyang/envs/fairseq2/conda/lib/python3.10/logging/__init__.py", line 1084, in flush
    self.stream.flush()
  File "/home/chuanyang/miniconda3/envs/fairseq2/bin/fairseq2", line 8, in <module>
    sys.exit(main())
  File "/opt/hpcaas/.mounts/fs-072917c00f01ae1ba/home/chuanyang/envs/fairseq2/fairseq2/src/fairseq2/cli/_main.py", line 27, in main
    exit_code = _run()
  File "/opt/hpcaas/.mounts/fs-072917c00f01ae1ba/home/chuanyang/envs/fairseq2/fairseq2/src/fairseq2/cli/_main.py", line 73, in _run
    return cli.run(context)
OSError: [Errno 122] Disk quota exceeded
Call stack:
  File "/opt/hpcaas/.mounts/fs-072917c00f01ae1ba/home/chuanyang/envs/fairseq2/fairseq2/src/fairseq2/cli/_cli.py", line 123, in run
    return args.command.run(context, args)  # type: ignore[no-any-return]
  File "/opt/hpcaas/.mounts/fs-072917c00f01ae1ba/home/chuanyang/envs/fairseq2/fairseq2/src/fairseq2/cli/_cli.py", line 361, in run
    return self._handler.run(context, self._parser, args)
  File "/opt/hpcaas/.mounts/fs-072917c00f01ae1ba/home/chuanyang/envs/fairseq2/fairseq2/src/fairseq2/cli/commands/recipe.py", line 245, in run
    recipe = self._loader(context, config, output_dir)
  File "/opt/hpcaas/.mounts/fs-072917c00f01ae1ba/home/chuanyang/envs/fairseq2/fairseq2/src/fairseq2/recipes/lm/_preference_finetune/_recipe.py", line 234, in load_po_finetuner
    model = setup_model(
  File "/opt/hpcaas/.mounts/fs-072917c00f01ae1ba/home/chuanyang/envs/fairseq2/fairseq2/src/fairseq2/recipes/common/_model.py", line 92, in setup_model
    log_model(log, model, gangs)
  File "/home/chuanyang/miniconda3/envs/fairseq2/bin/fairseq2", line 8, in <module>
    sys.exit(main())
  File "/opt/hpcaas/.mounts/fs-072917c00f01ae1ba/home/chuanyang/envs/fairseq2/fairseq2/src/fairseq2/cli/_main.py", line 27, in main
    exit_code = _run()
  File "/opt/hpcaas/.mounts/fs-072917c00f01ae1ba/home/chuanyang/envs/fairseq2/fairseq2/src/fairseq2/cli/_main.py", line 73, in _run
    return cli.run(context)
  File "/opt/hpcaas/.mounts/fs-072917c00f01ae1ba/home/chuanyang/envs/fairseq2/fairseq2/src/fairseq2/cli/_cli.py", line 123, in run
    return args.command.run(context, args)  # type: ignore[no-any-return]
  File "/opt/hpcaas/.mounts/fs-072917c00f01ae1ba/home/chuanyang/envs/fairseq2/fairseq2/src/fairseq2/recipes/utils/log.py", line 221, in log_model
    log.info("Model (rank {}) - {} | Layout:\n{}", gangs.root.rank, s, model)
  File "/opt/hpcaas/.mounts/fs-072917c00f01ae1ba/home/chuanyang/envs/fairseq2/fairseq2/src/fairseq2/logging.py", line 40, in info
    self._write(logging.INFO, message, args)
  File "/opt/hpcaas/.mounts/fs-072917c00f01ae1ba/home/chuanyang/envs/fairseq2/fairseq2/src/fairseq2/logging.py", line 67, in _write
    self._logger.log(level, message, exc_info=exc_info, extra=self._NO_HIGHLIGHT)
  File "/opt/hpcaas/.mounts/fs-072917c00f01ae1ba/home/chuanyang/envs/fairseq2/fairseq2/src/fairseq2/cli/_cli.py", line 361, in run
    return self._handler.run(context, self._parser, args)
  File "/opt/hpcaas/.mounts/fs-072917c00f01ae1ba/home/chuanyang/envs/fairseq2/fairseq2/src/fairseq2/cli/commands/recipe.py", line 245, in run
    recipe = self._loader(context, config, output_dir)
  File "/opt/hpcaas/.mounts/fs-072917c00f01ae1ba/home/chuanyang/envs/fairseq2/fairseq2/src/fairseq2/recipes/lm/_preference_finetune/_recipe.py", line 234, in load_po_finetuner
    model = setup_model(
  File "/opt/hpcaas/.mounts/fs-072917c00f01ae1ba/home/chuanyang/envs/fairseq2/fairseq2/src/fairseq2/recipes/common/_model.py", line 92, in setup_model
    log_model(log, model, gangs)
  File "/opt/hpcaas/.mounts/fs-072917c00f01ae1ba/home/chuanyang/envs/fairseq2/fairseq2/src/fairseq2/recipes/utils/log.py", line 221, in log_model
    log.info("Model (rank {}) - {} | Layout:\n{}", gangs.root.rank, s, model)
--- Logging error ---
  File "/opt/hpcaas/.mounts/fs-072917c00f01ae1ba/home/chuanyang/envs/fairseq2/fairseq2/src/fairseq2/logging.py", line 40, in info
    self._write(logging.INFO, message, args)
  File "/opt/hpcaas/.mounts/fs-072917c00f01ae1ba/home/chuanyang/envs/fairseq2/fairseq2/src/fairseq2/logging.py", line 67, in _write
    self._logger.log(level, message, exc_info=exc_info, extra=self._NO_HIGHLIGHT)
Message: 'Model (rank 6) - Parameter Size: 501,891,328 | Parameter Size (bytes): 1.87 GiB | Trainable Parameter Size: 501,891,328 | Trainable Parameter Size (bytes): 1.87 GiB | Buffer Size: 16,777,216 | Buffer Size (bytes): 64.00 MiB | Total Size: 518,668,544 | Total Size (bytes): 1.93 GiB | Layout:\nFullyShardedDataParallel(\n  (_fsdp_wrapped_module): TransformerDecoderModel(\n    model_dim=4096\n    (decoder_frontend): TransformerEmbeddingFrontend(\n      model_dim=4096\n      (embed): StandardEmbedding(num_embeddings=128256, embedding_dim=4096)\n      (pos_encoder): None\n      (layer_norm): None\n      (dropout): None\n    )\n    (decoder): StandardTransformerDecoder(\n      model_dim=4096, self_attn_mask_factory=CausalAttentionMaskFactory(), norm_order=PRE\n      (layers): ModuleList(\n        (0-31): 32 x FullyShardedDataParallel(\n          (_fsdp_wrapped_module): CheckpointWrapper(\n            (_checkpoint_wrapped_module): StandardTransformerDecoderLayer(\n              model_dim=4096, norm_order=PREMessage: 'Model (rank 13) - Parameter Size: 501,891,328 | Parameter Size (bytes): 1.87 GiB | Trainable Parameter Size: 501,891,328 | Trainable Parameter Size (bytes): 1.87 GiB | Buffer Size: 16,777,216 | Buffer Size (bytes): 64.00 MiB | Total Size: 518,668,544 | Total Size (bytes): 1.93 GiB | Layout:\nFullyShardedDataParallel(\n  (_fsdp_wrapped_module): TransformerDecoderModel(\n    model_dim=4096\n    (decoder_frontend): TransformerEmbeddingFrontend(\n      model_dim=4096\n      (embed): StandardEmbedding(num_embeddings=128256, embedding_dim=4096)\n      (pos_encoder): None\n      (layer_norm): None\n      (dropout): None\n    )\n    (decoder): StandardTransformerDecoder(\n      model_dim=4096, self_attn_mask_factory=CausalAttentionMaskFactory(), norm_order=PRE\n      (layers): ModuleList(\n        (0-31): 32 x FullyShardedDataParallel(\n          (_fsdp_wrapped_module): CheckpointWrapper(\n            (_checkpoint_wrapped_module): StandardTransformerDecoderLayer(\n              model_dim=4096, norm_order=PR\n              (self_attn_layer_norm): RMSNorm(normalized_shape=(4096,), eps=1E-05, elementwise_affine=True)\n              (self_attn): StandardMultiheadAttention(\n                num_heads=32, model_dim=4096, num_key_value_heads=8\n                (q_proj): Linear(input_dim=4096, output_dim=4096, bias=False, init_fn=init_qkv_projection)\n                (k_proj): Linear(input_dim=4096, output_dim=1024, bias=False, init_fn=init_qkv_projection)\n                (v_proj): Linear(input_dim=4096, output_dim=1024, bias=False, init_fn=init_qkv_projection)\n                (pos_encoder): RotaryEncoder(encoding_dim=128, max_seq_len=131072)\n                (sdpa): TorchSDPA(attn_dropout_p=0)\n                (output_proj): Linear(input_dim=4096, output_dim=4096, bias=False, init_fn=init_output_projection)\n              )\n              (self_attn_norm): None\n              (self_attn_dropout): None\n              (self_attn_residual): StandardResidualConnect()\n              (encoder_decoder_attn): None\n        E\n              (self_attn_layer_norm): RMSNorm(normalized_shape=(4096,), eps=1E-05, elementwise_affine=True)\n              (self_attn): StandardMultiheadAttention(\n                num_heads=32, model_dim=4096, num_key_value_heads=8\n                (q_proj): Linear(input_dim=4096, output_dim=4096, bias=False, init_fn=init_qkv_projection)\n                (k_proj): Linear(input_dim=4096, output_dim=1024, bias=False, init_fn=init_qkv_projection)\n                (v_proj): Linear(input_dim=4096, output_dim=1024, bias=False, init_fn=init_qkv_projection)\n                (pos_encoder): RotaryEncoder(encoding_dim=128, max_seq_len=131072)\n                (sdpa): TorchSDPA(attn_dropout_p=0)\n                (output_proj): Linear(input_dim=4096, output_dim=4096, bias=False, init_fn=init_output_projection)\n              )\n              (self_attn_norm): None\n              (self_attn_dropout): None\n              (self_attn_residual): StandardResidualConnect()\n              (encoder_decoder_attn): None\n             (encoder_decoder_attn_dropout): None\n              (encoder_decoder_attn_residual): None\n              (encoder_decoder_attn_layer_norm): None\n              (ffn_layer_norm): RMSNorm(normalized_shape=(4096,), eps=1E-05, elementwise_affine=True)\n              (ffn): GLUFeedForwardNetwork(\n                model_dim=4096, inner_dim_scale=0.666667, inner_dim_to_multiple=1024\n                (gate_proj): Linear(input_dim=4096, output_dim=14336, bias=False)\n                (gate_activation): SiLU()\n                (inner_proj): Linear(input_dim=4096, output_dim=14336, bias=False)\n                (inner_dropout): None\n                (output_proj): Linear(input_dim=14336, output_dim=4096, bias=False)\n              )\n              (ffn_dropout): None\n              (ffn_residual): StandardResidualConnect()\n            )\n          )\n        )\n      )\n      (layer_norm): RMSNorm(normalized_shape=(4096,), eps=1E-05, elementwise_affine=True)\n      (dropout): None\n    )\n    (final_proj): Linear(i       (encoder_decoder_attn_dropout): None\n              (encoder_decoder_attn_residual): None\n              (encoder_decoder_attn_layer_norm): None\n              (ffn_layer_norm): RMSNorm(normalized_shape=(4096,), eps=1E-05, elementwise_affine=True)\n              (ffn): GLUFeedForwardNetwork(\n                model_dim=4096, inner_dim_scale=0.666667, inner_dim_to_multiple=1024\n                (gate_proj): Linear(input_dim=4096, output_dim=14336, bias=False)\n                (gate_activation): SiLU()\n                (inner_proj): Linear(input_dim=4096, output_dim=14336, bias=False)\n                (inner_dropout): None\n                (output_proj): Linear(input_dim=14336, output_dim=4096, bias=False)\n              )\n              (ffn_dropout): None\n              (ffn_residual): StandardResidualConnect()\n            )\n          )\n        )\n      )\n      (layer_norm): RMSNorm(normalized_shape=(4096,), eps=1E-05, elementwise_affine=True)\n      (dropout): None\n    )\n    (final_proj): Linear(nput_dim=4096, output_dim=128256, bias=False, init_fn=init_final_projection)\n  )\n)'
Arguments: ()
input_dim=4096, output_dim=128256, bias=False, init_fn=init_final_projection)\n  )\n)'
Arguments: ()
Traceback (most recent call last):
  File "/home/chuanyang/envs/fairseq2/conda/lib/python3.10/logging/__init__.py", line 1104, in emit
    self.flush()
  File "/home/chuanyang/envs/fairseq2/conda/lib/python3.10/logging/__init__.py", line 1084, in flush
    self.stream.flush()
OSError: [Errno 122] Disk quota exceeded
Call stack:
--- Logging error ---
--- Logging error ---
Traceback (most recent call last):
Traceback (most recent call last):
  File "/home/chuanyang/envs/fairseq2/conda/lib/python3.10/logging/__init__.py", line 1104, in emit
    self.flush()
  File "/home/chuanyang/envs/fairseq2/conda/lib/python3.10/logging/__init__.py", line 1084, in flush
    self.stream.flush()
  File "/home/chuanyang/envs/fairseq2/conda/lib/python3.10/logging/__init__.py", line 1104, in emit
    self.flush()
OSError: [Errno 122] Disk quota exceeded
Call stack:
  File "/home/chuanyang/envs/fairseq2/conda/lib/python3.10/logging/__init__.py", line 1084, in flush
    self.stream.flush()
OSError: [Errno 122] Disk quota exceeded
Call stack:
  File "/home/chuanyang/miniconda3/envs/fairseq2/bin/fairseq2", line 8, in <module>
    sys.exit(main())
  File "/opt/hpcaas/.mounts/fs-072917c00f01ae1ba/home/chuanyang/envs/fairseq2/fairseq2/src/fairseq2/cli/_main.py", line 27, in main
    exit_code = _run()
  File "/opt/hpcaas/.mounts/fs-072917c00f01ae1ba/home/chuanyang/envs/fairseq2/fairseq2/src/fairseq2/cli/_main.py", line 73, in _run
    return cli.run(context)
  File "/opt/hpcaas/.mounts/fs-072917c00f01ae1ba/home/chuanyang/envs/fairseq2/fairseq2/src/fairseq2/cli/_cli.py", line 123, in run
    return args.command.run(context, args)  # type: ignore[no-any-return]
  File "/opt/hpcaas/.mounts/fs-072917c00f01ae1ba/home/chuanyang/envs/fairseq2/fairseq2/src/fairseq2/cli/_cli.py", line 361, in run
    return self._handler.run(context, self._parser, args)
  File "/opt/hpcaas/.mounts/fs-072917c00f01ae1ba/home/chuanyang/envs/fairseq2/fairseq2/src/fairseq2/cli/commands/recipe.py", line 245, in run
    recipe = self._loader(context, config, output_dir)
  File "/home/chuanyang/miniconda3/envs/fairseq2/bin/fairseq2", line 8, in <module>
    sys.exit(main())
  File "/opt/hpcaas/.mounts/fs-072917c00f01ae1ba/home/chuanyang/envs/fairseq2/fairseq2/src/fairseq2/cli/_main.py", line 27, in main
    exit_code = _run()
  File "/opt/hpcaas/.mounts/fs-072917c00f01ae1ba/home/chuanyang/envs/fairseq2/fairseq2/src/fairseq2/cli/_main.py", line 73, in _run
    return cli.run(context)
  File "/opt/hpcaas/.mounts/fs-072917c00f01ae1ba/home/chuanyang/envs/fairseq2/fairseq2/src/fairseq2/cli/_cli.py", line 123, in run
    return args.command.run(context, args)  # type: ignore[no-any-return]
  File "/opt/hpcaas/.mounts/fs-072917c00f01ae1ba/home/chuanyang/envs/fairseq2/fairseq2/src/fairseq2/cli/_cli.py", line 361, in run
    return self._handler.run(context, self._parser, args)
  File "/opt/hpcaas/.mounts/fs-072917c00f01ae1ba/home/chuanyang/envs/fairseq2/fairseq2/src/fairseq2/cli/commands/recipe.py", line 245, in run
    recipe = self._loader(context, config, output_dir)
  File "/opt/hpcaas/.mounts/fs-072917c00f01ae1ba/home/chuanyang/envs/fairseq2/fairseq2/src/fairseq2/recipes/lm/_preference_finetune/_recipe.py", line 247, in load_po_finetuner
    dataset = load_dataset(PreferenceDataset, context, config, gangs)
  File "/opt/hpcaas/.mounts/fs-072917c00f01ae1ba/home/chuanyang/envs/fairseq2/fairseq2/src/fairseq2/recipes/common/_dataset.py", line 59, in load_dataset
    dataset = dataset_loader.load(recipe_config, gangs)
  File "/opt/hpcaas/.mounts/fs-072917c00f01ae1ba/home/chuanyang/envs/fairseq2/fairseq2/src/fairseq2/recipes/common/_dataset.py", line 166, in load
    log.info("Loading the dataset.")
  File "/opt/hpcaas/.mounts/fs-072917c00f01ae1ba/home/chuanyang/envs/fairseq2/fairseq2/src/fairseq2/logging.py", line 40, in info
    self._write(logging.INFO, message, args)
  File "/opt/hpcaas/.mounts/fs-072917c00f01ae1ba/home/chuanyang/envs/fairseq2/fairseq2/src/fairseq2/logging.py", line 67, in _write
  File "/opt/hpcaas/.mounts/fs-072917c00f01ae1ba/home/chuanyang/envs/fairseq2/fairseq2/src/fairseq2/recipes/lm/_preference_finetune/_recipe.py", line 247, in load_po_finetuner
    dataset = load_dataset(PreferenceDataset, context, config, gangs)
    self._logger.log(level, message, exc_info=exc_info, extra=self._NO_HIGHLIGHT)
Message: 'Loading the dataset.'
Arguments: ()
  File "/opt/hpcaas/.mounts/fs-072917c00f01ae1ba/home/chuanyang/envs/fairseq2/fairseq2/src/fairseq2/recipes/common/_dataset.py", line 59, in load_dataset
    dataset = dataset_loader.load(recipe_config, gangs)
  File "/opt/hpcaas/.mounts/fs-072917c00f01ae1ba/home/chuanyang/envs/fairseq2/fairseq2/src/fairseq2/recipes/common/_dataset.py", line 166, in load
    log.info("Loading the dataset.")
  File "/opt/hpcaas/.mounts/fs-072917c00f01ae1ba/home/chuanyang/envs/fairseq2/fairseq2/src/fairseq2/logging.py", line 40, in info
    self._write(logging.INFO, message, args)
  File "/opt/hpcaas/.mounts/fs-072917c00f01ae1ba/home/chuanyang/envs/fairseq2/fairseq2/src/fairseq2/logging.py", line 67, in _write
    self._logger.log(level, message, exc_info=exc_info, extra=self._NO_HIGHLIGHT)
Message: 'Loading the dataset.'
Arguments: ()
  File "/home/chuanyang/miniconda3/envs/fairseq2/bin/fairseq2", line 8, in <module>
    sys.exit(main())
  File "/opt/hpcaas/.mounts/fs-072917c00f01ae1ba/home/chuanyang/envs/fairseq2/fairseq2/src/fairseq2/cli/_main.py", line 27, in main
    exit_code = _run()
  File "/opt/hpcaas/.mounts/fs-072917c00f01ae1ba/home/chuanyang/envs/fairseq2/fairseq2/src/fairseq2/cli/_main.py", line 73, in _run
    return cli.run(context)
  File "/opt/hpcaas/.mounts/fs-072917c00f01ae1ba/home/chuanyang/envs/fairseq2/fairseq2/src/fairseq2/cli/_cli.py", line 123, in run
    return args.command.run(context, args)  # type: ignore[no-any-return]
  File "/opt/hpcaas/.mounts/fs-072917c00f01ae1ba/home/chuanyang/envs/fairseq2/fairseq2/src/fairseq2/cli/_cli.py", line 361, in run
    return self._handler.run(context, self._parser, args)
  File "/opt/hpcaas/.mounts/fs-072917c00f01ae1ba/home/chuanyang/envs/fairseq2/fairseq2/src/fairseq2/cli/commands/recipe.py", line 245, in run
    recipe = self._loader(context, config, output_dir)
--- Logging error ---
  File "/opt/hpcaas/.mounts/fs-072917c00f01ae1ba/home/chuanyang/envs/fairseq2/fairseq2/src/fairseq2/recipes/lm/_preference_finetune/_recipe.py", line 247, in load_po_finetuner
    dataset = load_dataset(PreferenceDataset, context, config, gangs)
  File "/opt/hpcaas/.mounts/fs-072917c00f01ae1ba/home/chuanyang/envs/fairseq2/fairseq2/src/fairseq2/recipes/common/_dataset.py", line 59, in load_dataset
    dataset = dataset_loader.load(recipe_config, gangs)
  File "/opt/hpcaas/.mounts/fs-072917c00f01ae1ba/home/chuanyang/envs/fairseq2/fairseq2/src/fairseq2/recipes/common/_dataset.py", line 166, in load
    log.info("Loading the dataset.")
  File "/opt/hpcaas/.mounts/fs-072917c00f01ae1ba/home/chuanyang/envs/fairseq2/fairseq2/src/fairseq2/logging.py", line 40, in info
    self._write(logging.INFO, message, args)
  File "/opt/hpcaas/.mounts/fs-072917c00f01ae1ba/home/chuanyang/envs/fairseq2/fairseq2/src/fairseq2/logging.py", line 67, in _write
--- Logging error ---
    self._logger.log(level, message, exc_info=exc_info, extra=self._NO_HIGHLIGHT)
Message: 'Loading the dataset.'
Arguments: ()
Traceback (most recent call last):
--- Logging error ---
Traceback (most recent call last):
Traceback (most recent call last):
  File "/home/chuanyang/envs/fairseq2/conda/lib/python3.10/logging/__init__.py", line 1104, in emit
    self.flush()
  File "/home/chuanyang/envs/fairseq2/conda/lib/python3.10/logging/__init__.py", line 1084, in flush
    self.stream.flush()
  File "/home/chuanyang/envs/fairseq2/conda/lib/python3.10/logging/__init__.py", line 1104, in emit
    self.flush()
  File "/home/chuanyang/envs/fairseq2/conda/lib/python3.10/logging/__init__.py", line 1084, in flush
    self.stream.flush()
  File "/home/chuanyang/envs/fairseq2/conda/lib/python3.10/logging/__init__.py", line 1104, in emit
    self.flush()
  File "/home/chuanyang/envs/fairseq2/conda/lib/python3.10/logging/__init__.py", line 1084, in flush
    self.stream.flush()
OSError: [Errno 122] Disk quota exceeded
Call stack:
OSError: [Errno 122] Disk quota exceeded
Call stack:
OSError: [Errno 122] Disk quota exceeded
Call stack:
  File "/home/chuanyang/miniconda3/envs/fairseq2/bin/fairseq2", line 8, in <module>
    sys.exit(main())
  File "/home/chuanyang/miniconda3/envs/fairseq2/bin/fairseq2", line 8, in <module>
    sys.exit(main())
  File "/opt/hpcaas/.mounts/fs-072917c00f01ae1ba/home/chuanyang/envs/fairseq2/fairseq2/src/fairseq2/cli/_main.py", line 27, in main
    exit_code = _run()
  File "/opt/hpcaas/.mounts/fs-072917c00f01ae1ba/home/chuanyang/envs/fairseq2/fairseq2/src/fairseq2/cli/_main.py", line 73, in _run
    return cli.run(context)
  File "/opt/hpcaas/.mounts/fs-072917c00f01ae1ba/home/chuanyang/envs/fairseq2/fairseq2/src/fairseq2/cli/_cli.py", line 123, in run
    return args.command.run(context, args)  # type: ignore[no-any-return]
  File "/opt/hpcaas/.mounts/fs-072917c00f01ae1ba/home/chuanyang/envs/fairseq2/fairseq2/src/fairseq2/cli/_main.py", line 27, in main
    exit_code = _run()
  File "/opt/hpcaas/.mounts/fs-072917c00f01ae1ba/home/chuanyang/envs/fairseq2/fairseq2/src/fairseq2/cli/_main.py", line 73, in _run
    return cli.run(context)
  File "/opt/hpcaas/.mounts/fs-072917c00f01ae1ba/home/chuanyang/envs/fairseq2/fairseq2/src/fairseq2/cli/_cli.py", line 123, in run
    return args.command.run(context, args)  # type: ignore[no-any-return]
  File "/opt/hpcaas/.mounts/fs-072917c00f01ae1ba/home/chuanyang/envs/fairseq2/fairseq2/src/fairseq2/cli/_cli.py", line 361, in run
    return self._handler.run(context, self._parser, args)
  File "/opt/hpcaas/.mounts/fs-072917c00f01ae1ba/home/chuanyang/envs/fairseq2/fairseq2/src/fairseq2/cli/commands/recipe.py", line 245, in run
    recipe = self._loader(context, config, output_dir)
  File "/home/chuanyang/miniconda3/envs/fairseq2/bin/fairseq2", line 8, in <module>
    sys.exit(main())
  File "/opt/hpcaas/.mounts/fs-072917c00f01ae1ba/home/chuanyang/envs/fairseq2/fairseq2/src/fairseq2/cli/_main.py", line 27, in main
    exit_code = _run()
  File "/opt/hpcaas/.mounts/fs-072917c00f01ae1ba/home/chuanyang/envs/fairseq2/fairseq2/src/fairseq2/cli/_main.py", line 73, in _run
    return cli.run(context)
  File "/opt/hpcaas/.mounts/fs-072917c00f01ae1ba/home/chuanyang/envs/fairseq2/fairseq2/src/fairseq2/cli/_cli.py", line 123, in run
    return args.command.run(context, args)  # type: ignore[no-any-return]
  File "/opt/hpcaas/.mounts/fs-072917c00f01ae1ba/home/chuanyang/envs/fairseq2/fairseq2/src/fairseq2/cli/_cli.py", line 361, in run
    return self._handler.run(context, self._parser, args)
  File "/opt/hpcaas/.mounts/fs-072917c00f01ae1ba/home/chuanyang/envs/fairseq2/fairseq2/src/fairseq2/cli/commands/recipe.py", line 245, in run
    recipe = self._loader(context, config, output_dir)
  File "/opt/hpcaas/.mounts/fs-072917c00f01ae1ba/home/chuanyang/envs/fairseq2/fairseq2/src/fairseq2/recipes/lm/_preference_finetune/_recipe.py", line 234, in load_po_finetuner
    model = setup_model(
  File "/opt/hpcaas/.mounts/fs-072917c00f01ae1ba/home/chuanyang/envs/fairseq2/fairseq2/src/fairseq2/recipes/common/_model.py", line 92, in setup_model
    log_model(log, model, gangs)
  File "/opt/hpcaas/.mounts/fs-072917c00f01ae1ba/home/chuanyang/envs/fairseq2/fairseq2/src/fairseq2/recipes/utils/log.py", line 221, in log_model
    log.info("Model (rank {}) - {} | Layout:\n{}", gangs.root.rank, s, model)
  File "/opt/hpcaas/.mounts/fs-072917c00f01ae1ba/home/chuanyang/envs/fairseq2/fairseq2/src/fairseq2/logging.py", line 40, in info
    self._write(logging.INFO, message, args)
  File "/opt/hpcaas/.mounts/fs-072917c00f01ae1ba/home/chuanyang/envs/fairseq2/fairseq2/src/fairseq2/logging.py", line 67, in _write
    self._logger.log(level, message, exc_info=exc_info, extra=self._NO_HIGHLIGHT)
  File "/opt/hpcaas/.mounts/fs-072917c00f01ae1ba/home/chuanyang/envs/fairseq2/fairseq2/src/fairseq2/recipes/lm/_preference_finetune/_recipe.py", line 247, in load_po_finetuner
    dataset = load_dataset(PreferenceDataset, context, config, gangs)
  File "/opt/hpcaas/.mounts/fs-072917c00f01ae1ba/home/chuanyang/envs/fairseq2/fairseq2/src/fairseq2/recipes/common/_dataset.py", line 59, in load_dataset
    dataset = dataset_loader.load(recipe_config, gangs)
  File "/opt/hpcaas/.mounts/fs-072917c00f01ae1ba/home/chuanyang/envs/fairseq2/fairseq2/src/fairseq2/recipes/common/_dataset.py", line 180, in load
    log.info("Dataset loaded.")
  File "/opt/hpcaas/.mounts/fs-072917c00f01ae1ba/home/chuanyang/envs/fairseq2/fairseq2/src/fairseq2/logging.py", line 40, in info
    self._write(logging.INFO, message, args)
  File "/opt/hpcaas/.mounts/fs-072917c00f01ae1ba/home/chuanyang/envs/fairseq2/fairseq2/src/fairseq2/logging.py", line 67, in _write
Message: 'Model (rank 1) - Parameter Size: 501,891,328 | Parameter Size (bytes): 1.87 GiB | Trainable Parameter Size: 501,891,328 | Trainable Parameter Size (bytes): 1.87 GiB | Buffer Size: 16,777,216 | Buffer Size (bytes): 64.00 MiB | Total Size: 518,668,544 | Total Size (bytes): 1.93 GiB | Layout:\nFullyShardedDataParallel(\n  (_fsdp_wrapped_module): TransformerDecoderModel(\n    model_dim=4096\n    (decoder_frontend): TransformerEmbeddingFrontend(\n      model_dim=4096\n      (embed): StandardEmbedding(num_embeddings=128256, embedding_dim=4096)\n      (pos_encoder): None\n      (layer_norm): None\n      (dropout): None\n    )\n    (decoder): StandardTransformerDecoder(\n      model_dim=4096, self_attn_mask_factory=CausalAttentionMaskFactory(), norm_order=PRE\n      (layers): ModuleList(\n        (0-31): 32 x FullyShardedDataParallel(\n          (_fsdp_wrapped_module): CheckpointWrapper(\n            (_checkpoint_wrapped_module): StandardTransformerDecoderLayer(\n              model_dim=4096, norm_order=PRE    self._logger.log(level, message, exc_info=exc_info, extra=self._NO_HIGHLIGHT)
\n              (self_attn_layer_norm): RMSNorm(normalized_shape=(4096,), eps=1E-05, elementwise_affine=True)\n              (self_attn): StandardMultiheadAttention(\n                num_heads=32, model_dim=4096, num_key_value_heads=8\n                (q_proj): Linear(input_dim=4096, output_dim=4096, bias=False, init_fn=init_qkv_projection)\n                (k_proj): Linear(input_dim=4096, output_dim=1024, bias=False, init_fn=init_qkv_projection)\n                (v_proj): Linear(input_dim=4096, output_dim=1024, bias=False, init_fn=init_qkv_projection)\n                (pos_encoder): RotaryEncoder(encoding_dim=128, max_seq_len=131072)\n                (sdpa): TorchSDPA(attn_dropout_p=0)\n                (output_proj): Linear(input_dim=4096, output_dim=4096, bias=False, init_fn=init_output_projection)\n              )\n              (self_attn_norm): None\n              (self_attn_dropout): None\n              (self_attn_residual): StandardResidualConnect()\n              (encoder_decoder_attn): None\n          File "/opt/hpcaas/.mounts/fs-072917c00f01ae1ba/home/chuanyang/envs/fairseq2/fairseq2/src/fairseq2/cli/_cli.py", line 361, in run
    return self._handler.run(context, self._parser, args)
  File "/opt/hpcaas/.mounts/fs-072917c00f01ae1ba/home/chuanyang/envs/fairseq2/fairseq2/src/fairseq2/cli/commands/recipe.py", line 245, in run
    recipe = self._loader(context, config, output_dir)
  File "/opt/hpcaas/.mounts/fs-072917c00f01ae1ba/home/chuanyang/envs/fairseq2/fairseq2/src/fairseq2/recipes/lm/_preference_finetune/_recipe.py", line 247, in load_po_finetuner
    dataset = load_dataset(PreferenceDataset, context, config, gangs)
  File "/opt/hpcaas/.mounts/fs-072917c00f01ae1ba/home/chuanyang/envs/fairseq2/fairseq2/src/fairseq2/recipes/common/_dataset.py", line 59, in load_dataset
    dataset = dataset_loader.load(recipe_config, gangs)
  File "/opt/hpcaas/.mounts/fs-072917c00f01ae1ba/home/chuanyang/envs/fairseq2/fairseq2/src/fairseq2/recipes/common/_dataset.py", line 180, in load
    log.info("Dataset loaded.")
      (encoder_decoder_attn_dropout): None\n              (encoder_decoder_attn_residual): None\n              (encoder_decoder_attn_layer_norm): None\n              (ffn_layer_norm): RMSNorm(normalized_shape=(4096,), eps=1E-05, elementwise_affine=True)\n              (ffn): GLUFeedForwardNetwork(\n                model_dim=4096, inner_dim_scale=0.666667, inner_dim_to_multiple=1024\n                (gate_proj): Linear(input_dim=4096, output_dim=14336, bias=False)\n                (gate_activation): SiLU()\n                (inner_proj): Linear(input_dim=4096, output_dim=14336, bias=False)\n                (inner_dropout): None\n                (output_proj): Linear(input_dim=14336, output_dim=4096, bias=False)\n              )\n              (ffn_dropout): None\n              (ffn_residual): StandardResidualConnect()\n            )\n          )\n        )\n      )\n      (layer_norm): RMSNorm(normalized_shape=(4096,), eps=1E-05, elementwise_affine=True)\n      (dropout): None\n    )\n    (final_proj): Linear(i  File "/opt/hpcaas/.mounts/fs-072917c00f01ae1ba/home/chuanyang/envs/fairseq2/fairseq2/src/fairseq2/logging.py", line 40, in info
    self._write(logging.INFO, message, args)
  File "/opt/hpcaas/.mounts/fs-072917c00f01ae1ba/home/chuanyang/envs/fairseq2/fairseq2/src/fairseq2/logging.py", line 67, in _write
    self._logger.log(level, message, exc_info=exc_info, extra=self._NO_HIGHLIGHT)
Message: 'Dataset loaded.'
Arguments: ()
nput_dim=4096, output_dim=128256, bias=False, init_fn=init_final_projection)\n  )\n)'
Arguments: ()
Message: 'Dataset loaded.'
Arguments: ()
--- Logging error ---
--- Logging error ---
Traceback (most recent call last):
Traceback (most recent call last):
  File "/home/chuanyang/envs/fairseq2/conda/lib/python3.10/logging/__init__.py", line 1104, in emit
    self.flush()
  File "/home/chuanyang/envs/fairseq2/conda/lib/python3.10/logging/__init__.py", line 1084, in flush
    self.stream.flush()
OSError: [Errno 122] Disk quota exceeded
Call stack:
  File "/home/chuanyang/envs/fairseq2/conda/lib/python3.10/logging/__init__.py", line 1104, in emit
    self.flush()
  File "/home/chuanyang/envs/fairseq2/conda/lib/python3.10/logging/__init__.py", line 1084, in flush
    self.stream.flush()
--- Logging error ---
OSError: [Errno 122] Disk quota exceeded
Call stack:
Traceback (most recent call last):
  File "/home/chuanyang/miniconda3/envs/fairseq2/bin/fairseq2", line 8, in <module>
    sys.exit(main())
  File "/opt/hpcaas/.mounts/fs-072917c00f01ae1ba/home/chuanyang/envs/fairseq2/fairseq2/src/fairseq2/cli/_main.py", line 27, in main
    exit_code = _run()
  File "/opt/hpcaas/.mounts/fs-072917c00f01ae1ba/home/chuanyang/envs/fairseq2/fairseq2/src/fairseq2/cli/_main.py", line 73, in _run
    return cli.run(context)
  File "/opt/hpcaas/.mounts/fs-072917c00f01ae1ba/home/chuanyang/envs/fairseq2/fairseq2/src/fairseq2/cli/_cli.py", line 123, in run
    return args.command.run(context, args)  # type: ignore[no-any-return]
  File "/opt/hpcaas/.mounts/fs-072917c00f01ae1ba/home/chuanyang/envs/fairseq2/fairseq2/src/fairseq2/cli/_cli.py", line 361, in run
    return self._handler.run(context, self._parser, args)
  File "/opt/hpcaas/.mounts/fs-072917c00f01ae1ba/home/chuanyang/envs/fairseq2/fairseq2/src/fairseq2/cli/commands/recipe.py", line 245, in run
    recipe = self._loader(context, config, output_dir)
  File "/home/chuanyang/envs/fairseq2/conda/lib/python3.10/logging/__init__.py", line 1104, in emit
    self.flush()
  File "/home/chuanyang/envs/fairseq2/conda/lib/python3.10/logging/__init__.py", line 1084, in flush
    self.stream.flush()
  File "/opt/hpcaas/.mounts/fs-072917c00f01ae1ba/home/chuanyang/envs/fairseq2/fairseq2/src/fairseq2/recipes/lm/_preference_finetune/_recipe.py", line 247, in load_po_finetuner
    dataset = load_dataset(PreferenceDataset, context, config, gangs)
OSError: [Errno 122] Disk quota exceeded
Call stack:
  File "/opt/hpcaas/.mounts/fs-072917c00f01ae1ba/home/chuanyang/envs/fairseq2/fairseq2/src/fairseq2/recipes/common/_dataset.py", line 59, in load_dataset
    dataset = dataset_loader.load(recipe_config, gangs)
  File "/opt/hpcaas/.mounts/fs-072917c00f01ae1ba/home/chuanyang/envs/fairseq2/fairseq2/src/fairseq2/recipes/common/_dataset.py", line 180, in load
    log.info("Dataset loaded.")
  File "/opt/hpcaas/.mounts/fs-072917c00f01ae1ba/home/chuanyang/envs/fairseq2/fairseq2/src/fairseq2/logging.py", line 40, in info
    self._write(logging.INFO, message, args)
  File "/opt/hpcaas/.mounts/fs-072917c00f01ae1ba/home/chuanyang/envs/fairseq2/fairseq2/src/fairseq2/logging.py", line 67, in _write
    self._logger.log(level, message, exc_info=exc_info, extra=self._NO_HIGHLIGHT)
Message: 'Dataset loaded.'
Arguments: ()
  File "/home/chuanyang/miniconda3/envs/fairseq2/bin/fairseq2", line 8, in <module>
    sys.exit(main())
  File "/opt/hpcaas/.mounts/fs-072917c00f01ae1ba/home/chuanyang/envs/fairseq2/fairseq2/src/fairseq2/cli/_main.py", line 27, in main
    exit_code = _run()
  File "/opt/hpcaas/.mounts/fs-072917c00f01ae1ba/home/chuanyang/envs/fairseq2/fairseq2/src/fairseq2/cli/_main.py", line 73, in _run
    return cli.run(context)
  File "/opt/hpcaas/.mounts/fs-072917c00f01ae1ba/home/chuanyang/envs/fairseq2/fairseq2/src/fairseq2/cli/_cli.py", line 123, in run
    return args.command.run(context, args)  # type: ignore[no-any-return]
  File "/opt/hpcaas/.mounts/fs-072917c00f01ae1ba/home/chuanyang/envs/fairseq2/fairseq2/src/fairseq2/cli/_cli.py", line 361, in run
    return self._handler.run(context, self._parser, args)
  File "/opt/hpcaas/.mounts/fs-072917c00f01ae1ba/home/chuanyang/envs/fairseq2/fairseq2/src/fairseq2/cli/commands/recipe.py", line 245, in run
    recipe = self._loader(context, config, output_dir)
--- Logging error ---
  File "/opt/hpcaas/.mounts/fs-072917c00f01ae1ba/home/chuanyang/envs/fairseq2/fairseq2/src/fairseq2/recipes/lm/_preference_finetune/_recipe.py", line 247, in load_po_finetuner
    dataset = load_dataset(PreferenceDataset, context, config, gangs)
  File "/opt/hpcaas/.mounts/fs-072917c00f01ae1ba/home/chuanyang/envs/fairseq2/fairseq2/src/fairseq2/recipes/common/_dataset.py", line 59, in load_dataset
    dataset = dataset_loader.load(recipe_config, gangs)
  File "/opt/hpcaas/.mounts/fs-072917c00f01ae1ba/home/chuanyang/envs/fairseq2/fairseq2/src/fairseq2/recipes/common/_dataset.py", line 166, in load
    log.info("Loading the dataset.")
  File "/opt/hpcaas/.mounts/fs-072917c00f01ae1ba/home/chuanyang/envs/fairseq2/fairseq2/src/fairseq2/logging.py", line 40, in info
    self._write(logging.INFO, message, args)
  File "/opt/hpcaas/.mounts/fs-072917c00f01ae1ba/home/chuanyang/envs/fairseq2/fairseq2/src/fairseq2/logging.py", line 67, in _write
Traceback (most recent call last):
  File "/home/chuanyang/envs/fairseq2/conda/lib/python3.10/logging/__init__.py", line 1104, in emit
    self.flush()
    self._logger.log(level, message, exc_info=exc_info, extra=self._NO_HIGHLIGHT)
Message: 'Loading the dataset.'
Arguments: ()
  File "/home/chuanyang/envs/fairseq2/conda/lib/python3.10/logging/__init__.py", line 1084, in flush
    self.stream.flush()
OSError: [Errno 122] Disk quota exceeded
  File "/home/chuanyang/miniconda3/envs/fairseq2/bin/fairseq2", line 8, in <module>
    sys.exit(main())
  File "/opt/hpcaas/.mounts/fs-072917c00f01ae1ba/home/chuanyang/envs/fairseq2/fairseq2/src/fairseq2/cli/_main.py", line 27, in main
    exit_code = _run()
Call stack:
  File "/opt/hpcaas/.mounts/fs-072917c00f01ae1ba/home/chuanyang/envs/fairseq2/fairseq2/src/fairseq2/cli/_main.py", line 73, in _run
    return cli.run(context)
  File "/opt/hpcaas/.mounts/fs-072917c00f01ae1ba/home/chuanyang/envs/fairseq2/fairseq2/src/fairseq2/cli/_cli.py", line 123, in run
    return args.command.run(context, args)  # type: ignore[no-any-return]
  File "/opt/hpcaas/.mounts/fs-072917c00f01ae1ba/home/chuanyang/envs/fairseq2/fairseq2/src/fairseq2/cli/_cli.py", line 361, in run
    return self._handler.run(context, self._parser, args)
  File "/opt/hpcaas/.mounts/fs-072917c00f01ae1ba/home/chuanyang/envs/fairseq2/fairseq2/src/fairseq2/cli/commands/recipe.py", line 245, in run
    recipe = self._loader(context, config, output_dir)
  File "/opt/hpcaas/.mounts/fs-072917c00f01ae1ba/home/chuanyang/envs/fairseq2/fairseq2/src/fairseq2/recipes/lm/_preference_finetune/_recipe.py", line 247, in load_po_finetuner
    dataset = load_dataset(PreferenceDataset, context, config, gangs)
  File "/home/chuanyang/miniconda3/envs/fairseq2/bin/fairseq2", line 8, in <module>
    sys.exit(main())
  File "/opt/hpcaas/.mounts/fs-072917c00f01ae1ba/home/chuanyang/envs/fairseq2/fairseq2/src/fairseq2/cli/_main.py", line 27, in main
    exit_code = _run()
  File "/opt/hpcaas/.mounts/fs-072917c00f01ae1ba/home/chuanyang/envs/fairseq2/fairseq2/src/fairseq2/cli/_main.py", line 73, in _run
    return cli.run(context)
  File "/opt/hpcaas/.mounts/fs-072917c00f01ae1ba/home/chuanyang/envs/fairseq2/fairseq2/src/fairseq2/cli/_cli.py", line 123, in run
    return args.command.run(context, args)  # type: ignore[no-any-return]
  File "/opt/hpcaas/.mounts/fs-072917c00f01ae1ba/home/chuanyang/envs/fairseq2/fairseq2/src/fairseq2/cli/_cli.py", line 361, in run
    return self._handler.run(context, self._parser, args)
  File "/opt/hpcaas/.mounts/fs-072917c00f01ae1ba/home/chuanyang/envs/fairseq2/fairseq2/src/fairseq2/cli/commands/recipe.py", line 245, in run
    recipe = self._loader(context, config, output_dir)
  File "/opt/hpcaas/.mounts/fs-072917c00f01ae1ba/home/chuanyang/envs/fairseq2/fairseq2/src/fairseq2/recipes/common/_dataset.py", line 59, in load_dataset
    dataset = dataset_loader.load(recipe_config, gangs)
  File "/opt/hpcaas/.mounts/fs-072917c00f01ae1ba/home/chuanyang/envs/fairseq2/fairseq2/src/fairseq2/recipes/common/_dataset.py", line 166, in load
    log.info("Loading the dataset.")
  File "/opt/hpcaas/.mounts/fs-072917c00f01ae1ba/home/chuanyang/envs/fairseq2/fairseq2/src/fairseq2/logging.py", line 40, in info
    self._write(logging.INFO, message, args)
  File "/opt/hpcaas/.mounts/fs-072917c00f01ae1ba/home/chuanyang/envs/fairseq2/fairseq2/src/fairseq2/recipes/lm/_preference_finetune/_recipe.py", line 247, in load_po_finetuner
    dataset = load_dataset(PreferenceDataset, context, config, gangs)
  File "/opt/hpcaas/.mounts/fs-072917c00f01ae1ba/home/chuanyang/envs/fairseq2/fairseq2/src/fairseq2/logging.py", line 67, in _write
    self._logger.log(level, message, exc_info=exc_info, extra=self._NO_HIGHLIGHT)
Message: 'Loading the dataset.'
Arguments: ()
  File "/opt/hpcaas/.mounts/fs-072917c00f01ae1ba/home/chuanyang/envs/fairseq2/fairseq2/src/fairseq2/recipes/common/_dataset.py", line 59, in load_dataset
    dataset = dataset_loader.load(recipe_config, gangs)
  File "/opt/hpcaas/.mounts/fs-072917c00f01ae1ba/home/chuanyang/envs/fairseq2/fairseq2/src/fairseq2/recipes/common/_dataset.py", line 180, in load
    log.info("Dataset loaded.")
  File "/opt/hpcaas/.mounts/fs-072917c00f01ae1ba/home/chuanyang/envs/fairseq2/fairseq2/src/fairseq2/logging.py", line 40, in info
    self._write(logging.INFO, message, args)
  File "/opt/hpcaas/.mounts/fs-072917c00f01ae1ba/home/chuanyang/envs/fairseq2/fairseq2/src/fairseq2/logging.py", line 67, in _write
    self._logger.log(level, message, exc_info=exc_info, extra=self._NO_HIGHLIGHT)
Message: 'Dataset loaded.'
Arguments: ()
--- Logging error ---
--- Logging error ---
Traceback (most recent call last):
--- Logging error ---
  File "/home/chuanyang/envs/fairseq2/conda/lib/python3.10/logging/__init__.py", line 1104, in emit
    self.flush()
  File "/home/chuanyang/envs/fairseq2/conda/lib/python3.10/logging/__init__.py", line 1084, in flush
    self.stream.flush()
OSError: [Errno 122] Disk quota exceeded
Traceback (most recent call last):
  File "/home/chuanyang/envs/fairseq2/conda/lib/python3.10/logging/__init__.py", line 1104, in emit
    self.flush()
  File "/home/chuanyang/envs/fairseq2/conda/lib/python3.10/logging/__init__.py", line 1084, in flush
    self.stream.flush()
Call stack:
OSError: [Errno 122] Disk quota exceeded
  File "/home/chuanyang/miniconda3/envs/fairseq2/bin/fairseq2", line 8, in <module>
    sys.exit(main())
  File "/opt/hpcaas/.mounts/fs-072917c00f01ae1ba/home/chuanyang/envs/fairseq2/fairseq2/src/fairseq2/cli/_main.py", line 27, in main
    exit_code = _run()
  File "/opt/hpcaas/.mounts/fs-072917c00f01ae1ba/home/chuanyang/envs/fairseq2/fairseq2/src/fairseq2/cli/_main.py", line 73, in _run
    return cli.run(context)
  File "/opt/hpcaas/.mounts/fs-072917c00f01ae1ba/home/chuanyang/envs/fairseq2/fairseq2/src/fairseq2/cli/_cli.py", line 123, in run
    return args.command.run(context, args)  # type: ignore[no-any-return]
  File "/opt/hpcaas/.mounts/fs-072917c00f01ae1ba/home/chuanyang/envs/fairseq2/fairseq2/src/fairseq2/cli/_cli.py", line 361, in run
    return self._handler.run(context, self._parser, args)
  File "/opt/hpcaas/.mounts/fs-072917c00f01ae1ba/home/chuanyang/envs/fairseq2/fairseq2/src/fairseq2/cli/commands/recipe.py", line 245, in run
    recipe = self._loader(context, config, output_dir)
Call stack:
  File "/opt/hpcaas/.mounts/fs-072917c00f01ae1ba/home/chuanyang/envs/fairseq2/fairseq2/src/fairseq2/recipes/lm/_preference_finetune/_recipe.py", line 247, in load_po_finetuner
    dataset = load_dataset(PreferenceDataset, context, config, gangs)
  File "/opt/hpcaas/.mounts/fs-072917c00f01ae1ba/home/chuanyang/envs/fairseq2/fairseq2/src/fairseq2/recipes/common/_dataset.py", line 59, in load_dataset
    dataset = dataset_loader.load(recipe_config, gangs)
  File "/opt/hpcaas/.mounts/fs-072917c00f01ae1ba/home/chuanyang/envs/fairseq2/fairseq2/src/fairseq2/recipes/common/_dataset.py", line 166, in load
    log.info("Loading the dataset.")
  File "/opt/hpcaas/.mounts/fs-072917c00f01ae1ba/home/chuanyang/envs/fairseq2/fairseq2/src/fairseq2/logging.py", line 40, in info
    self._write(logging.INFO, message, args)
Traceback (most recent call last):
  File "/opt/hpcaas/.mounts/fs-072917c00f01ae1ba/home/chuanyang/envs/fairseq2/fairseq2/src/fairseq2/logging.py", line 67, in _write
    self._logger.log(level, message, exc_info=exc_info, extra=self._NO_HIGHLIGHT)
Message: 'Loading the dataset.'
Arguments: ()
  File "/home/chuanyang/envs/fairseq2/conda/lib/python3.10/logging/__init__.py", line 1104, in emit
    self.flush()
  File "/home/chuanyang/envs/fairseq2/conda/lib/python3.10/logging/__init__.py", line 1084, in flush
    self.stream.flush()
[07/25/25 20:48:28] INFO     fairseq2 - Dataset loaded.                         
OSError: [Errno 122] Disk quota exceeded
Call stack:
--- Logging error ---
--- Logging error ---
--- Logging error ---
Traceback (most recent call last):
  File "/home/chuanyang/envs/fairseq2/conda/lib/python3.10/logging/__init__.py", line 1104, in emit
    self.flush()
--- Logging error ---
  File "/home/chuanyang/envs/fairseq2/conda/lib/python3.10/logging/__init__.py", line 1084, in flush
    self.stream.flush()
OSError: [Errno 122] Disk quota exceeded
Call stack:
--- Logging error ---
--- Logging error ---
Traceback (most recent call last):
  File "/home/chuanyang/envs/fairseq2/conda/lib/python3.10/logging/__init__.py", line 1104, in emit
    self.flush()
  File "/home/chuanyang/envs/fairseq2/conda/lib/python3.10/logging/__init__.py", line 1084, in flush
    self.stream.flush()
OSError: [Errno 122] Disk quota exceeded
Call stack:
Traceback (most recent call last):
  File "/home/chuanyang/envs/fairseq2/conda/lib/python3.10/logging/__init__.py", line 1104, in emit
    self.flush()
--- Logging error ---
  File "/home/chuanyang/envs/fairseq2/conda/lib/python3.10/logging/__init__.py", line 1084, in flush
    self.stream.flush()
OSError: [Errno 122] Disk quota exceeded
Traceback (most recent call last):
  File "/home/chuanyang/envs/fairseq2/conda/lib/python3.10/logging/__init__.py", line 1104, in emit
    self.flush()
  File "/home/chuanyang/envs/fairseq2/conda/lib/python3.10/logging/__init__.py", line 1084, in flush
    self.stream.flush()
Call stack:
Traceback (most recent call last):
  File "/home/chuanyang/envs/fairseq2/conda/lib/python3.10/logging/__init__.py", line 1104, in emit
    self.flush()
  File "/home/chuanyang/envs/fairseq2/conda/lib/python3.10/logging/__init__.py", line 1084, in flush
    self.stream.flush()
OSError: [Errno 122] Disk quota exceeded
  File "/home/chuanyang/miniconda3/envs/fairseq2/bin/fairseq2", line 8, in <module>
    sys.exit(main())
  File "/opt/hpcaas/.mounts/fs-072917c00f01ae1ba/home/chuanyang/envs/fairseq2/fairseq2/src/fairseq2/cli/_main.py", line 27, in main
    exit_code = _run()
  File "/opt/hpcaas/.mounts/fs-072917c00f01ae1ba/home/chuanyang/envs/fairseq2/fairseq2/src/fairseq2/cli/_main.py", line 73, in _run
    return cli.run(context)
  File "/opt/hpcaas/.mounts/fs-072917c00f01ae1ba/home/chuanyang/envs/fairseq2/fairseq2/src/fairseq2/cli/_cli.py", line 123, in run
    return args.command.run(context, args)  # type: ignore[no-any-return]
  File "/opt/hpcaas/.mounts/fs-072917c00f01ae1ba/home/chuanyang/envs/fairseq2/fairseq2/src/fairseq2/cli/_cli.py", line 361, in run
    return self._handler.run(context, self._parser, args)
  File "/opt/hpcaas/.mounts/fs-072917c00f01ae1ba/home/chuanyang/envs/fairseq2/fairseq2/src/fairseq2/cli/commands/recipe.py", line 245, in run
    recipe = self._loader(context, config, output_dir)
OSError: [Errno 122] Disk quota exceeded
Call stack:
  File "/opt/hpcaas/.mounts/fs-072917c00f01ae1ba/home/chuanyang/envs/fairseq2/fairseq2/src/fairseq2/recipes/lm/_preference_finetune/_recipe.py", line 249, in load_po_finetuner
    tokenizer = load_text_tokenizer(context, config)
  File "/opt/hpcaas/.mounts/fs-072917c00f01ae1ba/home/chuanyang/envs/fairseq2/fairseq2/src/fairseq2/recipes/common/_text_tokenizer.py", line 47, in load_text_tokenizer
    return loader.load(recipe_config)
  File "/opt/hpcaas/.mounts/fs-072917c00f01ae1ba/home/chuanyang/envs/fairseq2/fairseq2/src/fairseq2/recipes/common/_text_tokenizer.py", line 124, in load
    log.info("Loading '{}' tokenizer.", tokenizer_name)
  File "/opt/hpcaas/.mounts/fs-072917c00f01ae1ba/home/chuanyang/envs/fairseq2/fairseq2/src/fairseq2/logging.py", line 40, in info
    self._write(logging.INFO, message, args)
  File "/opt/hpcaas/.mounts/fs-072917c00f01ae1ba/home/chuanyang/envs/fairseq2/fairseq2/src/fairseq2/logging.py", line 67, in _write
Traceback (most recent call last):
  File "/home/chuanyang/envs/fairseq2/conda/lib/python3.10/logging/__init__.py", line 1104, in emit
    self.flush()
  File "/home/chuanyang/envs/fairseq2/conda/lib/python3.10/logging/__init__.py", line 1084, in flush
    self.stream.flush()
OSError: [Errno 122] Disk quota exceeded
Call stack:
    self._logger.log(level, message, exc_info=exc_info, extra=self._NO_HIGHLIGHT)
Message: "Loading 'llama3_1_8b_instruct' tokenizer."
Arguments: ()
Traceback (most recent call last):
  File "/home/chuanyang/envs/fairseq2/conda/lib/python3.10/logging/__init__.py", line 1104, in emit
    self.flush()
  File "/home/chuanyang/envs/fairseq2/conda/lib/python3.10/logging/__init__.py", line 1084, in flush
    self.stream.flush()
OSError: [Errno 122] Disk quota exceeded
Call stack:
  File "/home/chuanyang/miniconda3/envs/fairseq2/bin/fairseq2", line 8, in <module>
    sys.exit(main())
  File "/opt/hpcaas/.mounts/fs-072917c00f01ae1ba/home/chuanyang/envs/fairseq2/fairseq2/src/fairseq2/cli/_main.py", line 27, in main
    exit_code = _run()
  File "/opt/hpcaas/.mounts/fs-072917c00f01ae1ba/home/chuanyang/envs/fairseq2/fairseq2/src/fairseq2/cli/_main.py", line 73, in _run
    return cli.run(context)
  File "/opt/hpcaas/.mounts/fs-072917c00f01ae1ba/home/chuanyang/envs/fairseq2/fairseq2/src/fairseq2/cli/_cli.py", line 123, in run
    return args.command.run(context, args)  # type: ignore[no-any-return]
  File "/opt/hpcaas/.mounts/fs-072917c00f01ae1ba/home/chuanyang/envs/fairseq2/fairseq2/src/fairseq2/cli/_cli.py", line 361, in run
    return self._handler.run(context, self._parser, args)
  File "/opt/hpcaas/.mounts/fs-072917c00f01ae1ba/home/chuanyang/envs/fairseq2/fairseq2/src/fairseq2/cli/commands/recipe.py", line 245, in run
    recipe = self._loader(context, config, output_dir)
Call stack:
  File "/opt/hpcaas/.mounts/fs-072917c00f01ae1ba/home/chuanyang/envs/fairseq2/fairseq2/src/fairseq2/recipes/lm/_preference_finetune/_recipe.py", line 249, in load_po_finetuner
    tokenizer = load_text_tokenizer(context, config)
  File "/opt/hpcaas/.mounts/fs-072917c00f01ae1ba/home/chuanyang/envs/fairseq2/fairseq2/src/fairseq2/recipes/common/_text_tokenizer.py", line 47, in load_text_tokenizer
    return loader.load(recipe_config)
  File "/opt/hpcaas/.mounts/fs-072917c00f01ae1ba/home/chuanyang/envs/fairseq2/fairseq2/src/fairseq2/recipes/common/_text_tokenizer.py", line 124, in load
    log.info("Loading '{}' tokenizer.", tokenizer_name)
  File "/opt/hpcaas/.mounts/fs-072917c00f01ae1ba/home/chuanyang/envs/fairseq2/fairseq2/src/fairseq2/logging.py", line 40, in info
    self._write(logging.INFO, message, args)
  File "/opt/hpcaas/.mounts/fs-072917c00f01ae1ba/home/chuanyang/envs/fairseq2/fairseq2/src/fairseq2/logging.py", line 67, in _write
  File "/home/chuanyang/miniconda3/envs/fairseq2/bin/fairseq2", line 8, in <module>
    sys.exit(main())
  File "/opt/hpcaas/.mounts/fs-072917c00f01ae1ba/home/chuanyang/envs/fairseq2/fairseq2/src/fairseq2/cli/_main.py", line 27, in main
    exit_code = _run()
  File "/opt/hpcaas/.mounts/fs-072917c00f01ae1ba/home/chuanyang/envs/fairseq2/fairseq2/src/fairseq2/cli/_main.py", line 73, in _run
    return cli.run(context)
  File "/opt/hpcaas/.mounts/fs-072917c00f01ae1ba/home/chuanyang/envs/fairseq2/fairseq2/src/fairseq2/cli/_cli.py", line 123, in run
    return args.command.run(context, args)  # type: ignore[no-any-return]
    self._logger.log(level, message, exc_info=exc_info, extra=self._NO_HIGHLIGHT)
Message: "Loading 'llama3_1_8b_instruct' tokenizer."
Arguments: ()
  File "/opt/hpcaas/.mounts/fs-072917c00f01ae1ba/home/chuanyang/envs/fairseq2/fairseq2/src/fairseq2/cli/_cli.py", line 361, in run
    return self._handler.run(context, self._parser, args)
  File "/opt/hpcaas/.mounts/fs-072917c00f01ae1ba/home/chuanyang/envs/fairseq2/fairseq2/src/fairseq2/cli/commands/recipe.py", line 245, in run
    recipe = self._loader(context, config, output_dir)
  File "/opt/hpcaas/.mounts/fs-072917c00f01ae1ba/home/chuanyang/envs/fairseq2/fairseq2/src/fairseq2/recipes/lm/_preference_finetune/_recipe.py", line 247, in load_po_finetuner
    dataset = load_dataset(PreferenceDataset, context, config, gangs)
  File "/opt/hpcaas/.mounts/fs-072917c00f01ae1ba/home/chuanyang/envs/fairseq2/fairseq2/src/fairseq2/recipes/common/_dataset.py", line 59, in load_dataset
    dataset = dataset_loader.load(recipe_config, gangs)
  File "/opt/hpcaas/.mounts/fs-072917c00f01ae1ba/home/chuanyang/envs/fairseq2/fairseq2/src/fairseq2/recipes/common/_dataset.py", line 180, in load
    log.info("Dataset loaded.")
  File "/home/chuanyang/miniconda3/envs/fairseq2/bin/fairseq2", line 8, in <module>
    sys.exit(main())
  File "/opt/hpcaas/.mounts/fs-072917c00f01ae1ba/home/chuanyang/envs/fairseq2/fairseq2/src/fairseq2/cli/_main.py", line 27, in main
    exit_code = _run()
  File "/opt/hpcaas/.mounts/fs-072917c00f01ae1ba/home/chuanyang/envs/fairseq2/fairseq2/src/fairseq2/cli/_main.py", line 73, in _run
    return cli.run(context)
  File "/opt/hpcaas/.mounts/fs-072917c00f01ae1ba/home/chuanyang/envs/fairseq2/fairseq2/src/fairseq2/cli/_cli.py", line 123, in run
    return args.command.run(context, args)  # type: ignore[no-any-return]
  File "/opt/hpcaas/.mounts/fs-072917c00f01ae1ba/home/chuanyang/envs/fairseq2/fairseq2/src/fairseq2/cli/_cli.py", line 361, in run
    return self._handler.run(context, self._parser, args)
  File "/opt/hpcaas/.mounts/fs-072917c00f01ae1ba/home/chuanyang/envs/fairseq2/fairseq2/src/fairseq2/cli/commands/recipe.py", line 245, in run
    recipe = self._loader(context, config, output_dir)
  File "/opt/hpcaas/.mounts/fs-072917c00f01ae1ba/home/chuanyang/envs/fairseq2/fairseq2/src/fairseq2/logging.py", line 40, in info
    self._write(logging.INFO, message, args)
  File "/opt/hpcaas/.mounts/fs-072917c00f01ae1ba/home/chuanyang/envs/fairseq2/fairseq2/src/fairseq2/logging.py", line 67, in _write
    self._logger.log(level, message, exc_info=exc_info, extra=self._NO_HIGHLIGHT)
Message: 'Dataset loaded.'
Arguments: ()
  File "/opt/hpcaas/.mounts/fs-072917c00f01ae1ba/home/chuanyang/envs/fairseq2/fairseq2/src/fairseq2/recipes/lm/_preference_finetune/_recipe.py", line 249, in load_po_finetuner
    tokenizer = load_text_tokenizer(context, config)
  File "/opt/hpcaas/.mounts/fs-072917c00f01ae1ba/home/chuanyang/envs/fairseq2/fairseq2/src/fairseq2/recipes/common/_text_tokenizer.py", line 47, in load_text_tokenizer
    return loader.load(recipe_config)
  File "/opt/hpcaas/.mounts/fs-072917c00f01ae1ba/home/chuanyang/envs/fairseq2/fairseq2/src/fairseq2/recipes/common/_text_tokenizer.py", line 124, in load
    log.info("Loading '{}' tokenizer.", tokenizer_name)
  File "/opt/hpcaas/.mounts/fs-072917c00f01ae1ba/home/chuanyang/envs/fairseq2/fairseq2/src/fairseq2/logging.py", line 40, in info
    self._write(logging.INFO, message, args)
  File "/opt/hpcaas/.mounts/fs-072917c00f01ae1ba/home/chuanyang/envs/fairseq2/fairseq2/src/fairseq2/logging.py", line 67, in _write
  File "/home/chuanyang/miniconda3/envs/fairseq2/bin/fairseq2", line 8, in <module>
    sys.exit(main())
  File "/opt/hpcaas/.mounts/fs-072917c00f01ae1ba/home/chuanyang/envs/fairseq2/fairseq2/src/fairseq2/cli/_main.py", line 27, in main
    exit_code = _run()
  File "/opt/hpcaas/.mounts/fs-072917c00f01ae1ba/home/chuanyang/envs/fairseq2/fairseq2/src/fairseq2/cli/_main.py", line 73, in _run
    return cli.run(context)
  File "/opt/hpcaas/.mounts/fs-072917c00f01ae1ba/home/chuanyang/envs/fairseq2/fairseq2/src/fairseq2/cli/_cli.py", line 123, in run
    return args.command.run(context, args)  # type: ignore[no-any-return]
  File "/opt/hpcaas/.mounts/fs-072917c00f01ae1ba/home/chuanyang/envs/fairseq2/fairseq2/src/fairseq2/cli/_cli.py", line 361, in run
    return self._handler.run(context, self._parser, args)
  File "/opt/hpcaas/.mounts/fs-072917c00f01ae1ba/home/chuanyang/envs/fairseq2/fairseq2/src/fairseq2/cli/commands/recipe.py", line 245, in run
    recipe = self._loader(context, config, output_dir)
    self._logger.log(level, message, exc_info=exc_info, extra=self._NO_HIGHLIGHT)
Message: "Loading 'llama3_1_8b_instruct' tokenizer."
Arguments: ()
  File "/opt/hpcaas/.mounts/fs-072917c00f01ae1ba/home/chuanyang/envs/fairseq2/fairseq2/src/fairseq2/recipes/lm/_preference_finetune/_recipe.py", line 247, in load_po_finetuner
    dataset = load_dataset(PreferenceDataset, context, config, gangs)
  File "/opt/hpcaas/.mounts/fs-072917c00f01ae1ba/home/chuanyang/envs/fairseq2/fairseq2/src/fairseq2/recipes/common/_dataset.py", line 59, in load_dataset
    dataset = dataset_loader.load(recipe_config, gangs)
  File "/opt/hpcaas/.mounts/fs-072917c00f01ae1ba/home/chuanyang/envs/fairseq2/fairseq2/src/fairseq2/recipes/common/_dataset.py", line 180, in load
    log.info("Dataset loaded.")
  File "/opt/hpcaas/.mounts/fs-072917c00f01ae1ba/home/chuanyang/envs/fairseq2/fairseq2/src/fairseq2/logging.py", line 40, in info
    self._write(logging.INFO, message, args)
  File "/opt/hpcaas/.mounts/fs-072917c00f01ae1ba/home/chuanyang/envs/fairseq2/fairseq2/src/fairseq2/logging.py", line 67, in _write
  File "/home/chuanyang/miniconda3/envs/fairseq2/bin/fairseq2", line 8, in <module>
    sys.exit(main())
  File "/opt/hpcaas/.mounts/fs-072917c00f01ae1ba/home/chuanyang/envs/fairseq2/fairseq2/src/fairseq2/cli/_main.py", line 27, in main
    exit_code = _run()
  File "/opt/hpcaas/.mounts/fs-072917c00f01ae1ba/home/chuanyang/envs/fairseq2/fairseq2/src/fairseq2/cli/_main.py", line 73, in _run
    return cli.run(context)
  File "/opt/hpcaas/.mounts/fs-072917c00f01ae1ba/home/chuanyang/envs/fairseq2/fairseq2/src/fairseq2/cli/_cli.py", line 123, in run
    return args.command.run(context, args)  # type: ignore[no-any-return]
  File "/opt/hpcaas/.mounts/fs-072917c00f01ae1ba/home/chuanyang/envs/fairseq2/fairseq2/src/fairseq2/cli/_cli.py", line 361, in run
    return self._handler.run(context, self._parser, args)
  File "/opt/hpcaas/.mounts/fs-072917c00f01ae1ba/home/chuanyang/envs/fairseq2/fairseq2/src/fairseq2/cli/commands/recipe.py", line 245, in run
    recipe = self._loader(context, config, output_dir)
    self._logger.log(level, message, exc_info=exc_info, extra=self._NO_HIGHLIGHT)
  File "/opt/hpcaas/.mounts/fs-072917c00f01ae1ba/home/chuanyang/envs/fairseq2/fairseq2/src/fairseq2/recipes/lm/_preference_finetune/_recipe.py", line 249, in load_po_finetuner
    tokenizer = load_text_tokenizer(context, config)
  File "/home/chuanyang/miniconda3/envs/fairseq2/bin/fairseq2", line 8, in <module>
    sys.exit(main())
  File "/opt/hpcaas/.mounts/fs-072917c00f01ae1ba/home/chuanyang/envs/fairseq2/fairseq2/src/fairseq2/cli/_main.py", line 27, in main
    exit_code = _run()
  File "/opt/hpcaas/.mounts/fs-072917c00f01ae1ba/home/chuanyang/envs/fairseq2/fairseq2/src/fairseq2/cli/_main.py", line 73, in _run
    return cli.run(context)
  File "/opt/hpcaas/.mounts/fs-072917c00f01ae1ba/home/chuanyang/envs/fairseq2/fairseq2/src/fairseq2/cli/_cli.py", line 123, in run
    return args.command.run(context, args)  # type: ignore[no-any-return]
  File "/opt/hpcaas/.mounts/fs-072917c00f01ae1ba/home/chuanyang/envs/fairseq2/fairseq2/src/fairseq2/cli/_cli.py", line 361, in run
    return self._handler.run(context, self._parser, args)
  File "/opt/hpcaas/.mounts/fs-072917c00f01ae1ba/home/chuanyang/envs/fairseq2/fairseq2/src/fairseq2/cli/commands/recipe.py", line 245, in run
    recipe = self._loader(context, config, output_dir)
  File "/opt/hpcaas/.mounts/fs-072917c00f01ae1ba/home/chuanyang/envs/fairseq2/fairseq2/src/fairseq2/recipes/common/_text_tokenizer.py", line 47, in load_text_tokenizer
    return loader.load(recipe_config)
  File "/opt/hpcaas/.mounts/fs-072917c00f01ae1ba/home/chuanyang/envs/fairseq2/fairseq2/src/fairseq2/recipes/common/_text_tokenizer.py", line 124, in load
    log.info("Loading '{}' tokenizer.", tokenizer_name)
  File "/opt/hpcaas/.mounts/fs-072917c00f01ae1ba/home/chuanyang/envs/fairseq2/fairseq2/src/fairseq2/logging.py", line 40, in info
    self._write(logging.INFO, message, args)
  File "/opt/hpcaas/.mounts/fs-072917c00f01ae1ba/home/chuanyang/envs/fairseq2/fairseq2/src/fairseq2/logging.py", line 67, in _write
    self._logger.log(level, message, exc_info=exc_info, extra=self._NO_HIGHLIGHT)
Message: "Loading 'llama3_1_8b_instruct' tokenizer."
Arguments: ()
  File "/opt/hpcaas/.mounts/fs-072917c00f01ae1ba/home/chuanyang/envs/fairseq2/fairseq2/src/fairseq2/recipes/lm/_preference_finetune/_recipe.py", line 247, in load_po_finetuner
    dataset = load_dataset(PreferenceDataset, context, config, gangs)
  File "/opt/hpcaas/.mounts/fs-072917c00f01ae1ba/home/chuanyang/envs/fairseq2/fairseq2/src/fairseq2/recipes/common/_dataset.py", line 59, in load_dataset
    dataset = dataset_loader.load(recipe_config, gangs)
  File "/opt/hpcaas/.mounts/fs-072917c00f01ae1ba/home/chuanyang/envs/fairseq2/fairseq2/src/fairseq2/recipes/common/_dataset.py", line 180, in load
    log.info("Dataset loaded.")
  File "/opt/hpcaas/.mounts/fs-072917c00f01ae1ba/home/chuanyang/envs/fairseq2/fairseq2/src/fairseq2/logging.py", line 40, in info
    self._write(logging.INFO, message, args)
  File "/opt/hpcaas/.mounts/fs-072917c00f01ae1ba/home/chuanyang/envs/fairseq2/fairseq2/src/fairseq2/logging.py", line 67, in _write
--- Logging error ---
    self._logger.log(level, message, exc_info=exc_info, extra=self._NO_HIGHLIGHT)
Traceback (most recent call last):
Message: 'Dataset loaded.'
Arguments: ()
  File "/home/chuanyang/envs/fairseq2/conda/lib/python3.10/logging/__init__.py", line 1104, in emit
    self.flush()
  File "/home/chuanyang/envs/fairseq2/conda/lib/python3.10/logging/__init__.py", line 1084, in flush
    self.stream.flush()
  File "/home/chuanyang/miniconda3/envs/fairseq2/bin/fairseq2", line 8, in <module>
    sys.exit(main())
  File "/opt/hpcaas/.mounts/fs-072917c00f01ae1ba/home/chuanyang/envs/fairseq2/fairseq2/src/fairseq2/cli/_main.py", line 27, in main
    exit_code = _run()
  File "/opt/hpcaas/.mounts/fs-072917c00f01ae1ba/home/chuanyang/envs/fairseq2/fairseq2/src/fairseq2/cli/_main.py", line 73, in _run
    return cli.run(context)
  File "/opt/hpcaas/.mounts/fs-072917c00f01ae1ba/home/chuanyang/envs/fairseq2/fairseq2/src/fairseq2/cli/_cli.py", line 123, in run
    return args.command.run(context, args)  # type: ignore[no-any-return]
  File "/opt/hpcaas/.mounts/fs-072917c00f01ae1ba/home/chuanyang/envs/fairseq2/fairseq2/src/fairseq2/cli/_cli.py", line 361, in run
    return self._handler.run(context, self._parser, args)
  File "/opt/hpcaas/.mounts/fs-072917c00f01ae1ba/home/chuanyang/envs/fairseq2/fairseq2/src/fairseq2/cli/commands/recipe.py", line 245, in run
    recipe = self._loader(context, config, output_dir)
OSError: [Errno 122] Disk quota exceeded
Call stack:
  File "/opt/hpcaas/.mounts/fs-072917c00f01ae1ba/home/chuanyang/envs/fairseq2/fairseq2/src/fairseq2/recipes/lm/_preference_finetune/_recipe.py", line 247, in load_po_finetuner
    dataset = load_dataset(PreferenceDataset, context, config, gangs)
  File "/opt/hpcaas/.mounts/fs-072917c00f01ae1ba/home/chuanyang/envs/fairseq2/fairseq2/src/fairseq2/recipes/common/_dataset.py", line 59, in load_dataset
    dataset = dataset_loader.load(recipe_config, gangs)
  File "/opt/hpcaas/.mounts/fs-072917c00f01ae1ba/home/chuanyang/envs/fairseq2/fairseq2/src/fairseq2/recipes/common/_dataset.py", line 180, in load
    log.info("Dataset loaded.")
  File "/opt/hpcaas/.mounts/fs-072917c00f01ae1ba/home/chuanyang/envs/fairseq2/fairseq2/src/fairseq2/logging.py", line 40, in info
    self._write(logging.INFO, message, args)
  File "/opt/hpcaas/.mounts/fs-072917c00f01ae1ba/home/chuanyang/envs/fairseq2/fairseq2/src/fairseq2/logging.py", line 67, in _write
  File "/home/chuanyang/miniconda3/envs/fairseq2/bin/fairseq2", line 8, in <module>
    sys.exit(main())
  File "/opt/hpcaas/.mounts/fs-072917c00f01ae1ba/home/chuanyang/envs/fairseq2/fairseq2/src/fairseq2/cli/_main.py", line 27, in main
    exit_code = _run()
  File "/opt/hpcaas/.mounts/fs-072917c00f01ae1ba/home/chuanyang/envs/fairseq2/fairseq2/src/fairseq2/cli/_main.py", line 73, in _run
    return cli.run(context)
  File "/opt/hpcaas/.mounts/fs-072917c00f01ae1ba/home/chuanyang/envs/fairseq2/fairseq2/src/fairseq2/cli/_cli.py", line 123, in run
    return args.command.run(context, args)  # type: ignore[no-any-return]
  File "/opt/hpcaas/.mounts/fs-072917c00f01ae1ba/home/chuanyang/envs/fairseq2/fairseq2/src/fairseq2/cli/_cli.py", line 361, in run
    return self._handler.run(context, self._parser, args)
  File "/opt/hpcaas/.mounts/fs-072917c00f01ae1ba/home/chuanyang/envs/fairseq2/fairseq2/src/fairseq2/cli/commands/recipe.py", line 245, in run
    recipe = self._loader(context, config, output_dir)
    self._logger.log(level, message, exc_info=exc_info, extra=self._NO_HIGHLIGHT)
Message: 'Dataset loaded.'
Arguments: ()
  File "/opt/hpcaas/.mounts/fs-072917c00f01ae1ba/home/chuanyang/envs/fairseq2/fairseq2/src/fairseq2/recipes/lm/_preference_finetune/_recipe.py", line 249, in load_po_finetuner
    tokenizer = load_text_tokenizer(context, config)
  File "/opt/hpcaas/.mounts/fs-072917c00f01ae1ba/home/chuanyang/envs/fairseq2/fairseq2/src/fairseq2/recipes/common/_text_tokenizer.py", line 47, in load_text_tokenizer
    return loader.load(recipe_config)
  File "/home/chuanyang/miniconda3/envs/fairseq2/bin/fairseq2", line 8, in <module>
    sys.exit(main())
  File "/opt/hpcaas/.mounts/fs-072917c00f01ae1ba/home/chuanyang/envs/fairseq2/fairseq2/src/fairseq2/cli/_main.py", line 27, in main
    exit_code = _run()
  File "/opt/hpcaas/.mounts/fs-072917c00f01ae1ba/home/chuanyang/envs/fairseq2/fairseq2/src/fairseq2/cli/_main.py", line 73, in _run
    return cli.run(context)
  File "/opt/hpcaas/.mounts/fs-072917c00f01ae1ba/home/chuanyang/envs/fairseq2/fairseq2/src/fairseq2/cli/_cli.py", line 123, in run
    return args.command.run(context, args)  # type: ignore[no-any-return]
  File "/opt/hpcaas/.mounts/fs-072917c00f01ae1ba/home/chuanyang/envs/fairseq2/fairseq2/src/fairseq2/cli/_cli.py", line 361, in run
    return self._handler.run(context, self._parser, args)
  File "/opt/hpcaas/.mounts/fs-072917c00f01ae1ba/home/chuanyang/envs/fairseq2/fairseq2/src/fairseq2/cli/commands/recipe.py", line 245, in run
    recipe = self._loader(context, config, output_dir)
  File "/opt/hpcaas/.mounts/fs-072917c00f01ae1ba/home/chuanyang/envs/fairseq2/fairseq2/src/fairseq2/recipes/common/_text_tokenizer.py", line 128, in load
    log.info("Tokenizer loaded.")
  File "/opt/hpcaas/.mounts/fs-072917c00f01ae1ba/home/chuanyang/envs/fairseq2/fairseq2/src/fairseq2/logging.py", line 40, in info
    self._write(logging.INFO, message, args)
  File "/opt/hpcaas/.mounts/fs-072917c00f01ae1ba/home/chuanyang/envs/fairseq2/fairseq2/src/fairseq2/logging.py", line 67, in _write
    self._logger.log(level, message, exc_info=exc_info, extra=self._NO_HIGHLIGHT)
Message: 'Tokenizer loaded.'
Arguments: ()
  File "/opt/hpcaas/.mounts/fs-072917c00f01ae1ba/home/chuanyang/envs/fairseq2/fairseq2/src/fairseq2/recipes/lm/_preference_finetune/_recipe.py", line 247, in load_po_finetuner
    dataset = load_dataset(PreferenceDataset, context, config, gangs)
  File "/opt/hpcaas/.mounts/fs-072917c00f01ae1ba/home/chuanyang/envs/fairseq2/fairseq2/src/fairseq2/recipes/common/_dataset.py", line 59, in load_dataset
    dataset = dataset_loader.load(recipe_config, gangs)
  File "/opt/hpcaas/.mounts/fs-072917c00f01ae1ba/home/chuanyang/envs/fairseq2/fairseq2/src/fairseq2/recipes/common/_dataset.py", line 180, in load
    log.info("Dataset loaded.")
  File "/opt/hpcaas/.mounts/fs-072917c00f01ae1ba/home/chuanyang/envs/fairseq2/fairseq2/src/fairseq2/logging.py", line 40, in info
    self._write(logging.INFO, message, args)
  File "/opt/hpcaas/.mounts/fs-072917c00f01ae1ba/home/chuanyang/envs/fairseq2/fairseq2/src/fairseq2/logging.py", line 67, in _write
--- Logging error ---
    self._logger.log(level, message, exc_info=exc_info, extra=self._NO_HIGHLIGHT)
Message: 'Dataset loaded.'
Arguments: ()
Traceback (most recent call last):
  File "/home/chuanyang/envs/fairseq2/conda/lib/python3.10/logging/__init__.py", line 1104, in emit
    self.flush()
  File "/home/chuanyang/envs/fairseq2/conda/lib/python3.10/logging/__init__.py", line 1084, in flush
    self.stream.flush()
OSError: [Errno 122] Disk quota exceeded
Message: 'Dataset loaded.'
Arguments: ()
Call stack:
--- Logging error ---
  File "/home/chuanyang/miniconda3/envs/fairseq2/bin/fairseq2", line 8, in <module>
    sys.exit(main())
  File "/opt/hpcaas/.mounts/fs-072917c00f01ae1ba/home/chuanyang/envs/fairseq2/fairseq2/src/fairseq2/cli/_main.py", line 27, in main
    exit_code = _run()
  File "/opt/hpcaas/.mounts/fs-072917c00f01ae1ba/home/chuanyang/envs/fairseq2/fairseq2/src/fairseq2/cli/_main.py", line 73, in _run
    return cli.run(context)
  File "/opt/hpcaas/.mounts/fs-072917c00f01ae1ba/home/chuanyang/envs/fairseq2/fairseq2/src/fairseq2/cli/_cli.py", line 123, in run
    return args.command.run(context, args)  # type: ignore[no-any-return]
  File "/opt/hpcaas/.mounts/fs-072917c00f01ae1ba/home/chuanyang/envs/fairseq2/fairseq2/src/fairseq2/cli/_cli.py", line 361, in run
    return self._handler.run(context, self._parser, args)
Traceback (most recent call last):
  File "/opt/hpcaas/.mounts/fs-072917c00f01ae1ba/home/chuanyang/envs/fairseq2/fairseq2/src/fairseq2/cli/commands/recipe.py", line 245, in run
    recipe = self._loader(context, config, output_dir)
  File "/opt/hpcaas/.mounts/fs-072917c00f01ae1ba/home/chuanyang/envs/fairseq2/fairseq2/src/fairseq2/recipes/lm/_preference_finetune/_recipe.py", line 249, in load_po_finetuner
    tokenizer = load_text_tokenizer(context, config)
  File "/opt/hpcaas/.mounts/fs-072917c00f01ae1ba/home/chuanyang/envs/fairseq2/fairseq2/src/fairseq2/recipes/common/_text_tokenizer.py", line 47, in load_text_tokenizer
    return loader.load(recipe_config)
  File "/opt/hpcaas/.mounts/fs-072917c00f01ae1ba/home/chuanyang/envs/fairseq2/fairseq2/src/fairseq2/recipes/common/_text_tokenizer.py", line 128, in load
    log.info("Tokenizer loaded.")
  File "/opt/hpcaas/.mounts/fs-072917c00f01ae1ba/home/chuanyang/envs/fairseq2/fairseq2/src/fairseq2/logging.py", line 40, in info
    self._write(logging.INFO, message, args)
  File "/home/chuanyang/envs/fairseq2/conda/lib/python3.10/logging/__init__.py", line 1104, in emit
    self.flush()
  File "/home/chuanyang/envs/fairseq2/conda/lib/python3.10/logging/__init__.py", line 1084, in flush
    self.stream.flush()
  File "/opt/hpcaas/.mounts/fs-072917c00f01ae1ba/home/chuanyang/envs/fairseq2/fairseq2/src/fairseq2/logging.py", line 67, in _write
    self._logger.log(level, message, exc_info=exc_info, extra=self._NO_HIGHLIGHT)
OSError: [Errno 122] Disk quota exceeded
Call stack:
Message: 'Tokenizer loaded.'
Arguments: ()
  File "/home/chuanyang/miniconda3/envs/fairseq2/bin/fairseq2", line 8, in <module>
    sys.exit(main())
  File "/opt/hpcaas/.mounts/fs-072917c00f01ae1ba/home/chuanyang/envs/fairseq2/fairseq2/src/fairseq2/cli/_main.py", line 27, in main
    exit_code = _run()
  File "/opt/hpcaas/.mounts/fs-072917c00f01ae1ba/home/chuanyang/envs/fairseq2/fairseq2/src/fairseq2/cli/_main.py", line 73, in _run
    return cli.run(context)
  File "/opt/hpcaas/.mounts/fs-072917c00f01ae1ba/home/chuanyang/envs/fairseq2/fairseq2/src/fairseq2/cli/_cli.py", line 123, in run
    return args.command.run(context, args)  # type: ignore[no-any-return]
  File "/opt/hpcaas/.mounts/fs-072917c00f01ae1ba/home/chuanyang/envs/fairseq2/fairseq2/src/fairseq2/cli/_cli.py", line 361, in run
    return self._handler.run(context, self._parser, args)
  File "/opt/hpcaas/.mounts/fs-072917c00f01ae1ba/home/chuanyang/envs/fairseq2/fairseq2/src/fairseq2/cli/commands/recipe.py", line 245, in run
    recipe = self._loader(context, config, output_dir)
--- Logging error ---
  File "/opt/hpcaas/.mounts/fs-072917c00f01ae1ba/home/chuanyang/envs/fairseq2/fairseq2/src/fairseq2/recipes/lm/_preference_finetune/_recipe.py", line 247, in load_po_finetuner
    dataset = load_dataset(PreferenceDataset, context, config, gangs)
  File "/opt/hpcaas/.mounts/fs-072917c00f01ae1ba/home/chuanyang/envs/fairseq2/fairseq2/src/fairseq2/recipes/common/_dataset.py", line 59, in load_dataset
    dataset = dataset_loader.load(recipe_config, gangs)
  File "/opt/hpcaas/.mounts/fs-072917c00f01ae1ba/home/chuanyang/envs/fairseq2/fairseq2/src/fairseq2/recipes/common/_dataset.py", line 180, in load
    log.info("Dataset loaded.")
  File "/opt/hpcaas/.mounts/fs-072917c00f01ae1ba/home/chuanyang/envs/fairseq2/fairseq2/src/fairseq2/logging.py", line 40, in info
    self._write(logging.INFO, message, args)
  File "/opt/hpcaas/.mounts/fs-072917c00f01ae1ba/home/chuanyang/envs/fairseq2/fairseq2/src/fairseq2/logging.py", line 67, in _write
Traceback (most recent call last):
    self._logger.log(level, message, exc_info=exc_info, extra=self._NO_HIGHLIGHT)
Message: 'Dataset loaded.'
Arguments: ()
  File "/home/chuanyang/envs/fairseq2/conda/lib/python3.10/logging/__init__.py", line 1104, in emit
    self.flush()
  File "/home/chuanyang/envs/fairseq2/conda/lib/python3.10/logging/__init__.py", line 1084, in flush
    self.stream.flush()
--- Logging error ---
OSError: [Errno 122] Disk quota exceeded
Call stack:
--- Logging error ---
--- Logging error ---
--- Logging error ---
Traceback (most recent call last):
--- Logging error ---
  File "/home/chuanyang/envs/fairseq2/conda/lib/python3.10/logging/__init__.py", line 1104, in emit
    self.flush()
  File "/home/chuanyang/envs/fairseq2/conda/lib/python3.10/logging/__init__.py", line 1084, in flush
    self.stream.flush()
Traceback (most recent call last):
  File "/home/chuanyang/envs/fairseq2/conda/lib/python3.10/logging/__init__.py", line 1104, in emit
    self.flush()
  File "/home/chuanyang/envs/fairseq2/conda/lib/python3.10/logging/__init__.py", line 1084, in flush
    self.stream.flush()
OSError: [Errno 122] Disk quota exceeded
OSError: [Errno 122] Disk quota exceeded
Call stack:
--- Logging error ---
  File "/home/chuanyang/miniconda3/envs/fairseq2/bin/fairseq2", line 8, in <module>
    sys.exit(main())
  File "/opt/hpcaas/.mounts/fs-072917c00f01ae1ba/home/chuanyang/envs/fairseq2/fairseq2/src/fairseq2/cli/_main.py", line 27, in main
    exit_code = _run()
  File "/opt/hpcaas/.mounts/fs-072917c00f01ae1ba/home/chuanyang/envs/fairseq2/fairseq2/src/fairseq2/cli/_main.py", line 73, in _run
    return cli.run(context)
  File "/opt/hpcaas/.mounts/fs-072917c00f01ae1ba/home/chuanyang/envs/fairseq2/fairseq2/src/fairseq2/cli/_cli.py", line 123, in run
    return args.command.run(context, args)  # type: ignore[no-any-return]
  File "/opt/hpcaas/.mounts/fs-072917c00f01ae1ba/home/chuanyang/envs/fairseq2/fairseq2/src/fairseq2/cli/_cli.py", line 361, in run
    return self._handler.run(context, self._parser, args)
  File "/opt/hpcaas/.mounts/fs-072917c00f01ae1ba/home/chuanyang/envs/fairseq2/fairseq2/src/fairseq2/cli/commands/recipe.py", line 245, in run
    recipe = self._loader(context, config, output_dir)
Traceback (most recent call last):
  File "/home/chuanyang/envs/fairseq2/conda/lib/python3.10/logging/__init__.py", line 1104, in emit
    self.flush()
  File "/home/chuanyang/envs/fairseq2/conda/lib/python3.10/logging/__init__.py", line 1084, in flush
    self.stream.flush()
OSError: [Errno 122] Disk quota exceeded
Call stack:
  File "/opt/hpcaas/.mounts/fs-072917c00f01ae1ba/home/chuanyang/envs/fairseq2/fairseq2/src/fairseq2/recipes/lm/_preference_finetune/_recipe.py", line 259, in load_po_finetuner
    unit = unit_handler.create(model, gangs, config)
  File "/opt/hpcaas/.mounts/fs-072917c00f01ae1ba/home/chuanyang/envs/fairseq2/fairseq2/src/fairseq2/recipes/lm/_preference_finetune/_dpo.py", line 278, in create
    log.info("Setting up DPO with reference model.")
  File "/opt/hpcaas/.mounts/fs-072917c00f01ae1ba/home/chuanyang/envs/fairseq2/fairseq2/src/fairseq2/logging.py", line 40, in info
    self._write(logging.INFO, message, args)
  File "/opt/hpcaas/.mounts/fs-072917c00f01ae1ba/home/chuanyang/envs/fairseq2/fairseq2/src/fairseq2/logging.py", line 67, in _write
    self._logger.log(level, message, exc_info=exc_info, extra=self._NO_HIGHLIGHT)
Traceback (most recent call last):
  File "/home/chuanyang/envs/fairseq2/conda/lib/python3.10/logging/__init__.py", line 1104, in emit
    self.flush()
  File "/home/chuanyang/envs/fairseq2/conda/lib/python3.10/logging/__init__.py", line 1084, in flush
    self.stream.flush()
Message: 'Setting up DPO with reference model.'
Arguments: ()
Call stack:
  File "/home/chuanyang/miniconda3/envs/fairseq2/bin/fairseq2", line 8, in <module>
    sys.exit(main())
  File "/opt/hpcaas/.mounts/fs-072917c00f01ae1ba/home/chuanyang/envs/fairseq2/fairseq2/src/fairseq2/cli/_main.py", line 27, in main
    exit_code = _run()
  File "/opt/hpcaas/.mounts/fs-072917c00f01ae1ba/home/chuanyang/envs/fairseq2/fairseq2/src/fairseq2/cli/_main.py", line 73, in _run
    return cli.run(context)
  File "/opt/hpcaas/.mounts/fs-072917c00f01ae1ba/home/chuanyang/envs/fairseq2/fairseq2/src/fairseq2/cli/_cli.py", line 123, in run
    return args.command.run(context, args)  # type: ignore[no-any-return]
  File "/opt/hpcaas/.mounts/fs-072917c00f01ae1ba/home/chuanyang/envs/fairseq2/fairseq2/src/fairseq2/cli/_cli.py", line 361, in run
    return self._handler.run(context, self._parser, args)
  File "/opt/hpcaas/.mounts/fs-072917c00f01ae1ba/home/chuanyang/envs/fairseq2/fairseq2/src/fairseq2/cli/commands/recipe.py", line 245, in run
    recipe = self._loader(context, config, output_dir)
OSError: [Errno 122] Disk quota exceeded
Call stack:
  File "/opt/hpcaas/.mounts/fs-072917c00f01ae1ba/home/chuanyang/envs/fairseq2/fairseq2/src/fairseq2/recipes/lm/_preference_finetune/_recipe.py", line 259, in load_po_finetuner
    unit = unit_handler.create(model, gangs, config)
  File "/opt/hpcaas/.mounts/fs-072917c00f01ae1ba/home/chuanyang/envs/fairseq2/fairseq2/src/fairseq2/recipes/lm/_preference_finetune/_dpo.py", line 278, in create
    log.info("Setting up DPO with reference model.")
  File "/opt/hpcaas/.mounts/fs-072917c00f01ae1ba/home/chuanyang/envs/fairseq2/fairseq2/src/fairseq2/logging.py", line 40, in info
    self._write(logging.INFO, message, args)
  File "/opt/hpcaas/.mounts/fs-072917c00f01ae1ba/home/chuanyang/envs/fairseq2/fairseq2/src/fairseq2/logging.py", line 67, in _write
    self._logger.log(level, message, exc_info=exc_info, extra=self._NO_HIGHLIGHT)
Traceback (most recent call last):
  File "/home/chuanyang/envs/fairseq2/conda/lib/python3.10/logging/__init__.py", line 1104, in emit
    self.flush()
  File "/home/chuanyang/envs/fairseq2/conda/lib/python3.10/logging/__init__.py", line 1084, in flush
    self.stream.flush()
OSError: [Errno 122] Disk quota exceeded
Message: 'Setting up DPO with reference model.'
Arguments: ()
Traceback (most recent call last):
  File "/home/chuanyang/envs/fairseq2/conda/lib/python3.10/logging/__init__.py", line 1104, in emit
    self.flush()
  File "/home/chuanyang/envs/fairseq2/conda/lib/python3.10/logging/__init__.py", line 1084, in flush
    self.stream.flush()
OSError: [Errno 122] Disk quota exceeded
Call stack:
--- Logging error ---
Call stack:
Traceback (most recent call last):
--- Logging error ---
  File "/home/chuanyang/envs/fairseq2/conda/lib/python3.10/logging/__init__.py", line 1104, in emit
    self.flush()
  File "/home/chuanyang/envs/fairseq2/conda/lib/python3.10/logging/__init__.py", line 1084, in flush
    self.stream.flush()
OSError: [Errno 122] Disk quota exceeded
Call stack:
Traceback (most recent call last):
  File "/home/chuanyang/envs/fairseq2/conda/lib/python3.10/logging/__init__.py", line 1104, in emit
    self.flush()
--- Logging error ---
  File "/home/chuanyang/envs/fairseq2/conda/lib/python3.10/logging/__init__.py", line 1084, in flush
    self.stream.flush()
OSError: [Errno 122] Disk quota exceeded
Traceback (most recent call last):
Call stack:
  File "/home/chuanyang/envs/fairseq2/conda/lib/python3.10/logging/__init__.py", line 1104, in emit
    self.flush()
  File "/home/chuanyang/envs/fairseq2/conda/lib/python3.10/logging/__init__.py", line 1084, in flush
    self.stream.flush()
  File "/home/chuanyang/miniconda3/envs/fairseq2/bin/fairseq2", line 8, in <module>
    sys.exit(main())
  File "/opt/hpcaas/.mounts/fs-072917c00f01ae1ba/home/chuanyang/envs/fairseq2/fairseq2/src/fairseq2/cli/_main.py", line 27, in main
    exit_code = _run()
  File "/opt/hpcaas/.mounts/fs-072917c00f01ae1ba/home/chuanyang/envs/fairseq2/fairseq2/src/fairseq2/cli/_main.py", line 73, in _run
    return cli.run(context)
  File "/opt/hpcaas/.mounts/fs-072917c00f01ae1ba/home/chuanyang/envs/fairseq2/fairseq2/src/fairseq2/cli/_cli.py", line 123, in run
    return args.command.run(context, args)  # type: ignore[no-any-return]
  File "/opt/hpcaas/.mounts/fs-072917c00f01ae1ba/home/chuanyang/envs/fairseq2/fairseq2/src/fairseq2/cli/_cli.py", line 361, in run
    return self._handler.run(context, self._parser, args)
  File "/opt/hpcaas/.mounts/fs-072917c00f01ae1ba/home/chuanyang/envs/fairseq2/fairseq2/src/fairseq2/cli/commands/recipe.py", line 245, in run
    recipe = self._loader(context, config, output_dir)
OSError: [Errno 122] Disk quota exceeded
Call stack:
  File "/home/chuanyang/miniconda3/envs/fairseq2/bin/fairseq2", line 8, in <module>
    sys.exit(main())
  File "/opt/hpcaas/.mounts/fs-072917c00f01ae1ba/home/chuanyang/envs/fairseq2/fairseq2/src/fairseq2/cli/_main.py", line 27, in main
    exit_code = _run()
  File "/opt/hpcaas/.mounts/fs-072917c00f01ae1ba/home/chuanyang/envs/fairseq2/fairseq2/src/fairseq2/cli/_main.py", line 73, in _run
    return cli.run(context)
  File "/opt/hpcaas/.mounts/fs-072917c00f01ae1ba/home/chuanyang/envs/fairseq2/fairseq2/src/fairseq2/cli/_cli.py", line 123, in run
    return args.command.run(context, args)  # type: ignore[no-any-return]
  File "/opt/hpcaas/.mounts/fs-072917c00f01ae1ba/home/chuanyang/envs/fairseq2/fairseq2/src/fairseq2/cli/_cli.py", line 361, in run
    return self._handler.run(context, self._parser, args)
  File "/opt/hpcaas/.mounts/fs-072917c00f01ae1ba/home/chuanyang/envs/fairseq2/fairseq2/src/fairseq2/cli/commands/recipe.py", line 245, in run
    recipe = self._loader(context, config, output_dir)
--- Logging error ---
  File "/opt/hpcaas/.mounts/fs-072917c00f01ae1ba/home/chuanyang/envs/fairseq2/fairseq2/src/fairseq2/recipes/lm/_preference_finetune/_recipe.py", line 249, in load_po_finetuner
    tokenizer = load_text_tokenizer(context, config)
  File "/opt/hpcaas/.mounts/fs-072917c00f01ae1ba/home/chuanyang/envs/fairseq2/fairseq2/src/fairseq2/recipes/common/_text_tokenizer.py", line 47, in load_text_tokenizer
    return loader.load(recipe_config)
  File "/opt/hpcaas/.mounts/fs-072917c00f01ae1ba/home/chuanyang/envs/fairseq2/fairseq2/src/fairseq2/recipes/common/_text_tokenizer.py", line 124, in load
    log.info("Loading '{}' tokenizer.", tokenizer_name)
  File "/opt/hpcaas/.mounts/fs-072917c00f01ae1ba/home/chuanyang/envs/fairseq2/fairseq2/src/fairseq2/logging.py", line 40, in info
    self._write(logging.INFO, message, args)
  File "/opt/hpcaas/.mounts/fs-072917c00f01ae1ba/home/chuanyang/envs/fairseq2/fairseq2/src/fairseq2/logging.py", line 67, in _write
--- Logging error ---
    self._logger.log(level, message, exc_info=exc_info, extra=self._NO_HIGHLIGHT)
Message: "Loading 'llama3_1_8b_instruct' tokenizer."
Arguments: ()
Traceback (most recent call last):
  File "/home/chuanyang/envs/fairseq2/conda/lib/python3.10/logging/__init__.py", line 1104, in emit
    self.flush()
  File "/home/chuanyang/miniconda3/envs/fairseq2/bin/fairseq2", line 8, in <module>
    sys.exit(main())
  File "/opt/hpcaas/.mounts/fs-072917c00f01ae1ba/home/chuanyang/envs/fairseq2/fairseq2/src/fairseq2/cli/_main.py", line 27, in main
    exit_code = _run()
  File "/opt/hpcaas/.mounts/fs-072917c00f01ae1ba/home/chuanyang/envs/fairseq2/fairseq2/src/fairseq2/cli/_main.py", line 73, in _run
    return cli.run(context)
  File "/opt/hpcaas/.mounts/fs-072917c00f01ae1ba/home/chuanyang/envs/fairseq2/fairseq2/src/fairseq2/cli/_cli.py", line 123, in run
    return args.command.run(context, args)  # type: ignore[no-any-return]
  File "/opt/hpcaas/.mounts/fs-072917c00f01ae1ba/home/chuanyang/envs/fairseq2/fairseq2/src/fairseq2/cli/_cli.py", line 361, in run
    return self._handler.run(context, self._parser, args)
  File "/opt/hpcaas/.mounts/fs-072917c00f01ae1ba/home/chuanyang/envs/fairseq2/fairseq2/src/fairseq2/cli/commands/recipe.py", line 245, in run
    recipe = self._loader(context, config, output_dir)
  File "/home/chuanyang/envs/fairseq2/conda/lib/python3.10/logging/__init__.py", line 1084, in flush
    self.stream.flush()
OSError: [Errno 122] Disk quota exceeded
  File "/opt/hpcaas/.mounts/fs-072917c00f01ae1ba/home/chuanyang/envs/fairseq2/fairseq2/src/fairseq2/recipes/lm/_preference_finetune/_recipe.py", line 249, in load_po_finetuner
    tokenizer = load_text_tokenizer(context, config)
  File "/opt/hpcaas/.mounts/fs-072917c00f01ae1ba/home/chuanyang/envs/fairseq2/fairseq2/src/fairseq2/recipes/common/_text_tokenizer.py", line 47, in load_text_tokenizer
    return loader.load(recipe_config)
  File "/opt/hpcaas/.mounts/fs-072917c00f01ae1ba/home/chuanyang/envs/fairseq2/fairseq2/src/fairseq2/recipes/common/_text_tokenizer.py", line 124, in load
    log.info("Loading '{}' tokenizer.", tokenizer_name)
  File "/opt/hpcaas/.mounts/fs-072917c00f01ae1ba/home/chuanyang/envs/fairseq2/fairseq2/src/fairseq2/logging.py", line 40, in info
    self._write(logging.INFO, message, args)
  File "/opt/hpcaas/.mounts/fs-072917c00f01ae1ba/home/chuanyang/envs/fairseq2/fairseq2/src/fairseq2/logging.py", line 67, in _write
Call stack:
    self._logger.log(level, message, exc_info=exc_info, extra=self._NO_HIGHLIGHT)
Message: "Loading 'llama3_1_8b_instruct' tokenizer."
Arguments: ()
Traceback (most recent call last):
  File "/home/chuanyang/envs/fairseq2/conda/lib/python3.10/logging/__init__.py", line 1104, in emit
    self.flush()
  File "/home/chuanyang/miniconda3/envs/fairseq2/bin/fairseq2", line 8, in <module>
    sys.exit(main())
  File "/opt/hpcaas/.mounts/fs-072917c00f01ae1ba/home/chuanyang/envs/fairseq2/fairseq2/src/fairseq2/cli/_main.py", line 27, in main
    exit_code = _run()
  File "/opt/hpcaas/.mounts/fs-072917c00f01ae1ba/home/chuanyang/envs/fairseq2/fairseq2/src/fairseq2/cli/_main.py", line 73, in _run
    return cli.run(context)
  File "/opt/hpcaas/.mounts/fs-072917c00f01ae1ba/home/chuanyang/envs/fairseq2/fairseq2/src/fairseq2/cli/_cli.py", line 123, in run
    return args.command.run(context, args)  # type: ignore[no-any-return]
  File "/opt/hpcaas/.mounts/fs-072917c00f01ae1ba/home/chuanyang/envs/fairseq2/fairseq2/src/fairseq2/cli/_cli.py", line 361, in run
    return self._handler.run(context, self._parser, args)
  File "/opt/hpcaas/.mounts/fs-072917c00f01ae1ba/home/chuanyang/envs/fairseq2/fairseq2/src/fairseq2/cli/commands/recipe.py", line 245, in run
    recipe = self._loader(context, config, output_dir)
  File "/home/chuanyang/envs/fairseq2/conda/lib/python3.10/logging/__init__.py", line 1084, in flush
    self.stream.flush()
  File "/opt/hpcaas/.mounts/fs-072917c00f01ae1ba/home/chuanyang/envs/fairseq2/fairseq2/src/fairseq2/recipes/lm/_preference_finetune/_recipe.py", line 249, in load_po_finetuner
    tokenizer = load_text_tokenizer(context, config)
  File "/opt/hpcaas/.mounts/fs-072917c00f01ae1ba/home/chuanyang/envs/fairseq2/fairseq2/src/fairseq2/recipes/common/_text_tokenizer.py", line 47, in load_text_tokenizer
    return loader.load(recipe_config)
  File "/opt/hpcaas/.mounts/fs-072917c00f01ae1ba/home/chuanyang/envs/fairseq2/fairseq2/src/fairseq2/recipes/common/_text_tokenizer.py", line 124, in load
    log.info("Loading '{}' tokenizer.", tokenizer_name)
  File "/opt/hpcaas/.mounts/fs-072917c00f01ae1ba/home/chuanyang/envs/fairseq2/fairseq2/src/fairseq2/logging.py", line 40, in info
    self._write(logging.INFO, message, args)
  File "/opt/hpcaas/.mounts/fs-072917c00f01ae1ba/home/chuanyang/envs/fairseq2/fairseq2/src/fairseq2/logging.py", line 67, in _write
OSError: [Errno 122] Disk quota exceeded
Call stack:
    self._logger.log(level, message, exc_info=exc_info, extra=self._NO_HIGHLIGHT)
Message: "Loading 'llama3_1_8b_instruct' tokenizer."
Arguments: ()
  File "/home/chuanyang/miniconda3/envs/fairseq2/bin/fairseq2", line 8, in <module>
    sys.exit(main())
  File "/opt/hpcaas/.mounts/fs-072917c00f01ae1ba/home/chuanyang/envs/fairseq2/fairseq2/src/fairseq2/cli/_main.py", line 27, in main
    exit_code = _run()
  File "/opt/hpcaas/.mounts/fs-072917c00f01ae1ba/home/chuanyang/envs/fairseq2/fairseq2/src/fairseq2/cli/_main.py", line 73, in _run
    return cli.run(context)
  File "/opt/hpcaas/.mounts/fs-072917c00f01ae1ba/home/chuanyang/envs/fairseq2/fairseq2/src/fairseq2/cli/_cli.py", line 123, in run
    return args.command.run(context, args)  # type: ignore[no-any-return]
  File "/opt/hpcaas/.mounts/fs-072917c00f01ae1ba/home/chuanyang/envs/fairseq2/fairseq2/src/fairseq2/cli/_cli.py", line 361, in run
    return self._handler.run(context, self._parser, args)
  File "/opt/hpcaas/.mounts/fs-072917c00f01ae1ba/home/chuanyang/envs/fairseq2/fairseq2/src/fairseq2/cli/commands/recipe.py", line 245, in run
    recipe = self._loader(context, config, output_dir)
  File "/home/chuanyang/miniconda3/envs/fairseq2/bin/fairseq2", line 8, in <module>
    sys.exit(main())
  File "/opt/hpcaas/.mounts/fs-072917c00f01ae1ba/home/chuanyang/envs/fairseq2/fairseq2/src/fairseq2/cli/_main.py", line 27, in main
    exit_code = _run()
  File "/opt/hpcaas/.mounts/fs-072917c00f01ae1ba/home/chuanyang/envs/fairseq2/fairseq2/src/fairseq2/cli/_main.py", line 73, in _run
    return cli.run(context)
  File "/opt/hpcaas/.mounts/fs-072917c00f01ae1ba/home/chuanyang/envs/fairseq2/fairseq2/src/fairseq2/cli/_cli.py", line 123, in run
    return args.command.run(context, args)  # type: ignore[no-any-return]
  File "/opt/hpcaas/.mounts/fs-072917c00f01ae1ba/home/chuanyang/envs/fairseq2/fairseq2/src/fairseq2/cli/_cli.py", line 361, in run
    return self._handler.run(context, self._parser, args)
  File "/opt/hpcaas/.mounts/fs-072917c00f01ae1ba/home/chuanyang/envs/fairseq2/fairseq2/src/fairseq2/cli/commands/recipe.py", line 245, in run
    recipe = self._loader(context, config, output_dir)
  File "/opt/hpcaas/.mounts/fs-072917c00f01ae1ba/home/chuanyang/envs/fairseq2/fairseq2/src/fairseq2/recipes/lm/_preference_finetune/_recipe.py", line 249, in load_po_finetuner
    tokenizer = load_text_tokenizer(context, config)
  File "/opt/hpcaas/.mounts/fs-072917c00f01ae1ba/home/chuanyang/envs/fairseq2/fairseq2/src/fairseq2/recipes/lm/_preference_finetune/_recipe.py", line 249, in load_po_finetuner
    tokenizer = load_text_tokenizer(context, config)
  File "/opt/hpcaas/.mounts/fs-072917c00f01ae1ba/home/chuanyang/envs/fairseq2/fairseq2/src/fairseq2/recipes/common/_text_tokenizer.py", line 47, in load_text_tokenizer
    return loader.load(recipe_config)
  File "/opt/hpcaas/.mounts/fs-072917c00f01ae1ba/home/chuanyang/envs/fairseq2/fairseq2/src/fairseq2/recipes/common/_text_tokenizer.py", line 124, in load
    log.info("Loading '{}' tokenizer.", tokenizer_name)
  File "/opt/hpcaas/.mounts/fs-072917c00f01ae1ba/home/chuanyang/envs/fairseq2/fairseq2/src/fairseq2/logging.py", line 40, in info
    self._write(logging.INFO, message, args)
  File "/opt/hpcaas/.mounts/fs-072917c00f01ae1ba/home/chuanyang/envs/fairseq2/fairseq2/src/fairseq2/logging.py", line 67, in _write
  File "/opt/hpcaas/.mounts/fs-072917c00f01ae1ba/home/chuanyang/envs/fairseq2/fairseq2/src/fairseq2/recipes/common/_text_tokenizer.py", line 47, in load_text_tokenizer
    return loader.load(recipe_config)
  File "/opt/hpcaas/.mounts/fs-072917c00f01ae1ba/home/chuanyang/envs/fairseq2/fairseq2/src/fairseq2/recipes/common/_text_tokenizer.py", line 128, in load
    log.info("Tokenizer loaded.")
  File "/opt/hpcaas/.mounts/fs-072917c00f01ae1ba/home/chuanyang/envs/fairseq2/fairseq2/src/fairseq2/logging.py", line 40, in info
    self._write(logging.INFO, message, args)
  File "/opt/hpcaas/.mounts/fs-072917c00f01ae1ba/home/chuanyang/envs/fairseq2/fairseq2/src/fairseq2/logging.py", line 67, in _write
    self._logger.log(level, message, exc_info=exc_info, extra=self._NO_HIGHLIGHT)
Message: 'Tokenizer loaded.'
Arguments: ()
    self._logger.log(level, message, exc_info=exc_info, extra=self._NO_HIGHLIGHT)
Message: "Loading 'llama3_1_8b_instruct' tokenizer."
Arguments: ()
  File "/home/chuanyang/miniconda3/envs/fairseq2/bin/fairseq2", line 8, in <module>
    sys.exit(main())
  File "/opt/hpcaas/.mounts/fs-072917c00f01ae1ba/home/chuanyang/envs/fairseq2/fairseq2/src/fairseq2/cli/_main.py", line 27, in main
    exit_code = _run()
  File "/opt/hpcaas/.mounts/fs-072917c00f01ae1ba/home/chuanyang/envs/fairseq2/fairseq2/src/fairseq2/cli/_main.py", line 73, in _run
    return cli.run(context)
  File "/opt/hpcaas/.mounts/fs-072917c00f01ae1ba/home/chuanyang/envs/fairseq2/fairseq2/src/fairseq2/cli/_cli.py", line 123, in run
    return args.command.run(context, args)  # type: ignore[no-any-return]
  File "/opt/hpcaas/.mounts/fs-072917c00f01ae1ba/home/chuanyang/envs/fairseq2/fairseq2/src/fairseq2/cli/_cli.py", line 361, in run
    return self._handler.run(context, self._parser, args)
  File "/opt/hpcaas/.mounts/fs-072917c00f01ae1ba/home/chuanyang/envs/fairseq2/fairseq2/src/fairseq2/cli/commands/recipe.py", line 245, in run
    recipe = self._loader(context, config, output_dir)
  File "/opt/hpcaas/.mounts/fs-072917c00f01ae1ba/home/chuanyang/envs/fairseq2/fairseq2/src/fairseq2/recipes/lm/_preference_finetune/_recipe.py", line 249, in load_po_finetuner
    tokenizer = load_text_tokenizer(context, config)
  File "/opt/hpcaas/.mounts/fs-072917c00f01ae1ba/home/chuanyang/envs/fairseq2/fairseq2/src/fairseq2/recipes/common/_text_tokenizer.py", line 47, in load_text_tokenizer
    return loader.load(recipe_config)
  File "/opt/hpcaas/.mounts/fs-072917c00f01ae1ba/home/chuanyang/envs/fairseq2/fairseq2/src/fairseq2/recipes/common/_text_tokenizer.py", line 124, in load
    log.info("Loading '{}' tokenizer.", tokenizer_name)
  File "/opt/hpcaas/.mounts/fs-072917c00f01ae1ba/home/chuanyang/envs/fairseq2/fairseq2/src/fairseq2/logging.py", line 40, in info
    self._write(logging.INFO, message, args)
  File "/opt/hpcaas/.mounts/fs-072917c00f01ae1ba/home/chuanyang/envs/fairseq2/fairseq2/src/fairseq2/logging.py", line 67, in _write
  File "/opt/hpcaas/.mounts/fs-072917c00f01ae1ba/home/chuanyang/envs/fairseq2/fairseq2/src/fairseq2/recipes/lm/_preference_finetune/_recipe.py", line 249, in load_po_finetuner
    tokenizer = load_text_tokenizer(context, config)
  File "/opt/hpcaas/.mounts/fs-072917c00f01ae1ba/home/chuanyang/envs/fairseq2/fairseq2/src/fairseq2/recipes/common/_text_tokenizer.py", line 47, in load_text_tokenizer
    return loader.load(recipe_config)
    self._logger.log(level, message, exc_info=exc_info, extra=self._NO_HIGHLIGHT)
Message: "Loading 'llama3_1_8b_instruct' tokenizer."
Arguments: ()
  File "/opt/hpcaas/.mounts/fs-072917c00f01ae1ba/home/chuanyang/envs/fairseq2/fairseq2/src/fairseq2/recipes/common/_text_tokenizer.py", line 128, in load
    log.info("Tokenizer loaded.")
  File "/opt/hpcaas/.mounts/fs-072917c00f01ae1ba/home/chuanyang/envs/fairseq2/fairseq2/src/fairseq2/logging.py", line 40, in info
    self._write(logging.INFO, message, args)
  File "/opt/hpcaas/.mounts/fs-072917c00f01ae1ba/home/chuanyang/envs/fairseq2/fairseq2/src/fairseq2/logging.py", line 67, in _write
    self._logger.log(level, message, exc_info=exc_info, extra=self._NO_HIGHLIGHT)
Message: 'Tokenizer loaded.'
Arguments: ()
  File "/home/chuanyang/miniconda3/envs/fairseq2/bin/fairseq2", line 8, in <module>
    sys.exit(main())
  File "/opt/hpcaas/.mounts/fs-072917c00f01ae1ba/home/chuanyang/envs/fairseq2/fairseq2/src/fairseq2/cli/_main.py", line 27, in main
    exit_code = _run()
  File "/opt/hpcaas/.mounts/fs-072917c00f01ae1ba/home/chuanyang/envs/fairseq2/fairseq2/src/fairseq2/cli/_main.py", line 73, in _run
    return cli.run(context)
  File "/opt/hpcaas/.mounts/fs-072917c00f01ae1ba/home/chuanyang/envs/fairseq2/fairseq2/src/fairseq2/cli/_cli.py", line 123, in run
    return args.command.run(context, args)  # type: ignore[no-any-return]
  File "/opt/hpcaas/.mounts/fs-072917c00f01ae1ba/home/chuanyang/envs/fairseq2/fairseq2/src/fairseq2/cli/_cli.py", line 361, in run
    return self._handler.run(context, self._parser, args)
  File "/home/chuanyang/miniconda3/envs/fairseq2/bin/fairseq2", line 8, in <module>
    sys.exit(main())
  File "/opt/hpcaas/.mounts/fs-072917c00f01ae1ba/home/chuanyang/envs/fairseq2/fairseq2/src/fairseq2/cli/_main.py", line 27, in main
    exit_code = _run()
  File "/opt/hpcaas/.mounts/fs-072917c00f01ae1ba/home/chuanyang/envs/fairseq2/fairseq2/src/fairseq2/cli/_main.py", line 73, in _run
    return cli.run(context)
  File "/opt/hpcaas/.mounts/fs-072917c00f01ae1ba/home/chuanyang/envs/fairseq2/fairseq2/src/fairseq2/cli/_cli.py", line 123, in run
    return args.command.run(context, args)  # type: ignore[no-any-return]
  File "/opt/hpcaas/.mounts/fs-072917c00f01ae1ba/home/chuanyang/envs/fairseq2/fairseq2/src/fairseq2/cli/_cli.py", line 361, in run
    return self._handler.run(context, self._parser, args)
  File "/opt/hpcaas/.mounts/fs-072917c00f01ae1ba/home/chuanyang/envs/fairseq2/fairseq2/src/fairseq2/cli/commands/recipe.py", line 245, in run
    recipe = self._loader(context, config, output_dir)
  File "/opt/hpcaas/.mounts/fs-072917c00f01ae1ba/home/chuanyang/envs/fairseq2/fairseq2/src/fairseq2/cli/commands/recipe.py", line 245, in run
    recipe = self._loader(context, config, output_dir)
  File "/opt/hpcaas/.mounts/fs-072917c00f01ae1ba/home/chuanyang/envs/fairseq2/fairseq2/src/fairseq2/recipes/lm/_preference_finetune/_recipe.py", line 249, in load_po_finetuner
    tokenizer = load_text_tokenizer(context, config)
  File "/opt/hpcaas/.mounts/fs-072917c00f01ae1ba/home/chuanyang/envs/fairseq2/fairseq2/src/fairseq2/recipes/common/_text_tokenizer.py", line 47, in load_text_tokenizer
    return loader.load(recipe_config)
  File "/opt/hpcaas/.mounts/fs-072917c00f01ae1ba/home/chuanyang/envs/fairseq2/fairseq2/src/fairseq2/recipes/common/_text_tokenizer.py", line 124, in load
    log.info("Loading '{}' tokenizer.", tokenizer_name)
  File "/opt/hpcaas/.mounts/fs-072917c00f01ae1ba/home/chuanyang/envs/fairseq2/fairseq2/src/fairseq2/logging.py", line 40, in info
    self._write(logging.INFO, message, args)
  File "/opt/hpcaas/.mounts/fs-072917c00f01ae1ba/home/chuanyang/envs/fairseq2/fairseq2/src/fairseq2/recipes/lm/_preference_finetune/_recipe.py", line 259, in load_po_finetuner
    unit = unit_handler.create(model, gangs, config)
  File "/opt/hpcaas/.mounts/fs-072917c00f01ae1ba/home/chuanyang/envs/fairseq2/fairseq2/src/fairseq2/recipes/lm/_preference_finetune/_dpo.py", line 284, in create
    reference_model = setup_reference_model(
  File "/opt/hpcaas/.mounts/fs-072917c00f01ae1ba/home/chuanyang/envs/fairseq2/fairseq2/src/fairseq2/recipes/common/_ref_model.py", line 54, in setup_reference_model
    model = load_reference_model(kls, context, model_name, gangs, dtype, mp)
  File "/opt/hpcaas/.mounts/fs-072917c00f01ae1ba/home/chuanyang/envs/fairseq2/fairseq2/src/fairseq2/recipes/common/_ref_model.py", line 78, in load_reference_model
    return loader.load(model_name, gangs, dtype, mp)
  File "/opt/hpcaas/.mounts/fs-072917c00f01ae1ba/home/chuanyang/envs/fairseq2/fairseq2/src/fairseq2/logging.py", line 67, in _write
    self._logger.log(level, message, exc_info=exc_info, extra=self._NO_HIGHLIGHT)
Message: "Loading 'llama3_1_8b_instruct' tokenizer."
Arguments: ()
  File "/opt/hpcaas/.mounts/fs-072917c00f01ae1ba/home/chuanyang/envs/fairseq2/fairseq2/src/fairseq2/recipes/common/_ref_model.py", line 137, in load
    log.info("Loading '{}' model on data parallel rank 0.", model_name)
  File "/opt/hpcaas/.mounts/fs-072917c00f01ae1ba/home/chuanyang/envs/fairseq2/fairseq2/src/fairseq2/logging.py", line 40, in info
    self._write(logging.INFO, message, args)
                    INFO     fairseq2 - Loading 'llama3_1_8b_instruct'          
                             tokenizer.                                         
  File "/opt/hpcaas/.mounts/fs-072917c00f01ae1ba/home/chuanyang/envs/fairseq2/fairseq2/src/fairseq2/logging.py", line 67, in _write
    self._logger.log(level, message, exc_info=exc_info, extra=self._NO_HIGHLIGHT)
Message: "Loading 'llama3_1_8b_instruct' model on data parallel rank 0."
Arguments: ()
--- Logging error ---
  File "/home/chuanyang/miniconda3/envs/fairseq2/bin/fairseq2", line 8, in <module>
    sys.exit(main())
  File "/opt/hpcaas/.mounts/fs-072917c00f01ae1ba/home/chuanyang/envs/fairseq2/fairseq2/src/fairseq2/cli/_main.py", line 27, in main
    exit_code = _run()
  File "/opt/hpcaas/.mounts/fs-072917c00f01ae1ba/home/chuanyang/envs/fairseq2/fairseq2/src/fairseq2/cli/_main.py", line 73, in _run
    return cli.run(context)
  File "/opt/hpcaas/.mounts/fs-072917c00f01ae1ba/home/chuanyang/envs/fairseq2/fairseq2/src/fairseq2/cli/_cli.py", line 123, in run
    return args.command.run(context, args)  # type: ignore[no-any-return]
  File "/opt/hpcaas/.mounts/fs-072917c00f01ae1ba/home/chuanyang/envs/fairseq2/fairseq2/src/fairseq2/cli/_cli.py", line 361, in run
    return self._handler.run(context, self._parser, args)
  File "/opt/hpcaas/.mounts/fs-072917c00f01ae1ba/home/chuanyang/envs/fairseq2/fairseq2/src/fairseq2/cli/commands/recipe.py", line 245, in run
    recipe = self._loader(context, config, output_dir)
Traceback (most recent call last):
  File "/opt/hpcaas/.mounts/fs-072917c00f01ae1ba/home/chuanyang/envs/fairseq2/fairseq2/src/fairseq2/recipes/lm/_preference_finetune/_recipe.py", line 259, in load_po_finetuner
    unit = unit_handler.create(model, gangs, config)
  File "/opt/hpcaas/.mounts/fs-072917c00f01ae1ba/home/chuanyang/envs/fairseq2/fairseq2/src/fairseq2/recipes/lm/_preference_finetune/_dpo.py", line 284, in create
    reference_model = setup_reference_model(
  File "/opt/hpcaas/.mounts/fs-072917c00f01ae1ba/home/chuanyang/envs/fairseq2/fairseq2/src/fairseq2/recipes/common/_ref_model.py", line 54, in setup_reference_model
    model = load_reference_model(kls, context, model_name, gangs, dtype, mp)
  File "/opt/hpcaas/.mounts/fs-072917c00f01ae1ba/home/chuanyang/envs/fairseq2/fairseq2/src/fairseq2/recipes/common/_ref_model.py", line 78, in load_reference_model
    return loader.load(model_name, gangs, dtype, mp)
  File "/home/chuanyang/envs/fairseq2/conda/lib/python3.10/logging/__init__.py", line 1104, in emit
    self.flush()
  File "/home/chuanyang/envs/fairseq2/conda/lib/python3.10/logging/__init__.py", line 1084, in flush
    self.stream.flush()
  File "/opt/hpcaas/.mounts/fs-072917c00f01ae1ba/home/chuanyang/envs/fairseq2/fairseq2/src/fairseq2/recipes/common/_ref_model.py", line 137, in load
    log.info("Loading '{}' model on data parallel rank 0.", model_name)
  File "/opt/hpcaas/.mounts/fs-072917c00f01ae1ba/home/chuanyang/envs/fairseq2/fairseq2/src/fairseq2/logging.py", line 40, in info
    self._write(logging.INFO, message, args)
  File "/opt/hpcaas/.mounts/fs-072917c00f01ae1ba/home/chuanyang/envs/fairseq2/fairseq2/src/fairseq2/logging.py", line 67, in _write
    self._logger.log(level, message, exc_info=exc_info, extra=self._NO_HIGHLIGHT)
OSError: [Errno 122] Disk quota exceeded
Call stack:
Message: "Loading 'llama3_1_8b_instruct' model on data parallel rank 0."
Arguments: ()
  File "/home/chuanyang/miniconda3/envs/fairseq2/bin/fairseq2", line 8, in <module>
    sys.exit(main())
  File "/opt/hpcaas/.mounts/fs-072917c00f01ae1ba/home/chuanyang/envs/fairseq2/fairseq2/src/fairseq2/cli/_main.py", line 27, in main
    exit_code = _run()
  File "/opt/hpcaas/.mounts/fs-072917c00f01ae1ba/home/chuanyang/envs/fairseq2/fairseq2/src/fairseq2/cli/_main.py", line 73, in _run
    return cli.run(context)
  File "/opt/hpcaas/.mounts/fs-072917c00f01ae1ba/home/chuanyang/envs/fairseq2/fairseq2/src/fairseq2/cli/_cli.py", line 123, in run
    return args.command.run(context, args)  # type: ignore[no-any-return]
  File "/opt/hpcaas/.mounts/fs-072917c00f01ae1ba/home/chuanyang/envs/fairseq2/fairseq2/src/fairseq2/cli/_cli.py", line 361, in run
    return self._handler.run(context, self._parser, args)
  File "/opt/hpcaas/.mounts/fs-072917c00f01ae1ba/home/chuanyang/envs/fairseq2/fairseq2/src/fairseq2/cli/commands/recipe.py", line 245, in run
    recipe = self._loader(context, config, output_dir)
--- Logging error ---
  File "/opt/hpcaas/.mounts/fs-072917c00f01ae1ba/home/chuanyang/envs/fairseq2/fairseq2/src/fairseq2/recipes/lm/_preference_finetune/_recipe.py", line 249, in load_po_finetuner
    tokenizer = load_text_tokenizer(context, config)
  File "/opt/hpcaas/.mounts/fs-072917c00f01ae1ba/home/chuanyang/envs/fairseq2/fairseq2/src/fairseq2/recipes/common/_text_tokenizer.py", line 47, in load_text_tokenizer
    return loader.load(recipe_config)
  File "/opt/hpcaas/.mounts/fs-072917c00f01ae1ba/home/chuanyang/envs/fairseq2/fairseq2/src/fairseq2/recipes/common/_text_tokenizer.py", line 128, in load
    log.info("Tokenizer loaded.")
  File "/opt/hpcaas/.mounts/fs-072917c00f01ae1ba/home/chuanyang/envs/fairseq2/fairseq2/src/fairseq2/logging.py", line 40, in info
    self._write(logging.INFO, message, args)
  File "/opt/hpcaas/.mounts/fs-072917c00f01ae1ba/home/chuanyang/envs/fairseq2/fairseq2/src/fairseq2/logging.py", line 67, in _write
    self._logger.log(level, message, exc_info=exc_info, extra=self._NO_HIGHLIGHT)
--- Logging error ---
Message: 'Tokenizer loaded.'
Arguments: ()
Traceback (most recent call last):
  File "/home/chuanyang/envs/fairseq2/conda/lib/python3.10/logging/__init__.py", line 1104, in emit
    self.flush()
  File "/home/chuanyang/envs/fairseq2/conda/lib/python3.10/logging/__init__.py", line 1084, in flush
    self.stream.flush()
OSError: [Errno 122] Disk quota exceeded
--- Logging error ---
Call stack:
Traceback (most recent call last):
Traceback (most recent call last):
  File "/home/chuanyang/envs/fairseq2/conda/lib/python3.10/logging/__init__.py", line 1104, in emit
    self.flush()
  File "/home/chuanyang/envs/fairseq2/conda/lib/python3.10/logging/__init__.py", line 1084, in flush
    self.stream.flush()
OSError: [Errno 122] Disk quota exceeded
  File "/home/chuanyang/envs/fairseq2/conda/lib/python3.10/logging/__init__.py", line 1104, in emit
    self.flush()
  File "/home/chuanyang/envs/fairseq2/conda/lib/python3.10/logging/__init__.py", line 1084, in flush
    self.stream.flush()
OSError: [Errno 122] Disk quota exceeded
Call stack:
Call stack:
  File "/home/chuanyang/miniconda3/envs/fairseq2/bin/fairseq2", line 8, in <module>
    sys.exit(main())
  File "/opt/hpcaas/.mounts/fs-072917c00f01ae1ba/home/chuanyang/envs/fairseq2/fairseq2/src/fairseq2/cli/_main.py", line 27, in main
    exit_code = _run()
  File "/opt/hpcaas/.mounts/fs-072917c00f01ae1ba/home/chuanyang/envs/fairseq2/fairseq2/src/fairseq2/cli/_main.py", line 73, in _run
    return cli.run(context)
  File "/opt/hpcaas/.mounts/fs-072917c00f01ae1ba/home/chuanyang/envs/fairseq2/fairseq2/src/fairseq2/cli/_cli.py", line 123, in run
    return args.command.run(context, args)  # type: ignore[no-any-return]
  File "/opt/hpcaas/.mounts/fs-072917c00f01ae1ba/home/chuanyang/envs/fairseq2/fairseq2/src/fairseq2/cli/_cli.py", line 361, in run
    return self._handler.run(context, self._parser, args)
  File "/opt/hpcaas/.mounts/fs-072917c00f01ae1ba/home/chuanyang/envs/fairseq2/fairseq2/src/fairseq2/cli/commands/recipe.py", line 245, in run
    recipe = self._loader(context, config, output_dir)
  File "/home/chuanyang/miniconda3/envs/fairseq2/bin/fairseq2", line 8, in <module>
    sys.exit(main())
  File "/opt/hpcaas/.mounts/fs-072917c00f01ae1ba/home/chuanyang/envs/fairseq2/fairseq2/src/fairseq2/cli/_main.py", line 27, in main
    exit_code = _run()
  File "/opt/hpcaas/.mounts/fs-072917c00f01ae1ba/home/chuanyang/envs/fairseq2/fairseq2/src/fairseq2/cli/_main.py", line 73, in _run
    return cli.run(context)
  File "/opt/hpcaas/.mounts/fs-072917c00f01ae1ba/home/chuanyang/envs/fairseq2/fairseq2/src/fairseq2/cli/_cli.py", line 123, in run
    return args.command.run(context, args)  # type: ignore[no-any-return]
  File "/opt/hpcaas/.mounts/fs-072917c00f01ae1ba/home/chuanyang/envs/fairseq2/fairseq2/src/fairseq2/cli/_cli.py", line 361, in run
    return self._handler.run(context, self._parser, args)
  File "/opt/hpcaas/.mounts/fs-072917c00f01ae1ba/home/chuanyang/envs/fairseq2/fairseq2/src/fairseq2/cli/commands/recipe.py", line 245, in run
    recipe = self._loader(context, config, output_dir)
  File "/opt/hpcaas/.mounts/fs-072917c00f01ae1ba/home/chuanyang/envs/fairseq2/fairseq2/src/fairseq2/recipes/lm/_preference_finetune/_recipe.py", line 259, in load_po_finetuner
    unit = unit_handler.create(model, gangs, config)
  File "/opt/hpcaas/.mounts/fs-072917c00f01ae1ba/home/chuanyang/envs/fairseq2/fairseq2/src/fairseq2/recipes/lm/_preference_finetune/_dpo.py", line 278, in create
    log.info("Setting up DPO with reference model.")
  File "/opt/hpcaas/.mounts/fs-072917c00f01ae1ba/home/chuanyang/envs/fairseq2/fairseq2/src/fairseq2/recipes/lm/_preference_finetune/_recipe.py", line 249, in load_po_finetuner
    tokenizer = load_text_tokenizer(context, config)
  File "/home/chuanyang/miniconda3/envs/fairseq2/bin/fairseq2", line 8, in <module>
    sys.exit(main())
  File "/opt/hpcaas/.mounts/fs-072917c00f01ae1ba/home/chuanyang/envs/fairseq2/fairseq2/src/fairseq2/cli/_main.py", line 27, in main
    exit_code = _run()
  File "/opt/hpcaas/.mounts/fs-072917c00f01ae1ba/home/chuanyang/envs/fairseq2/fairseq2/src/fairseq2/cli/_main.py", line 73, in _run
    return cli.run(context)
  File "/opt/hpcaas/.mounts/fs-072917c00f01ae1ba/home/chuanyang/envs/fairseq2/fairseq2/src/fairseq2/cli/_cli.py", line 123, in run
    return args.command.run(context, args)  # type: ignore[no-any-return]
  File "/opt/hpcaas/.mounts/fs-072917c00f01ae1ba/home/chuanyang/envs/fairseq2/fairseq2/src/fairseq2/cli/_cli.py", line 361, in run
    return self._handler.run(context, self._parser, args)
  File "/opt/hpcaas/.mounts/fs-072917c00f01ae1ba/home/chuanyang/envs/fairseq2/fairseq2/src/fairseq2/cli/commands/recipe.py", line 245, in run
    recipe = self._loader(context, config, output_dir)
  File "/opt/hpcaas/.mounts/fs-072917c00f01ae1ba/home/chuanyang/envs/fairseq2/fairseq2/src/fairseq2/recipes/common/_text_tokenizer.py", line 47, in load_text_tokenizer
    return loader.load(recipe_config)
  File "/opt/hpcaas/.mounts/fs-072917c00f01ae1ba/home/chuanyang/envs/fairseq2/fairseq2/src/fairseq2/recipes/common/_text_tokenizer.py", line 128, in load
    log.info("Tokenizer loaded.")
  File "/opt/hpcaas/.mounts/fs-072917c00f01ae1ba/home/chuanyang/envs/fairseq2/fairseq2/src/fairseq2/logging.py", line 40, in info
    self._write(logging.INFO, message, args)
  File "/opt/hpcaas/.mounts/fs-072917c00f01ae1ba/home/chuanyang/envs/fairseq2/fairseq2/src/fairseq2/logging.py", line 67, in _write
    self._logger.log(level, message, exc_info=exc_info, extra=self._NO_HIGHLIGHT)
Message: 'Tokenizer loaded.'
Arguments: ()
  File "/opt/hpcaas/.mounts/fs-072917c00f01ae1ba/home/chuanyang/envs/fairseq2/fairseq2/src/fairseq2/recipes/lm/_preference_finetune/_recipe.py", line 259, in load_po_finetuner
    unit = unit_handler.create(model, gangs, config)
  File "/opt/hpcaas/.mounts/fs-072917c00f01ae1ba/home/chuanyang/envs/fairseq2/fairseq2/src/fairseq2/recipes/lm/_preference_finetune/_dpo.py", line 278, in create
    log.info("Setting up DPO with reference model.")
  File "/opt/hpcaas/.mounts/fs-072917c00f01ae1ba/home/chuanyang/envs/fairseq2/fairseq2/src/fairseq2/logging.py", line 40, in info
    self._write(logging.INFO, message, args)
  File "/opt/hpcaas/.mounts/fs-072917c00f01ae1ba/home/chuanyang/envs/fairseq2/fairseq2/src/fairseq2/logging.py", line 67, in _write
    self._logger.log(level, message, exc_info=exc_info, extra=self._NO_HIGHLIGHT)
Message: 'Setting up DPO with reference model.'
Arguments: ()
--- Logging error ---
  File "/opt/hpcaas/.mounts/fs-072917c00f01ae1ba/home/chuanyang/envs/fairseq2/fairseq2/src/fairseq2/logging.py", line 40, in info
    self._write(logging.INFO, message, args)
  File "/opt/hpcaas/.mounts/fs-072917c00f01ae1ba/home/chuanyang/envs/fairseq2/fairseq2/src/fairseq2/logging.py", line 67, in _write
    self._logger.log(level, message, exc_info=exc_info, extra=self._NO_HIGHLIGHT)
Message: 'Setting up DPO with reference model.'
Arguments: ()
Traceback (most recent call last):
--- Logging error ---
  File "/home/chuanyang/envs/fairseq2/conda/lib/python3.10/logging/__init__.py", line 1104, in emit
    self.flush()
  File "/home/chuanyang/envs/fairseq2/conda/lib/python3.10/logging/__init__.py", line 1084, in flush
    self.stream.flush()
OSError: [Errno 122] Disk quota exceeded
--- Logging error ---
Call stack:
Traceback (most recent call last):
--- Logging error ---
Traceback (most recent call last):
Traceback (most recent call last):
  File "/home/chuanyang/envs/fairseq2/conda/lib/python3.10/logging/__init__.py", line 1104, in emit
    self.flush()
  File "/home/chuanyang/envs/fairseq2/conda/lib/python3.10/logging/__init__.py", line 1084, in flush
    self.stream.flush()
OSError: [Errno 122] Disk quota exceeded
Call stack:
  File "/home/chuanyang/envs/fairseq2/conda/lib/python3.10/logging/__init__.py", line 1104, in emit
    self.flush()
  File "/home/chuanyang/envs/fairseq2/conda/lib/python3.10/logging/__init__.py", line 1084, in flush
    self.stream.flush()
OSError: [Errno 122] Disk quota exceeded
  File "/home/chuanyang/envs/fairseq2/conda/lib/python3.10/logging/__init__.py", line 1104, in emit
    self.flush()
  File "/home/chuanyang/envs/fairseq2/conda/lib/python3.10/logging/__init__.py", line 1084, in flush
    self.stream.flush()
OSError: [Errno 122] Disk quota exceeded
Call stack:
Call stack:
                    INFO     fairseq2 - Tokenizer loaded.                       
  File "/home/chuanyang/miniconda3/envs/fairseq2/bin/fairseq2", line 8, in <module>
    sys.exit(main())
  File "/opt/hpcaas/.mounts/fs-072917c00f01ae1ba/home/chuanyang/envs/fairseq2/fairseq2/src/fairseq2/cli/_main.py", line 27, in main
    exit_code = _run()
  File "/opt/hpcaas/.mounts/fs-072917c00f01ae1ba/home/chuanyang/envs/fairseq2/fairseq2/src/fairseq2/cli/_main.py", line 73, in _run
    return cli.run(context)
  File "/opt/hpcaas/.mounts/fs-072917c00f01ae1ba/home/chuanyang/envs/fairseq2/fairseq2/src/fairseq2/cli/_cli.py", line 123, in run
    return args.command.run(context, args)  # type: ignore[no-any-return]
--- Logging error ---
  File "/home/chuanyang/miniconda3/envs/fairseq2/bin/fairseq2", line 8, in <module>
    sys.exit(main())
  File "/opt/hpcaas/.mounts/fs-072917c00f01ae1ba/home/chuanyang/envs/fairseq2/fairseq2/src/fairseq2/cli/_main.py", line 27, in main
    exit_code = _run()
  File "/opt/hpcaas/.mounts/fs-072917c00f01ae1ba/home/chuanyang/envs/fairseq2/fairseq2/src/fairseq2/cli/_main.py", line 73, in _run
    return cli.run(context)
  File "/opt/hpcaas/.mounts/fs-072917c00f01ae1ba/home/chuanyang/envs/fairseq2/fairseq2/src/fairseq2/cli/_cli.py", line 123, in run
    return args.command.run(context, args)  # type: ignore[no-any-return]
  File "/opt/hpcaas/.mounts/fs-072917c00f01ae1ba/home/chuanyang/envs/fairseq2/fairseq2/src/fairseq2/cli/_cli.py", line 361, in run
    return self._handler.run(context, self._parser, args)
  File "/opt/hpcaas/.mounts/fs-072917c00f01ae1ba/home/chuanyang/envs/fairseq2/fairseq2/src/fairseq2/cli/commands/recipe.py", line 245, in run
    recipe = self._loader(context, config, output_dir)
Traceback (most recent call last):
  File "/home/chuanyang/envs/fairseq2/conda/lib/python3.10/logging/__init__.py", line 1104, in emit
    self.flush()
  File "/opt/hpcaas/.mounts/fs-072917c00f01ae1ba/home/chuanyang/envs/fairseq2/fairseq2/src/fairseq2/recipes/lm/_preference_finetune/_recipe.py", line 259, in load_po_finetuner
    unit = unit_handler.create(model, gangs, config)
  File "/opt/hpcaas/.mounts/fs-072917c00f01ae1ba/home/chuanyang/envs/fairseq2/fairseq2/src/fairseq2/recipes/lm/_preference_finetune/_dpo.py", line 284, in create
    reference_model = setup_reference_model(
  File "/opt/hpcaas/.mounts/fs-072917c00f01ae1ba/home/chuanyang/envs/fairseq2/fairseq2/src/fairseq2/recipes/common/_ref_model.py", line 54, in setup_reference_model
    model = load_reference_model(kls, context, model_name, gangs, dtype, mp)
  File "/opt/hpcaas/.mounts/fs-072917c00f01ae1ba/home/chuanyang/envs/fairseq2/fairseq2/src/fairseq2/recipes/common/_ref_model.py", line 78, in load_reference_model
    return loader.load(model_name, gangs, dtype, mp)
  File "/home/chuanyang/envs/fairseq2/conda/lib/python3.10/logging/__init__.py", line 1084, in flush
    self.stream.flush()
  File "/opt/hpcaas/.mounts/fs-072917c00f01ae1ba/home/chuanyang/envs/fairseq2/fairseq2/src/fairseq2/recipes/common/_ref_model.py", line 137, in load
    log.info("Loading '{}' model on data parallel rank 0.", model_name)
OSError: [Errno 122] Disk quota exceeded
Call stack:
  File "/opt/hpcaas/.mounts/fs-072917c00f01ae1ba/home/chuanyang/envs/fairseq2/fairseq2/src/fairseq2/cli/_cli.py", line 361, in run
    return self._handler.run(context, self._parser, args)
  File "/opt/hpcaas/.mounts/fs-072917c00f01ae1ba/home/chuanyang/envs/fairseq2/fairseq2/src/fairseq2/cli/commands/recipe.py", line 245, in run
    recipe = self._loader(context, config, output_dir)
  File "/opt/hpcaas/.mounts/fs-072917c00f01ae1ba/home/chuanyang/envs/fairseq2/fairseq2/src/fairseq2/recipes/lm/_preference_finetune/_recipe.py", line 259, in load_po_finetuner
    unit = unit_handler.create(model, gangs, config)
  File "/opt/hpcaas/.mounts/fs-072917c00f01ae1ba/home/chuanyang/envs/fairseq2/fairseq2/src/fairseq2/recipes/lm/_preference_finetune/_dpo.py", line 284, in create
    reference_model = setup_reference_model(
  File "/opt/hpcaas/.mounts/fs-072917c00f01ae1ba/home/chuanyang/envs/fairseq2/fairseq2/src/fairseq2/recipes/common/_ref_model.py", line 54, in setup_reference_model
  File "/home/chuanyang/miniconda3/envs/fairseq2/bin/fairseq2", line 8, in <module>
    sys.exit(main())
  File "/opt/hpcaas/.mounts/fs-072917c00f01ae1ba/home/chuanyang/envs/fairseq2/fairseq2/src/fairseq2/cli/_main.py", line 27, in main
    exit_code = _run()
  File "/opt/hpcaas/.mounts/fs-072917c00f01ae1ba/home/chuanyang/envs/fairseq2/fairseq2/src/fairseq2/cli/_main.py", line 73, in _run
    return cli.run(context)
  File "/opt/hpcaas/.mounts/fs-072917c00f01ae1ba/home/chuanyang/envs/fairseq2/fairseq2/src/fairseq2/cli/_cli.py", line 123, in run
    return args.command.run(context, args)  # type: ignore[no-any-return]
  File "/opt/hpcaas/.mounts/fs-072917c00f01ae1ba/home/chuanyang/envs/fairseq2/fairseq2/src/fairseq2/cli/_cli.py", line 361, in run
    return self._handler.run(context, self._parser, args)
  File "/opt/hpcaas/.mounts/fs-072917c00f01ae1ba/home/chuanyang/envs/fairseq2/fairseq2/src/fairseq2/cli/commands/recipe.py", line 245, in run
    recipe = self._loader(context, config, output_dir)
    model = load_reference_model(kls, context, model_name, gangs, dtype, mp)
  File "/opt/hpcaas/.mounts/fs-072917c00f01ae1ba/home/chuanyang/envs/fairseq2/fairseq2/src/fairseq2/recipes/common/_ref_model.py", line 78, in load_reference_model
    return loader.load(model_name, gangs, dtype, mp)
  File "/opt/hpcaas/.mounts/fs-072917c00f01ae1ba/home/chuanyang/envs/fairseq2/fairseq2/src/fairseq2/recipes/common/_ref_model.py", line 137, in load
    log.info("Loading '{}' model on data parallel rank 0.", model_name)
  File "/opt/hpcaas/.mounts/fs-072917c00f01ae1ba/home/chuanyang/envs/fairseq2/fairseq2/src/fairseq2/logging.py", line 40, in info
    self._write(logging.INFO, message, args)
  File "/opt/hpcaas/.mounts/fs-072917c00f01ae1ba/home/chuanyang/envs/fairseq2/fairseq2/src/fairseq2/logging.py", line 67, in _write
    self._logger.log(level, message, exc_info=exc_info, extra=self._NO_HIGHLIGHT)
Message: "Loading 'llama3_1_8b_instruct' model on data parallel rank 0."
Arguments: ()
  File "/opt/hpcaas/.mounts/fs-072917c00f01ae1ba/home/chuanyang/envs/fairseq2/fairseq2/src/fairseq2/recipes/lm/_preference_finetune/_recipe.py", line 259, in load_po_finetuner
    unit = unit_handler.create(model, gangs, config)
  File "/opt/hpcaas/.mounts/fs-072917c00f01ae1ba/home/chuanyang/envs/fairseq2/fairseq2/src/fairseq2/recipes/lm/_preference_finetune/_dpo.py", line 278, in create
    log.info("Setting up DPO with reference model.")
  File "/opt/hpcaas/.mounts/fs-072917c00f01ae1ba/home/chuanyang/envs/fairseq2/fairseq2/src/fairseq2/logging.py", line 40, in info
    self._write(logging.INFO, message, args)
  File "/opt/hpcaas/.mounts/fs-072917c00f01ae1ba/home/chuanyang/envs/fairseq2/fairseq2/src/fairseq2/logging.py", line 67, in _write
    self._logger.log(level, message, exc_info=exc_info, extra=self._NO_HIGHLIGHT)
Message: 'Setting up DPO with reference model.'
Arguments: ()
  File "/opt/hpcaas/.mounts/fs-072917c00f01ae1ba/home/chuanyang/envs/fairseq2/fairseq2/src/fairseq2/logging.py", line 40, in info
    self._write(logging.INFO, message, args)
  File "/opt/hpcaas/.mounts/fs-072917c00f01ae1ba/home/chuanyang/envs/fairseq2/fairseq2/src/fairseq2/logging.py", line 67, in _write
    self._logger.log(level, message, exc_info=exc_info, extra=self._NO_HIGHLIGHT)
Message: "Loading 'llama3_1_8b_instruct' model on data parallel rank 0."
Arguments: ()
  File "/home/chuanyang/miniconda3/envs/fairseq2/bin/fairseq2", line 8, in <module>
    sys.exit(main())
  File "/opt/hpcaas/.mounts/fs-072917c00f01ae1ba/home/chuanyang/envs/fairseq2/fairseq2/src/fairseq2/cli/_main.py", line 27, in main
    exit_code = _run()
  File "/opt/hpcaas/.mounts/fs-072917c00f01ae1ba/home/chuanyang/envs/fairseq2/fairseq2/src/fairseq2/cli/_main.py", line 73, in _run
    return cli.run(context)
  File "/opt/hpcaas/.mounts/fs-072917c00f01ae1ba/home/chuanyang/envs/fairseq2/fairseq2/src/fairseq2/cli/_cli.py", line 123, in run
    return args.command.run(context, args)  # type: ignore[no-any-return]
  File "/opt/hpcaas/.mounts/fs-072917c00f01ae1ba/home/chuanyang/envs/fairseq2/fairseq2/src/fairseq2/cli/_cli.py", line 361, in run
    return self._handler.run(context, self._parser, args)
  File "/opt/hpcaas/.mounts/fs-072917c00f01ae1ba/home/chuanyang/envs/fairseq2/fairseq2/src/fairseq2/cli/commands/recipe.py", line 245, in run
    recipe = self._loader(context, config, output_dir)
  File "/opt/hpcaas/.mounts/fs-072917c00f01ae1ba/home/chuanyang/envs/fairseq2/fairseq2/src/fairseq2/recipes/lm/_preference_finetune/_recipe.py", line 249, in load_po_finetuner
    tokenizer = load_text_tokenizer(context, config)
  File "/opt/hpcaas/.mounts/fs-072917c00f01ae1ba/home/chuanyang/envs/fairseq2/fairseq2/src/fairseq2/recipes/common/_text_tokenizer.py", line 47, in load_text_tokenizer
    return loader.load(recipe_config)
  File "/opt/hpcaas/.mounts/fs-072917c00f01ae1ba/home/chuanyang/envs/fairseq2/fairseq2/src/fairseq2/recipes/common/_text_tokenizer.py", line 128, in load
    log.info("Tokenizer loaded.")
  File "/opt/hpcaas/.mounts/fs-072917c00f01ae1ba/home/chuanyang/envs/fairseq2/fairseq2/src/fairseq2/logging.py", line 40, in info
    self._write(logging.INFO, message, args)
  File "/opt/hpcaas/.mounts/fs-072917c00f01ae1ba/home/chuanyang/envs/fairseq2/fairseq2/src/fairseq2/logging.py", line 67, in _write
    self._logger.log(level, message, exc_info=exc_info, extra=self._NO_HIGHLIGHT)
Message: 'Tokenizer loaded.'
Arguments: ()
  File "/home/chuanyang/miniconda3/envs/fairseq2/bin/fairseq2", line 8, in <module>
    sys.exit(main())
  File "/opt/hpcaas/.mounts/fs-072917c00f01ae1ba/home/chuanyang/envs/fairseq2/fairseq2/src/fairseq2/cli/_main.py", line 27, in main
    exit_code = _run()
  File "/opt/hpcaas/.mounts/fs-072917c00f01ae1ba/home/chuanyang/envs/fairseq2/fairseq2/src/fairseq2/cli/_main.py", line 73, in _run
    return cli.run(context)
  File "/opt/hpcaas/.mounts/fs-072917c00f01ae1ba/home/chuanyang/envs/fairseq2/fairseq2/src/fairseq2/cli/_cli.py", line 123, in run
    return args.command.run(context, args)  # type: ignore[no-any-return]
  File "/opt/hpcaas/.mounts/fs-072917c00f01ae1ba/home/chuanyang/envs/fairseq2/fairseq2/src/fairseq2/cli/_cli.py", line 361, in run
    return self._handler.run(context, self._parser, args)
  File "/opt/hpcaas/.mounts/fs-072917c00f01ae1ba/home/chuanyang/envs/fairseq2/fairseq2/src/fairseq2/cli/commands/recipe.py", line 245, in run
    recipe = self._loader(context, config, output_dir)
  File "/opt/hpcaas/.mounts/fs-072917c00f01ae1ba/home/chuanyang/envs/fairseq2/fairseq2/src/fairseq2/recipes/lm/_preference_finetune/_recipe.py", line 259, in load_po_finetuner
    unit = unit_handler.create(model, gangs, config)
  File "/opt/hpcaas/.mounts/fs-072917c00f01ae1ba/home/chuanyang/envs/fairseq2/fairseq2/src/fairseq2/recipes/lm/_preference_finetune/_dpo.py", line 278, in create
    log.info("Setting up DPO with reference model.")
  File "/opt/hpcaas/.mounts/fs-072917c00f01ae1ba/home/chuanyang/envs/fairseq2/fairseq2/src/fairseq2/logging.py", line 40, in info
    self._write(logging.INFO, message, args)
  File "/opt/hpcaas/.mounts/fs-072917c00f01ae1ba/home/chuanyang/envs/fairseq2/fairseq2/src/fairseq2/logging.py", line 67, in _write
    self._logger.log(level, message, exc_info=exc_info, extra=self._NO_HIGHLIGHT)
Message: 'Setting up DPO with reference model.'
Arguments: ()
                    INFO     fairseq2 - Setting up DPO with reference model.    
--- Logging error ---
Traceback (most recent call last):
  File "/home/chuanyang/envs/fairseq2/conda/lib/python3.10/logging/__init__.py", line 1104, in emit
    self.flush()
  File "/home/chuanyang/envs/fairseq2/conda/lib/python3.10/logging/__init__.py", line 1084, in flush
    self.stream.flush()
OSError: [Errno 122] Disk quota exceeded
Call stack:
--- Logging error ---
  File "/home/chuanyang/miniconda3/envs/fairseq2/bin/fairseq2", line 8, in <module>
    sys.exit(main())
  File "/opt/hpcaas/.mounts/fs-072917c00f01ae1ba/home/chuanyang/envs/fairseq2/fairseq2/src/fairseq2/cli/_main.py", line 27, in main
    exit_code = _run()
  File "/opt/hpcaas/.mounts/fs-072917c00f01ae1ba/home/chuanyang/envs/fairseq2/fairseq2/src/fairseq2/cli/_main.py", line 73, in _run
    return cli.run(context)
  File "/opt/hpcaas/.mounts/fs-072917c00f01ae1ba/home/chuanyang/envs/fairseq2/fairseq2/src/fairseq2/cli/_cli.py", line 123, in run
    return args.command.run(context, args)  # type: ignore[no-any-return]
  File "/opt/hpcaas/.mounts/fs-072917c00f01ae1ba/home/chuanyang/envs/fairseq2/fairseq2/src/fairseq2/cli/_cli.py", line 361, in run
    return self._handler.run(context, self._parser, args)
  File "/opt/hpcaas/.mounts/fs-072917c00f01ae1ba/home/chuanyang/envs/fairseq2/fairseq2/src/fairseq2/cli/commands/recipe.py", line 245, in run
    recipe = self._loader(context, config, output_dir)
  File "/opt/hpcaas/.mounts/fs-072917c00f01ae1ba/home/chuanyang/envs/fairseq2/fairseq2/src/fairseq2/recipes/lm/_preference_finetune/_recipe.py", line 259, in load_po_finetuner
    unit = unit_handler.create(model, gangs, config)
  File "/opt/hpcaas/.mounts/fs-072917c00f01ae1ba/home/chuanyang/envs/fairseq2/fairseq2/src/fairseq2/recipes/lm/_preference_finetune/_dpo.py", line 278, in create
    log.info("Setting up DPO with reference model.")
  File "/opt/hpcaas/.mounts/fs-072917c00f01ae1ba/home/chuanyang/envs/fairseq2/fairseq2/src/fairseq2/logging.py", line 40, in info
    self._write(logging.INFO, message, args)
  File "/opt/hpcaas/.mounts/fs-072917c00f01ae1ba/home/chuanyang/envs/fairseq2/fairseq2/src/fairseq2/logging.py", line 67, in _write
    self._logger.log(level, message, exc_info=exc_info, extra=self._NO_HIGHLIGHT)
Message: 'Setting up DPO with reference model.'
Arguments: ()
Traceback (most recent call last):
  File "/home/chuanyang/envs/fairseq2/conda/lib/python3.10/logging/__init__.py", line 1104, in emit
    self.flush()
  File "/home/chuanyang/envs/fairseq2/conda/lib/python3.10/logging/__init__.py", line 1084, in flush
    self.stream.flush()
OSError: [Errno 122] Disk quota exceeded
Call stack:
--- Logging error ---
--- Logging error ---
Traceback (most recent call last):
  File "/home/chuanyang/envs/fairseq2/conda/lib/python3.10/logging/__init__.py", line 1104, in emit
    self.flush()
  File "/home/chuanyang/envs/fairseq2/conda/lib/python3.10/logging/__init__.py", line 1084, in flush
    self.stream.flush()
OSError: [Errno 122] Disk quota exceeded
Call stack:
Traceback (most recent call last):
  File "/home/chuanyang/envs/fairseq2/conda/lib/python3.10/logging/__init__.py", line 1104, in emit
    self.flush()
  File "/home/chuanyang/envs/fairseq2/conda/lib/python3.10/logging/__init__.py", line 1084, in flush
    self.stream.flush()
OSError: [Errno 122] Disk quota exceeded
Call stack:
  File "/home/chuanyang/miniconda3/envs/fairseq2/bin/fairseq2", line 8, in <module>
    sys.exit(main())
  File "/opt/hpcaas/.mounts/fs-072917c00f01ae1ba/home/chuanyang/envs/fairseq2/fairseq2/src/fairseq2/cli/_main.py", line 27, in main
    exit_code = _run()
  File "/opt/hpcaas/.mounts/fs-072917c00f01ae1ba/home/chuanyang/envs/fairseq2/fairseq2/src/fairseq2/cli/_main.py", line 73, in _run
    return cli.run(context)
  File "/opt/hpcaas/.mounts/fs-072917c00f01ae1ba/home/chuanyang/envs/fairseq2/fairseq2/src/fairseq2/cli/_cli.py", line 123, in run
    return args.command.run(context, args)  # type: ignore[no-any-return]
  File "/opt/hpcaas/.mounts/fs-072917c00f01ae1ba/home/chuanyang/envs/fairseq2/fairseq2/src/fairseq2/cli/_cli.py", line 361, in run
    return self._handler.run(context, self._parser, args)
  File "/opt/hpcaas/.mounts/fs-072917c00f01ae1ba/home/chuanyang/envs/fairseq2/fairseq2/src/fairseq2/cli/commands/recipe.py", line 245, in run
    recipe = self._loader(context, config, output_dir)
  File "/opt/hpcaas/.mounts/fs-072917c00f01ae1ba/home/chuanyang/envs/fairseq2/fairseq2/src/fairseq2/recipes/lm/_preference_finetune/_recipe.py", line 249, in load_po_finetuner
    tokenizer = load_text_tokenizer(context, config)
  File "/opt/hpcaas/.mounts/fs-072917c00f01ae1ba/home/chuanyang/envs/fairseq2/fairseq2/src/fairseq2/recipes/common/_text_tokenizer.py", line 47, in load_text_tokenizer
    return loader.load(recipe_config)
  File "/opt/hpcaas/.mounts/fs-072917c00f01ae1ba/home/chuanyang/envs/fairseq2/fairseq2/src/fairseq2/recipes/common/_text_tokenizer.py", line 128, in load
    log.info("Tokenizer loaded.")
  File "/opt/hpcaas/.mounts/fs-072917c00f01ae1ba/home/chuanyang/envs/fairseq2/fairseq2/src/fairseq2/logging.py", line 40, in info
    self._write(logging.INFO, message, args)
  File "/opt/hpcaas/.mounts/fs-072917c00f01ae1ba/home/chuanyang/envs/fairseq2/fairseq2/src/fairseq2/logging.py", line 67, in _write
    self._logger.log(level, message, exc_info=exc_info, extra=self._NO_HIGHLIGHT)
Message: 'Tokenizer loaded.'
Arguments: ()
--- Logging error ---
Traceback (most recent call last):
  File "/home/chuanyang/envs/fairseq2/conda/lib/python3.10/logging/__init__.py", line 1104, in emit
    self.flush()
  File "/home/chuanyang/envs/fairseq2/conda/lib/python3.10/logging/__init__.py", line 1084, in flush
    self.stream.flush()
OSError: [Errno 122] Disk quota exceeded
Call stack:
  File "/home/chuanyang/miniconda3/envs/fairseq2/bin/fairseq2", line 8, in <module>
    sys.exit(main())
  File "/opt/hpcaas/.mounts/fs-072917c00f01ae1ba/home/chuanyang/envs/fairseq2/fairseq2/src/fairseq2/cli/_main.py", line 27, in main
    exit_code = _run()
  File "/opt/hpcaas/.mounts/fs-072917c00f01ae1ba/home/chuanyang/envs/fairseq2/fairseq2/src/fairseq2/cli/_main.py", line 73, in _run
    return cli.run(context)
  File "/opt/hpcaas/.mounts/fs-072917c00f01ae1ba/home/chuanyang/envs/fairseq2/fairseq2/src/fairseq2/cli/_cli.py", line 123, in run
    return args.command.run(context, args)  # type: ignore[no-any-return]
  File "/opt/hpcaas/.mounts/fs-072917c00f01ae1ba/home/chuanyang/envs/fairseq2/fairseq2/src/fairseq2/cli/_cli.py", line 361, in run
    return self._handler.run(context, self._parser, args)
  File "/opt/hpcaas/.mounts/fs-072917c00f01ae1ba/home/chuanyang/envs/fairseq2/fairseq2/src/fairseq2/cli/commands/recipe.py", line 245, in run
    recipe = self._loader(context, config, output_dir)
  File "/opt/hpcaas/.mounts/fs-072917c00f01ae1ba/home/chuanyang/envs/fairseq2/fairseq2/src/fairseq2/recipes/lm/_preference_finetune/_recipe.py", line 249, in load_po_finetuner
    tokenizer = load_text_tokenizer(context, config)
  File "/opt/hpcaas/.mounts/fs-072917c00f01ae1ba/home/chuanyang/envs/fairseq2/fairseq2/src/fairseq2/recipes/common/_text_tokenizer.py", line 47, in load_text_tokenizer
    return loader.load(recipe_config)
  File "/opt/hpcaas/.mounts/fs-072917c00f01ae1ba/home/chuanyang/envs/fairseq2/fairseq2/src/fairseq2/recipes/common/_text_tokenizer.py", line 128, in load
    log.info("Tokenizer loaded.")
  File "/opt/hpcaas/.mounts/fs-072917c00f01ae1ba/home/chuanyang/envs/fairseq2/fairseq2/src/fairseq2/logging.py", line 40, in info
    self._write(logging.INFO, message, args)
  File "/opt/hpcaas/.mounts/fs-072917c00f01ae1ba/home/chuanyang/envs/fairseq2/fairseq2/src/fairseq2/logging.py", line 67, in _write
    self._logger.log(level, message, exc_info=exc_info, extra=self._NO_HIGHLIGHT)
Message: 'Tokenizer loaded.'
Arguments: ()
  File "/home/chuanyang/miniconda3/envs/fairseq2/bin/fairseq2", line 8, in <module>
    sys.exit(main())
  File "/opt/hpcaas/.mounts/fs-072917c00f01ae1ba/home/chuanyang/envs/fairseq2/fairseq2/src/fairseq2/cli/_main.py", line 27, in main
    exit_code = _run()
  File "/opt/hpcaas/.mounts/fs-072917c00f01ae1ba/home/chuanyang/envs/fairseq2/fairseq2/src/fairseq2/cli/_main.py", line 73, in _run
    return cli.run(context)
  File "/opt/hpcaas/.mounts/fs-072917c00f01ae1ba/home/chuanyang/envs/fairseq2/fairseq2/src/fairseq2/cli/_cli.py", line 123, in run
    return args.command.run(context, args)  # type: ignore[no-any-return]
  File "/opt/hpcaas/.mounts/fs-072917c00f01ae1ba/home/chuanyang/envs/fairseq2/fairseq2/src/fairseq2/cli/_cli.py", line 361, in run
    return self._handler.run(context, self._parser, args)
  File "/opt/hpcaas/.mounts/fs-072917c00f01ae1ba/home/chuanyang/envs/fairseq2/fairseq2/src/fairseq2/cli/commands/recipe.py", line 245, in run
    recipe = self._loader(context, config, output_dir)
  File "/opt/hpcaas/.mounts/fs-072917c00f01ae1ba/home/chuanyang/envs/fairseq2/fairseq2/src/fairseq2/recipes/lm/_preference_finetune/_recipe.py", line 259, in load_po_finetuner
    unit = unit_handler.create(model, gangs, config)
  File "/opt/hpcaas/.mounts/fs-072917c00f01ae1ba/home/chuanyang/envs/fairseq2/fairseq2/src/fairseq2/recipes/lm/_preference_finetune/_dpo.py", line 284, in create
    reference_model = setup_reference_model(
  File "/opt/hpcaas/.mounts/fs-072917c00f01ae1ba/home/chuanyang/envs/fairseq2/fairseq2/src/fairseq2/recipes/common/_ref_model.py", line 54, in setup_reference_model
    model = load_reference_model(kls, context, model_name, gangs, dtype, mp)
  File "/opt/hpcaas/.mounts/fs-072917c00f01ae1ba/home/chuanyang/envs/fairseq2/fairseq2/src/fairseq2/recipes/common/_ref_model.py", line 78, in load_reference_model
    return loader.load(model_name, gangs, dtype, mp)
  File "/opt/hpcaas/.mounts/fs-072917c00f01ae1ba/home/chuanyang/envs/fairseq2/fairseq2/src/fairseq2/recipes/common/_ref_model.py", line 137, in load
    log.info("Loading '{}' model on data parallel rank 0.", model_name)
  File "/opt/hpcaas/.mounts/fs-072917c00f01ae1ba/home/chuanyang/envs/fairseq2/fairseq2/src/fairseq2/logging.py", line 40, in info
    self._write(logging.INFO, message, args)
  File "/opt/hpcaas/.mounts/fs-072917c00f01ae1ba/home/chuanyang/envs/fairseq2/fairseq2/src/fairseq2/logging.py", line 67, in _write
    self._logger.log(level, message, exc_info=exc_info, extra=self._NO_HIGHLIGHT)
Message: "Loading 'llama3_1_8b_instruct' model on data parallel rank 0."
Arguments: ()
--- Logging error ---
Traceback (most recent call last):
  File "/home/chuanyang/envs/fairseq2/conda/lib/python3.10/logging/__init__.py", line 1104, in emit
    self.flush()
  File "/home/chuanyang/envs/fairseq2/conda/lib/python3.10/logging/__init__.py", line 1084, in flush
    self.stream.flush()
--- Logging error ---
OSError: [Errno 122] Disk quota exceeded
Call stack:
  File "/home/chuanyang/miniconda3/envs/fairseq2/bin/fairseq2", line 8, in <module>
    sys.exit(main())
  File "/opt/hpcaas/.mounts/fs-072917c00f01ae1ba/home/chuanyang/envs/fairseq2/fairseq2/src/fairseq2/cli/_main.py", line 27, in main
    exit_code = _run()
  File "/opt/hpcaas/.mounts/fs-072917c00f01ae1ba/home/chuanyang/envs/fairseq2/fairseq2/src/fairseq2/cli/_main.py", line 73, in _run
    return cli.run(context)
  File "/opt/hpcaas/.mounts/fs-072917c00f01ae1ba/home/chuanyang/envs/fairseq2/fairseq2/src/fairseq2/cli/_cli.py", line 123, in run
    return args.command.run(context, args)  # type: ignore[no-any-return]
  File "/opt/hpcaas/.mounts/fs-072917c00f01ae1ba/home/chuanyang/envs/fairseq2/fairseq2/src/fairseq2/cli/_cli.py", line 361, in run
    return self._handler.run(context, self._parser, args)
  File "/opt/hpcaas/.mounts/fs-072917c00f01ae1ba/home/chuanyang/envs/fairseq2/fairseq2/src/fairseq2/cli/commands/recipe.py", line 245, in run
    recipe = self._loader(context, config, output_dir)
  File "/opt/hpcaas/.mounts/fs-072917c00f01ae1ba/home/chuanyang/envs/fairseq2/fairseq2/src/fairseq2/recipes/lm/_preference_finetune/_recipe.py", line 259, in load_po_finetuner
    unit = unit_handler.create(model, gangs, config)
  File "/opt/hpcaas/.mounts/fs-072917c00f01ae1ba/home/chuanyang/envs/fairseq2/fairseq2/src/fairseq2/recipes/lm/_preference_finetune/_dpo.py", line 284, in create
    reference_model = setup_reference_model(
  File "/opt/hpcaas/.mounts/fs-072917c00f01ae1ba/home/chuanyang/envs/fairseq2/fairseq2/src/fairseq2/recipes/common/_ref_model.py", line 54, in setup_reference_model
    model = load_reference_model(kls, context, model_name, gangs, dtype, mp)
  File "/opt/hpcaas/.mounts/fs-072917c00f01ae1ba/home/chuanyang/envs/fairseq2/fairseq2/src/fairseq2/recipes/common/_ref_model.py", line 78, in load_reference_model
    return loader.load(model_name, gangs, dtype, mp)
  File "/opt/hpcaas/.mounts/fs-072917c00f01ae1ba/home/chuanyang/envs/fairseq2/fairseq2/src/fairseq2/recipes/common/_ref_model.py", line 137, in load
    log.info("Loading '{}' model on data parallel rank 0.", model_name)
  File "/opt/hpcaas/.mounts/fs-072917c00f01ae1ba/home/chuanyang/envs/fairseq2/fairseq2/src/fairseq2/logging.py", line 40, in info
    self._write(logging.INFO, message, args)
  File "/opt/hpcaas/.mounts/fs-072917c00f01ae1ba/home/chuanyang/envs/fairseq2/fairseq2/src/fairseq2/logging.py", line 67, in _write
    self._logger.log(level, message, exc_info=exc_info, extra=self._NO_HIGHLIGHT)
Message: "Loading 'llama3_1_8b_instruct' model on data parallel rank 0."
Arguments: ()
Traceback (most recent call last):
  File "/home/chuanyang/envs/fairseq2/conda/lib/python3.10/logging/__init__.py", line 1104, in emit
    self.flush()
  File "/home/chuanyang/envs/fairseq2/conda/lib/python3.10/logging/__init__.py", line 1084, in flush
    self.stream.flush()
OSError: [Errno 122] Disk quota exceeded
Call stack:
  File "/home/chuanyang/miniconda3/envs/fairseq2/bin/fairseq2", line 8, in <module>
    sys.exit(main())
  File "/opt/hpcaas/.mounts/fs-072917c00f01ae1ba/home/chuanyang/envs/fairseq2/fairseq2/src/fairseq2/cli/_main.py", line 27, in main
    exit_code = _run()
  File "/opt/hpcaas/.mounts/fs-072917c00f01ae1ba/home/chuanyang/envs/fairseq2/fairseq2/src/fairseq2/cli/_main.py", line 73, in _run
    return cli.run(context)
  File "/opt/hpcaas/.mounts/fs-072917c00f01ae1ba/home/chuanyang/envs/fairseq2/fairseq2/src/fairseq2/cli/_cli.py", line 123, in run
    return args.command.run(context, args)  # type: ignore[no-any-return]
  File "/opt/hpcaas/.mounts/fs-072917c00f01ae1ba/home/chuanyang/envs/fairseq2/fairseq2/src/fairseq2/cli/_cli.py", line 361, in run
    return self._handler.run(context, self._parser, args)
  File "/opt/hpcaas/.mounts/fs-072917c00f01ae1ba/home/chuanyang/envs/fairseq2/fairseq2/src/fairseq2/cli/commands/recipe.py", line 245, in run
    recipe = self._loader(context, config, output_dir)
  File "/opt/hpcaas/.mounts/fs-072917c00f01ae1ba/home/chuanyang/envs/fairseq2/fairseq2/src/fairseq2/recipes/lm/_preference_finetune/_recipe.py", line 259, in load_po_finetuner
    unit = unit_handler.create(model, gangs, config)
  File "/opt/hpcaas/.mounts/fs-072917c00f01ae1ba/home/chuanyang/envs/fairseq2/fairseq2/src/fairseq2/recipes/lm/_preference_finetune/_dpo.py", line 284, in create
    reference_model = setup_reference_model(
  File "/opt/hpcaas/.mounts/fs-072917c00f01ae1ba/home/chuanyang/envs/fairseq2/fairseq2/src/fairseq2/recipes/common/_ref_model.py", line 54, in setup_reference_model
    model = load_reference_model(kls, context, model_name, gangs, dtype, mp)
  File "/opt/hpcaas/.mounts/fs-072917c00f01ae1ba/home/chuanyang/envs/fairseq2/fairseq2/src/fairseq2/recipes/common/_ref_model.py", line 78, in load_reference_model
    return loader.load(model_name, gangs, dtype, mp)
  File "/opt/hpcaas/.mounts/fs-072917c00f01ae1ba/home/chuanyang/envs/fairseq2/fairseq2/src/fairseq2/recipes/common/_ref_model.py", line 137, in load
    log.info("Loading '{}' model on data parallel rank 0.", model_name)
  File "/opt/hpcaas/.mounts/fs-072917c00f01ae1ba/home/chuanyang/envs/fairseq2/fairseq2/src/fairseq2/logging.py", line 40, in info
    self._write(logging.INFO, message, args)
  File "/opt/hpcaas/.mounts/fs-072917c00f01ae1ba/home/chuanyang/envs/fairseq2/fairseq2/src/fairseq2/logging.py", line 67, in _write
    self._logger.log(level, message, exc_info=exc_info, extra=self._NO_HIGHLIGHT)
  File "/home/chuanyang/miniconda3/envs/fairseq2/bin/fairseq2", line 8, in <module>
    sys.exit(main())
  File "/opt/hpcaas/.mounts/fs-072917c00f01ae1ba/home/chuanyang/envs/fairseq2/fairseq2/src/fairseq2/cli/_main.py", line 27, in main
    exit_code = _run()
  File "/opt/hpcaas/.mounts/fs-072917c00f01ae1ba/home/chuanyang/envs/fairseq2/fairseq2/src/fairseq2/cli/_main.py", line 73, in _run
    return cli.run(context)
  File "/opt/hpcaas/.mounts/fs-072917c00f01ae1ba/home/chuanyang/envs/fairseq2/fairseq2/src/fairseq2/cli/_cli.py", line 123, in run
    return args.command.run(context, args)  # type: ignore[no-any-return]
  File "/opt/hpcaas/.mounts/fs-072917c00f01ae1ba/home/chuanyang/envs/fairseq2/fairseq2/src/fairseq2/cli/_cli.py", line 361, in run
    return self._handler.run(context, self._parser, args)
  File "/opt/hpcaas/.mounts/fs-072917c00f01ae1ba/home/chuanyang/envs/fairseq2/fairseq2/src/fairseq2/cli/commands/recipe.py", line 245, in run
    recipe = self._loader(context, config, output_dir)
  File "/opt/hpcaas/.mounts/fs-072917c00f01ae1ba/home/chuanyang/envs/fairseq2/fairseq2/src/fairseq2/recipes/lm/_preference_finetune/_recipe.py", line 249, in load_po_finetuner
    tokenizer = load_text_tokenizer(context, config)
  File "/opt/hpcaas/.mounts/fs-072917c00f01ae1ba/home/chuanyang/envs/fairseq2/fairseq2/src/fairseq2/recipes/common/_text_tokenizer.py", line 47, in load_text_tokenizer
    return loader.load(recipe_config)
  File "/opt/hpcaas/.mounts/fs-072917c00f01ae1ba/home/chuanyang/envs/fairseq2/fairseq2/src/fairseq2/recipes/common/_text_tokenizer.py", line 128, in load
    log.info("Tokenizer loaded.")
  File "/opt/hpcaas/.mounts/fs-072917c00f01ae1ba/home/chuanyang/envs/fairseq2/fairseq2/src/fairseq2/logging.py", line 40, in info
    self._write(logging.INFO, message, args)
  File "/opt/hpcaas/.mounts/fs-072917c00f01ae1ba/home/chuanyang/envs/fairseq2/fairseq2/src/fairseq2/logging.py", line 67, in _write
    self._logger.log(level, message, exc_info=exc_info, extra=self._NO_HIGHLIGHT)
Message: 'Tokenizer loaded.'
Arguments: ()
Message: "Loading 'llama3_1_8b_instruct' model on data parallel rank 0."
Arguments: ()
--- Logging error ---
Traceback (most recent call last):
  File "/home/chuanyang/envs/fairseq2/conda/lib/python3.10/logging/__init__.py", line 1104, in emit
    self.flush()
  File "/home/chuanyang/envs/fairseq2/conda/lib/python3.10/logging/__init__.py", line 1084, in flush
    self.stream.flush()
OSError: [Errno 122] Disk quota exceeded
Call stack:
                    INFO     fairseq2 - Loading 'llama3_1_8b_instruct' model on 
                             data parallel rank 0.                              
  File "/home/chuanyang/miniconda3/envs/fairseq2/bin/fairseq2", line 8, in <module>
    sys.exit(main())
  File "/opt/hpcaas/.mounts/fs-072917c00f01ae1ba/home/chuanyang/envs/fairseq2/fairseq2/src/fairseq2/cli/_main.py", line 27, in main
    exit_code = _run()
  File "/opt/hpcaas/.mounts/fs-072917c00f01ae1ba/home/chuanyang/envs/fairseq2/fairseq2/src/fairseq2/cli/_main.py", line 73, in _run
    return cli.run(context)
  File "/opt/hpcaas/.mounts/fs-072917c00f01ae1ba/home/chuanyang/envs/fairseq2/fairseq2/src/fairseq2/cli/_cli.py", line 123, in run
    return args.command.run(context, args)  # type: ignore[no-any-return]
  File "/opt/hpcaas/.mounts/fs-072917c00f01ae1ba/home/chuanyang/envs/fairseq2/fairseq2/src/fairseq2/cli/_cli.py", line 361, in run
    return self._handler.run(context, self._parser, args)
  File "/opt/hpcaas/.mounts/fs-072917c00f01ae1ba/home/chuanyang/envs/fairseq2/fairseq2/src/fairseq2/cli/commands/recipe.py", line 245, in run
    recipe = self._loader(context, config, output_dir)
  File "/opt/hpcaas/.mounts/fs-072917c00f01ae1ba/home/chuanyang/envs/fairseq2/fairseq2/src/fairseq2/recipes/lm/_preference_finetune/_recipe.py", line 259, in load_po_finetuner
    unit = unit_handler.create(model, gangs, config)
  File "/opt/hpcaas/.mounts/fs-072917c00f01ae1ba/home/chuanyang/envs/fairseq2/fairseq2/src/fairseq2/recipes/lm/_preference_finetune/_dpo.py", line 278, in create
    log.info("Setting up DPO with reference model.")
  File "/opt/hpcaas/.mounts/fs-072917c00f01ae1ba/home/chuanyang/envs/fairseq2/fairseq2/src/fairseq2/logging.py", line 40, in info
    self._write(logging.INFO, message, args)
  File "/opt/hpcaas/.mounts/fs-072917c00f01ae1ba/home/chuanyang/envs/fairseq2/fairseq2/src/fairseq2/logging.py", line 67, in _write
    self._logger.log(level, message, exc_info=exc_info, extra=self._NO_HIGHLIGHT)
Message: 'Setting up DPO with reference model.'
Arguments: ()
--- Logging error ---
Traceback (most recent call last):
  File "/home/chuanyang/envs/fairseq2/conda/lib/python3.10/logging/__init__.py", line 1104, in emit
    self.flush()
  File "/home/chuanyang/envs/fairseq2/conda/lib/python3.10/logging/__init__.py", line 1084, in flush
    self.stream.flush()
OSError: [Errno 122] Disk quota exceeded
Call stack:
  File "/home/chuanyang/miniconda3/envs/fairseq2/bin/fairseq2", line 8, in <module>
    sys.exit(main())
  File "/opt/hpcaas/.mounts/fs-072917c00f01ae1ba/home/chuanyang/envs/fairseq2/fairseq2/src/fairseq2/cli/_main.py", line 27, in main
    exit_code = _run()
  File "/opt/hpcaas/.mounts/fs-072917c00f01ae1ba/home/chuanyang/envs/fairseq2/fairseq2/src/fairseq2/cli/_main.py", line 73, in _run
    return cli.run(context)
  File "/opt/hpcaas/.mounts/fs-072917c00f01ae1ba/home/chuanyang/envs/fairseq2/fairseq2/src/fairseq2/cli/_cli.py", line 123, in run
    return args.command.run(context, args)  # type: ignore[no-any-return]
  File "/opt/hpcaas/.mounts/fs-072917c00f01ae1ba/home/chuanyang/envs/fairseq2/fairseq2/src/fairseq2/cli/_cli.py", line 361, in run
    return self._handler.run(context, self._parser, args)
  File "/opt/hpcaas/.mounts/fs-072917c00f01ae1ba/home/chuanyang/envs/fairseq2/fairseq2/src/fairseq2/cli/commands/recipe.py", line 245, in run
    recipe = self._loader(context, config, output_dir)
  File "/opt/hpcaas/.mounts/fs-072917c00f01ae1ba/home/chuanyang/envs/fairseq2/fairseq2/src/fairseq2/recipes/lm/_preference_finetune/_recipe.py", line 259, in load_po_finetuner
    unit = unit_handler.create(model, gangs, config)
  File "/opt/hpcaas/.mounts/fs-072917c00f01ae1ba/home/chuanyang/envs/fairseq2/fairseq2/src/fairseq2/recipes/lm/_preference_finetune/_dpo.py", line 278, in create
    log.info("Setting up DPO with reference model.")
  File "/opt/hpcaas/.mounts/fs-072917c00f01ae1ba/home/chuanyang/envs/fairseq2/fairseq2/src/fairseq2/logging.py", line 40, in info
    self._write(logging.INFO, message, args)
  File "/opt/hpcaas/.mounts/fs-072917c00f01ae1ba/home/chuanyang/envs/fairseq2/fairseq2/src/fairseq2/logging.py", line 67, in _write
    self._logger.log(level, message, exc_info=exc_info, extra=self._NO_HIGHLIGHT)
Message: 'Setting up DPO with reference model.'
Arguments: ()
--- Logging error ---
Traceback (most recent call last):
  File "/home/chuanyang/envs/fairseq2/conda/lib/python3.10/logging/__init__.py", line 1104, in emit
    self.flush()
  File "/home/chuanyang/envs/fairseq2/conda/lib/python3.10/logging/__init__.py", line 1084, in flush
    self.stream.flush()
OSError: [Errno 122] Disk quota exceeded
Call stack:
  File "/home/chuanyang/miniconda3/envs/fairseq2/bin/fairseq2", line 8, in <module>
    sys.exit(main())
  File "/opt/hpcaas/.mounts/fs-072917c00f01ae1ba/home/chuanyang/envs/fairseq2/fairseq2/src/fairseq2/cli/_main.py", line 27, in main
    exit_code = _run()
  File "/opt/hpcaas/.mounts/fs-072917c00f01ae1ba/home/chuanyang/envs/fairseq2/fairseq2/src/fairseq2/cli/_main.py", line 73, in _run
    return cli.run(context)
  File "/opt/hpcaas/.mounts/fs-072917c00f01ae1ba/home/chuanyang/envs/fairseq2/fairseq2/src/fairseq2/cli/_cli.py", line 123, in run
    return args.command.run(context, args)  # type: ignore[no-any-return]
  File "/opt/hpcaas/.mounts/fs-072917c00f01ae1ba/home/chuanyang/envs/fairseq2/fairseq2/src/fairseq2/cli/_cli.py", line 361, in run
    return self._handler.run(context, self._parser, args)
  File "/opt/hpcaas/.mounts/fs-072917c00f01ae1ba/home/chuanyang/envs/fairseq2/fairseq2/src/fairseq2/cli/commands/recipe.py", line 245, in run
    recipe = self._loader(context, config, output_dir)
  File "/opt/hpcaas/.mounts/fs-072917c00f01ae1ba/home/chuanyang/envs/fairseq2/fairseq2/src/fairseq2/recipes/lm/_preference_finetune/_recipe.py", line 259, in load_po_finetuner
    unit = unit_handler.create(model, gangs, config)
  File "/opt/hpcaas/.mounts/fs-072917c00f01ae1ba/home/chuanyang/envs/fairseq2/fairseq2/src/fairseq2/recipes/lm/_preference_finetune/_dpo.py", line 278, in create
    log.info("Setting up DPO with reference model.")
  File "/opt/hpcaas/.mounts/fs-072917c00f01ae1ba/home/chuanyang/envs/fairseq2/fairseq2/src/fairseq2/logging.py", line 40, in info
    self._write(logging.INFO, message, args)
  File "/opt/hpcaas/.mounts/fs-072917c00f01ae1ba/home/chuanyang/envs/fairseq2/fairseq2/src/fairseq2/logging.py", line 67, in _write
    self._logger.log(level, message, exc_info=exc_info, extra=self._NO_HIGHLIGHT)
Message: 'Setting up DPO with reference model.'
Arguments: ()
--- Logging error ---
Traceback (most recent call last):
  File "/home/chuanyang/envs/fairseq2/conda/lib/python3.10/logging/__init__.py", line 1104, in emit
    self.flush()
  File "/home/chuanyang/envs/fairseq2/conda/lib/python3.10/logging/__init__.py", line 1084, in flush
    self.stream.flush()
OSError: [Errno 122] Disk quota exceeded
Call stack:
  File "/home/chuanyang/miniconda3/envs/fairseq2/bin/fairseq2", line 8, in <module>
    sys.exit(main())
  File "/opt/hpcaas/.mounts/fs-072917c00f01ae1ba/home/chuanyang/envs/fairseq2/fairseq2/src/fairseq2/cli/_main.py", line 27, in main
    exit_code = _run()
  File "/opt/hpcaas/.mounts/fs-072917c00f01ae1ba/home/chuanyang/envs/fairseq2/fairseq2/src/fairseq2/cli/_main.py", line 73, in _run
    return cli.run(context)
  File "/opt/hpcaas/.mounts/fs-072917c00f01ae1ba/home/chuanyang/envs/fairseq2/fairseq2/src/fairseq2/cli/_cli.py", line 123, in run
    return args.command.run(context, args)  # type: ignore[no-any-return]
  File "/opt/hpcaas/.mounts/fs-072917c00f01ae1ba/home/chuanyang/envs/fairseq2/fairseq2/src/fairseq2/cli/_cli.py", line 361, in run
    return self._handler.run(context, self._parser, args)
  File "/opt/hpcaas/.mounts/fs-072917c00f01ae1ba/home/chuanyang/envs/fairseq2/fairseq2/src/fairseq2/cli/commands/recipe.py", line 245, in run
    recipe = self._loader(context, config, output_dir)
  File "/opt/hpcaas/.mounts/fs-072917c00f01ae1ba/home/chuanyang/envs/fairseq2/fairseq2/src/fairseq2/recipes/lm/_preference_finetune/_recipe.py", line 259, in load_po_finetuner
    unit = unit_handler.create(model, gangs, config)
  File "/opt/hpcaas/.mounts/fs-072917c00f01ae1ba/home/chuanyang/envs/fairseq2/fairseq2/src/fairseq2/recipes/lm/_preference_finetune/_dpo.py", line 284, in create
    reference_model = setup_reference_model(
  File "/opt/hpcaas/.mounts/fs-072917c00f01ae1ba/home/chuanyang/envs/fairseq2/fairseq2/src/fairseq2/recipes/common/_ref_model.py", line 54, in setup_reference_model
    model = load_reference_model(kls, context, model_name, gangs, dtype, mp)
  File "/opt/hpcaas/.mounts/fs-072917c00f01ae1ba/home/chuanyang/envs/fairseq2/fairseq2/src/fairseq2/recipes/common/_ref_model.py", line 78, in load_reference_model
    return loader.load(model_name, gangs, dtype, mp)
  File "/opt/hpcaas/.mounts/fs-072917c00f01ae1ba/home/chuanyang/envs/fairseq2/fairseq2/src/fairseq2/recipes/common/_ref_model.py", line 137, in load
    log.info("Loading '{}' model on data parallel rank 0.", model_name)
  File "/opt/hpcaas/.mounts/fs-072917c00f01ae1ba/home/chuanyang/envs/fairseq2/fairseq2/src/fairseq2/logging.py", line 40, in info
    self._write(logging.INFO, message, args)
  File "/opt/hpcaas/.mounts/fs-072917c00f01ae1ba/home/chuanyang/envs/fairseq2/fairseq2/src/fairseq2/logging.py", line 67, in _write
    self._logger.log(level, message, exc_info=exc_info, extra=self._NO_HIGHLIGHT)
Message: "Loading 'llama3_1_8b_instruct' model on data parallel rank 0."
Arguments: ()
--- Logging error ---
Traceback (most recent call last):
  File "/home/chuanyang/envs/fairseq2/conda/lib/python3.10/logging/__init__.py", line 1104, in emit
    self.flush()
  File "/home/chuanyang/envs/fairseq2/conda/lib/python3.10/logging/__init__.py", line 1084, in flush
    self.stream.flush()
OSError: [Errno 122] Disk quota exceeded
Call stack:
  File "/home/chuanyang/miniconda3/envs/fairseq2/bin/fairseq2", line 8, in <module>
    sys.exit(main())
  File "/opt/hpcaas/.mounts/fs-072917c00f01ae1ba/home/chuanyang/envs/fairseq2/fairseq2/src/fairseq2/cli/_main.py", line 27, in main
    exit_code = _run()
  File "/opt/hpcaas/.mounts/fs-072917c00f01ae1ba/home/chuanyang/envs/fairseq2/fairseq2/src/fairseq2/cli/_main.py", line 73, in _run
    return cli.run(context)
  File "/opt/hpcaas/.mounts/fs-072917c00f01ae1ba/home/chuanyang/envs/fairseq2/fairseq2/src/fairseq2/cli/_cli.py", line 123, in run
    return args.command.run(context, args)  # type: ignore[no-any-return]
  File "/opt/hpcaas/.mounts/fs-072917c00f01ae1ba/home/chuanyang/envs/fairseq2/fairseq2/src/fairseq2/cli/_cli.py", line 361, in run
    return self._handler.run(context, self._parser, args)
  File "/opt/hpcaas/.mounts/fs-072917c00f01ae1ba/home/chuanyang/envs/fairseq2/fairseq2/src/fairseq2/cli/commands/recipe.py", line 245, in run
    recipe = self._loader(context, config, output_dir)
  File "/opt/hpcaas/.mounts/fs-072917c00f01ae1ba/home/chuanyang/envs/fairseq2/fairseq2/src/fairseq2/recipes/lm/_preference_finetune/_recipe.py", line 259, in load_po_finetuner
    unit = unit_handler.create(model, gangs, config)
  File "/opt/hpcaas/.mounts/fs-072917c00f01ae1ba/home/chuanyang/envs/fairseq2/fairseq2/src/fairseq2/recipes/lm/_preference_finetune/_dpo.py", line 284, in create
    reference_model = setup_reference_model(
  File "/opt/hpcaas/.mounts/fs-072917c00f01ae1ba/home/chuanyang/envs/fairseq2/fairseq2/src/fairseq2/recipes/common/_ref_model.py", line 54, in setup_reference_model
    model = load_reference_model(kls, context, model_name, gangs, dtype, mp)
  File "/opt/hpcaas/.mounts/fs-072917c00f01ae1ba/home/chuanyang/envs/fairseq2/fairseq2/src/fairseq2/recipes/common/_ref_model.py", line 78, in load_reference_model
    return loader.load(model_name, gangs, dtype, mp)
  File "/opt/hpcaas/.mounts/fs-072917c00f01ae1ba/home/chuanyang/envs/fairseq2/fairseq2/src/fairseq2/recipes/common/_ref_model.py", line 137, in load
    log.info("Loading '{}' model on data parallel rank 0.", model_name)
  File "/opt/hpcaas/.mounts/fs-072917c00f01ae1ba/home/chuanyang/envs/fairseq2/fairseq2/src/fairseq2/logging.py", line 40, in info
    self._write(logging.INFO, message, args)
  File "/opt/hpcaas/.mounts/fs-072917c00f01ae1ba/home/chuanyang/envs/fairseq2/fairseq2/src/fairseq2/logging.py", line 67, in _write
    self._logger.log(level, message, exc_info=exc_info, extra=self._NO_HIGHLIGHT)
Message: "Loading 'llama3_1_8b_instruct' model on data parallel rank 0."
Arguments: ()
--- Logging error ---
Traceback (most recent call last):
  File "/home/chuanyang/envs/fairseq2/conda/lib/python3.10/logging/__init__.py", line 1104, in emit
    self.flush()
  File "/home/chuanyang/envs/fairseq2/conda/lib/python3.10/logging/__init__.py", line 1084, in flush
    self.stream.flush()
OSError: [Errno 122] Disk quota exceeded
Call stack:
  File "/home/chuanyang/miniconda3/envs/fairseq2/bin/fairseq2", line 8, in <module>
    sys.exit(main())
  File "/opt/hpcaas/.mounts/fs-072917c00f01ae1ba/home/chuanyang/envs/fairseq2/fairseq2/src/fairseq2/cli/_main.py", line 27, in main
    exit_code = _run()
  File "/opt/hpcaas/.mounts/fs-072917c00f01ae1ba/home/chuanyang/envs/fairseq2/fairseq2/src/fairseq2/cli/_main.py", line 73, in _run
    return cli.run(context)
  File "/opt/hpcaas/.mounts/fs-072917c00f01ae1ba/home/chuanyang/envs/fairseq2/fairseq2/src/fairseq2/cli/_cli.py", line 123, in run
    return args.command.run(context, args)  # type: ignore[no-any-return]
  File "/opt/hpcaas/.mounts/fs-072917c00f01ae1ba/home/chuanyang/envs/fairseq2/fairseq2/src/fairseq2/cli/_cli.py", line 361, in run
    return self._handler.run(context, self._parser, args)
  File "/opt/hpcaas/.mounts/fs-072917c00f01ae1ba/home/chuanyang/envs/fairseq2/fairseq2/src/fairseq2/cli/commands/recipe.py", line 245, in run
    recipe = self._loader(context, config, output_dir)
  File "/opt/hpcaas/.mounts/fs-072917c00f01ae1ba/home/chuanyang/envs/fairseq2/fairseq2/src/fairseq2/recipes/lm/_preference_finetune/_recipe.py", line 259, in load_po_finetuner
    unit = unit_handler.create(model, gangs, config)
  File "/opt/hpcaas/.mounts/fs-072917c00f01ae1ba/home/chuanyang/envs/fairseq2/fairseq2/src/fairseq2/recipes/lm/_preference_finetune/_dpo.py", line 284, in create
    reference_model = setup_reference_model(
  File "/opt/hpcaas/.mounts/fs-072917c00f01ae1ba/home/chuanyang/envs/fairseq2/fairseq2/src/fairseq2/recipes/common/_ref_model.py", line 54, in setup_reference_model
    model = load_reference_model(kls, context, model_name, gangs, dtype, mp)
  File "/opt/hpcaas/.mounts/fs-072917c00f01ae1ba/home/chuanyang/envs/fairseq2/fairseq2/src/fairseq2/recipes/common/_ref_model.py", line 78, in load_reference_model
    return loader.load(model_name, gangs, dtype, mp)
  File "/opt/hpcaas/.mounts/fs-072917c00f01ae1ba/home/chuanyang/envs/fairseq2/fairseq2/src/fairseq2/recipes/common/_ref_model.py", line 137, in load
    log.info("Loading '{}' model on data parallel rank 0.", model_name)
  File "/opt/hpcaas/.mounts/fs-072917c00f01ae1ba/home/chuanyang/envs/fairseq2/fairseq2/src/fairseq2/logging.py", line 40, in info
    self._write(logging.INFO, message, args)
  File "/opt/hpcaas/.mounts/fs-072917c00f01ae1ba/home/chuanyang/envs/fairseq2/fairseq2/src/fairseq2/logging.py", line 67, in _write
    self._logger.log(level, message, exc_info=exc_info, extra=self._NO_HIGHLIGHT)
Message: "Loading 'llama3_1_8b_instruct' model on data parallel rank 0."
Arguments: ()
--- Logging error ---
[07/25/25 20:48:43] INFO     fairseq2 - Model loaded on data parallel rank 0.   
Traceback (most recent call last):
  File "/home/chuanyang/envs/fairseq2/conda/lib/python3.10/logging/__init__.py", line 1104, in emit
    self.flush()
--- Logging error ---
  File "/home/chuanyang/envs/fairseq2/conda/lib/python3.10/logging/__init__.py", line 1084, in flush
    self.stream.flush()
OSError: [Errno 122] Disk quota exceeded
--- Logging error ---
Call stack:
--- Logging error ---
--- Logging error ---
--- Logging error ---
--- Logging error ---
--- Logging error ---
Traceback (most recent call last):
  File "/home/chuanyang/envs/fairseq2/conda/lib/python3.10/logging/__init__.py", line 1104, in emit
    self.flush()
  File "/home/chuanyang/envs/fairseq2/conda/lib/python3.10/logging/__init__.py", line 1084, in flush
    self.stream.flush()
--- Logging error ---
OSError: [Errno 122] Disk quota exceeded
Traceback (most recent call last):
Call stack:
  File "/home/chuanyang/envs/fairseq2/conda/lib/python3.10/logging/__init__.py", line 1104, in emit
    self.flush()
  File "/home/chuanyang/envs/fairseq2/conda/lib/python3.10/logging/__init__.py", line 1084, in flush
    self.stream.flush()
OSError: [Errno 122] Disk quota exceeded
Call stack:
Traceback (most recent call last):
Traceback (most recent call last):
  File "/home/chuanyang/envs/fairseq2/conda/lib/python3.10/logging/__init__.py", line 1104, in emit
    self.flush()
  File "/home/chuanyang/envs/fairseq2/conda/lib/python3.10/logging/__init__.py", line 1084, in flush
    self.stream.flush()
OSError: [Errno 122] Disk quota exceeded
--- Logging error ---
Call stack:
  File "/home/chuanyang/envs/fairseq2/conda/lib/python3.10/logging/__init__.py", line 1104, in emit
    self.flush()
  File "/home/chuanyang/envs/fairseq2/conda/lib/python3.10/logging/__init__.py", line 1084, in flush
    self.stream.flush()
OSError: [Errno 122] Disk quota exceeded
Traceback (most recent call last):
Call stack:
Traceback (most recent call last):
  File "/home/chuanyang/envs/fairseq2/conda/lib/python3.10/logging/__init__.py", line 1104, in emit
    self.flush()
  File "/home/chuanyang/envs/fairseq2/conda/lib/python3.10/logging/__init__.py", line 1084, in flush
    self.stream.flush()
OSError: [Errno 122] Disk quota exceeded
  File "/home/chuanyang/miniconda3/envs/fairseq2/bin/fairseq2", line 8, in <module>
    sys.exit(main())
  File "/opt/hpcaas/.mounts/fs-072917c00f01ae1ba/home/chuanyang/envs/fairseq2/fairseq2/src/fairseq2/cli/_main.py", line 27, in main
    exit_code = _run()
  File "/opt/hpcaas/.mounts/fs-072917c00f01ae1ba/home/chuanyang/envs/fairseq2/fairseq2/src/fairseq2/cli/_main.py", line 73, in _run
    return cli.run(context)
  File "/opt/hpcaas/.mounts/fs-072917c00f01ae1ba/home/chuanyang/envs/fairseq2/fairseq2/src/fairseq2/cli/_cli.py", line 123, in run
    return args.command.run(context, args)  # type: ignore[no-any-return]
  File "/opt/hpcaas/.mounts/fs-072917c00f01ae1ba/home/chuanyang/envs/fairseq2/fairseq2/src/fairseq2/cli/_cli.py", line 361, in run
    return self._handler.run(context, self._parser, args)
  File "/opt/hpcaas/.mounts/fs-072917c00f01ae1ba/home/chuanyang/envs/fairseq2/fairseq2/src/fairseq2/cli/commands/recipe.py", line 245, in run
    recipe = self._loader(context, config, output_dir)
Traceback (most recent call last):
  File "/home/chuanyang/envs/fairseq2/conda/lib/python3.10/logging/__init__.py", line 1104, in emit
    self.flush()
  File "/home/chuanyang/envs/fairseq2/conda/lib/python3.10/logging/__init__.py", line 1084, in flush
    self.stream.flush()
  File "/opt/hpcaas/.mounts/fs-072917c00f01ae1ba/home/chuanyang/envs/fairseq2/fairseq2/src/fairseq2/recipes/lm/_preference_finetune/_recipe.py", line 259, in load_po_finetuner
    unit = unit_handler.create(model, gangs, config)
  File "/home/chuanyang/envs/fairseq2/conda/lib/python3.10/logging/__init__.py", line 1104, in emit
    self.flush()
  File "/home/chuanyang/envs/fairseq2/conda/lib/python3.10/logging/__init__.py", line 1084, in flush
    self.stream.flush()
OSError: [Errno 122] Disk quota exceeded
  File "/opt/hpcaas/.mounts/fs-072917c00f01ae1ba/home/chuanyang/envs/fairseq2/fairseq2/src/fairseq2/recipes/lm/_preference_finetune/_dpo.py", line 284, in create
    reference_model = setup_reference_model(
  File "/opt/hpcaas/.mounts/fs-072917c00f01ae1ba/home/chuanyang/envs/fairseq2/fairseq2/src/fairseq2/recipes/common/_ref_model.py", line 54, in setup_reference_model
    model = load_reference_model(kls, context, model_name, gangs, dtype, mp)
  File "/opt/hpcaas/.mounts/fs-072917c00f01ae1ba/home/chuanyang/envs/fairseq2/fairseq2/src/fairseq2/recipes/common/_ref_model.py", line 78, in load_reference_model
    return loader.load(model_name, gangs, dtype, mp)
  File "/opt/hpcaas/.mounts/fs-072917c00f01ae1ba/home/chuanyang/envs/fairseq2/fairseq2/src/fairseq2/recipes/common/_ref_model.py", line 163, in load
    log.info("Model loaded on data parallel rank 0.")
  File "/opt/hpcaas/.mounts/fs-072917c00f01ae1ba/home/chuanyang/envs/fairseq2/fairseq2/src/fairseq2/logging.py", line 40, in info
OSError: [Errno 122] Disk quota exceeded
    self._write(logging.INFO, message, args)
  File "/opt/hpcaas/.mounts/fs-072917c00f01ae1ba/home/chuanyang/envs/fairseq2/fairseq2/src/fairseq2/logging.py", line 67, in _write
    self._logger.log(level, message, exc_info=exc_info, extra=self._NO_HIGHLIGHT)
Message: 'Model loaded on data parallel rank 0.'
Arguments: ()
Call stack:
  File "/home/chuanyang/miniconda3/envs/fairseq2/bin/fairseq2", line 8, in <module>
    sys.exit(main())
  File "/opt/hpcaas/.mounts/fs-072917c00f01ae1ba/home/chuanyang/envs/fairseq2/fairseq2/src/fairseq2/cli/_main.py", line 27, in main
    exit_code = _run()
  File "/opt/hpcaas/.mounts/fs-072917c00f01ae1ba/home/chuanyang/envs/fairseq2/fairseq2/src/fairseq2/cli/_main.py", line 73, in _run
    return cli.run(context)
  File "/opt/hpcaas/.mounts/fs-072917c00f01ae1ba/home/chuanyang/envs/fairseq2/fairseq2/src/fairseq2/cli/_cli.py", line 123, in run
    return args.command.run(context, args)  # type: ignore[no-any-return]
Call stack:
  File "/opt/hpcaas/.mounts/fs-072917c00f01ae1ba/home/chuanyang/envs/fairseq2/fairseq2/src/fairseq2/cli/_cli.py", line 361, in run
    return self._handler.run(context, self._parser, args)
  File "/opt/hpcaas/.mounts/fs-072917c00f01ae1ba/home/chuanyang/envs/fairseq2/fairseq2/src/fairseq2/cli/commands/recipe.py", line 245, in run
    recipe = self._loader(context, config, output_dir)
  File "/opt/hpcaas/.mounts/fs-072917c00f01ae1ba/home/chuanyang/envs/fairseq2/fairseq2/src/fairseq2/recipes/lm/_preference_finetune/_recipe.py", line 259, in load_po_finetuner
    unit = unit_handler.create(model, gangs, config)
  File "/opt/hpcaas/.mounts/fs-072917c00f01ae1ba/home/chuanyang/envs/fairseq2/fairseq2/src/fairseq2/recipes/lm/_preference_finetune/_dpo.py", line 284, in create
    reference_model = setup_reference_model(
  File "/opt/hpcaas/.mounts/fs-072917c00f01ae1ba/home/chuanyang/envs/fairseq2/fairseq2/src/fairseq2/recipes/common/_ref_model.py", line 54, in setup_reference_model
Traceback (most recent call last):
  File "/home/chuanyang/envs/fairseq2/conda/lib/python3.10/logging/__init__.py", line 1104, in emit
    self.flush()
    model = load_reference_model(kls, context, model_name, gangs, dtype, mp)
  File "/opt/hpcaas/.mounts/fs-072917c00f01ae1ba/home/chuanyang/envs/fairseq2/fairseq2/src/fairseq2/recipes/common/_ref_model.py", line 78, in load_reference_model
    return loader.load(model_name, gangs, dtype, mp)
  File "/opt/hpcaas/.mounts/fs-072917c00f01ae1ba/home/chuanyang/envs/fairseq2/fairseq2/src/fairseq2/recipes/common/_ref_model.py", line 163, in load
    log.info("Model loaded on data parallel rank 0.")
  File "/opt/hpcaas/.mounts/fs-072917c00f01ae1ba/home/chuanyang/envs/fairseq2/fairseq2/src/fairseq2/logging.py", line 40, in info
    self._write(logging.INFO, message, args)
  File "/opt/hpcaas/.mounts/fs-072917c00f01ae1ba/home/chuanyang/envs/fairseq2/fairseq2/src/fairseq2/logging.py", line 67, in _write
    self._logger.log(level, message, exc_info=exc_info, extra=self._NO_HIGHLIGHT)
Message: 'Model loaded on data parallel rank 0.'
Arguments: ()
Call stack:
Traceback (most recent call last):
  File "/home/chuanyang/envs/fairseq2/conda/lib/python3.10/logging/__init__.py", line 1104, in emit
    self.flush()
  File "/home/chuanyang/envs/fairseq2/conda/lib/python3.10/logging/__init__.py", line 1084, in flush
    self.stream.flush()
  File "/home/chuanyang/envs/fairseq2/conda/lib/python3.10/logging/__init__.py", line 1084, in flush
    self.stream.flush()
OSError: [Errno 122] Disk quota exceeded
  File "/home/chuanyang/miniconda3/envs/fairseq2/bin/fairseq2", line 8, in <module>
    sys.exit(main())
  File "/opt/hpcaas/.mounts/fs-072917c00f01ae1ba/home/chuanyang/envs/fairseq2/fairseq2/src/fairseq2/cli/_main.py", line 27, in main
    exit_code = _run()
  File "/opt/hpcaas/.mounts/fs-072917c00f01ae1ba/home/chuanyang/envs/fairseq2/fairseq2/src/fairseq2/cli/_main.py", line 73, in _run
    return cli.run(context)
  File "/opt/hpcaas/.mounts/fs-072917c00f01ae1ba/home/chuanyang/envs/fairseq2/fairseq2/src/fairseq2/cli/_cli.py", line 123, in run
    return args.command.run(context, args)  # type: ignore[no-any-return]
  File "/opt/hpcaas/.mounts/fs-072917c00f01ae1ba/home/chuanyang/envs/fairseq2/fairseq2/src/fairseq2/cli/_cli.py", line 361, in run
    return self._handler.run(context, self._parser, args)
  File "/opt/hpcaas/.mounts/fs-072917c00f01ae1ba/home/chuanyang/envs/fairseq2/fairseq2/src/fairseq2/cli/commands/recipe.py", line 245, in run
    recipe = self._loader(context, config, output_dir)
Call stack:
  File "/opt/hpcaas/.mounts/fs-072917c00f01ae1ba/home/chuanyang/envs/fairseq2/fairseq2/src/fairseq2/recipes/lm/_preference_finetune/_recipe.py", line 259, in load_po_finetuner
    unit = unit_handler.create(model, gangs, config)
  File "/opt/hpcaas/.mounts/fs-072917c00f01ae1ba/home/chuanyang/envs/fairseq2/fairseq2/src/fairseq2/recipes/lm/_preference_finetune/_dpo.py", line 284, in create
    reference_model = setup_reference_model(
  File "/opt/hpcaas/.mounts/fs-072917c00f01ae1ba/home/chuanyang/envs/fairseq2/fairseq2/src/fairseq2/recipes/common/_ref_model.py", line 54, in setup_reference_model
    model = load_reference_model(kls, context, model_name, gangs, dtype, mp)
  File "/opt/hpcaas/.mounts/fs-072917c00f01ae1ba/home/chuanyang/envs/fairseq2/fairseq2/src/fairseq2/recipes/common/_ref_model.py", line 78, in load_reference_model
    return loader.load(model_name, gangs, dtype, mp)
  File "/home/chuanyang/miniconda3/envs/fairseq2/bin/fairseq2", line 8, in <module>
    sys.exit(main())
  File "/opt/hpcaas/.mounts/fs-072917c00f01ae1ba/home/chuanyang/envs/fairseq2/fairseq2/src/fairseq2/cli/_main.py", line 27, in main
    exit_code = _run()
  File "/opt/hpcaas/.mounts/fs-072917c00f01ae1ba/home/chuanyang/envs/fairseq2/fairseq2/src/fairseq2/cli/_main.py", line 73, in _run
    return cli.run(context)
  File "/opt/hpcaas/.mounts/fs-072917c00f01ae1ba/home/chuanyang/envs/fairseq2/fairseq2/src/fairseq2/cli/_cli.py", line 123, in run
    return args.command.run(context, args)  # type: ignore[no-any-return]
  File "/opt/hpcaas/.mounts/fs-072917c00f01ae1ba/home/chuanyang/envs/fairseq2/fairseq2/src/fairseq2/cli/_cli.py", line 361, in run
    return self._handler.run(context, self._parser, args)
  File "/opt/hpcaas/.mounts/fs-072917c00f01ae1ba/home/chuanyang/envs/fairseq2/fairseq2/src/fairseq2/cli/commands/recipe.py", line 245, in run
    recipe = self._loader(context, config, output_dir)
  File "/opt/hpcaas/.mounts/fs-072917c00f01ae1ba/home/chuanyang/envs/fairseq2/fairseq2/src/fairseq2/recipes/common/_ref_model.py", line 163, in load
    log.info("Model loaded on data parallel rank 0.")
  File "/opt/hpcaas/.mounts/fs-072917c00f01ae1ba/home/chuanyang/envs/fairseq2/fairseq2/src/fairseq2/logging.py", line 40, in info
    self._write(logging.INFO, message, args)
  File "/opt/hpcaas/.mounts/fs-072917c00f01ae1ba/home/chuanyang/envs/fairseq2/fairseq2/src/fairseq2/logging.py", line 67, in _write
    self._logger.log(level, message, exc_info=exc_info, extra=self._NO_HIGHLIGHT)
Message: 'Model loaded on data parallel rank 0.'
Arguments: ()
  File "/opt/hpcaas/.mounts/fs-072917c00f01ae1ba/home/chuanyang/envs/fairseq2/fairseq2/src/fairseq2/recipes/lm/_preference_finetune/_recipe.py", line 259, in load_po_finetuner
    unit = unit_handler.create(model, gangs, config)
  File "/opt/hpcaas/.mounts/fs-072917c00f01ae1ba/home/chuanyang/envs/fairseq2/fairseq2/src/fairseq2/recipes/lm/_preference_finetune/_dpo.py", line 284, in create
    reference_model = setup_reference_model(
  File "/opt/hpcaas/.mounts/fs-072917c00f01ae1ba/home/chuanyang/envs/fairseq2/fairseq2/src/fairseq2/recipes/common/_ref_model.py", line 54, in setup_reference_model
    model = load_reference_model(kls, context, model_name, gangs, dtype, mp)
  File "/opt/hpcaas/.mounts/fs-072917c00f01ae1ba/home/chuanyang/envs/fairseq2/fairseq2/src/fairseq2/recipes/common/_ref_model.py", line 78, in load_reference_model
    return loader.load(model_name, gangs, dtype, mp)
OSError: [Errno 122] Disk quota exceeded
Call stack:
  File "/opt/hpcaas/.mounts/fs-072917c00f01ae1ba/home/chuanyang/envs/fairseq2/fairseq2/src/fairseq2/recipes/common/_ref_model.py", line 163, in load
    log.info("Model loaded on data parallel rank 0.")
  File "/opt/hpcaas/.mounts/fs-072917c00f01ae1ba/home/chuanyang/envs/fairseq2/fairseq2/src/fairseq2/logging.py", line 40, in info
    self._write(logging.INFO, message, args)
  File "/opt/hpcaas/.mounts/fs-072917c00f01ae1ba/home/chuanyang/envs/fairseq2/fairseq2/src/fairseq2/logging.py", line 67, in _write
    self._logger.log(level, message, exc_info=exc_info, extra=self._NO_HIGHLIGHT)
Message: 'Model loaded on data parallel rank 0.'
Arguments: ()
  File "/home/chuanyang/miniconda3/envs/fairseq2/bin/fairseq2", line 8, in <module>
    sys.exit(main())
  File "/opt/hpcaas/.mounts/fs-072917c00f01ae1ba/home/chuanyang/envs/fairseq2/fairseq2/src/fairseq2/cli/_main.py", line 27, in main
    exit_code = _run()
  File "/opt/hpcaas/.mounts/fs-072917c00f01ae1ba/home/chuanyang/envs/fairseq2/fairseq2/src/fairseq2/cli/_main.py", line 73, in _run
    return cli.run(context)
  File "/opt/hpcaas/.mounts/fs-072917c00f01ae1ba/home/chuanyang/envs/fairseq2/fairseq2/src/fairseq2/cli/_cli.py", line 123, in run
    return args.command.run(context, args)  # type: ignore[no-any-return]
  File "/opt/hpcaas/.mounts/fs-072917c00f01ae1ba/home/chuanyang/envs/fairseq2/fairseq2/src/fairseq2/cli/_cli.py", line 361, in run
    return self._handler.run(context, self._parser, args)
                    INFO     fairseq2 - Broadcasting 'llama3_1_8b_instruct'     
                             model to all processes.                            
  File "/opt/hpcaas/.mounts/fs-072917c00f01ae1ba/home/chuanyang/envs/fairseq2/fairseq2/src/fairseq2/cli/commands/recipe.py", line 245, in run
    recipe = self._loader(context, config, output_dir)
  File "/opt/hpcaas/.mounts/fs-072917c00f01ae1ba/home/chuanyang/envs/fairseq2/fairseq2/src/fairseq2/recipes/lm/_preference_finetune/_recipe.py", line 259, in load_po_finetuner
    unit = unit_handler.create(model, gangs, config)
  File "/opt/hpcaas/.mounts/fs-072917c00f01ae1ba/home/chuanyang/envs/fairseq2/fairseq2/src/fairseq2/recipes/lm/_preference_finetune/_dpo.py", line 284, in create
    reference_model = setup_reference_model(
  File "/opt/hpcaas/.mounts/fs-072917c00f01ae1ba/home/chuanyang/envs/fairseq2/fairseq2/src/fairseq2/recipes/common/_ref_model.py", line 54, in setup_reference_model
    model = load_reference_model(kls, context, model_name, gangs, dtype, mp)
  File "/home/chuanyang/miniconda3/envs/fairseq2/bin/fairseq2", line 8, in <module>
    sys.exit(main())
  File "/opt/hpcaas/.mounts/fs-072917c00f01ae1ba/home/chuanyang/envs/fairseq2/fairseq2/src/fairseq2/cli/_main.py", line 27, in main
    exit_code = _run()
  File "/opt/hpcaas/.mounts/fs-072917c00f01ae1ba/home/chuanyang/envs/fairseq2/fairseq2/src/fairseq2/cli/_main.py", line 73, in _run
    return cli.run(context)
  File "/opt/hpcaas/.mounts/fs-072917c00f01ae1ba/home/chuanyang/envs/fairseq2/fairseq2/src/fairseq2/cli/_cli.py", line 123, in run
    return args.command.run(context, args)  # type: ignore[no-any-return]
  File "/opt/hpcaas/.mounts/fs-072917c00f01ae1ba/home/chuanyang/envs/fairseq2/fairseq2/src/fairseq2/cli/_cli.py", line 361, in run
    return self._handler.run(context, self._parser, args)
  File "/opt/hpcaas/.mounts/fs-072917c00f01ae1ba/home/chuanyang/envs/fairseq2/fairseq2/src/fairseq2/cli/commands/recipe.py", line 245, in run
    recipe = self._loader(context, config, output_dir)
  File "/opt/hpcaas/.mounts/fs-072917c00f01ae1ba/home/chuanyang/envs/fairseq2/fairseq2/src/fairseq2/recipes/common/_ref_model.py", line 78, in load_reference_model
    return loader.load(model_name, gangs, dtype, mp)
  File "/opt/hpcaas/.mounts/fs-072917c00f01ae1ba/home/chuanyang/envs/fairseq2/fairseq2/src/fairseq2/recipes/common/_ref_model.py", line 163, in load
    log.info("Model loaded on data parallel rank 0.")
  File "/opt/hpcaas/.mounts/fs-072917c00f01ae1ba/home/chuanyang/envs/fairseq2/fairseq2/src/fairseq2/logging.py", line 40, in info
    self._write(logging.INFO, message, args)
  File "/opt/hpcaas/.mounts/fs-072917c00f01ae1ba/home/chuanyang/envs/fairseq2/fairseq2/src/fairseq2/recipes/lm/_preference_finetune/_recipe.py", line 259, in load_po_finetuner
    unit = unit_handler.create(model, gangs, config)
  File "/opt/hpcaas/.mounts/fs-072917c00f01ae1ba/home/chuanyang/envs/fairseq2/fairseq2/src/fairseq2/recipes/lm/_preference_finetune/_dpo.py", line 284, in create
    reference_model = setup_reference_model(
  File "/opt/hpcaas/.mounts/fs-072917c00f01ae1ba/home/chuanyang/envs/fairseq2/fairseq2/src/fairseq2/recipes/common/_ref_model.py", line 54, in setup_reference_model
    model = load_reference_model(kls, context, model_name, gangs, dtype, mp)
  File "/opt/hpcaas/.mounts/fs-072917c00f01ae1ba/home/chuanyang/envs/fairseq2/fairseq2/src/fairseq2/recipes/common/_ref_model.py", line 78, in load_reference_model
    return loader.load(model_name, gangs, dtype, mp)
  File "/opt/hpcaas/.mounts/fs-072917c00f01ae1ba/home/chuanyang/envs/fairseq2/fairseq2/src/fairseq2/logging.py", line 67, in _write
    self._logger.log(level, message, exc_info=exc_info, extra=self._NO_HIGHLIGHT)
Message: 'Model loaded on data parallel rank 0.'
Arguments: ()
  File "/opt/hpcaas/.mounts/fs-072917c00f01ae1ba/home/chuanyang/envs/fairseq2/fairseq2/src/fairseq2/recipes/common/_ref_model.py", line 163, in load
    log.info("Model loaded on data parallel rank 0.")
  File "/opt/hpcaas/.mounts/fs-072917c00f01ae1ba/home/chuanyang/envs/fairseq2/fairseq2/src/fairseq2/logging.py", line 40, in info
    self._write(logging.INFO, message, args)
  File "/opt/hpcaas/.mounts/fs-072917c00f01ae1ba/home/chuanyang/envs/fairseq2/fairseq2/src/fairseq2/logging.py", line 67, in _write
    self._logger.log(level, message, exc_info=exc_info, extra=self._NO_HIGHLIGHT)
Message: 'Model loaded on data parallel rank 0.'
Arguments: ()
--- Logging error ---
  File "/home/chuanyang/miniconda3/envs/fairseq2/bin/fairseq2", line 8, in <module>
    sys.exit(main())
  File "/opt/hpcaas/.mounts/fs-072917c00f01ae1ba/home/chuanyang/envs/fairseq2/fairseq2/src/fairseq2/cli/_main.py", line 27, in main
    exit_code = _run()
  File "/opt/hpcaas/.mounts/fs-072917c00f01ae1ba/home/chuanyang/envs/fairseq2/fairseq2/src/fairseq2/cli/_main.py", line 73, in _run
    return cli.run(context)
  File "/opt/hpcaas/.mounts/fs-072917c00f01ae1ba/home/chuanyang/envs/fairseq2/fairseq2/src/fairseq2/cli/_cli.py", line 123, in run
    return args.command.run(context, args)  # type: ignore[no-any-return]
  File "/opt/hpcaas/.mounts/fs-072917c00f01ae1ba/home/chuanyang/envs/fairseq2/fairseq2/src/fairseq2/cli/_cli.py", line 361, in run
    return self._handler.run(context, self._parser, args)
  File "/opt/hpcaas/.mounts/fs-072917c00f01ae1ba/home/chuanyang/envs/fairseq2/fairseq2/src/fairseq2/cli/commands/recipe.py", line 245, in run
    recipe = self._loader(context, config, output_dir)
Traceback (most recent call last):
  File "/opt/hpcaas/.mounts/fs-072917c00f01ae1ba/home/chuanyang/envs/fairseq2/fairseq2/src/fairseq2/recipes/lm/_preference_finetune/_recipe.py", line 259, in load_po_finetuner
    unit = unit_handler.create(model, gangs, config)
  File "/opt/hpcaas/.mounts/fs-072917c00f01ae1ba/home/chuanyang/envs/fairseq2/fairseq2/src/fairseq2/recipes/lm/_preference_finetune/_dpo.py", line 284, in create
    reference_model = setup_reference_model(
  File "/opt/hpcaas/.mounts/fs-072917c00f01ae1ba/home/chuanyang/envs/fairseq2/fairseq2/src/fairseq2/recipes/common/_ref_model.py", line 54, in setup_reference_model
    model = load_reference_model(kls, context, model_name, gangs, dtype, mp)
  File "/opt/hpcaas/.mounts/fs-072917c00f01ae1ba/home/chuanyang/envs/fairseq2/fairseq2/src/fairseq2/recipes/common/_ref_model.py", line 78, in load_reference_model
    return loader.load(model_name, gangs, dtype, mp)
  File "/home/chuanyang/envs/fairseq2/conda/lib/python3.10/logging/__init__.py", line 1104, in emit
    self.flush()
  File "/home/chuanyang/envs/fairseq2/conda/lib/python3.10/logging/__init__.py", line 1084, in flush
    self.stream.flush()
  File "/opt/hpcaas/.mounts/fs-072917c00f01ae1ba/home/chuanyang/envs/fairseq2/fairseq2/src/fairseq2/recipes/common/_ref_model.py", line 163, in load
    log.info("Model loaded on data parallel rank 0.")
  File "/opt/hpcaas/.mounts/fs-072917c00f01ae1ba/home/chuanyang/envs/fairseq2/fairseq2/src/fairseq2/logging.py", line 40, in info
    self._write(logging.INFO, message, args)
  File "/opt/hpcaas/.mounts/fs-072917c00f01ae1ba/home/chuanyang/envs/fairseq2/fairseq2/src/fairseq2/logging.py", line 67, in _write
    self._logger.log(level, message, exc_info=exc_info, extra=self._NO_HIGHLIGHT)
OSError: [Errno 122] Disk quota exceeded
  File "/home/chuanyang/miniconda3/envs/fairseq2/bin/fairseq2", line 8, in <module>
    sys.exit(main())
  File "/opt/hpcaas/.mounts/fs-072917c00f01ae1ba/home/chuanyang/envs/fairseq2/fairseq2/src/fairseq2/cli/_main.py", line 27, in main
    exit_code = _run()
  File "/opt/hpcaas/.mounts/fs-072917c00f01ae1ba/home/chuanyang/envs/fairseq2/fairseq2/src/fairseq2/cli/_main.py", line 73, in _run
    return cli.run(context)
  File "/opt/hpcaas/.mounts/fs-072917c00f01ae1ba/home/chuanyang/envs/fairseq2/fairseq2/src/fairseq2/cli/_cli.py", line 123, in run
    return args.command.run(context, args)  # type: ignore[no-any-return]
  File "/opt/hpcaas/.mounts/fs-072917c00f01ae1ba/home/chuanyang/envs/fairseq2/fairseq2/src/fairseq2/cli/_cli.py", line 361, in run
    return self._handler.run(context, self._parser, args)
  File "/opt/hpcaas/.mounts/fs-072917c00f01ae1ba/home/chuanyang/envs/fairseq2/fairseq2/src/fairseq2/cli/commands/recipe.py", line 245, in run
    recipe = self._loader(context, config, output_dir)
Call stack:
  File "/opt/hpcaas/.mounts/fs-072917c00f01ae1ba/home/chuanyang/envs/fairseq2/fairseq2/src/fairseq2/recipes/lm/_preference_finetune/_recipe.py", line 259, in load_po_finetuner
    unit = unit_handler.create(model, gangs, config)
  File "/opt/hpcaas/.mounts/fs-072917c00f01ae1ba/home/chuanyang/envs/fairseq2/fairseq2/src/fairseq2/recipes/lm/_preference_finetune/_dpo.py", line 284, in create
    reference_model = setup_reference_model(
  File "/opt/hpcaas/.mounts/fs-072917c00f01ae1ba/home/chuanyang/envs/fairseq2/fairseq2/src/fairseq2/recipes/common/_ref_model.py", line 54, in setup_reference_model
    model = load_reference_model(kls, context, model_name, gangs, dtype, mp)
  File "/opt/hpcaas/.mounts/fs-072917c00f01ae1ba/home/chuanyang/envs/fairseq2/fairseq2/src/fairseq2/recipes/common/_ref_model.py", line 78, in load_reference_model
    return loader.load(model_name, gangs, dtype, mp)
--- Logging error ---
  File "/opt/hpcaas/.mounts/fs-072917c00f01ae1ba/home/chuanyang/envs/fairseq2/fairseq2/src/fairseq2/recipes/common/_ref_model.py", line 163, in load
    log.info("Model loaded on data parallel rank 0.")
  File "/opt/hpcaas/.mounts/fs-072917c00f01ae1ba/home/chuanyang/envs/fairseq2/fairseq2/src/fairseq2/logging.py", line 40, in info
    self._write(logging.INFO, message, args)
  File "/opt/hpcaas/.mounts/fs-072917c00f01ae1ba/home/chuanyang/envs/fairseq2/fairseq2/src/fairseq2/logging.py", line 67, in _write
    self._logger.log(level, message, exc_info=exc_info, extra=self._NO_HIGHLIGHT)
Message: 'Model loaded on data parallel rank 0.'
Arguments: ()
Traceback (most recent call last):
  File "/home/chuanyang/miniconda3/envs/fairseq2/bin/fairseq2", line 8, in <module>
    sys.exit(main())
  File "/opt/hpcaas/.mounts/fs-072917c00f01ae1ba/home/chuanyang/envs/fairseq2/fairseq2/src/fairseq2/cli/_main.py", line 27, in main
    exit_code = _run()
  File "/opt/hpcaas/.mounts/fs-072917c00f01ae1ba/home/chuanyang/envs/fairseq2/fairseq2/src/fairseq2/cli/_main.py", line 73, in _run
    return cli.run(context)
  File "/opt/hpcaas/.mounts/fs-072917c00f01ae1ba/home/chuanyang/envs/fairseq2/fairseq2/src/fairseq2/cli/_cli.py", line 123, in run
    return args.command.run(context, args)  # type: ignore[no-any-return]
  File "/opt/hpcaas/.mounts/fs-072917c00f01ae1ba/home/chuanyang/envs/fairseq2/fairseq2/src/fairseq2/cli/_cli.py", line 361, in run
    return self._handler.run(context, self._parser, args)
  File "/opt/hpcaas/.mounts/fs-072917c00f01ae1ba/home/chuanyang/envs/fairseq2/fairseq2/src/fairseq2/cli/commands/recipe.py", line 245, in run
    recipe = self._loader(context, config, output_dir)
  File "/home/chuanyang/envs/fairseq2/conda/lib/python3.10/logging/__init__.py", line 1104, in emit
    self.flush()
  File "/home/chuanyang/envs/fairseq2/conda/lib/python3.10/logging/__init__.py", line 1084, in flush
    self.stream.flush()
  File "/opt/hpcaas/.mounts/fs-072917c00f01ae1ba/home/chuanyang/envs/fairseq2/fairseq2/src/fairseq2/recipes/lm/_preference_finetune/_recipe.py", line 259, in load_po_finetuner
    unit = unit_handler.create(model, gangs, config)
  File "/opt/hpcaas/.mounts/fs-072917c00f01ae1ba/home/chuanyang/envs/fairseq2/fairseq2/src/fairseq2/recipes/lm/_preference_finetune/_dpo.py", line 284, in create
    reference_model = setup_reference_model(
  File "/opt/hpcaas/.mounts/fs-072917c00f01ae1ba/home/chuanyang/envs/fairseq2/fairseq2/src/fairseq2/recipes/common/_ref_model.py", line 54, in setup_reference_model
    model = load_reference_model(kls, context, model_name, gangs, dtype, mp)
  File "/opt/hpcaas/.mounts/fs-072917c00f01ae1ba/home/chuanyang/envs/fairseq2/fairseq2/src/fairseq2/recipes/common/_ref_model.py", line 78, in load_reference_model
    return loader.load(model_name, gangs, dtype, mp)
  File "/home/chuanyang/miniconda3/envs/fairseq2/bin/fairseq2", line 8, in <module>
    sys.exit(main())
  File "/opt/hpcaas/.mounts/fs-072917c00f01ae1ba/home/chuanyang/envs/fairseq2/fairseq2/src/fairseq2/cli/_main.py", line 27, in main
    exit_code = _run()
  File "/opt/hpcaas/.mounts/fs-072917c00f01ae1ba/home/chuanyang/envs/fairseq2/fairseq2/src/fairseq2/recipes/common/_ref_model.py", line 163, in load
    log.info("Model loaded on data parallel rank 0.")
  File "/opt/hpcaas/.mounts/fs-072917c00f01ae1ba/home/chuanyang/envs/fairseq2/fairseq2/src/fairseq2/logging.py", line 40, in info
    self._write(logging.INFO, message, args)
  File "/opt/hpcaas/.mounts/fs-072917c00f01ae1ba/home/chuanyang/envs/fairseq2/fairseq2/src/fairseq2/logging.py", line 67, in _write
    self._logger.log(level, message, exc_info=exc_info, extra=self._NO_HIGHLIGHT)
Message: 'Model loaded on data parallel rank 0.'
Arguments: ()
OSError: [Errno 122] Disk quota exceeded
Call stack:
  File "/home/chuanyang/miniconda3/envs/fairseq2/bin/fairseq2", line 8, in <module>
    sys.exit(main())
  File "/opt/hpcaas/.mounts/fs-072917c00f01ae1ba/home/chuanyang/envs/fairseq2/fairseq2/src/fairseq2/cli/_main.py", line 27, in main
    exit_code = _run()
  File "/opt/hpcaas/.mounts/fs-072917c00f01ae1ba/home/chuanyang/envs/fairseq2/fairseq2/src/fairseq2/cli/_main.py", line 73, in _run
    return cli.run(context)
  File "/opt/hpcaas/.mounts/fs-072917c00f01ae1ba/home/chuanyang/envs/fairseq2/fairseq2/src/fairseq2/cli/_cli.py", line 123, in run
    return args.command.run(context, args)  # type: ignore[no-any-return]
  File "/opt/hpcaas/.mounts/fs-072917c00f01ae1ba/home/chuanyang/envs/fairseq2/fairseq2/src/fairseq2/cli/_cli.py", line 361, in run
    return self._handler.run(context, self._parser, args)
  File "/opt/hpcaas/.mounts/fs-072917c00f01ae1ba/home/chuanyang/envs/fairseq2/fairseq2/src/fairseq2/cli/commands/recipe.py", line 245, in run
    recipe = self._loader(context, config, output_dir)
  File "/opt/hpcaas/.mounts/fs-072917c00f01ae1ba/home/chuanyang/envs/fairseq2/fairseq2/src/fairseq2/cli/_main.py", line 73, in _run
    return cli.run(context)
  File "/opt/hpcaas/.mounts/fs-072917c00f01ae1ba/home/chuanyang/envs/fairseq2/fairseq2/src/fairseq2/cli/_cli.py", line 123, in run
    return args.command.run(context, args)  # type: ignore[no-any-return]
  File "/opt/hpcaas/.mounts/fs-072917c00f01ae1ba/home/chuanyang/envs/fairseq2/fairseq2/src/fairseq2/cli/_cli.py", line 361, in run
    return self._handler.run(context, self._parser, args)
  File "/opt/hpcaas/.mounts/fs-072917c00f01ae1ba/home/chuanyang/envs/fairseq2/fairseq2/src/fairseq2/cli/commands/recipe.py", line 245, in run
    recipe = self._loader(context, config, output_dir)
  File "/opt/hpcaas/.mounts/fs-072917c00f01ae1ba/home/chuanyang/envs/fairseq2/fairseq2/src/fairseq2/recipes/lm/_preference_finetune/_recipe.py", line 259, in load_po_finetuner
    unit = unit_handler.create(model, gangs, config)
  File "/opt/hpcaas/.mounts/fs-072917c00f01ae1ba/home/chuanyang/envs/fairseq2/fairseq2/src/fairseq2/recipes/lm/_preference_finetune/_recipe.py", line 259, in load_po_finetuner
    unit = unit_handler.create(model, gangs, config)
  File "/opt/hpcaas/.mounts/fs-072917c00f01ae1ba/home/chuanyang/envs/fairseq2/fairseq2/src/fairseq2/recipes/lm/_preference_finetune/_dpo.py", line 284, in create
    reference_model = setup_reference_model(
  File "/opt/hpcaas/.mounts/fs-072917c00f01ae1ba/home/chuanyang/envs/fairseq2/fairseq2/src/fairseq2/recipes/common/_ref_model.py", line 54, in setup_reference_model
    model = load_reference_model(kls, context, model_name, gangs, dtype, mp)
  File "/opt/hpcaas/.mounts/fs-072917c00f01ae1ba/home/chuanyang/envs/fairseq2/fairseq2/src/fairseq2/recipes/common/_ref_model.py", line 78, in load_reference_model
    return loader.load(model_name, gangs, dtype, mp)
  File "/opt/hpcaas/.mounts/fs-072917c00f01ae1ba/home/chuanyang/envs/fairseq2/fairseq2/src/fairseq2/recipes/lm/_preference_finetune/_dpo.py", line 284, in create
    reference_model = setup_reference_model(
  File "/opt/hpcaas/.mounts/fs-072917c00f01ae1ba/home/chuanyang/envs/fairseq2/fairseq2/src/fairseq2/recipes/common/_ref_model.py", line 56, in setup_reference_model
    broadcast_model(model_name, model, gangs)
  File "/opt/hpcaas/.mounts/fs-072917c00f01ae1ba/home/chuanyang/envs/fairseq2/fairseq2/src/fairseq2/recipes/common/_distributed.py", line 151, in broadcast_model
    log.info("Broadcasting '{}' model to all processes.", name)
  File "/opt/hpcaas/.mounts/fs-072917c00f01ae1ba/home/chuanyang/envs/fairseq2/fairseq2/src/fairseq2/logging.py", line 40, in info
    self._write(logging.INFO, message, args)
  File "/opt/hpcaas/.mounts/fs-072917c00f01ae1ba/home/chuanyang/envs/fairseq2/fairseq2/src/fairseq2/logging.py", line 67, in _write
  File "/opt/hpcaas/.mounts/fs-072917c00f01ae1ba/home/chuanyang/envs/fairseq2/fairseq2/src/fairseq2/recipes/common/_ref_model.py", line 163, in load
    log.info("Model loaded on data parallel rank 0.")
  File "/opt/hpcaas/.mounts/fs-072917c00f01ae1ba/home/chuanyang/envs/fairseq2/fairseq2/src/fairseq2/logging.py", line 40, in info
    self._write(logging.INFO, message, args)
  File "/opt/hpcaas/.mounts/fs-072917c00f01ae1ba/home/chuanyang/envs/fairseq2/fairseq2/src/fairseq2/logging.py", line 67, in _write
    self._logger.log(level, message, exc_info=exc_info, extra=self._NO_HIGHLIGHT)
Message: 'Model loaded on data parallel rank 0.'
Arguments: ()
    self._logger.log(level, message, exc_info=exc_info, extra=self._NO_HIGHLIGHT)
Message: 'Model loaded on data parallel rank 0.'
Arguments: ()
Message: "Broadcasting 'llama3_1_8b_instruct' model to all processes."
Arguments: ()
--- Logging error ---
--- Logging error ---
--- Logging error ---
Traceback (most recent call last):
  File "/home/chuanyang/envs/fairseq2/conda/lib/python3.10/logging/__init__.py", line 1104, in emit
    self.flush()
Traceback (most recent call last):
  File "/home/chuanyang/miniconda3/envs/fairseq2/bin/fairseq2", line 8, in <module>
    sys.exit(main())
  File "/opt/hpcaas/.mounts/fs-072917c00f01ae1ba/home/chuanyang/envs/fairseq2/fairseq2/src/fairseq2/cli/_main.py", line 27, in main
    exit_code = _run()
  File "/opt/hpcaas/.mounts/fs-072917c00f01ae1ba/home/chuanyang/envs/fairseq2/fairseq2/src/fairseq2/cli/_main.py", line 73, in _run
    return cli.run(context)
  File "/opt/hpcaas/.mounts/fs-072917c00f01ae1ba/home/chuanyang/envs/fairseq2/fairseq2/src/fairseq2/cli/_cli.py", line 123, in run
    return args.command.run(context, args)  # type: ignore[no-any-return]
  File "/opt/hpcaas/.mounts/fs-072917c00f01ae1ba/home/chuanyang/envs/fairseq2/fairseq2/src/fairseq2/cli/_cli.py", line 361, in run
    return self._handler.run(context, self._parser, args)
  File "/opt/hpcaas/.mounts/fs-072917c00f01ae1ba/home/chuanyang/envs/fairseq2/fairseq2/src/fairseq2/cli/commands/recipe.py", line 245, in run
    recipe = self._loader(context, config, output_dir)
Traceback (most recent call last):
  File "/opt/hpcaas/.mounts/fs-072917c00f01ae1ba/home/chuanyang/envs/fairseq2/fairseq2/src/fairseq2/recipes/lm/_preference_finetune/_recipe.py", line 259, in load_po_finetuner
    unit = unit_handler.create(model, gangs, config)
  File "/opt/hpcaas/.mounts/fs-072917c00f01ae1ba/home/chuanyang/envs/fairseq2/fairseq2/src/fairseq2/recipes/lm/_preference_finetune/_dpo.py", line 284, in create
    reference_model = setup_reference_model(
  File "/opt/hpcaas/.mounts/fs-072917c00f01ae1ba/home/chuanyang/envs/fairseq2/fairseq2/src/fairseq2/recipes/common/_ref_model.py", line 56, in setup_reference_model
    broadcast_model(model_name, model, gangs)
  File "/opt/hpcaas/.mounts/fs-072917c00f01ae1ba/home/chuanyang/envs/fairseq2/fairseq2/src/fairseq2/recipes/common/_distributed.py", line 151, in broadcast_model
    log.info("Broadcasting '{}' model to all processes.", name)
  File "/home/chuanyang/envs/fairseq2/conda/lib/python3.10/logging/__init__.py", line 1104, in emit
    self.flush()
  File "/home/chuanyang/envs/fairseq2/conda/lib/python3.10/logging/__init__.py", line 1084, in flush
    self.stream.flush()
  File "/home/chuanyang/envs/fairseq2/conda/lib/python3.10/logging/__init__.py", line 1084, in flush
    self.stream.flush()
OSError: [Errno 122] Disk quota exceeded
Call stack:
--- Logging error ---
  File "/opt/hpcaas/.mounts/fs-072917c00f01ae1ba/home/chuanyang/envs/fairseq2/fairseq2/src/fairseq2/logging.py", line 40, in info
    self._write(logging.INFO, message, args)
  File "/opt/hpcaas/.mounts/fs-072917c00f01ae1ba/home/chuanyang/envs/fairseq2/fairseq2/src/fairseq2/logging.py", line 67, in _write
    self._logger.log(level, message, exc_info=exc_info, extra=self._NO_HIGHLIGHT)
Message: "Broadcasting 'llama3_1_8b_instruct' model to all processes."
Arguments: ()
OSError: [Errno 122] Disk quota exceeded
Call stack:
  File "/home/chuanyang/miniconda3/envs/fairseq2/bin/fairseq2", line 8, in <module>
    sys.exit(main())
  File "/opt/hpcaas/.mounts/fs-072917c00f01ae1ba/home/chuanyang/envs/fairseq2/fairseq2/src/fairseq2/cli/_main.py", line 27, in main
    exit_code = _run()
  File "/opt/hpcaas/.mounts/fs-072917c00f01ae1ba/home/chuanyang/envs/fairseq2/fairseq2/src/fairseq2/cli/_main.py", line 73, in _run
    return cli.run(context)
  File "/home/chuanyang/envs/fairseq2/conda/lib/python3.10/logging/__init__.py", line 1104, in emit
    self.flush()
  File "/home/chuanyang/envs/fairseq2/conda/lib/python3.10/logging/__init__.py", line 1084, in flush
    self.stream.flush()
OSError: [Errno 122] Disk quota exceeded
Call stack:
--- Logging error ---
--- Logging error ---
  File "/opt/hpcaas/.mounts/fs-072917c00f01ae1ba/home/chuanyang/envs/fairseq2/fairseq2/src/fairseq2/cli/_cli.py", line 123, in run
    return args.command.run(context, args)  # type: ignore[no-any-return]
  File "/opt/hpcaas/.mounts/fs-072917c00f01ae1ba/home/chuanyang/envs/fairseq2/fairseq2/src/fairseq2/cli/_cli.py", line 361, in run
    return self._handler.run(context, self._parser, args)
  File "/opt/hpcaas/.mounts/fs-072917c00f01ae1ba/home/chuanyang/envs/fairseq2/fairseq2/src/fairseq2/cli/commands/recipe.py", line 245, in run
    recipe = self._loader(context, config, output_dir)
  File "/opt/hpcaas/.mounts/fs-072917c00f01ae1ba/home/chuanyang/envs/fairseq2/fairseq2/src/fairseq2/recipes/lm/_preference_finetune/_recipe.py", line 259, in load_po_finetuner
    unit = unit_handler.create(model, gangs, config)
  File "/opt/hpcaas/.mounts/fs-072917c00f01ae1ba/home/chuanyang/envs/fairseq2/fairseq2/src/fairseq2/recipes/lm/_preference_finetune/_dpo.py", line 284, in create
Traceback (most recent call last):
    reference_model = setup_reference_model(
  File "/opt/hpcaas/.mounts/fs-072917c00f01ae1ba/home/chuanyang/envs/fairseq2/fairseq2/src/fairseq2/recipes/common/_ref_model.py", line 56, in setup_reference_model
    broadcast_model(model_name, model, gangs)
  File "/opt/hpcaas/.mounts/fs-072917c00f01ae1ba/home/chuanyang/envs/fairseq2/fairseq2/src/fairseq2/recipes/common/_distributed.py", line 151, in broadcast_model
    log.info("Broadcasting '{}' model to all processes.", name)
  File "/opt/hpcaas/.mounts/fs-072917c00f01ae1ba/home/chuanyang/envs/fairseq2/fairseq2/src/fairseq2/logging.py", line 40, in info
    self._write(logging.INFO, message, args)
  File "/opt/hpcaas/.mounts/fs-072917c00f01ae1ba/home/chuanyang/envs/fairseq2/fairseq2/src/fairseq2/logging.py", line 67, in _write
    self._logger.log(level, message, exc_info=exc_info, extra=self._NO_HIGHLIGHT)
--- Logging error ---
Message: "Broadcasting 'llama3_1_8b_instruct' model to all processes."
Arguments: ()
  File "/home/chuanyang/envs/fairseq2/conda/lib/python3.10/logging/__init__.py", line 1104, in emit
    self.flush()
  File "/home/chuanyang/envs/fairseq2/conda/lib/python3.10/logging/__init__.py", line 1084, in flush
    self.stream.flush()
Traceback (most recent call last):
  File "/home/chuanyang/envs/fairseq2/conda/lib/python3.10/logging/__init__.py", line 1104, in emit
    self.flush()
  File "/home/chuanyang/envs/fairseq2/conda/lib/python3.10/logging/__init__.py", line 1084, in flush
    self.stream.flush()
OSError: [Errno 122] Disk quota exceeded
OSError: [Errno 122] Disk quota exceeded
Call stack:
Call stack:
  File "/home/chuanyang/miniconda3/envs/fairseq2/bin/fairseq2", line 8, in <module>
    sys.exit(main())
  File "/opt/hpcaas/.mounts/fs-072917c00f01ae1ba/home/chuanyang/envs/fairseq2/fairseq2/src/fairseq2/cli/_main.py", line 27, in main
    exit_code = _run()
  File "/opt/hpcaas/.mounts/fs-072917c00f01ae1ba/home/chuanyang/envs/fairseq2/fairseq2/src/fairseq2/cli/_main.py", line 73, in _run
    return cli.run(context)
  File "/opt/hpcaas/.mounts/fs-072917c00f01ae1ba/home/chuanyang/envs/fairseq2/fairseq2/src/fairseq2/cli/_cli.py", line 123, in run
    return args.command.run(context, args)  # type: ignore[no-any-return]
  File "/opt/hpcaas/.mounts/fs-072917c00f01ae1ba/home/chuanyang/envs/fairseq2/fairseq2/src/fairseq2/cli/_cli.py", line 361, in run
    return self._handler.run(context, self._parser, args)
Traceback (most recent call last):
  File "/opt/hpcaas/.mounts/fs-072917c00f01ae1ba/home/chuanyang/envs/fairseq2/fairseq2/src/fairseq2/cli/commands/recipe.py", line 245, in run
    recipe = self._loader(context, config, output_dir)
  File "/opt/hpcaas/.mounts/fs-072917c00f01ae1ba/home/chuanyang/envs/fairseq2/fairseq2/src/fairseq2/recipes/lm/_preference_finetune/_recipe.py", line 259, in load_po_finetuner
    unit = unit_handler.create(model, gangs, config)
  File "/opt/hpcaas/.mounts/fs-072917c00f01ae1ba/home/chuanyang/envs/fairseq2/fairseq2/src/fairseq2/recipes/lm/_preference_finetune/_dpo.py", line 284, in create
    reference_model = setup_reference_model(
  File "/opt/hpcaas/.mounts/fs-072917c00f01ae1ba/home/chuanyang/envs/fairseq2/fairseq2/src/fairseq2/recipes/common/_ref_model.py", line 56, in setup_reference_model
    broadcast_model(model_name, model, gangs)
  File "/opt/hpcaas/.mounts/fs-072917c00f01ae1ba/home/chuanyang/envs/fairseq2/fairseq2/src/fairseq2/recipes/common/_distributed.py", line 151, in broadcast_model
  File "/home/chuanyang/envs/fairseq2/conda/lib/python3.10/logging/__init__.py", line 1104, in emit
    self.flush()
  File "/home/chuanyang/envs/fairseq2/conda/lib/python3.10/logging/__init__.py", line 1084, in flush
    self.stream.flush()
OSError: [Errno 122] Disk quota exceeded
    log.info("Broadcasting '{}' model to all processes.", name)
  File "/opt/hpcaas/.mounts/fs-072917c00f01ae1ba/home/chuanyang/envs/fairseq2/fairseq2/src/fairseq2/logging.py", line 40, in info
    self._write(logging.INFO, message, args)
  File "/opt/hpcaas/.mounts/fs-072917c00f01ae1ba/home/chuanyang/envs/fairseq2/fairseq2/src/fairseq2/logging.py", line 67, in _write
    self._logger.log(level, message, exc_info=exc_info, extra=self._NO_HIGHLIGHT)
Traceback (most recent call last):
  File "/home/chuanyang/envs/fairseq2/conda/lib/python3.10/logging/__init__.py", line 1104, in emit
    self.flush()
  File "/home/chuanyang/envs/fairseq2/conda/lib/python3.10/logging/__init__.py", line 1084, in flush
    self.stream.flush()
Message: "Broadcasting 'llama3_1_8b_instruct' model to all processes."
Arguments: ()
Call stack:
--- Logging error ---
OSError: [Errno 122] Disk quota exceeded
Call stack:
Traceback (most recent call last):
  File "/home/chuanyang/miniconda3/envs/fairseq2/bin/fairseq2", line 8, in <module>
    sys.exit(main())
  File "/opt/hpcaas/.mounts/fs-072917c00f01ae1ba/home/chuanyang/envs/fairseq2/fairseq2/src/fairseq2/cli/_main.py", line 27, in main
    exit_code = _run()
  File "/opt/hpcaas/.mounts/fs-072917c00f01ae1ba/home/chuanyang/envs/fairseq2/fairseq2/src/fairseq2/cli/_main.py", line 73, in _run
    return cli.run(context)
  File "/opt/hpcaas/.mounts/fs-072917c00f01ae1ba/home/chuanyang/envs/fairseq2/fairseq2/src/fairseq2/cli/_cli.py", line 123, in run
    return args.command.run(context, args)  # type: ignore[no-any-return]
  File "/opt/hpcaas/.mounts/fs-072917c00f01ae1ba/home/chuanyang/envs/fairseq2/fairseq2/src/fairseq2/cli/_cli.py", line 361, in run
    return self._handler.run(context, self._parser, args)
  File "/opt/hpcaas/.mounts/fs-072917c00f01ae1ba/home/chuanyang/envs/fairseq2/fairseq2/src/fairseq2/cli/commands/recipe.py", line 245, in run
    recipe = self._loader(context, config, output_dir)
--- Logging error ---
  File "/opt/hpcaas/.mounts/fs-072917c00f01ae1ba/home/chuanyang/envs/fairseq2/fairseq2/src/fairseq2/recipes/lm/_preference_finetune/_recipe.py", line 259, in load_po_finetuner
    unit = unit_handler.create(model, gangs, config)
  File "/opt/hpcaas/.mounts/fs-072917c00f01ae1ba/home/chuanyang/envs/fairseq2/fairseq2/src/fairseq2/recipes/lm/_preference_finetune/_dpo.py", line 284, in create
    reference_model = setup_reference_model(
  File "/opt/hpcaas/.mounts/fs-072917c00f01ae1ba/home/chuanyang/envs/fairseq2/fairseq2/src/fairseq2/recipes/common/_ref_model.py", line 56, in setup_reference_model
    broadcast_model(model_name, model, gangs)
  File "/opt/hpcaas/.mounts/fs-072917c00f01ae1ba/home/chuanyang/envs/fairseq2/fairseq2/src/fairseq2/recipes/common/_distributed.py", line 151, in broadcast_model
    log.info("Broadcasting '{}' model to all processes.", name)
  File "/opt/hpcaas/.mounts/fs-072917c00f01ae1ba/home/chuanyang/envs/fairseq2/fairseq2/src/fairseq2/logging.py", line 40, in info
  File "/home/chuanyang/envs/fairseq2/conda/lib/python3.10/logging/__init__.py", line 1104, in emit
    self.flush()
  File "/home/chuanyang/envs/fairseq2/conda/lib/python3.10/logging/__init__.py", line 1084, in flush
    self.stream.flush()
    self._write(logging.INFO, message, args)
  File "/opt/hpcaas/.mounts/fs-072917c00f01ae1ba/home/chuanyang/envs/fairseq2/fairseq2/src/fairseq2/logging.py", line 67, in _write
    self._logger.log(level, message, exc_info=exc_info, extra=self._NO_HIGHLIGHT)
Message: "Broadcasting 'llama3_1_8b_instruct' model to all processes."
Arguments: ()
OSError: [Errno 122] Disk quota exceeded
Call stack:
  File "/home/chuanyang/miniconda3/envs/fairseq2/bin/fairseq2", line 8, in <module>
    sys.exit(main())
  File "/opt/hpcaas/.mounts/fs-072917c00f01ae1ba/home/chuanyang/envs/fairseq2/fairseq2/src/fairseq2/cli/_main.py", line 27, in main
    exit_code = _run()
  File "/opt/hpcaas/.mounts/fs-072917c00f01ae1ba/home/chuanyang/envs/fairseq2/fairseq2/src/fairseq2/cli/_main.py", line 73, in _run
    return cli.run(context)
  File "/opt/hpcaas/.mounts/fs-072917c00f01ae1ba/home/chuanyang/envs/fairseq2/fairseq2/src/fairseq2/cli/_cli.py", line 123, in run
    return args.command.run(context, args)  # type: ignore[no-any-return]
  File "/opt/hpcaas/.mounts/fs-072917c00f01ae1ba/home/chuanyang/envs/fairseq2/fairseq2/src/fairseq2/cli/_cli.py", line 361, in run
    return self._handler.run(context, self._parser, args)
  File "/opt/hpcaas/.mounts/fs-072917c00f01ae1ba/home/chuanyang/envs/fairseq2/fairseq2/src/fairseq2/cli/commands/recipe.py", line 245, in run
    recipe = self._loader(context, config, output_dir)
Traceback (most recent call last):
  File "/opt/hpcaas/.mounts/fs-072917c00f01ae1ba/home/chuanyang/envs/fairseq2/fairseq2/src/fairseq2/recipes/lm/_preference_finetune/_recipe.py", line 259, in load_po_finetuner
    unit = unit_handler.create(model, gangs, config)
  File "/opt/hpcaas/.mounts/fs-072917c00f01ae1ba/home/chuanyang/envs/fairseq2/fairseq2/src/fairseq2/recipes/lm/_preference_finetune/_dpo.py", line 284, in create
    reference_model = setup_reference_model(
  File "/opt/hpcaas/.mounts/fs-072917c00f01ae1ba/home/chuanyang/envs/fairseq2/fairseq2/src/fairseq2/recipes/common/_ref_model.py", line 56, in setup_reference_model
    broadcast_model(model_name, model, gangs)
  File "/opt/hpcaas/.mounts/fs-072917c00f01ae1ba/home/chuanyang/envs/fairseq2/fairseq2/src/fairseq2/recipes/common/_distributed.py", line 151, in broadcast_model
    log.info("Broadcasting '{}' model to all processes.", name)
  File "/opt/hpcaas/.mounts/fs-072917c00f01ae1ba/home/chuanyang/envs/fairseq2/fairseq2/src/fairseq2/logging.py", line 40, in info
  File "/home/chuanyang/envs/fairseq2/conda/lib/python3.10/logging/__init__.py", line 1104, in emit
    self.flush()
  File "/home/chuanyang/envs/fairseq2/conda/lib/python3.10/logging/__init__.py", line 1084, in flush
    self.stream.flush()
    self._write(logging.INFO, message, args)
  File "/opt/hpcaas/.mounts/fs-072917c00f01ae1ba/home/chuanyang/envs/fairseq2/fairseq2/src/fairseq2/logging.py", line 67, in _write
    self._logger.log(level, message, exc_info=exc_info, extra=self._NO_HIGHLIGHT)
OSError: [Errno 122] Disk quota exceeded
  File "/home/chuanyang/miniconda3/envs/fairseq2/bin/fairseq2", line 8, in <module>
    sys.exit(main())
  File "/opt/hpcaas/.mounts/fs-072917c00f01ae1ba/home/chuanyang/envs/fairseq2/fairseq2/src/fairseq2/cli/_main.py", line 27, in main
    exit_code = _run()
  File "/opt/hpcaas/.mounts/fs-072917c00f01ae1ba/home/chuanyang/envs/fairseq2/fairseq2/src/fairseq2/cli/_main.py", line 73, in _run
    return cli.run(context)
  File "/opt/hpcaas/.mounts/fs-072917c00f01ae1ba/home/chuanyang/envs/fairseq2/fairseq2/src/fairseq2/cli/_cli.py", line 123, in run
    return args.command.run(context, args)  # type: ignore[no-any-return]
  File "/opt/hpcaas/.mounts/fs-072917c00f01ae1ba/home/chuanyang/envs/fairseq2/fairseq2/src/fairseq2/cli/_cli.py", line 361, in run
    return self._handler.run(context, self._parser, args)
  File "/opt/hpcaas/.mounts/fs-072917c00f01ae1ba/home/chuanyang/envs/fairseq2/fairseq2/src/fairseq2/cli/commands/recipe.py", line 245, in run
    recipe = self._loader(context, config, output_dir)
Call stack:
  File "/opt/hpcaas/.mounts/fs-072917c00f01ae1ba/home/chuanyang/envs/fairseq2/fairseq2/src/fairseq2/recipes/lm/_preference_finetune/_recipe.py", line 259, in load_po_finetuner
    unit = unit_handler.create(model, gangs, config)
  File "/opt/hpcaas/.mounts/fs-072917c00f01ae1ba/home/chuanyang/envs/fairseq2/fairseq2/src/fairseq2/recipes/lm/_preference_finetune/_dpo.py", line 284, in create
    reference_model = setup_reference_model(
  File "/opt/hpcaas/.mounts/fs-072917c00f01ae1ba/home/chuanyang/envs/fairseq2/fairseq2/src/fairseq2/recipes/common/_ref_model.py", line 56, in setup_reference_model
    broadcast_model(model_name, model, gangs)
  File "/opt/hpcaas/.mounts/fs-072917c00f01ae1ba/home/chuanyang/envs/fairseq2/fairseq2/src/fairseq2/recipes/common/_distributed.py", line 151, in broadcast_model
    log.info("Broadcasting '{}' model to all processes.", name)
  File "/opt/hpcaas/.mounts/fs-072917c00f01ae1ba/home/chuanyang/envs/fairseq2/fairseq2/src/fairseq2/logging.py", line 40, in info
  File "/home/chuanyang/miniconda3/envs/fairseq2/bin/fairseq2", line 8, in <module>
    sys.exit(main())
  File "/opt/hpcaas/.mounts/fs-072917c00f01ae1ba/home/chuanyang/envs/fairseq2/fairseq2/src/fairseq2/cli/_main.py", line 27, in main
    exit_code = _run()
  File "/opt/hpcaas/.mounts/fs-072917c00f01ae1ba/home/chuanyang/envs/fairseq2/fairseq2/src/fairseq2/cli/_main.py", line 73, in _run
    return cli.run(context)
  File "/opt/hpcaas/.mounts/fs-072917c00f01ae1ba/home/chuanyang/envs/fairseq2/fairseq2/src/fairseq2/cli/_cli.py", line 123, in run
    return args.command.run(context, args)  # type: ignore[no-any-return]
  File "/opt/hpcaas/.mounts/fs-072917c00f01ae1ba/home/chuanyang/envs/fairseq2/fairseq2/src/fairseq2/cli/_cli.py", line 361, in run
    return self._handler.run(context, self._parser, args)
  File "/opt/hpcaas/.mounts/fs-072917c00f01ae1ba/home/chuanyang/envs/fairseq2/fairseq2/src/fairseq2/cli/commands/recipe.py", line 245, in run
    recipe = self._loader(context, config, output_dir)
    self._write(logging.INFO, message, args)
  File "/opt/hpcaas/.mounts/fs-072917c00f01ae1ba/home/chuanyang/envs/fairseq2/fairseq2/src/fairseq2/logging.py", line 67, in _write
    self._logger.log(level, message, exc_info=exc_info, extra=self._NO_HIGHLIGHT)
Message: "Broadcasting 'llama3_1_8b_instruct' model to all processes."
Arguments: ()
  File "/opt/hpcaas/.mounts/fs-072917c00f01ae1ba/home/chuanyang/envs/fairseq2/fairseq2/src/fairseq2/recipes/lm/_preference_finetune/_recipe.py", line 259, in load_po_finetuner
    unit = unit_handler.create(model, gangs, config)
  File "/opt/hpcaas/.mounts/fs-072917c00f01ae1ba/home/chuanyang/envs/fairseq2/fairseq2/src/fairseq2/recipes/lm/_preference_finetune/_dpo.py", line 284, in create
    reference_model = setup_reference_model(
  File "/opt/hpcaas/.mounts/fs-072917c00f01ae1ba/home/chuanyang/envs/fairseq2/fairseq2/src/fairseq2/recipes/common/_ref_model.py", line 56, in setup_reference_model
    broadcast_model(model_name, model, gangs)
  File "/opt/hpcaas/.mounts/fs-072917c00f01ae1ba/home/chuanyang/envs/fairseq2/fairseq2/src/fairseq2/recipes/common/_distributed.py", line 160, in broadcast_model
    log.info("Model broadcasted.")
--- Logging error ---
Traceback (most recent call last):
  File "/opt/hpcaas/.mounts/fs-072917c00f01ae1ba/home/chuanyang/envs/fairseq2/fairseq2/src/fairseq2/logging.py", line 40, in info
    self._write(logging.INFO, message, args)
  File "/opt/hpcaas/.mounts/fs-072917c00f01ae1ba/home/chuanyang/envs/fairseq2/fairseq2/src/fairseq2/logging.py", line 67, in _write
    self._logger.log(level, message, exc_info=exc_info, extra=self._NO_HIGHLIGHT)
Message: 'Model broadcasted.'
Arguments: ()
Message: "Broadcasting 'llama3_1_8b_instruct' model to all processes."
Arguments: ()
--- Logging error ---
  File "/home/chuanyang/miniconda3/envs/fairseq2/bin/fairseq2", line 8, in <module>
    sys.exit(main())
  File "/opt/hpcaas/.mounts/fs-072917c00f01ae1ba/home/chuanyang/envs/fairseq2/fairseq2/src/fairseq2/cli/_main.py", line 27, in main
    exit_code = _run()
  File "/opt/hpcaas/.mounts/fs-072917c00f01ae1ba/home/chuanyang/envs/fairseq2/fairseq2/src/fairseq2/cli/_main.py", line 73, in _run
    return cli.run(context)
  File "/opt/hpcaas/.mounts/fs-072917c00f01ae1ba/home/chuanyang/envs/fairseq2/fairseq2/src/fairseq2/cli/_cli.py", line 123, in run
    return args.command.run(context, args)  # type: ignore[no-any-return]
  File "/opt/hpcaas/.mounts/fs-072917c00f01ae1ba/home/chuanyang/envs/fairseq2/fairseq2/src/fairseq2/cli/_cli.py", line 361, in run
    return self._handler.run(context, self._parser, args)
  File "/opt/hpcaas/.mounts/fs-072917c00f01ae1ba/home/chuanyang/envs/fairseq2/fairseq2/src/fairseq2/cli/commands/recipe.py", line 245, in run
    recipe = self._loader(context, config, output_dir)
  File "/home/chuanyang/miniconda3/envs/fairseq2/bin/fairseq2", line 8, in <module>
    sys.exit(main())
  File "/opt/hpcaas/.mounts/fs-072917c00f01ae1ba/home/chuanyang/envs/fairseq2/fairseq2/src/fairseq2/cli/_main.py", line 27, in main
    exit_code = _run()
  File "/opt/hpcaas/.mounts/fs-072917c00f01ae1ba/home/chuanyang/envs/fairseq2/fairseq2/src/fairseq2/cli/_main.py", line 73, in _run
    return cli.run(context)
  File "/opt/hpcaas/.mounts/fs-072917c00f01ae1ba/home/chuanyang/envs/fairseq2/fairseq2/src/fairseq2/cli/_cli.py", line 123, in run
    return args.command.run(context, args)  # type: ignore[no-any-return]
  File "/opt/hpcaas/.mounts/fs-072917c00f01ae1ba/home/chuanyang/envs/fairseq2/fairseq2/src/fairseq2/recipes/lm/_preference_finetune/_recipe.py", line 259, in load_po_finetuner
    unit = unit_handler.create(model, gangs, config)
  File "/opt/hpcaas/.mounts/fs-072917c00f01ae1ba/home/chuanyang/envs/fairseq2/fairseq2/src/fairseq2/recipes/lm/_preference_finetune/_dpo.py", line 284, in create
    reference_model = setup_reference_model(
  File "/opt/hpcaas/.mounts/fs-072917c00f01ae1ba/home/chuanyang/envs/fairseq2/fairseq2/src/fairseq2/recipes/common/_ref_model.py", line 56, in setup_reference_model
    broadcast_model(model_name, model, gangs)
  File "/opt/hpcaas/.mounts/fs-072917c00f01ae1ba/home/chuanyang/envs/fairseq2/fairseq2/src/fairseq2/recipes/common/_distributed.py", line 151, in broadcast_model
    log.info("Broadcasting '{}' model to all processes.", name)
  File "/opt/hpcaas/.mounts/fs-072917c00f01ae1ba/home/chuanyang/envs/fairseq2/fairseq2/src/fairseq2/logging.py", line 40, in info
  File "/opt/hpcaas/.mounts/fs-072917c00f01ae1ba/home/chuanyang/envs/fairseq2/fairseq2/src/fairseq2/cli/_cli.py", line 361, in run
    return self._handler.run(context, self._parser, args)
  File "/opt/hpcaas/.mounts/fs-072917c00f01ae1ba/home/chuanyang/envs/fairseq2/fairseq2/src/fairseq2/cli/commands/recipe.py", line 245, in run
    recipe = self._loader(context, config, output_dir)
  File "/opt/hpcaas/.mounts/fs-072917c00f01ae1ba/home/chuanyang/envs/fairseq2/fairseq2/src/fairseq2/recipes/lm/_preference_finetune/_recipe.py", line 259, in load_po_finetuner
    unit = unit_handler.create(model, gangs, config)
  File "/opt/hpcaas/.mounts/fs-072917c00f01ae1ba/home/chuanyang/envs/fairseq2/fairseq2/src/fairseq2/recipes/lm/_preference_finetune/_dpo.py", line 284, in create
    reference_model = setup_reference_model(
  File "/opt/hpcaas/.mounts/fs-072917c00f01ae1ba/home/chuanyang/envs/fairseq2/fairseq2/src/fairseq2/recipes/common/_ref_model.py", line 56, in setup_reference_model
    self._write(logging.INFO, message, args)
  File "/opt/hpcaas/.mounts/fs-072917c00f01ae1ba/home/chuanyang/envs/fairseq2/fairseq2/src/fairseq2/logging.py", line 67, in _write
    self._logger.log(level, message, exc_info=exc_info, extra=self._NO_HIGHLIGHT)
Message: "Broadcasting 'llama3_1_8b_instruct' model to all processes."
Arguments: ()
    broadcast_model(model_name, model, gangs)
  File "/opt/hpcaas/.mounts/fs-072917c00f01ae1ba/home/chuanyang/envs/fairseq2/fairseq2/src/fairseq2/recipes/common/_distributed.py", line 160, in broadcast_model
    log.info("Model broadcasted.")
  File "/opt/hpcaas/.mounts/fs-072917c00f01ae1ba/home/chuanyang/envs/fairseq2/fairseq2/src/fairseq2/logging.py", line 40, in info
    self._write(logging.INFO, message, args)
  File "/opt/hpcaas/.mounts/fs-072917c00f01ae1ba/home/chuanyang/envs/fairseq2/fairseq2/src/fairseq2/logging.py", line 67, in _write
    self._logger.log(level, message, exc_info=exc_info, extra=self._NO_HIGHLIGHT)
Message: 'Model broadcasted.'
Arguments: ()
  File "/home/chuanyang/miniconda3/envs/fairseq2/bin/fairseq2", line 8, in <module>
    sys.exit(main())
  File "/opt/hpcaas/.mounts/fs-072917c00f01ae1ba/home/chuanyang/envs/fairseq2/fairseq2/src/fairseq2/cli/_main.py", line 27, in main
    exit_code = _run()
  File "/opt/hpcaas/.mounts/fs-072917c00f01ae1ba/home/chuanyang/envs/fairseq2/fairseq2/src/fairseq2/cli/_main.py", line 73, in _run
    return cli.run(context)
  File "/opt/hpcaas/.mounts/fs-072917c00f01ae1ba/home/chuanyang/envs/fairseq2/fairseq2/src/fairseq2/cli/_cli.py", line 123, in run
    return args.command.run(context, args)  # type: ignore[no-any-return]
  File "/opt/hpcaas/.mounts/fs-072917c00f01ae1ba/home/chuanyang/envs/fairseq2/fairseq2/src/fairseq2/cli/_cli.py", line 361, in run
    return self._handler.run(context, self._parser, args)
  File "/opt/hpcaas/.mounts/fs-072917c00f01ae1ba/home/chuanyang/envs/fairseq2/fairseq2/src/fairseq2/cli/commands/recipe.py", line 245, in run
    recipe = self._loader(context, config, output_dir)
Traceback (most recent call last):
  File "/home/chuanyang/envs/fairseq2/conda/lib/python3.10/logging/__init__.py", line 1104, in emit
    self.flush()
  File "/home/chuanyang/envs/fairseq2/conda/lib/python3.10/logging/__init__.py", line 1084, in flush
    self.stream.flush()
OSError: [Errno 122] Disk quota exceeded
  File "/opt/hpcaas/.mounts/fs-072917c00f01ae1ba/home/chuanyang/envs/fairseq2/fairseq2/src/fairseq2/recipes/lm/_preference_finetune/_recipe.py", line 259, in load_po_finetuner
    unit = unit_handler.create(model, gangs, config)
  File "/opt/hpcaas/.mounts/fs-072917c00f01ae1ba/home/chuanyang/envs/fairseq2/fairseq2/src/fairseq2/recipes/lm/_preference_finetune/_dpo.py", line 284, in create
    reference_model = setup_reference_model(
  File "/opt/hpcaas/.mounts/fs-072917c00f01ae1ba/home/chuanyang/envs/fairseq2/fairseq2/src/fairseq2/recipes/common/_ref_model.py", line 56, in setup_reference_model
    broadcast_model(model_name, model, gangs)
  File "/opt/hpcaas/.mounts/fs-072917c00f01ae1ba/home/chuanyang/envs/fairseq2/fairseq2/src/fairseq2/recipes/common/_distributed.py", line 151, in broadcast_model
    log.info("Broadcasting '{}' model to all processes.", name)
  File "/opt/hpcaas/.mounts/fs-072917c00f01ae1ba/home/chuanyang/envs/fairseq2/fairseq2/src/fairseq2/logging.py", line 40, in info
Call stack:
    self._write(logging.INFO, message, args)
  File "/opt/hpcaas/.mounts/fs-072917c00f01ae1ba/home/chuanyang/envs/fairseq2/fairseq2/src/fairseq2/logging.py", line 67, in _write
    self._logger.log(level, message, exc_info=exc_info, extra=self._NO_HIGHLIGHT)
Message: "Broadcasting 'llama3_1_8b_instruct' model to all processes."
Arguments: ()
--- Logging error ---
  File "/home/chuanyang/envs/fairseq2/conda/lib/python3.10/logging/__init__.py", line 1104, in emit
    self.flush()
  File "/home/chuanyang/envs/fairseq2/conda/lib/python3.10/logging/__init__.py", line 1084, in flush
    self.stream.flush()
OSError: [Errno 122] Disk quota exceeded
Call stack:
Traceback (most recent call last):
  File "/home/chuanyang/envs/fairseq2/conda/lib/python3.10/logging/__init__.py", line 1104, in emit
    self.flush()
  File "/home/chuanyang/envs/fairseq2/conda/lib/python3.10/logging/__init__.py", line 1084, in flush
    self.stream.flush()
OSError: [Errno 122] Disk quota exceeded
  File "/home/chuanyang/miniconda3/envs/fairseq2/bin/fairseq2", line 8, in <module>
    sys.exit(main())
  File "/home/chuanyang/miniconda3/envs/fairseq2/bin/fairseq2", line 8, in <module>
    sys.exit(main())
  File "/opt/hpcaas/.mounts/fs-072917c00f01ae1ba/home/chuanyang/envs/fairseq2/fairseq2/src/fairseq2/cli/_main.py", line 27, in main
    exit_code = _run()
  File "/opt/hpcaas/.mounts/fs-072917c00f01ae1ba/home/chuanyang/envs/fairseq2/fairseq2/src/fairseq2/cli/_main.py", line 73, in _run
    return cli.run(context)
  File "/opt/hpcaas/.mounts/fs-072917c00f01ae1ba/home/chuanyang/envs/fairseq2/fairseq2/src/fairseq2/cli/_cli.py", line 123, in run
    return args.command.run(context, args)  # type: ignore[no-any-return]
  File "/opt/hpcaas/.mounts/fs-072917c00f01ae1ba/home/chuanyang/envs/fairseq2/fairseq2/src/fairseq2/cli/_cli.py", line 361, in run
    return self._handler.run(context, self._parser, args)
  File "/opt/hpcaas/.mounts/fs-072917c00f01ae1ba/home/chuanyang/envs/fairseq2/fairseq2/src/fairseq2/cli/commands/recipe.py", line 245, in run
    recipe = self._loader(context, config, output_dir)
  File "/opt/hpcaas/.mounts/fs-072917c00f01ae1ba/home/chuanyang/envs/fairseq2/fairseq2/src/fairseq2/cli/_main.py", line 27, in main
    exit_code = _run()
  File "/opt/hpcaas/.mounts/fs-072917c00f01ae1ba/home/chuanyang/envs/fairseq2/fairseq2/src/fairseq2/cli/_main.py", line 73, in _run
    return cli.run(context)
  File "/opt/hpcaas/.mounts/fs-072917c00f01ae1ba/home/chuanyang/envs/fairseq2/fairseq2/src/fairseq2/cli/_cli.py", line 123, in run
    return args.command.run(context, args)  # type: ignore[no-any-return]
  File "/opt/hpcaas/.mounts/fs-072917c00f01ae1ba/home/chuanyang/envs/fairseq2/fairseq2/src/fairseq2/cli/_cli.py", line 361, in run
    return self._handler.run(context, self._parser, args)
  File "/opt/hpcaas/.mounts/fs-072917c00f01ae1ba/home/chuanyang/envs/fairseq2/fairseq2/src/fairseq2/cli/commands/recipe.py", line 245, in run
    recipe = self._loader(context, config, output_dir)
  File "/opt/hpcaas/.mounts/fs-072917c00f01ae1ba/home/chuanyang/envs/fairseq2/fairseq2/src/fairseq2/recipes/lm/_preference_finetune/_recipe.py", line 259, in load_po_finetuner
    unit = unit_handler.create(model, gangs, config)
  File "/opt/hpcaas/.mounts/fs-072917c00f01ae1ba/home/chuanyang/envs/fairseq2/fairseq2/src/fairseq2/recipes/lm/_preference_finetune/_dpo.py", line 284, in create
    reference_model = setup_reference_model(
  File "/opt/hpcaas/.mounts/fs-072917c00f01ae1ba/home/chuanyang/envs/fairseq2/fairseq2/src/fairseq2/recipes/common/_ref_model.py", line 56, in setup_reference_model
    broadcast_model(model_name, model, gangs)
  File "/opt/hpcaas/.mounts/fs-072917c00f01ae1ba/home/chuanyang/envs/fairseq2/fairseq2/src/fairseq2/recipes/common/_distributed.py", line 160, in broadcast_model
    log.info("Model broadcasted.")
  File "/opt/hpcaas/.mounts/fs-072917c00f01ae1ba/home/chuanyang/envs/fairseq2/fairseq2/src/fairseq2/logging.py", line 40, in info
    self._write(logging.INFO, message, args)
  File "/opt/hpcaas/.mounts/fs-072917c00f01ae1ba/home/chuanyang/envs/fairseq2/fairseq2/src/fairseq2/recipes/lm/_preference_finetune/_recipe.py", line 259, in load_po_finetuner
    unit = unit_handler.create(model, gangs, config)
  File "/opt/hpcaas/.mounts/fs-072917c00f01ae1ba/home/chuanyang/envs/fairseq2/fairseq2/src/fairseq2/recipes/lm/_preference_finetune/_dpo.py", line 284, in create
    reference_model = setup_reference_model(
  File "/opt/hpcaas/.mounts/fs-072917c00f01ae1ba/home/chuanyang/envs/fairseq2/fairseq2/src/fairseq2/recipes/common/_ref_model.py", line 56, in setup_reference_model
    broadcast_model(model_name, model, gangs)
  File "/opt/hpcaas/.mounts/fs-072917c00f01ae1ba/home/chuanyang/envs/fairseq2/fairseq2/src/fairseq2/recipes/common/_distributed.py", line 151, in broadcast_model
    log.info("Broadcasting '{}' model to all processes.", name)
  File "/opt/hpcaas/.mounts/fs-072917c00f01ae1ba/home/chuanyang/envs/fairseq2/fairseq2/src/fairseq2/logging.py", line 40, in info
Call stack:
    self._write(logging.INFO, message, args)
  File "/opt/hpcaas/.mounts/fs-072917c00f01ae1ba/home/chuanyang/envs/fairseq2/fairseq2/src/fairseq2/logging.py", line 67, in _write
    self._logger.log(level, message, exc_info=exc_info, extra=self._NO_HIGHLIGHT)
  File "/opt/hpcaas/.mounts/fs-072917c00f01ae1ba/home/chuanyang/envs/fairseq2/fairseq2/src/fairseq2/logging.py", line 67, in _write
    self._logger.log(level, message, exc_info=exc_info, extra=self._NO_HIGHLIGHT)
Message: 'Model broadcasted.'
Arguments: ()
Message: "Broadcasting 'llama3_1_8b_instruct' model to all processes."
Arguments: ()
  File "/home/chuanyang/miniconda3/envs/fairseq2/bin/fairseq2", line 8, in <module>
    sys.exit(main())
  File "/opt/hpcaas/.mounts/fs-072917c00f01ae1ba/home/chuanyang/envs/fairseq2/fairseq2/src/fairseq2/cli/_main.py", line 27, in main
    exit_code = _run()
  File "/opt/hpcaas/.mounts/fs-072917c00f01ae1ba/home/chuanyang/envs/fairseq2/fairseq2/src/fairseq2/cli/_main.py", line 73, in _run
    return cli.run(context)
  File "/opt/hpcaas/.mounts/fs-072917c00f01ae1ba/home/chuanyang/envs/fairseq2/fairseq2/src/fairseq2/cli/_cli.py", line 123, in run
    return args.command.run(context, args)  # type: ignore[no-any-return]
  File "/opt/hpcaas/.mounts/fs-072917c00f01ae1ba/home/chuanyang/envs/fairseq2/fairseq2/src/fairseq2/cli/_cli.py", line 361, in run
    return self._handler.run(context, self._parser, args)
                    INFO     fairseq2 - Model broadcasted.                      
  File "/opt/hpcaas/.mounts/fs-072917c00f01ae1ba/home/chuanyang/envs/fairseq2/fairseq2/src/fairseq2/cli/commands/recipe.py", line 245, in run
    recipe = self._loader(context, config, output_dir)
  File "/opt/hpcaas/.mounts/fs-072917c00f01ae1ba/home/chuanyang/envs/fairseq2/fairseq2/src/fairseq2/recipes/lm/_preference_finetune/_recipe.py", line 259, in load_po_finetuner
    unit = unit_handler.create(model, gangs, config)
  File "/opt/hpcaas/.mounts/fs-072917c00f01ae1ba/home/chuanyang/envs/fairseq2/fairseq2/src/fairseq2/recipes/lm/_preference_finetune/_dpo.py", line 284, in create
    reference_model = setup_reference_model(
  File "/opt/hpcaas/.mounts/fs-072917c00f01ae1ba/home/chuanyang/envs/fairseq2/fairseq2/src/fairseq2/recipes/common/_ref_model.py", line 56, in setup_reference_model
    broadcast_model(model_name, model, gangs)
  File "/opt/hpcaas/.mounts/fs-072917c00f01ae1ba/home/chuanyang/envs/fairseq2/fairseq2/src/fairseq2/recipes/common/_distributed.py", line 160, in broadcast_model
                    INFO     fairseq2 - Model (rank 0) - Parameter Size:        
                             8,030,261,248 | Parameter Size (bytes): 14.96 GiB |
                             Trainable Parameter Size: 8,030,261,248 | Trainable
                             Parameter Size (bytes): 14.96 GiB | Buffer Size:   
                             16,777,216 | Buffer Size (bytes): 64.00 MiB | Total
                             Size: 8,047,038,464 | Total Size (bytes): 15.02 GiB
                             | Layout:                                          
                             TransformerDecoderModel(                           
                               model_dim=4096                                   
                               (decoder_frontend): TransformerEmbeddingFrontend(
                                 model_dim=4096                                 
                                 (embed):                                       
    log.info("Model broadcasted.")
  File "/opt/hpcaas/.mounts/fs-072917c00f01ae1ba/home/chuanyang/envs/fairseq2/fairseq2/src/fairseq2/logging.py", line 40, in info
    self._write(logging.INFO, message, args)
  File "/opt/hpcaas/.mounts/fs-072917c00f01ae1ba/home/chuanyang/envs/fairseq2/fairseq2/src/fairseq2/logging.py", line 67, in _write
    self._logger.log(level, message, exc_info=exc_info, extra=self._NO_HIGHLIGHT)
                             StandardEmbedding(num_embeddings=128256,           
                             embedding_dim=4096)                                
                                 (pos_encoder): None                            
                                 (layer_norm): None                             
                                 (dropout): Dropout(p=0.1, inplace=False)       
                               )                                                
                               (decoder): StandardTransformerDecoder(           
                                 model_dim=4096,                                
                             self_attn_mask_factory=CausalAttentionMaskFactory()
                             , norm_order=PRE                                   
                                 (layers): ModuleList(                          
                                   (0-31): 32 x StandardTransformerDecoderLayer(
Message: 'Model broadcasted.'
Arguments: ()
                                     model_dim=4096, norm_order=PRE             
                                     (self_attn_layer_norm):                    
                             RMSNorm(normalized_shape=(4096,), eps=1E-05,       
                             elementwise_affine=True)                           
                                     (self_attn): StandardMultiheadAttention(   
                                       num_heads=32, model_dim=4096,            
                             num_key_value_heads=8                              
                                       (q_proj): Linear(input_dim=4096,         
                             output_dim=4096, bias=False,                       
                             init_fn=init_qkv_projection)                       
                                       (k_proj): Linear(input_dim=4096,         
                             output_dim=1024, bias=False,                       
--- Logging error ---
                             init_fn=init_qkv_projection)                       
                                       (v_proj): Linear(input_dim=4096,         
                             output_dim=1024, bias=False,                       
                             init_fn=init_qkv_projection)                       
                                       (pos_encoder):                           
                             RotaryEncoder(encoding_dim=128, max_seq_len=131072)
                                       (sdpa): TorchSDPA(attn_dropout_p=0.1)    
                                       (output_proj): Linear(input_dim=4096,    
                             output_dim=4096, bias=False,                       
                             init_fn=init_output_projection)                    
                                     )                                          
                                     (self_attn_norm): None                     
Traceback (most recent call last):
                                     (self_attn_dropout): None                  
                                     (self_attn_residual):                      
  File "/home/chuanyang/envs/fairseq2/conda/lib/python3.10/logging/__init__.py", line 1104, in emit
    self.flush()
  File "/home/chuanyang/envs/fairseq2/conda/lib/python3.10/logging/__init__.py", line 1084, in flush
    self.stream.flush()
                             StandardResidualConnect()                          
                                     (encoder_decoder_attn): None               
                                     (encoder_decoder_attn_dropout): None       
                                     (encoder_decoder_attn_residual): None      
                                     (encoder_decoder_attn_layer_norm): None    
                                     (ffn_layer_norm):                          
                             RMSNorm(normalized_shape=(4096,), eps=1E-05,       
                             elementwise_affine=True)                           
                                     (ffn): GLUFeedForwardNetwork(              
                                       model_dim=4096, inner_dim_scale=0.666667,
                             inner_dim_to_multiple=1024                         
                                       (gate_proj): Linear(input_dim=4096,      
OSError: [Errno 122] Disk quota exceeded
Call stack:
                             output_dim=14336, bias=False)                      
                                       (gate_activation): SiLU()                
                                       (inner_proj): Linear(input_dim=4096,     
                             output_dim=14336, bias=False)                      
                                       (inner_dropout): Dropout(p=0.1,          
                             inplace=False)                                     
                                       (output_proj): Linear(input_dim=14336,   
                             output_dim=4096, bias=False)                       
                                     )                                          
                                     (ffn_dropout): None                        
                                     (ffn_residual): StandardResidualConnect()  
                                   )                                            
  File "/home/chuanyang/miniconda3/envs/fairseq2/bin/fairseq2", line 8, in <module>
    sys.exit(main())
  File "/opt/hpcaas/.mounts/fs-072917c00f01ae1ba/home/chuanyang/envs/fairseq2/fairseq2/src/fairseq2/cli/_main.py", line 27, in main
    exit_code = _run()
  File "/opt/hpcaas/.mounts/fs-072917c00f01ae1ba/home/chuanyang/envs/fairseq2/fairseq2/src/fairseq2/cli/_main.py", line 73, in _run
    return cli.run(context)
  File "/opt/hpcaas/.mounts/fs-072917c00f01ae1ba/home/chuanyang/envs/fairseq2/fairseq2/src/fairseq2/cli/_cli.py", line 123, in run
    return args.command.run(context, args)  # type: ignore[no-any-return]
  File "/opt/hpcaas/.mounts/fs-072917c00f01ae1ba/home/chuanyang/envs/fairseq2/fairseq2/src/fairseq2/cli/_cli.py", line 361, in run
    return self._handler.run(context, self._parser, args)
  File "/opt/hpcaas/.mounts/fs-072917c00f01ae1ba/home/chuanyang/envs/fairseq2/fairseq2/src/fairseq2/cli/commands/recipe.py", line 245, in run
    recipe = self._loader(context, config, output_dir)
                                 )                                              
                                 (layer_norm): RMSNorm(normalized_shape=(4096,),
                             eps=1E-05, elementwise_affine=True)                
                                 (dropout): Dropout(p=0.1, inplace=False)       
                               )                                                
                               (final_proj): Linear(input_dim=4096,             
                             output_dim=128256, bias=False,                     
                             init_fn=init_final_projection)                     
                             )                                                  
  File "/opt/hpcaas/.mounts/fs-072917c00f01ae1ba/home/chuanyang/envs/fairseq2/fairseq2/src/fairseq2/recipes/lm/_preference_finetune/_recipe.py", line 259, in load_po_finetuner
    unit = unit_handler.create(model, gangs, config)
                    INFO     fairseq2 - DPO setup complete.                     
  File "/opt/hpcaas/.mounts/fs-072917c00f01ae1ba/home/chuanyang/envs/fairseq2/fairseq2/src/fairseq2/recipes/lm/_preference_finetune/_dpo.py", line 284, in create
    reference_model = setup_reference_model(
  File "/opt/hpcaas/.mounts/fs-072917c00f01ae1ba/home/chuanyang/envs/fairseq2/fairseq2/src/fairseq2/recipes/common/_ref_model.py", line 60, in setup_reference_model
    log_model(log, model, gangs)
  File "/opt/hpcaas/.mounts/fs-072917c00f01ae1ba/home/chuanyang/envs/fairseq2/fairseq2/src/fairseq2/recipes/utils/log.py", line 221, in log_model
    log.info("Model (rank {}) - {} | Layout:\n{}", gangs.root.rank, s, model)
  File "/opt/hpcaas/.mounts/fs-072917c00f01ae1ba/home/chuanyang/envs/fairseq2/fairseq2/src/fairseq2/logging.py", line 40, in info
    self._write(logging.INFO, message, args)
  File "/opt/hpcaas/.mounts/fs-072917c00f01ae1ba/home/chuanyang/envs/fairseq2/fairseq2/src/fairseq2/logging.py", line 67, in _write
    self._logger.log(level, message, exc_info=exc_info, extra=self._NO_HIGHLIGHT)
--- Logging error ---
Message: 'Model (rank 15) - Parameter Size: 8,030,261,248 | Parameter Size (bytes): 14.96 GiB | Trainable Parameter Size: 8,030,261,248 | Trainable Parameter Size (bytes): 14.96 GiB | Buffer Size: 16,777,216 | Buffer Size (bytes): 64.00 MiB | Total Size: 8,047,038,464 | Total Size (bytes): 15.02 GiB | Layout:\nTransformerDecoderModel(\n  model_dim=4096\n  (decoder_frontend): TransformerEmbeddingFrontend(\n    model_dim=4096\n    (embed): StandardEmbedding(num_embeddings=128256, embedding_dim=4096)\n    (pos_encoder): None\n    (layer_norm): None\n    (dropout): Dropout(p=0.1, inplace=False)\n  )\n  (decoder): StandardTransformerDecoder(\n    model_dim=4096, self_attn_mask_factory=CausalAttentionMaskFactory(), norm_order=PRE\n    (layers): ModuleList(\n      (0-31): 32 x StandardTransformerDecoderLayer(\n        model_dim=4096, norm_order=PRE\n        (self_attn_layer_norm): RMSNorm(normalized_shape=(4096,), eps=1E-05, elementwise_affine=True)\n        (self_attn): StandardMultiheadAttention(\n          num_heTraceback (most recent call last):
  File "/home/chuanyang/envs/fairseq2/conda/lib/python3.10/logging/__init__.py", line 1104, in emit
    self.flush()
ads=32, model_dim=4096, num_key_value_heads=8\n          (q_proj): Linear(input_dim=4096, output_dim=4096, bias=False, init_fn=init_qkv_projection)\n          (k_proj): Linear(input_dim=4096, output_dim=1024, bias=False, init_fn=init_qkv_projection)\n          (v_proj): Linear(input_dim=4096, output_dim=1024, bias=False, init_fn=init_qkv_projection)\n          (pos_encoder): RotaryEncoder(encoding_dim=128, max_seq_len=131072)\n          (sdpa): TorchSDPA(attn_dropout_p=0.1)\n          (output_proj): Linear(input_dim=4096, output_dim=4096, bias=False, init_fn=init_output_projection)\n        )\n        (self_attn_norm): None\n        (self_attn_dropout): None\n        (self_attn_residual): StandardResidualConnect()\n        (encoder_decoder_attn): None\n        (encoder_decoder_attn_dropout): None\n        (encoder_decoder_attn_residual): None\n        (encoder_decoder_attn_layer_norm): None\n        (ffn_layer_norm): RMSNorm(normalized_shape=(4096,), eps=1E-05, elementwise_affine=True)\n        (ffn): GLUFeed  File "/home/chuanyang/envs/fairseq2/conda/lib/python3.10/logging/__init__.py", line 1084, in flush
    self.stream.flush()
OSError: [Errno 122] Disk quota exceeded
Call stack:
ForwardNetwork(\n          model_dim=4096, inner_dim_scale=0.666667, inner_dim_to_multiple=1024\n          (gate_proj): Linear(input_dim=4096, output_dim=14336, bias=False)\n          (gate_activation): SiLU()\n          (inner_proj): Linear(input_dim=4096, output_dim=14336, bias=False)\n          (inner_dropout): Dropout(p=0.1, inplace=False)\n          (output_proj): Linear(input_dim=14336, output_dim=4096, bias=False)\n        )\n        (ffn_dropout): None\n        (ffn_residual): StandardResidualConnect()\n      )\n    )\n    (layer_norm): RMSNorm(normalized_shape=(4096,), eps=1E-05, elementwise_affine=True)\n    (dropout): Dropout(p=0.1, inplace=False)\n  )\n  (final_proj): Linear(input_dim=4096, output_dim=128256, bias=False, init_fn=init_final_projection)\n)'
Arguments: ()
  File "/home/chuanyang/miniconda3/envs/fairseq2/bin/fairseq2", line 8, in <module>
    sys.exit(main())
  File "/opt/hpcaas/.mounts/fs-072917c00f01ae1ba/home/chuanyang/envs/fairseq2/fairseq2/src/fairseq2/cli/_main.py", line 27, in main
    exit_code = _run()
  File "/opt/hpcaas/.mounts/fs-072917c00f01ae1ba/home/chuanyang/envs/fairseq2/fairseq2/src/fairseq2/cli/_main.py", line 73, in _run
    return cli.run(context)
  File "/opt/hpcaas/.mounts/fs-072917c00f01ae1ba/home/chuanyang/envs/fairseq2/fairseq2/src/fairseq2/cli/_cli.py", line 123, in run
    return args.command.run(context, args)  # type: ignore[no-any-return]
  File "/opt/hpcaas/.mounts/fs-072917c00f01ae1ba/home/chuanyang/envs/fairseq2/fairseq2/src/fairseq2/cli/_cli.py", line 361, in run
    return self._handler.run(context, self._parser, args)
  File "/opt/hpcaas/.mounts/fs-072917c00f01ae1ba/home/chuanyang/envs/fairseq2/fairseq2/src/fairseq2/cli/commands/recipe.py", line 245, in run
    recipe = self._loader(context, config, output_dir)
--- Logging error ---
  File "/opt/hpcaas/.mounts/fs-072917c00f01ae1ba/home/chuanyang/envs/fairseq2/fairseq2/src/fairseq2/recipes/lm/_preference_finetune/_recipe.py", line 259, in load_po_finetuner
    unit = unit_handler.create(model, gangs, config)
  File "/opt/hpcaas/.mounts/fs-072917c00f01ae1ba/home/chuanyang/envs/fairseq2/fairseq2/src/fairseq2/recipes/lm/_preference_finetune/_dpo.py", line 284, in create
    reference_model = setup_reference_model(
  File "/opt/hpcaas/.mounts/fs-072917c00f01ae1ba/home/chuanyang/envs/fairseq2/fairseq2/src/fairseq2/recipes/common/_ref_model.py", line 56, in setup_reference_model
    broadcast_model(model_name, model, gangs)
  File "/opt/hpcaas/.mounts/fs-072917c00f01ae1ba/home/chuanyang/envs/fairseq2/fairseq2/src/fairseq2/recipes/common/_distributed.py", line 160, in broadcast_model
    log.info("Model broadcasted.")
  File "/opt/hpcaas/.mounts/fs-072917c00f01ae1ba/home/chuanyang/envs/fairseq2/fairseq2/src/fairseq2/logging.py", line 40, in info
    self._write(logging.INFO, message, args)
Traceback (most recent call last):
  File "/opt/hpcaas/.mounts/fs-072917c00f01ae1ba/home/chuanyang/envs/fairseq2/fairseq2/src/fairseq2/logging.py", line 67, in _write
    self._logger.log(level, message, exc_info=exc_info, extra=self._NO_HIGHLIGHT)
Message: 'Model broadcasted.'
Arguments: ()
  File "/home/chuanyang/envs/fairseq2/conda/lib/python3.10/logging/__init__.py", line 1104, in emit
    self.flush()
  File "/home/chuanyang/envs/fairseq2/conda/lib/python3.10/logging/__init__.py", line 1084, in flush
    self.stream.flush()
OSError: [Errno 122] Disk quota exceeded
--- Logging error ---
Call stack:
Traceback (most recent call last):
  File "/home/chuanyang/envs/fairseq2/conda/lib/python3.10/logging/__init__.py", line 1104, in emit
    self.flush()
  File "/home/chuanyang/envs/fairseq2/conda/lib/python3.10/logging/__init__.py", line 1084, in flush
    self.stream.flush()
OSError: [Errno 122] Disk quota exceeded
  File "/home/chuanyang/miniconda3/envs/fairseq2/bin/fairseq2", line 8, in <module>
    sys.exit(main())
  File "/opt/hpcaas/.mounts/fs-072917c00f01ae1ba/home/chuanyang/envs/fairseq2/fairseq2/src/fairseq2/cli/_main.py", line 27, in main
    exit_code = _run()
  File "/opt/hpcaas/.mounts/fs-072917c00f01ae1ba/home/chuanyang/envs/fairseq2/fairseq2/src/fairseq2/cli/_main.py", line 73, in _run
    return cli.run(context)
  File "/opt/hpcaas/.mounts/fs-072917c00f01ae1ba/home/chuanyang/envs/fairseq2/fairseq2/src/fairseq2/cli/_cli.py", line 123, in run
    return args.command.run(context, args)  # type: ignore[no-any-return]
  File "/opt/hpcaas/.mounts/fs-072917c00f01ae1ba/home/chuanyang/envs/fairseq2/fairseq2/src/fairseq2/cli/_cli.py", line 361, in run
    return self._handler.run(context, self._parser, args)
  File "/opt/hpcaas/.mounts/fs-072917c00f01ae1ba/home/chuanyang/envs/fairseq2/fairseq2/src/fairseq2/cli/commands/recipe.py", line 245, in run
    recipe = self._loader(context, config, output_dir)
Call stack:
  File "/opt/hpcaas/.mounts/fs-072917c00f01ae1ba/home/chuanyang/envs/fairseq2/fairseq2/src/fairseq2/recipes/lm/_preference_finetune/_recipe.py", line 259, in load_po_finetuner
    unit = unit_handler.create(model, gangs, config)
  File "/opt/hpcaas/.mounts/fs-072917c00f01ae1ba/home/chuanyang/envs/fairseq2/fairseq2/src/fairseq2/recipes/lm/_preference_finetune/_dpo.py", line 284, in create
    reference_model = setup_reference_model(
  File "/opt/hpcaas/.mounts/fs-072917c00f01ae1ba/home/chuanyang/envs/fairseq2/fairseq2/src/fairseq2/recipes/common/_ref_model.py", line 60, in setup_reference_model
    log_model(log, model, gangs)
  File "/opt/hpcaas/.mounts/fs-072917c00f01ae1ba/home/chuanyang/envs/fairseq2/fairseq2/src/fairseq2/recipes/utils/log.py", line 221, in log_model
    log.info("Model (rank {}) - {} | Layout:\n{}", gangs.root.rank, s, model)
  File "/opt/hpcaas/.mounts/fs-072917c00f01ae1ba/home/chuanyang/envs/fairseq2/fairseq2/src/fairseq2/logging.py", line 40, in info
  File "/home/chuanyang/miniconda3/envs/fairseq2/bin/fairseq2", line 8, in <module>
    sys.exit(main())
  File "/opt/hpcaas/.mounts/fs-072917c00f01ae1ba/home/chuanyang/envs/fairseq2/fairseq2/src/fairseq2/cli/_main.py", line 27, in main
    exit_code = _run()
  File "/opt/hpcaas/.mounts/fs-072917c00f01ae1ba/home/chuanyang/envs/fairseq2/fairseq2/src/fairseq2/cli/_main.py", line 73, in _run
    return cli.run(context)
  File "/opt/hpcaas/.mounts/fs-072917c00f01ae1ba/home/chuanyang/envs/fairseq2/fairseq2/src/fairseq2/cli/_cli.py", line 123, in run
    return args.command.run(context, args)  # type: ignore[no-any-return]
  File "/opt/hpcaas/.mounts/fs-072917c00f01ae1ba/home/chuanyang/envs/fairseq2/fairseq2/src/fairseq2/cli/_cli.py", line 361, in run
    return self._handler.run(context, self._parser, args)
  File "/opt/hpcaas/.mounts/fs-072917c00f01ae1ba/home/chuanyang/envs/fairseq2/fairseq2/src/fairseq2/cli/commands/recipe.py", line 245, in run
    recipe = self._loader(context, config, output_dir)
    self._write(logging.INFO, message, args)
  File "/opt/hpcaas/.mounts/fs-072917c00f01ae1ba/home/chuanyang/envs/fairseq2/fairseq2/src/fairseq2/logging.py", line 67, in _write
    self._logger.log(level, message, exc_info=exc_info, extra=self._NO_HIGHLIGHT)
  File "/opt/hpcaas/.mounts/fs-072917c00f01ae1ba/home/chuanyang/envs/fairseq2/fairseq2/src/fairseq2/recipes/lm/_preference_finetune/_recipe.py", line 259, in load_po_finetuner
    unit = unit_handler.create(model, gangs, config)
  File "/opt/hpcaas/.mounts/fs-072917c00f01ae1ba/home/chuanyang/envs/fairseq2/fairseq2/src/fairseq2/recipes/lm/_preference_finetune/_dpo.py", line 284, in create
    reference_model = setup_reference_model(
Message: 'Model (rank 13) - Parameter Size: 8,030,261,248 | Parameter Size (bytes): 14.96 GiB | Trainable Parameter Size: 8,030,261,248 | Trainable Parameter Size (bytes): 14.96 GiB | Buffer Size: 16,777,216 | Buffer Size (bytes): 64.00 MiB | Total Size: 8,047,038,464 | Total Size (bytes): 15.02 GiB | Layout:\nTransformerDecoderModel(\n  model_dim=4096\n  (decoder_frontend): TransformerEmbeddingFrontend(\n    model_dim=4096\n    (embed): StandardEmbedding(num_embeddings=128256, embedding_dim=4096)\n    (pos_encoder): None\n    (layer_norm): None\n    (dropout): Dropout(p=0.1, inplace=False)\n  )\n  (decoder): StandardTransformerDecoder(\n    model_dim=4096, self_attn_mask_factory=CausalAttentionMaskFactory(), norm_order=PRE\n    (layers): ModuleList(\n      (0-31): 32 x StandardTransformerDecoderLayer(\n        model_dim=4096, norm_order=PRE\n        (self_attn_layer_norm): RMSNorm(normalized_shape=(4096,), eps=1E-05, elementwise_affine=True)\n        (self_attn): StandardMultiheadAttention(\n          num_he  File "/opt/hpcaas/.mounts/fs-072917c00f01ae1ba/home/chuanyang/envs/fairseq2/fairseq2/src/fairseq2/recipes/common/_ref_model.py", line 56, in setup_reference_model
    broadcast_model(model_name, model, gangs)
  File "/opt/hpcaas/.mounts/fs-072917c00f01ae1ba/home/chuanyang/envs/fairseq2/fairseq2/src/fairseq2/recipes/common/_distributed.py", line 160, in broadcast_model
    log.info("Model broadcasted.")
  File "/opt/hpcaas/.mounts/fs-072917c00f01ae1ba/home/chuanyang/envs/fairseq2/fairseq2/src/fairseq2/logging.py", line 40, in info
    self._write(logging.INFO, message, args)
  File "/opt/hpcaas/.mounts/fs-072917c00f01ae1ba/home/chuanyang/envs/fairseq2/fairseq2/src/fairseq2/logging.py", line 67, in _write
    self._logger.log(level, message, exc_info=exc_info, extra=self._NO_HIGHLIGHT)
Message: 'Model broadcasted.'
Arguments: ()
ads=32, model_dim=4096, num_key_value_heads=8\n          (q_proj): Linear(input_dim=4096, output_dim=4096, bias=False, init_fn=init_qkv_projection)\n          (k_proj): Linear(input_dim=4096, output_dim=1024, bias=False, init_fn=init_qkv_projection)\n          (v_proj): Linear(input_dim=4096, output_dim=1024, bias=False, init_fn=init_qkv_projection)\n          (pos_encoder): RotaryEncoder(encoding_dim=128, max_seq_len=131072)\n          (sdpa): TorchSDPA(attn_dropout_p=0.1)\n          (output_proj): Linear(input_dim=4096, output_dim=4096, bias=False, init_fn=init_output_projection)\n        )\n        (self_attn_norm): None\n        (self_attn_dropout): None\n        (self_attn_residual): StandardResidualConnect()\n        (encoder_decoder_attn): None\n        (encoder_decoder_attn_dropout): None\n        (encoder_decoder_attn_residual): None\n        (encoder_decoder_attn_layer_norm): None\n        (ffn_layer_norm): RMSNorm(normalized_shape=(4096,), eps=1E-05, elementwise_affine=True)\n        (ffn): GLUFeed--- Logging error ---
ForwardNetwork(\n          model_dim=4096, inner_dim_scale=0.666667, inner_dim_to_multiple=1024\n          (gate_proj): Linear(input_dim=4096, output_dim=14336, bias=False)\n          (gate_activation): SiLU()\n          (inner_proj): Linear(input_dim=4096, output_dim=14336, bias=False)\n          (inner_dropout): Dropout(p=0.1, inplace=False)\n          (output_proj): Linear(input_dim=14336, output_dim=4096, bias=False)\n        )\n        (ffn_dropout): None\n        (ffn_residual): StandardResidualConnect()\n      )\n    )\n    (layer_norm): RMSNorm(normalized_shape=(4096,), eps=1E-05, elementwise_affine=True)\n    (dropout): Dropout(p=0.1, inplace=False)\n  )\n  (final_proj): Linear(input_dim=4096, output_dim=128256, bias=False, init_fn=init_final_projection)\n)'
Arguments: ()
Traceback (most recent call last):
  File "/home/chuanyang/envs/fairseq2/conda/lib/python3.10/logging/__init__.py", line 1104, in emit
    self.flush()
  File "/home/chuanyang/envs/fairseq2/conda/lib/python3.10/logging/__init__.py", line 1084, in flush
    self.stream.flush()
OSError: [Errno 122] Disk quota exceeded
Call stack:
--- Logging error ---
  File "/home/chuanyang/miniconda3/envs/fairseq2/bin/fairseq2", line 8, in <module>
    sys.exit(main())
  File "/opt/hpcaas/.mounts/fs-072917c00f01ae1ba/home/chuanyang/envs/fairseq2/fairseq2/src/fairseq2/cli/_main.py", line 27, in main
    exit_code = _run()
  File "/opt/hpcaas/.mounts/fs-072917c00f01ae1ba/home/chuanyang/envs/fairseq2/fairseq2/src/fairseq2/cli/_main.py", line 73, in _run
    return cli.run(context)
  File "/opt/hpcaas/.mounts/fs-072917c00f01ae1ba/home/chuanyang/envs/fairseq2/fairseq2/src/fairseq2/cli/_cli.py", line 123, in run
    return args.command.run(context, args)  # type: ignore[no-any-return]
  File "/opt/hpcaas/.mounts/fs-072917c00f01ae1ba/home/chuanyang/envs/fairseq2/fairseq2/src/fairseq2/cli/_cli.py", line 361, in run
    return self._handler.run(context, self._parser, args)
  File "/opt/hpcaas/.mounts/fs-072917c00f01ae1ba/home/chuanyang/envs/fairseq2/fairseq2/src/fairseq2/cli/commands/recipe.py", line 245, in run
    recipe = self._loader(context, config, output_dir)
--- Logging error ---
  File "/opt/hpcaas/.mounts/fs-072917c00f01ae1ba/home/chuanyang/envs/fairseq2/fairseq2/src/fairseq2/recipes/lm/_preference_finetune/_recipe.py", line 259, in load_po_finetuner
    unit = unit_handler.create(model, gangs, config)
  File "/opt/hpcaas/.mounts/fs-072917c00f01ae1ba/home/chuanyang/envs/fairseq2/fairseq2/src/fairseq2/recipes/lm/_preference_finetune/_dpo.py", line 284, in create
    reference_model = setup_reference_model(
Traceback (most recent call last):
  File "/opt/hpcaas/.mounts/fs-072917c00f01ae1ba/home/chuanyang/envs/fairseq2/fairseq2/src/fairseq2/recipes/common/_ref_model.py", line 56, in setup_reference_model
    broadcast_model(model_name, model, gangs)
  File "/opt/hpcaas/.mounts/fs-072917c00f01ae1ba/home/chuanyang/envs/fairseq2/fairseq2/src/fairseq2/recipes/common/_distributed.py", line 160, in broadcast_model
    log.info("Model broadcasted.")
  File "/opt/hpcaas/.mounts/fs-072917c00f01ae1ba/home/chuanyang/envs/fairseq2/fairseq2/src/fairseq2/logging.py", line 40, in info
    self._write(logging.INFO, message, args)
  File "/opt/hpcaas/.mounts/fs-072917c00f01ae1ba/home/chuanyang/envs/fairseq2/fairseq2/src/fairseq2/logging.py", line 67, in _write
    self._logger.log(level, message, exc_info=exc_info, extra=self._NO_HIGHLIGHT)
Message: 'Model broadcasted.'
Arguments: ()
Traceback (most recent call last):
  File "/home/chuanyang/envs/fairseq2/conda/lib/python3.10/logging/__init__.py", line 1104, in emit
    self.flush()
  File "/home/chuanyang/envs/fairseq2/conda/lib/python3.10/logging/__init__.py", line 1084, in flush
    self.stream.flush()
OSError: [Errno 122] Disk quota exceeded
Call stack:
--- Logging error ---
  File "/home/chuanyang/envs/fairseq2/conda/lib/python3.10/logging/__init__.py", line 1104, in emit
    self.flush()
  File "/home/chuanyang/envs/fairseq2/conda/lib/python3.10/logging/__init__.py", line 1084, in flush
    self.stream.flush()
OSError: [Errno 122] Disk quota exceeded
Call stack:
Traceback (most recent call last):
  File "/home/chuanyang/envs/fairseq2/conda/lib/python3.10/logging/__init__.py", line 1104, in emit
    self.flush()
  File "/home/chuanyang/miniconda3/envs/fairseq2/bin/fairseq2", line 8, in <module>
    sys.exit(main())
  File "/opt/hpcaas/.mounts/fs-072917c00f01ae1ba/home/chuanyang/envs/fairseq2/fairseq2/src/fairseq2/cli/_main.py", line 27, in main
    exit_code = _run()
  File "/opt/hpcaas/.mounts/fs-072917c00f01ae1ba/home/chuanyang/envs/fairseq2/fairseq2/src/fairseq2/cli/_main.py", line 73, in _run
    return cli.run(context)
  File "/opt/hpcaas/.mounts/fs-072917c00f01ae1ba/home/chuanyang/envs/fairseq2/fairseq2/src/fairseq2/cli/_cli.py", line 123, in run
    return args.command.run(context, args)  # type: ignore[no-any-return]
  File "/opt/hpcaas/.mounts/fs-072917c00f01ae1ba/home/chuanyang/envs/fairseq2/fairseq2/src/fairseq2/cli/_cli.py", line 361, in run
    return self._handler.run(context, self._parser, args)
  File "/opt/hpcaas/.mounts/fs-072917c00f01ae1ba/home/chuanyang/envs/fairseq2/fairseq2/src/fairseq2/cli/commands/recipe.py", line 245, in run
    recipe = self._loader(context, config, output_dir)
  File "/home/chuanyang/envs/fairseq2/conda/lib/python3.10/logging/__init__.py", line 1084, in flush
    self.stream.flush()
OSError: [Errno 122] Disk quota exceeded
  File "/opt/hpcaas/.mounts/fs-072917c00f01ae1ba/home/chuanyang/envs/fairseq2/fairseq2/src/fairseq2/recipes/lm/_preference_finetune/_recipe.py", line 259, in load_po_finetuner
    unit = unit_handler.create(model, gangs, config)
  File "/opt/hpcaas/.mounts/fs-072917c00f01ae1ba/home/chuanyang/envs/fairseq2/fairseq2/src/fairseq2/recipes/lm/_preference_finetune/_dpo.py", line 284, in create
    reference_model = setup_reference_model(
  File "/opt/hpcaas/.mounts/fs-072917c00f01ae1ba/home/chuanyang/envs/fairseq2/fairseq2/src/fairseq2/recipes/common/_ref_model.py", line 60, in setup_reference_model
    log_model(log, model, gangs)
  File "/opt/hpcaas/.mounts/fs-072917c00f01ae1ba/home/chuanyang/envs/fairseq2/fairseq2/src/fairseq2/recipes/utils/log.py", line 221, in log_model
    log.info("Model (rank {}) - {} | Layout:\n{}", gangs.root.rank, s, model)
Call stack:
  File "/home/chuanyang/miniconda3/envs/fairseq2/bin/fairseq2", line 8, in <module>
    sys.exit(main())
  File "/opt/hpcaas/.mounts/fs-072917c00f01ae1ba/home/chuanyang/envs/fairseq2/fairseq2/src/fairseq2/cli/_main.py", line 27, in main
    exit_code = _run()
  File "/opt/hpcaas/.mounts/fs-072917c00f01ae1ba/home/chuanyang/envs/fairseq2/fairseq2/src/fairseq2/cli/_main.py", line 73, in _run
    return cli.run(context)
  File "/opt/hpcaas/.mounts/fs-072917c00f01ae1ba/home/chuanyang/envs/fairseq2/fairseq2/src/fairseq2/cli/_cli.py", line 123, in run
    return args.command.run(context, args)  # type: ignore[no-any-return]
  File "/opt/hpcaas/.mounts/fs-072917c00f01ae1ba/home/chuanyang/envs/fairseq2/fairseq2/src/fairseq2/cli/_cli.py", line 361, in run
    return self._handler.run(context, self._parser, args)
  File "/opt/hpcaas/.mounts/fs-072917c00f01ae1ba/home/chuanyang/envs/fairseq2/fairseq2/src/fairseq2/cli/commands/recipe.py", line 245, in run
    recipe = self._loader(context, config, output_dir)
  File "/home/chuanyang/miniconda3/envs/fairseq2/bin/fairseq2", line 8, in <module>
    sys.exit(main())
  File "/opt/hpcaas/.mounts/fs-072917c00f01ae1ba/home/chuanyang/envs/fairseq2/fairseq2/src/fairseq2/cli/_main.py", line 27, in main
    exit_code = _run()
  File "/opt/hpcaas/.mounts/fs-072917c00f01ae1ba/home/chuanyang/envs/fairseq2/fairseq2/src/fairseq2/cli/_main.py", line 73, in _run
    return cli.run(context)
  File "/opt/hpcaas/.mounts/fs-072917c00f01ae1ba/home/chuanyang/envs/fairseq2/fairseq2/src/fairseq2/cli/_cli.py", line 123, in run
    return args.command.run(context, args)  # type: ignore[no-any-return]
  File "/opt/hpcaas/.mounts/fs-072917c00f01ae1ba/home/chuanyang/envs/fairseq2/fairseq2/src/fairseq2/cli/_cli.py", line 361, in run
    return self._handler.run(context, self._parser, args)
  File "/opt/hpcaas/.mounts/fs-072917c00f01ae1ba/home/chuanyang/envs/fairseq2/fairseq2/src/fairseq2/cli/commands/recipe.py", line 245, in run
    recipe = self._loader(context, config, output_dir)
  File "/opt/hpcaas/.mounts/fs-072917c00f01ae1ba/home/chuanyang/envs/fairseq2/fairseq2/src/fairseq2/recipes/lm/_preference_finetune/_recipe.py", line 259, in load_po_finetuner
    unit = unit_handler.create(model, gangs, config)
  File "/opt/hpcaas/.mounts/fs-072917c00f01ae1ba/home/chuanyang/envs/fairseq2/fairseq2/src/fairseq2/recipes/lm/_preference_finetune/_dpo.py", line 284, in create
    reference_model = setup_reference_model(
  File "/opt/hpcaas/.mounts/fs-072917c00f01ae1ba/home/chuanyang/envs/fairseq2/fairseq2/src/fairseq2/recipes/common/_ref_model.py", line 60, in setup_reference_model
    log_model(log, model, gangs)
  File "/opt/hpcaas/.mounts/fs-072917c00f01ae1ba/home/chuanyang/envs/fairseq2/fairseq2/src/fairseq2/recipes/utils/log.py", line 221, in log_model
    log.info("Model (rank {}) - {} | Layout:\n{}", gangs.root.rank, s, model)
  File "/opt/hpcaas/.mounts/fs-072917c00f01ae1ba/home/chuanyang/envs/fairseq2/fairseq2/src/fairseq2/logging.py", line 40, in info
  File "/opt/hpcaas/.mounts/fs-072917c00f01ae1ba/home/chuanyang/envs/fairseq2/fairseq2/src/fairseq2/recipes/lm/_preference_finetune/_recipe.py", line 259, in load_po_finetuner
    unit = unit_handler.create(model, gangs, config)
  File "/opt/hpcaas/.mounts/fs-072917c00f01ae1ba/home/chuanyang/envs/fairseq2/fairseq2/src/fairseq2/recipes/lm/_preference_finetune/_dpo.py", line 284, in create
    reference_model = setup_reference_model(
    self._write(logging.INFO, message, args)
  File "/opt/hpcaas/.mounts/fs-072917c00f01ae1ba/home/chuanyang/envs/fairseq2/fairseq2/src/fairseq2/logging.py", line 67, in _write
    self._logger.log(level, message, exc_info=exc_info, extra=self._NO_HIGHLIGHT)
  File "/opt/hpcaas/.mounts/fs-072917c00f01ae1ba/home/chuanyang/envs/fairseq2/fairseq2/src/fairseq2/recipes/common/_ref_model.py", line 56, in setup_reference_model
    broadcast_model(model_name, model, gangs)
  File "/opt/hpcaas/.mounts/fs-072917c00f01ae1ba/home/chuanyang/envs/fairseq2/fairseq2/src/fairseq2/recipes/common/_distributed.py", line 160, in broadcast_model
    log.info("Model broadcasted.")
  File "/opt/hpcaas/.mounts/fs-072917c00f01ae1ba/home/chuanyang/envs/fairseq2/fairseq2/src/fairseq2/logging.py", line 40, in info
    self._write(logging.INFO, message, args)
  File "/opt/hpcaas/.mounts/fs-072917c00f01ae1ba/home/chuanyang/envs/fairseq2/fairseq2/src/fairseq2/logging.py", line 67, in _write
    self._logger.log(level, message, exc_info=exc_info, extra=self._NO_HIGHLIGHT)
Message: 'Model broadcasted.'
Arguments: ()
  File "/opt/hpcaas/.mounts/fs-072917c00f01ae1ba/home/chuanyang/envs/fairseq2/fairseq2/src/fairseq2/logging.py", line 40, in info
    self._write(logging.INFO, message, args)
  File "/opt/hpcaas/.mounts/fs-072917c00f01ae1ba/home/chuanyang/envs/fairseq2/fairseq2/src/fairseq2/logging.py", line 67, in _write
    self._logger.log(level, message, exc_info=exc_info, extra=self._NO_HIGHLIGHT)
--- Logging error ---
Message: 'Model (rank 14) - Parameter Size: 8,030,261,248 | Parameter Size (bytes): 14.96 GiB | Trainable Parameter Size: 8,030,261,248 | Trainable Parameter Size (bytes): 14.96 GiB | Buffer Size: 16,777,216 | Buffer Size (bytes): 64.00 MiB | Total Size: 8,047,038,464 | Total Size (bytes): 15.02 GiB | Layout:\nTransformerDecoderModel(\n  model_dim=4096\n  (decoder_frontend): TransformerEmbeddingFrontend(\n    model_dim=4096\n    (embed): StandardEmbedding(num_embeddings=128256, embedding_dim=4096)\n    (pos_encoder): None\n    (layer_norm): None\n    (dropout): Dropout(p=0.1, inplace=False)\n  )\n  (decoder): StandardTransformerDecoder(\n    model_dim=4096, self_attn_mask_factory=CausalAttentionMaskFactory(), norm_order=PRE\n    (layers): ModuleList(\n      (0-31): 32 x StandardTransformerDecoderLayer(\n        model_dim=4096, norm_order=PRE\n        (self_attn_layer_norm): RMSNorm(normalized_shape=(4096,), eps=1E-05, elementwise_affine=True)\n        (self_attn): StandardMultiheadAttention(\n          num_heTraceback (most recent call last):
  File "/home/chuanyang/envs/fairseq2/conda/lib/python3.10/logging/__init__.py", line 1104, in emit
    self.flush()
  File "/home/chuanyang/envs/fairseq2/conda/lib/python3.10/logging/__init__.py", line 1084, in flush
    self.stream.flush()
ads=32, model_dim=4096, num_key_value_heads=8\n          (q_proj): Linear(input_dim=4096, output_dim=4096, bias=False, init_fn=init_qkv_projection)\n          (k_proj): Linear(input_dim=4096, output_dim=1024, bias=False, init_fn=init_qkv_projection)\n          (v_proj): Linear(input_dim=4096, output_dim=1024, bias=False, init_fn=init_qkv_projection)\n          (pos_encoder): RotaryEncoder(encoding_dim=128, max_seq_len=131072)\n          (sdpa): TorchSDPA(attn_dropout_p=0.1)\n          (output_proj): Linear(input_dim=4096, output_dim=4096, bias=False, init_fn=init_output_projection)\n        )\n        (self_attn_norm): None\n        (self_attn_dropout): None\n        (self_attn_residual): StandardResidualConnect()\n        (encoder_decoder_attn): None\n        (encoder_decoder_attn_dropout): None\n        (encoder_decoder_attn_residual): None\n        (encoder_decoder_attn_layer_norm): None\n        (ffn_layer_norm): RMSNorm(normalized_shape=(4096,), eps=1E-05, elementwise_affine=True)\n        (ffn): GLUFeedOSError: [Errno 122] Disk quota exceeded
Call stack:
ForwardNetwork(\n          model_dim=4096, inner_dim_scale=0.666667, inner_dim_to_multiple=1024\n          (gate_proj): Linear(input_dim=4096, output_dim=14336, bias=False)\n          (gate_activation): SiLU()\n          (inner_proj): Linear(input_dim=4096, output_dim=14336, bias=False)\n          (inner_dropout): Dropout(p=0.1, inplace=False)\n          (output_proj): Linear(input_dim=14336, output_dim=4096, bias=False)\n        )\n        (ffn_dropout): None\n        (ffn_residual): StandardResidualConnect()\n      )\n    )\n    (layer_norm): RMSNorm(normalized_shape=(4096,), eps=1E-05, elementwise_affine=True)\n    (dropout): Dropout(p=0.1, inplace=False)\n  )\n  (final_proj): Linear(input_dim=4096, output_dim=128256, bias=False, init_fn=init_final_projection)\n)'
Arguments: ()
  File "/home/chuanyang/miniconda3/envs/fairseq2/bin/fairseq2", line 8, in <module>
    sys.exit(main())
  File "/opt/hpcaas/.mounts/fs-072917c00f01ae1ba/home/chuanyang/envs/fairseq2/fairseq2/src/fairseq2/cli/_main.py", line 27, in main
    exit_code = _run()
  File "/opt/hpcaas/.mounts/fs-072917c00f01ae1ba/home/chuanyang/envs/fairseq2/fairseq2/src/fairseq2/cli/_main.py", line 73, in _run
    return cli.run(context)
  File "/opt/hpcaas/.mounts/fs-072917c00f01ae1ba/home/chuanyang/envs/fairseq2/fairseq2/src/fairseq2/cli/_cli.py", line 123, in run
    return args.command.run(context, args)  # type: ignore[no-any-return]
  File "/opt/hpcaas/.mounts/fs-072917c00f01ae1ba/home/chuanyang/envs/fairseq2/fairseq2/src/fairseq2/cli/_cli.py", line 361, in run
    return self._handler.run(context, self._parser, args)
  File "/opt/hpcaas/.mounts/fs-072917c00f01ae1ba/home/chuanyang/envs/fairseq2/fairseq2/src/fairseq2/cli/commands/recipe.py", line 245, in run
    recipe = self._loader(context, config, output_dir)
Message: 'Model (rank 8) - Parameter Size: 8,030,261,248 | Parameter Size (bytes): 14.96 GiB | Trainable Parameter Size: 8,030,261,248 | Trainable Parameter Size (bytes): 14.96 GiB | Buffer Size: 16,777,216 | Buffer Size (bytes): 64.00 MiB | Total Size: 8,047,038,464 | Total Size (bytes): 15.02 GiB | Layout:\nTransformerDecoderModel(\n  model_dim=4096\n  (decoder_frontend): TransformerEmbeddingFrontend(\n    model_dim=4096\n    (embed): StandardEmbedding(num_embeddings=128256, embedding_dim=4096)\n    (pos_encoder): None\n    (layer_norm): None\n    (dropout): Dropout(p=0.1, inplace=False)\n  )\n  (decoder): StandardTransformerDecoder(\n    model_dim=4096, self_attn_mask_factory=CausalAttentionMaskFactory(), norm_order=PRE\n    (layers): ModuleList(\n      (0-31): 32 x StandardTransformerDecoderLayer(\n        model_dim=4096, norm_order=PRE\n        (self_attn_layer_norm): RMSNorm(normalized_shape=(4096,), eps=1E-05, elementwise_affine=True)\n        (self_attn): StandardMultiheadAttention(\n          num_hea  File "/opt/hpcaas/.mounts/fs-072917c00f01ae1ba/home/chuanyang/envs/fairseq2/fairseq2/src/fairseq2/recipes/lm/_preference_finetune/_recipe.py", line 259, in load_po_finetuner
    unit = unit_handler.create(model, gangs, config)
  File "/opt/hpcaas/.mounts/fs-072917c00f01ae1ba/home/chuanyang/envs/fairseq2/fairseq2/src/fairseq2/recipes/lm/_preference_finetune/_dpo.py", line 284, in create
    reference_model = setup_reference_model(
  File "/opt/hpcaas/.mounts/fs-072917c00f01ae1ba/home/chuanyang/envs/fairseq2/fairseq2/src/fairseq2/recipes/common/_ref_model.py", line 56, in setup_reference_model
    broadcast_model(model_name, model, gangs)
  File "/opt/hpcaas/.mounts/fs-072917c00f01ae1ba/home/chuanyang/envs/fairseq2/fairseq2/src/fairseq2/recipes/common/_distributed.py", line 160, in broadcast_model
    log.info("Model broadcasted.")
  File "/opt/hpcaas/.mounts/fs-072917c00f01ae1ba/home/chuanyang/envs/fairseq2/fairseq2/src/fairseq2/logging.py", line 40, in info
    self._write(logging.INFO, message, args)
ds=32, model_dim=4096, num_key_value_heads=8\n          (q_proj): Linear(input_dim=4096, output_dim=4096, bias=False, init_fn=init_qkv_projection)\n          (k_proj): Linear(input_dim=4096, output_dim=1024, bias=False, init_fn=init_qkv_projection)\n          (v_proj): Linear(input_dim=4096, output_dim=1024, bias=False, init_fn=init_qkv_projection)\n          (pos_encoder): RotaryEncoder(encoding_dim=128, max_seq_len=131072)\n          (sdpa): TorchSDPA(attn_dropout_p=0.1)\n          (output_proj): Linear(input_dim=4096, output_dim=4096, bias=False, init_fn=init_output_projection)\n        )\n        (self_attn_norm): None\n        (self_attn_dropout): None\n        (self_attn_residual): StandardResidualConnect()\n        (encoder_decoder_attn): None\n        (encoder_decoder_attn_dropout): None\n        (encoder_decoder_attn_residual): None\n        (encoder_decoder_attn_layer_norm): None\n        (ffn_layer_norm): RMSNorm(normalized_shape=(4096,), eps=1E-05, elementwise_affine=True)\n        (ffn): GLUFeedF  File "/opt/hpcaas/.mounts/fs-072917c00f01ae1ba/home/chuanyang/envs/fairseq2/fairseq2/src/fairseq2/logging.py", line 67, in _write
    self._logger.log(level, message, exc_info=exc_info, extra=self._NO_HIGHLIGHT)
orwardNetwork(\n          model_dim=4096, inner_dim_scale=0.666667, inner_dim_to_multiple=1024\n          (gate_proj): Linear(input_dim=4096, output_dim=14336, bias=False)\n          (gate_activation): SiLU()\n          (inner_proj): Linear(input_dim=4096, output_dim=14336, bias=False)\n          (inner_dropout): Dropout(p=0.1, inplace=False)\n          (output_proj): Linear(input_dim=14336, output_dim=4096, bias=False)\n        )\n        (ffn_dropout): None\n        (ffn_residual): StandardResidualConnect()\n      )\n    )\n    (layer_norm): RMSNorm(normalized_shape=(4096,), eps=1E-05, elementwise_affine=True)\n    (dropout): Dropout(p=0.1, inplace=False)\n  )\n  (final_proj): Linear(input_dim=4096, output_dim=128256, bias=False, init_fn=init_final_projection)\n)'
Arguments: ()
Message: 'Model broadcasted.'
Arguments: ()
--- Logging error ---
--- Logging error ---
Traceback (most recent call last):
Traceback (most recent call last):
  File "/home/chuanyang/envs/fairseq2/conda/lib/python3.10/logging/__init__.py", line 1104, in emit
    self.flush()
  File "/home/chuanyang/envs/fairseq2/conda/lib/python3.10/logging/__init__.py", line 1084, in flush
    self.stream.flush()
  File "/home/chuanyang/envs/fairseq2/conda/lib/python3.10/logging/__init__.py", line 1104, in emit
    self.flush()
  File "/home/chuanyang/envs/fairseq2/conda/lib/python3.10/logging/__init__.py", line 1084, in flush
    self.stream.flush()
OSError: [Errno 122] Disk quota exceeded
OSError: [Errno 122] Disk quota exceeded
Call stack:
Call stack:
  File "/home/chuanyang/miniconda3/envs/fairseq2/bin/fairseq2", line 8, in <module>
    sys.exit(main())
  File "/opt/hpcaas/.mounts/fs-072917c00f01ae1ba/home/chuanyang/envs/fairseq2/fairseq2/src/fairseq2/cli/_main.py", line 27, in main
    exit_code = _run()
  File "/opt/hpcaas/.mounts/fs-072917c00f01ae1ba/home/chuanyang/envs/fairseq2/fairseq2/src/fairseq2/cli/_main.py", line 73, in _run
    return cli.run(context)
  File "/opt/hpcaas/.mounts/fs-072917c00f01ae1ba/home/chuanyang/envs/fairseq2/fairseq2/src/fairseq2/cli/_cli.py", line 123, in run
    return args.command.run(context, args)  # type: ignore[no-any-return]
  File "/opt/hpcaas/.mounts/fs-072917c00f01ae1ba/home/chuanyang/envs/fairseq2/fairseq2/src/fairseq2/cli/_cli.py", line 361, in run
    return self._handler.run(context, self._parser, args)
  File "/opt/hpcaas/.mounts/fs-072917c00f01ae1ba/home/chuanyang/envs/fairseq2/fairseq2/src/fairseq2/cli/commands/recipe.py", line 245, in run
    recipe = self._loader(context, config, output_dir)
  File "/home/chuanyang/miniconda3/envs/fairseq2/bin/fairseq2", line 8, in <module>
    sys.exit(main())
  File "/opt/hpcaas/.mounts/fs-072917c00f01ae1ba/home/chuanyang/envs/fairseq2/fairseq2/src/fairseq2/cli/_main.py", line 27, in main
    exit_code = _run()
  File "/opt/hpcaas/.mounts/fs-072917c00f01ae1ba/home/chuanyang/envs/fairseq2/fairseq2/src/fairseq2/cli/_main.py", line 73, in _run
    return cli.run(context)
  File "/opt/hpcaas/.mounts/fs-072917c00f01ae1ba/home/chuanyang/envs/fairseq2/fairseq2/src/fairseq2/cli/_cli.py", line 123, in run
    return args.command.run(context, args)  # type: ignore[no-any-return]
  File "/opt/hpcaas/.mounts/fs-072917c00f01ae1ba/home/chuanyang/envs/fairseq2/fairseq2/src/fairseq2/cli/_cli.py", line 361, in run
    return self._handler.run(context, self._parser, args)
  File "/opt/hpcaas/.mounts/fs-072917c00f01ae1ba/home/chuanyang/envs/fairseq2/fairseq2/src/fairseq2/cli/commands/recipe.py", line 245, in run
    recipe = self._loader(context, config, output_dir)
  File "/opt/hpcaas/.mounts/fs-072917c00f01ae1ba/home/chuanyang/envs/fairseq2/fairseq2/src/fairseq2/recipes/lm/_preference_finetune/_recipe.py", line 259, in load_po_finetuner
    unit = unit_handler.create(model, gangs, config)
  File "/opt/hpcaas/.mounts/fs-072917c00f01ae1ba/home/chuanyang/envs/fairseq2/fairseq2/src/fairseq2/recipes/lm/_preference_finetune/_recipe.py", line 259, in load_po_finetuner
    unit = unit_handler.create(model, gangs, config)
  File "/opt/hpcaas/.mounts/fs-072917c00f01ae1ba/home/chuanyang/envs/fairseq2/fairseq2/src/fairseq2/recipes/lm/_preference_finetune/_dpo.py", line 284, in create
    reference_model = setup_reference_model(
  File "/opt/hpcaas/.mounts/fs-072917c00f01ae1ba/home/chuanyang/envs/fairseq2/fairseq2/src/fairseq2/recipes/lm/_preference_finetune/_dpo.py", line 296, in create
    log.info("DPO setup complete.")
  File "/opt/hpcaas/.mounts/fs-072917c00f01ae1ba/home/chuanyang/envs/fairseq2/fairseq2/src/fairseq2/logging.py", line 40, in info
    self._write(logging.INFO, message, args)
  File "/opt/hpcaas/.mounts/fs-072917c00f01ae1ba/home/chuanyang/envs/fairseq2/fairseq2/src/fairseq2/logging.py", line 67, in _write
    self._logger.log(level, message, exc_info=exc_info, extra=self._NO_HIGHLIGHT)
Message: 'DPO setup complete.'
Arguments: ()
  File "/opt/hpcaas/.mounts/fs-072917c00f01ae1ba/home/chuanyang/envs/fairseq2/fairseq2/src/fairseq2/recipes/common/_ref_model.py", line 56, in setup_reference_model
    broadcast_model(model_name, model, gangs)
  File "/opt/hpcaas/.mounts/fs-072917c00f01ae1ba/home/chuanyang/envs/fairseq2/fairseq2/src/fairseq2/recipes/common/_distributed.py", line 160, in broadcast_model
    log.info("Model broadcasted.")
  File "/opt/hpcaas/.mounts/fs-072917c00f01ae1ba/home/chuanyang/envs/fairseq2/fairseq2/src/fairseq2/logging.py", line 40, in info
    self._write(logging.INFO, message, args)
  File "/opt/hpcaas/.mounts/fs-072917c00f01ae1ba/home/chuanyang/envs/fairseq2/fairseq2/src/fairseq2/logging.py", line 67, in _write
    self._logger.log(level, message, exc_info=exc_info, extra=self._NO_HIGHLIGHT)
Message: 'Model broadcasted.'
Arguments: ()
--- Logging error ---
--- Logging error ---
Traceback (most recent call last):
  File "/home/chuanyang/envs/fairseq2/conda/lib/python3.10/logging/__init__.py", line 1104, in emit
    self.flush()
  File "/home/chuanyang/envs/fairseq2/conda/lib/python3.10/logging/__init__.py", line 1084, in flush
    self.stream.flush()
OSError: [Errno 122] Disk quota exceeded
Traceback (most recent call last):
Call stack:
  File "/home/chuanyang/envs/fairseq2/conda/lib/python3.10/logging/__init__.py", line 1104, in emit
    self.flush()
  File "/home/chuanyang/envs/fairseq2/conda/lib/python3.10/logging/__init__.py", line 1084, in flush
    self.stream.flush()
OSError: [Errno 122] Disk quota exceeded
  File "/home/chuanyang/miniconda3/envs/fairseq2/bin/fairseq2", line 8, in <module>
    sys.exit(main())
  File "/opt/hpcaas/.mounts/fs-072917c00f01ae1ba/home/chuanyang/envs/fairseq2/fairseq2/src/fairseq2/cli/_main.py", line 27, in main
    exit_code = _run()
  File "/opt/hpcaas/.mounts/fs-072917c00f01ae1ba/home/chuanyang/envs/fairseq2/fairseq2/src/fairseq2/cli/_main.py", line 73, in _run
    return cli.run(context)
  File "/opt/hpcaas/.mounts/fs-072917c00f01ae1ba/home/chuanyang/envs/fairseq2/fairseq2/src/fairseq2/cli/_cli.py", line 123, in run
    return args.command.run(context, args)  # type: ignore[no-any-return]
  File "/opt/hpcaas/.mounts/fs-072917c00f01ae1ba/home/chuanyang/envs/fairseq2/fairseq2/src/fairseq2/cli/_cli.py", line 361, in run
    return self._handler.run(context, self._parser, args)
Call stack:
  File "/opt/hpcaas/.mounts/fs-072917c00f01ae1ba/home/chuanyang/envs/fairseq2/fairseq2/src/fairseq2/cli/commands/recipe.py", line 245, in run
    recipe = self._loader(context, config, output_dir)
  File "/opt/hpcaas/.mounts/fs-072917c00f01ae1ba/home/chuanyang/envs/fairseq2/fairseq2/src/fairseq2/recipes/lm/_preference_finetune/_recipe.py", line 259, in load_po_finetuner
    unit = unit_handler.create(model, gangs, config)
  File "/opt/hpcaas/.mounts/fs-072917c00f01ae1ba/home/chuanyang/envs/fairseq2/fairseq2/src/fairseq2/recipes/lm/_preference_finetune/_dpo.py", line 296, in create
    log.info("DPO setup complete.")
  File "/opt/hpcaas/.mounts/fs-072917c00f01ae1ba/home/chuanyang/envs/fairseq2/fairseq2/src/fairseq2/logging.py", line 40, in info
    self._write(logging.INFO, message, args)
  File "/opt/hpcaas/.mounts/fs-072917c00f01ae1ba/home/chuanyang/envs/fairseq2/fairseq2/src/fairseq2/logging.py", line 67, in _write
    self._logger.log(level, message, exc_info=exc_info, extra=self._NO_HIGHLIGHT)
  File "/home/chuanyang/miniconda3/envs/fairseq2/bin/fairseq2", line 8, in <module>
    sys.exit(main())
  File "/opt/hpcaas/.mounts/fs-072917c00f01ae1ba/home/chuanyang/envs/fairseq2/fairseq2/src/fairseq2/cli/_main.py", line 27, in main
    exit_code = _run()
  File "/opt/hpcaas/.mounts/fs-072917c00f01ae1ba/home/chuanyang/envs/fairseq2/fairseq2/src/fairseq2/cli/_main.py", line 73, in _run
    return cli.run(context)
  File "/opt/hpcaas/.mounts/fs-072917c00f01ae1ba/home/chuanyang/envs/fairseq2/fairseq2/src/fairseq2/cli/_cli.py", line 123, in run
    return args.command.run(context, args)  # type: ignore[no-any-return]
  File "/opt/hpcaas/.mounts/fs-072917c00f01ae1ba/home/chuanyang/envs/fairseq2/fairseq2/src/fairseq2/cli/_cli.py", line 361, in run
    return self._handler.run(context, self._parser, args)
  File "/opt/hpcaas/.mounts/fs-072917c00f01ae1ba/home/chuanyang/envs/fairseq2/fairseq2/src/fairseq2/cli/commands/recipe.py", line 245, in run
    recipe = self._loader(context, config, output_dir)
Message: 'DPO setup complete.'
Arguments: ()
  File "/opt/hpcaas/.mounts/fs-072917c00f01ae1ba/home/chuanyang/envs/fairseq2/fairseq2/src/fairseq2/recipes/lm/_preference_finetune/_recipe.py", line 259, in load_po_finetuner
    unit = unit_handler.create(model, gangs, config)
  File "/opt/hpcaas/.mounts/fs-072917c00f01ae1ba/home/chuanyang/envs/fairseq2/fairseq2/src/fairseq2/recipes/lm/_preference_finetune/_dpo.py", line 284, in create
    reference_model = setup_reference_model(
  File "/opt/hpcaas/.mounts/fs-072917c00f01ae1ba/home/chuanyang/envs/fairseq2/fairseq2/src/fairseq2/recipes/common/_ref_model.py", line 60, in setup_reference_model
    log_model(log, model, gangs)
  File "/opt/hpcaas/.mounts/fs-072917c00f01ae1ba/home/chuanyang/envs/fairseq2/fairseq2/src/fairseq2/recipes/utils/log.py", line 221, in log_model
    log.info("Model (rank {}) - {} | Layout:\n{}", gangs.root.rank, s, model)
--- Logging error ---
  File "/opt/hpcaas/.mounts/fs-072917c00f01ae1ba/home/chuanyang/envs/fairseq2/fairseq2/src/fairseq2/logging.py", line 40, in info
    self._write(logging.INFO, message, args)
  File "/opt/hpcaas/.mounts/fs-072917c00f01ae1ba/home/chuanyang/envs/fairseq2/fairseq2/src/fairseq2/logging.py", line 67, in _write
    self._logger.log(level, message, exc_info=exc_info, extra=self._NO_HIGHLIGHT)
Traceback (most recent call last):
  File "/home/chuanyang/envs/fairseq2/conda/lib/python3.10/logging/__init__.py", line 1104, in emit
    self.flush()
  File "/home/chuanyang/envs/fairseq2/conda/lib/python3.10/logging/__init__.py", line 1084, in flush
    self.stream.flush()
OSError: [Errno 122] Disk quota exceeded
Call stack:
Message: 'Model (rank 5) - Parameter Size: 8,030,261,248 | Parameter Size (bytes): 14.96 GiB | Trainable Parameter Size: 8,030,261,248 | Trainable Parameter Size (bytes): 14.96 GiB | Buffer Size: 16,777,216 | Buffer Size (bytes): 64.00 MiB | Total Size: 8,047,038,464 | Total Size (bytes): 15.02 GiB | Layout:\nTransformerDecoderModel(\n  model_dim=4096\n  (decoder_frontend): TransformerEmbeddingFrontend(\n    model_dim=4096\n    (embed): StandardEmbedding(num_embeddings=128256, embedding_dim=4096)\n    (pos_encoder): None\n    (layer_norm): None\n    (dropout): Dropout(p=0.1, inplace=False)\n  )\n  (decoder): StandardTransformerDecoder(\n    model_dim=4096, self_attn_mask_factory=CausalAttentionMaskFactory(), norm_order=PRE\n    (layers): ModuleList(\n      (0-31): 32 x StandardTransformerDecoderLayer(\n        model_dim=4096, norm_order=PRE\n        (self_attn_layer_norm): RMSNorm(normalized_shape=(4096,), eps=1E-05, elementwise_affine=True)\n        (self_attn): StandardMultiheadAttention(\n          num_hea--- Logging error ---
ds=32, model_dim=4096, num_key_value_heads=8\n          (q_proj): Linear(input_dim=4096, output_dim=4096, bias=False, init_fn=init_qkv_projection)\n          (k_proj): Linear(input_dim=4096, output_dim=1024, bias=False, init_fn=init_qkv_projection)\n          (v_proj): Linear(input_dim=4096, output_dim=1024, bias=False, init_fn=init_qkv_projection)\n          (pos_encoder): RotaryEncoder(encoding_dim=128, max_seq_len=131072)\n          (sdpa): TorchSDPA(attn_dropout_p=0.1)\n          (output_proj): Linear(input_dim=4096, output_dim=4096, bias=False, init_fn=init_output_projection)\n        )\n        (self_attn_norm): None\n        (self_attn_dropout): None\n        (self_attn_residual): StandardResidualConnect()\n        (encoder_decoder_attn): None\n        (encoder_decoder_attn_dropout): None\n        (encoder_decoder_attn_residual): None\n        (encoder_decoder_attn_layer_norm): None\n        (ffn_layer_norm): RMSNorm(normalized_shape=(4096,), eps=1E-05, elementwise_affine=True)\n        (ffn): GLUFeedFTraceback (most recent call last):
  File "/home/chuanyang/envs/fairseq2/conda/lib/python3.10/logging/__init__.py", line 1104, in emit
    self.flush()
  File "/home/chuanyang/envs/fairseq2/conda/lib/python3.10/logging/__init__.py", line 1084, in flush
    self.stream.flush()
OSError: [Errno 122] Disk quota exceeded
orwardNetwork(\n          model_dim=4096, inner_dim_scale=0.666667, inner_dim_to_multiple=1024\n          (gate_proj): Linear(input_dim=4096, output_dim=14336, bias=False)\n          (gate_activation): SiLU()\n          (inner_proj): Linear(input_dim=4096, output_dim=14336, bias=False)\n          (inner_dropout): Dropout(p=0.1, inplace=False)\n          (output_proj): Linear(input_dim=14336, output_dim=4096, bias=False)\n        )\n        (ffn_dropout): None\n        (ffn_residual): StandardResidualConnect()\n      )\n    )\n    (layer_norm): RMSNorm(normalized_shape=(4096,), eps=1E-05, elementwise_affine=True)\n    (dropout): Dropout(p=0.1, inplace=False)\n  )\n  (final_proj): Linear(input_dim=4096, output_dim=128256, bias=False, init_fn=init_final_projection)\n)'
Arguments: ()
Call stack:
--- Logging error ---
  File "/home/chuanyang/miniconda3/envs/fairseq2/bin/fairseq2", line 8, in <module>
    sys.exit(main())
  File "/opt/hpcaas/.mounts/fs-072917c00f01ae1ba/home/chuanyang/envs/fairseq2/fairseq2/src/fairseq2/cli/_main.py", line 27, in main
    exit_code = _run()
  File "/opt/hpcaas/.mounts/fs-072917c00f01ae1ba/home/chuanyang/envs/fairseq2/fairseq2/src/fairseq2/cli/_main.py", line 73, in _run
    return cli.run(context)
  File "/opt/hpcaas/.mounts/fs-072917c00f01ae1ba/home/chuanyang/envs/fairseq2/fairseq2/src/fairseq2/cli/_cli.py", line 123, in run
    return args.command.run(context, args)  # type: ignore[no-any-return]
  File "/opt/hpcaas/.mounts/fs-072917c00f01ae1ba/home/chuanyang/envs/fairseq2/fairseq2/src/fairseq2/cli/_cli.py", line 361, in run
    return self._handler.run(context, self._parser, args)
  File "/opt/hpcaas/.mounts/fs-072917c00f01ae1ba/home/chuanyang/envs/fairseq2/fairseq2/src/fairseq2/cli/commands/recipe.py", line 245, in run
    recipe = self._loader(context, config, output_dir)
Traceback (most recent call last):
  File "/opt/hpcaas/.mounts/fs-072917c00f01ae1ba/home/chuanyang/envs/fairseq2/fairseq2/src/fairseq2/recipes/lm/_preference_finetune/_recipe.py", line 259, in load_po_finetuner
    unit = unit_handler.create(model, gangs, config)
  File "/opt/hpcaas/.mounts/fs-072917c00f01ae1ba/home/chuanyang/envs/fairseq2/fairseq2/src/fairseq2/recipes/lm/_preference_finetune/_dpo.py", line 296, in create
    log.info("DPO setup complete.")
  File "/opt/hpcaas/.mounts/fs-072917c00f01ae1ba/home/chuanyang/envs/fairseq2/fairseq2/src/fairseq2/logging.py", line 40, in info
    self._write(logging.INFO, message, args)
  File "/opt/hpcaas/.mounts/fs-072917c00f01ae1ba/home/chuanyang/envs/fairseq2/fairseq2/src/fairseq2/logging.py", line 67, in _write
    self._logger.log(level, message, exc_info=exc_info, extra=self._NO_HIGHLIGHT)
Message: 'DPO setup complete.'
Arguments: ()
  File "/home/chuanyang/envs/fairseq2/conda/lib/python3.10/logging/__init__.py", line 1104, in emit
    self.flush()
  File "/home/chuanyang/envs/fairseq2/conda/lib/python3.10/logging/__init__.py", line 1084, in flush
    self.stream.flush()
  File "/home/chuanyang/miniconda3/envs/fairseq2/bin/fairseq2", line 8, in <module>
    sys.exit(main())
  File "/opt/hpcaas/.mounts/fs-072917c00f01ae1ba/home/chuanyang/envs/fairseq2/fairseq2/src/fairseq2/cli/_main.py", line 27, in main
    exit_code = _run()
  File "/opt/hpcaas/.mounts/fs-072917c00f01ae1ba/home/chuanyang/envs/fairseq2/fairseq2/src/fairseq2/cli/_main.py", line 73, in _run
    return cli.run(context)
  File "/opt/hpcaas/.mounts/fs-072917c00f01ae1ba/home/chuanyang/envs/fairseq2/fairseq2/src/fairseq2/cli/_cli.py", line 123, in run
    return args.command.run(context, args)  # type: ignore[no-any-return]
  File "/opt/hpcaas/.mounts/fs-072917c00f01ae1ba/home/chuanyang/envs/fairseq2/fairseq2/src/fairseq2/cli/_cli.py", line 361, in run
    return self._handler.run(context, self._parser, args)
OSError: [Errno 122] Disk quota exceeded
Call stack:
  File "/opt/hpcaas/.mounts/fs-072917c00f01ae1ba/home/chuanyang/envs/fairseq2/fairseq2/src/fairseq2/cli/commands/recipe.py", line 245, in run
    recipe = self._loader(context, config, output_dir)
  File "/opt/hpcaas/.mounts/fs-072917c00f01ae1ba/home/chuanyang/envs/fairseq2/fairseq2/src/fairseq2/recipes/lm/_preference_finetune/_recipe.py", line 259, in load_po_finetuner
    unit = unit_handler.create(model, gangs, config)
  File "/opt/hpcaas/.mounts/fs-072917c00f01ae1ba/home/chuanyang/envs/fairseq2/fairseq2/src/fairseq2/recipes/lm/_preference_finetune/_dpo.py", line 296, in create
    log.info("DPO setup complete.")
  File "/opt/hpcaas/.mounts/fs-072917c00f01ae1ba/home/chuanyang/envs/fairseq2/fairseq2/src/fairseq2/logging.py", line 40, in info
    self._write(logging.INFO, message, args)
  File "/opt/hpcaas/.mounts/fs-072917c00f01ae1ba/home/chuanyang/envs/fairseq2/fairseq2/src/fairseq2/logging.py", line 67, in _write
    self._logger.log(level, message, exc_info=exc_info, extra=self._NO_HIGHLIGHT)
  File "/home/chuanyang/miniconda3/envs/fairseq2/bin/fairseq2", line 8, in <module>
    sys.exit(main())
  File "/opt/hpcaas/.mounts/fs-072917c00f01ae1ba/home/chuanyang/envs/fairseq2/fairseq2/src/fairseq2/cli/_main.py", line 27, in main
    exit_code = _run()
  File "/opt/hpcaas/.mounts/fs-072917c00f01ae1ba/home/chuanyang/envs/fairseq2/fairseq2/src/fairseq2/cli/_main.py", line 73, in _run
    return cli.run(context)
  File "/opt/hpcaas/.mounts/fs-072917c00f01ae1ba/home/chuanyang/envs/fairseq2/fairseq2/src/fairseq2/cli/_cli.py", line 123, in run
    return args.command.run(context, args)  # type: ignore[no-any-return]
  File "/opt/hpcaas/.mounts/fs-072917c00f01ae1ba/home/chuanyang/envs/fairseq2/fairseq2/src/fairseq2/cli/_cli.py", line 361, in run
    return self._handler.run(context, self._parser, args)
  File "/opt/hpcaas/.mounts/fs-072917c00f01ae1ba/home/chuanyang/envs/fairseq2/fairseq2/src/fairseq2/cli/commands/recipe.py", line 245, in run
    recipe = self._loader(context, config, output_dir)
Message: 'DPO setup complete.'
Arguments: ()
  File "/opt/hpcaas/.mounts/fs-072917c00f01ae1ba/home/chuanyang/envs/fairseq2/fairseq2/src/fairseq2/recipes/lm/_preference_finetune/_recipe.py", line 259, in load_po_finetuner
    unit = unit_handler.create(model, gangs, config)
  File "/opt/hpcaas/.mounts/fs-072917c00f01ae1ba/home/chuanyang/envs/fairseq2/fairseq2/src/fairseq2/recipes/lm/_preference_finetune/_dpo.py", line 284, in create
    reference_model = setup_reference_model(
--- Logging error ---
  File "/opt/hpcaas/.mounts/fs-072917c00f01ae1ba/home/chuanyang/envs/fairseq2/fairseq2/src/fairseq2/recipes/common/_ref_model.py", line 60, in setup_reference_model
    log_model(log, model, gangs)
  File "/opt/hpcaas/.mounts/fs-072917c00f01ae1ba/home/chuanyang/envs/fairseq2/fairseq2/src/fairseq2/recipes/utils/log.py", line 221, in log_model
    log.info("Model (rank {}) - {} | Layout:\n{}", gangs.root.rank, s, model)
  File "/opt/hpcaas/.mounts/fs-072917c00f01ae1ba/home/chuanyang/envs/fairseq2/fairseq2/src/fairseq2/logging.py", line 40, in info
    self._write(logging.INFO, message, args)
  File "/opt/hpcaas/.mounts/fs-072917c00f01ae1ba/home/chuanyang/envs/fairseq2/fairseq2/src/fairseq2/logging.py", line 67, in _write
    self._logger.log(level, message, exc_info=exc_info, extra=self._NO_HIGHLIGHT)
--- Logging error ---
Message: 'Model (rank 2) - Parameter Size: 8,030,261,248 | Parameter Size (bytes): 14.96 GiB | Trainable Parameter Size: 8,030,261,248 | Trainable Parameter Size (bytes): 14.96 GiB | Buffer Size: 16,777,216 | Buffer Size (bytes): 64.00 MiB | Total Size: 8,047,038,464 | Total Size (bytes): 15.02 GiB | Layout:\nTransformerDecoderModel(\n  model_dim=4096\n  (decoder_frontend): TransformerEmbeddingFrontend(\n    model_dim=4096\n    (embed): StandardEmbedding(num_embeddings=128256, embedding_dim=4096)\n    (pos_encoder): None\n    (layer_norm): None\n    (dropout): Dropout(p=0.1, inplace=False)\n  )\n  (decoder): StandardTransformerDecoder(\n    model_dim=4096, self_attn_mask_factory=CausalAttentionMaskFactory(), norm_order=PRE\n    (layers): ModuleList(\n      (0-31): 32 x StandardTransformerDecoderLayer(\n        model_dim=4096, norm_order=PRE\n        (self_attn_layer_norm): RMSNorm(normalized_shape=(4096,), eps=1E-05, elementwise_affine=True)\n        (self_attn): StandardMultiheadAttention(\n          num_heaTraceback (most recent call last):
ds=32, model_dim=4096, num_key_value_heads=8\n          (q_proj): Linear(input_dim=4096, output_dim=4096, bias=False, init_fn=init_qkv_projection)\n          (k_proj): Linear(input_dim=4096, output_dim=1024, bias=False, init_fn=init_qkv_projection)\n          (v_proj): Linear(input_dim=4096, output_dim=1024, bias=False, init_fn=init_qkv_projection)\n          (pos_encoder): RotaryEncoder(encoding_dim=128, max_seq_len=131072)\n          (sdpa): TorchSDPA(attn_dropout_p=0.1)\n          (output_proj): Linear(input_dim=4096, output_dim=4096, bias=False, init_fn=init_output_projection)\n        )\n        (self_attn_norm): None\n        (self_attn_dropout): None\n        (self_attn_residual): StandardResidualConnect()\n        (encoder_decoder_attn): None\n        (encoder_decoder_attn_dropout): None\n        (encoder_decoder_attn_residual): None\n        (encoder_decoder_attn_layer_norm): None\n        (ffn_layer_norm): RMSNorm(normalized_shape=(4096,), eps=1E-05, elementwise_affine=True)\n        (ffn): GLUFeedF  File "/home/chuanyang/envs/fairseq2/conda/lib/python3.10/logging/__init__.py", line 1104, in emit
    self.flush()
  File "/home/chuanyang/envs/fairseq2/conda/lib/python3.10/logging/__init__.py", line 1084, in flush
    self.stream.flush()
OSError: [Errno 122] Disk quota exceeded
orwardNetwork(\n          model_dim=4096, inner_dim_scale=0.666667, inner_dim_to_multiple=1024\n          (gate_proj): Linear(input_dim=4096, output_dim=14336, bias=False)\n          (gate_activation): SiLU()\n          (inner_proj): Linear(input_dim=4096, output_dim=14336, bias=False)\n          (inner_dropout): Dropout(p=0.1, inplace=False)\n          (output_proj): Linear(input_dim=14336, output_dim=4096, bias=False)\n        )\n        (ffn_dropout): None\n        (ffn_residual): StandardResidualConnect()\n      )\n    )\n    (layer_norm): RMSNorm(normalized_shape=(4096,), eps=1E-05, elementwise_affine=True)\n    (dropout): Dropout(p=0.1, inplace=False)\n  )\n  (final_proj): Linear(input_dim=4096, output_dim=128256, bias=False, init_fn=init_final_projection)\n)'
Arguments: ()
Traceback (most recent call last):
  File "/home/chuanyang/envs/fairseq2/conda/lib/python3.10/logging/__init__.py", line 1104, in emit
    self.flush()
--- Logging error ---
Call stack:
Traceback (most recent call last):
  File "/home/chuanyang/envs/fairseq2/conda/lib/python3.10/logging/__init__.py", line 1104, in emit
    self.flush()
  File "/home/chuanyang/envs/fairseq2/conda/lib/python3.10/logging/__init__.py", line 1084, in flush
    self.stream.flush()
  File "/home/chuanyang/envs/fairseq2/conda/lib/python3.10/logging/__init__.py", line 1084, in flush
    self.stream.flush()
OSError: [Errno 122] Disk quota exceeded
Call stack:
OSError: [Errno 122] Disk quota exceeded
Call stack:
--- Logging error ---
  File "/home/chuanyang/miniconda3/envs/fairseq2/bin/fairseq2", line 8, in <module>
    sys.exit(main())
  File "/opt/hpcaas/.mounts/fs-072917c00f01ae1ba/home/chuanyang/envs/fairseq2/fairseq2/src/fairseq2/cli/_main.py", line 27, in main
    exit_code = _run()
  File "/opt/hpcaas/.mounts/fs-072917c00f01ae1ba/home/chuanyang/envs/fairseq2/fairseq2/src/fairseq2/cli/_main.py", line 73, in _run
    return cli.run(context)
  File "/opt/hpcaas/.mounts/fs-072917c00f01ae1ba/home/chuanyang/envs/fairseq2/fairseq2/src/fairseq2/cli/_cli.py", line 123, in run
    return args.command.run(context, args)  # type: ignore[no-any-return]
  File "/opt/hpcaas/.mounts/fs-072917c00f01ae1ba/home/chuanyang/envs/fairseq2/fairseq2/src/fairseq2/cli/_cli.py", line 361, in run
    return self._handler.run(context, self._parser, args)
  File "/opt/hpcaas/.mounts/fs-072917c00f01ae1ba/home/chuanyang/envs/fairseq2/fairseq2/src/fairseq2/cli/commands/recipe.py", line 245, in run
    recipe = self._loader(context, config, output_dir)
--- Logging error ---
  File "/opt/hpcaas/.mounts/fs-072917c00f01ae1ba/home/chuanyang/envs/fairseq2/fairseq2/src/fairseq2/recipes/lm/_preference_finetune/_recipe.py", line 259, in load_po_finetuner
    unit = unit_handler.create(model, gangs, config)
Traceback (most recent call last):
  File "/opt/hpcaas/.mounts/fs-072917c00f01ae1ba/home/chuanyang/envs/fairseq2/fairseq2/src/fairseq2/recipes/lm/_preference_finetune/_dpo.py", line 284, in create
    reference_model = setup_reference_model(
  File "/opt/hpcaas/.mounts/fs-072917c00f01ae1ba/home/chuanyang/envs/fairseq2/fairseq2/src/fairseq2/recipes/common/_ref_model.py", line 60, in setup_reference_model
    log_model(log, model, gangs)
  File "/opt/hpcaas/.mounts/fs-072917c00f01ae1ba/home/chuanyang/envs/fairseq2/fairseq2/src/fairseq2/recipes/utils/log.py", line 221, in log_model
    log.info("Model (rank {}) - {} | Layout:\n{}", gangs.root.rank, s, model)
  File "/opt/hpcaas/.mounts/fs-072917c00f01ae1ba/home/chuanyang/envs/fairseq2/fairseq2/src/fairseq2/logging.py", line 40, in info
    self._write(logging.INFO, message, args)
  File "/opt/hpcaas/.mounts/fs-072917c00f01ae1ba/home/chuanyang/envs/fairseq2/fairseq2/src/fairseq2/logging.py", line 67, in _write
    self._logger.log(level, message, exc_info=exc_info, extra=self._NO_HIGHLIGHT)
  File "/home/chuanyang/envs/fairseq2/conda/lib/python3.10/logging/__init__.py", line 1104, in emit
    self.flush()
  File "/home/chuanyang/envs/fairseq2/conda/lib/python3.10/logging/__init__.py", line 1084, in flush
    self.stream.flush()
OSError: [Errno 122] Disk quota exceeded
Message: 'Model (rank 4) - Parameter Size: 8,030,261,248 | Parameter Size (bytes): 14.96 GiB | Trainable Parameter Size: 8,030,261,248 | Trainable Parameter Size (bytes): 14.96 GiB | Buffer Size: 16,777,216 | Buffer Size (bytes): 64.00 MiB | Total Size: 8,047,038,464 | Total Size (bytes): 15.02 GiB | Layout:\nTransformerDecoderModel(\n  model_dim=4096\n  (decoder_frontend): TransformerEmbeddingFrontend(\n    model_dim=4096\n    (embed): StandardEmbedding(num_embeddings=128256, embedding_dim=4096)\n    (pos_encoder): None\n    (layer_norm): None\n    (dropout): Dropout(p=0.1, inplace=False)\n  )\n  (decoder): StandardTransformerDecoder(\n    model_dim=4096, self_attn_mask_factory=CausalAttentionMaskFactory(), norm_order=PRE\n    (layers): ModuleList(\n      (0-31): 32 x StandardTransformerDecoderLayer(\n        model_dim=4096, norm_order=PRE\n        (self_attn_layer_norm): RMSNorm(normalized_shape=(4096,), eps=1E-05, elementwise_affine=True)\n        (self_attn): StandardMultiheadAttention(\n          num_heaCall stack:
ds=32, model_dim=4096, num_key_value_heads=8\n          (q_proj): Linear(input_dim=4096, output_dim=4096, bias=False, init_fn=init_qkv_projection)\n          (k_proj): Linear(input_dim=4096, output_dim=1024, bias=False, init_fn=init_qkv_projection)\n          (v_proj): Linear(input_dim=4096, output_dim=1024, bias=False, init_fn=init_qkv_projection)\n          (pos_encoder): RotaryEncoder(encoding_dim=128, max_seq_len=131072)\n          (sdpa): TorchSDPA(attn_dropout_p=0.1)\n          (output_proj): Linear(input_dim=4096, output_dim=4096, bias=False, init_fn=init_output_projection)\n        )\n        (self_attn_norm): None\n        (self_attn_dropout): None\n        (self_attn_residual): StandardResidualConnect()\n        (encoder_decoder_attn): None\n        (encoder_decoder_attn_dropout): None\n        (encoder_decoder_attn_residual): None\n        (encoder_decoder_attn_layer_norm): None\n        (ffn_layer_norm): RMSNorm(normalized_shape=(4096,), eps=1E-05, elementwise_affine=True)\n        (ffn): GLUFeedFTraceback (most recent call last):
orwardNetwork(\n          model_dim=4096, inner_dim_scale=0.666667, inner_dim_to_multiple=1024\n          (gate_proj): Linear(input_dim=4096, output_dim=14336, bias=False)\n          (gate_activation): SiLU()\n          (inner_proj): Linear(input_dim=4096, output_dim=14336, bias=False)\n          (inner_dropout): Dropout(p=0.1, inplace=False)\n          (output_proj): Linear(input_dim=14336, output_dim=4096, bias=False)\n        )\n        (ffn_dropout): None\n        (ffn_residual): StandardResidualConnect()\n      )\n    )\n    (layer_norm): RMSNorm(normalized_shape=(4096,), eps=1E-05, elementwise_affine=True)\n    (dropout): Dropout(p=0.1, inplace=False)\n  )\n  (final_proj): Linear(input_dim=4096, output_dim=128256, bias=False, init_fn=init_final_projection)\n)'
Arguments: ()
  File "/home/chuanyang/envs/fairseq2/conda/lib/python3.10/logging/__init__.py", line 1104, in emit
    self.flush()
  File "/home/chuanyang/envs/fairseq2/conda/lib/python3.10/logging/__init__.py", line 1084, in flush
    self.stream.flush()
--- Logging error ---
OSError: [Errno 122] Disk quota exceeded
Call stack:
Traceback (most recent call last):
  File "/home/chuanyang/miniconda3/envs/fairseq2/bin/fairseq2", line 8, in <module>
    sys.exit(main())
  File "/opt/hpcaas/.mounts/fs-072917c00f01ae1ba/home/chuanyang/envs/fairseq2/fairseq2/src/fairseq2/cli/_main.py", line 27, in main
    exit_code = _run()
  File "/opt/hpcaas/.mounts/fs-072917c00f01ae1ba/home/chuanyang/envs/fairseq2/fairseq2/src/fairseq2/cli/_main.py", line 73, in _run
    return cli.run(context)
  File "/opt/hpcaas/.mounts/fs-072917c00f01ae1ba/home/chuanyang/envs/fairseq2/fairseq2/src/fairseq2/cli/_cli.py", line 123, in run
    return args.command.run(context, args)  # type: ignore[no-any-return]
  File "/opt/hpcaas/.mounts/fs-072917c00f01ae1ba/home/chuanyang/envs/fairseq2/fairseq2/src/fairseq2/cli/_cli.py", line 361, in run
    return self._handler.run(context, self._parser, args)
  File "/opt/hpcaas/.mounts/fs-072917c00f01ae1ba/home/chuanyang/envs/fairseq2/fairseq2/src/fairseq2/cli/commands/recipe.py", line 263, in run
    recipe(progress_reporter)
  File "/home/chuanyang/envs/fairseq2/conda/lib/python3.10/logging/__init__.py", line 1104, in emit
    self.flush()
  File "/opt/hpcaas/.mounts/fs-072917c00f01ae1ba/home/chuanyang/envs/fairseq2/fairseq2/src/fairseq2/recipes/trainer.py", line 571, in __call__
    self._maybe_restore_state()
  File "/opt/hpcaas/.mounts/fs-072917c00f01ae1ba/home/chuanyang/envs/fairseq2/fairseq2/src/fairseq2/recipes/trainer.py", line 600, in _maybe_restore_state
    log.info("Attempting to load the last checkpoint.")
  File "/opt/hpcaas/.mounts/fs-072917c00f01ae1ba/home/chuanyang/envs/fairseq2/fairseq2/src/fairseq2/logging.py", line 40, in info
    self._write(logging.INFO, message, args)
  File "/opt/hpcaas/.mounts/fs-072917c00f01ae1ba/home/chuanyang/envs/fairseq2/fairseq2/src/fairseq2/logging.py", line 67, in _write
    self._logger.log(level, message, exc_info=exc_info, extra=self._NO_HIGHLIGHT)
  File "/home/chuanyang/envs/fairseq2/conda/lib/python3.10/logging/__init__.py", line 1084, in flush
    self.stream.flush()
OSError: [Errno 122] Disk quota exceeded
Call stack:
  File "/home/chuanyang/miniconda3/envs/fairseq2/bin/fairseq2", line 8, in <module>
    sys.exit(main())
  File "/opt/hpcaas/.mounts/fs-072917c00f01ae1ba/home/chuanyang/envs/fairseq2/fairseq2/src/fairseq2/cli/_main.py", line 27, in main
    exit_code = _run()
  File "/opt/hpcaas/.mounts/fs-072917c00f01ae1ba/home/chuanyang/envs/fairseq2/fairseq2/src/fairseq2/cli/_main.py", line 73, in _run
    return cli.run(context)
  File "/opt/hpcaas/.mounts/fs-072917c00f01ae1ba/home/chuanyang/envs/fairseq2/fairseq2/src/fairseq2/cli/_cli.py", line 123, in run
    return args.command.run(context, args)  # type: ignore[no-any-return]
  File "/opt/hpcaas/.mounts/fs-072917c00f01ae1ba/home/chuanyang/envs/fairseq2/fairseq2/src/fairseq2/cli/_cli.py", line 361, in run
    return self._handler.run(context, self._parser, args)
  File "/opt/hpcaas/.mounts/fs-072917c00f01ae1ba/home/chuanyang/envs/fairseq2/fairseq2/src/fairseq2/cli/commands/recipe.py", line 263, in run
    recipe(progress_reporter)
--- Logging error ---
  File "/opt/hpcaas/.mounts/fs-072917c00f01ae1ba/home/chuanyang/envs/fairseq2/fairseq2/src/fairseq2/recipes/trainer.py", line 571, in __call__
    self._maybe_restore_state()
  File "/opt/hpcaas/.mounts/fs-072917c00f01ae1ba/home/chuanyang/envs/fairseq2/fairseq2/src/fairseq2/recipes/trainer.py", line 600, in _maybe_restore_state
    log.info("Attempting to load the last checkpoint.")
  File "/opt/hpcaas/.mounts/fs-072917c00f01ae1ba/home/chuanyang/envs/fairseq2/fairseq2/src/fairseq2/logging.py", line 40, in info
    self._write(logging.INFO, message, args)
  File "/opt/hpcaas/.mounts/fs-072917c00f01ae1ba/home/chuanyang/envs/fairseq2/fairseq2/src/fairseq2/logging.py", line 67, in _write
    self._logger.log(level, message, exc_info=exc_info, extra=self._NO_HIGHLIGHT)
Message: 'Attempting to load the last checkpoint.'
Arguments: ()
Traceback (most recent call last):
  File "/home/chuanyang/miniconda3/envs/fairseq2/bin/fairseq2", line 8, in <module>
    sys.exit(main())
  File "/opt/hpcaas/.mounts/fs-072917c00f01ae1ba/home/chuanyang/envs/fairseq2/fairseq2/src/fairseq2/cli/_main.py", line 27, in main
    exit_code = _run()
  File "/opt/hpcaas/.mounts/fs-072917c00f01ae1ba/home/chuanyang/envs/fairseq2/fairseq2/src/fairseq2/cli/_main.py", line 73, in _run
    return cli.run(context)
  File "/opt/hpcaas/.mounts/fs-072917c00f01ae1ba/home/chuanyang/envs/fairseq2/fairseq2/src/fairseq2/cli/_cli.py", line 123, in run
    return args.command.run(context, args)  # type: ignore[no-any-return]
  File "/opt/hpcaas/.mounts/fs-072917c00f01ae1ba/home/chuanyang/envs/fairseq2/fairseq2/src/fairseq2/cli/_cli.py", line 361, in run
    return self._handler.run(context, self._parser, args)
  File "/opt/hpcaas/.mounts/fs-072917c00f01ae1ba/home/chuanyang/envs/fairseq2/fairseq2/src/fairseq2/cli/commands/recipe.py", line 263, in run
    recipe(progress_reporter)
  File "/home/chuanyang/miniconda3/envs/fairseq2/bin/fairseq2", line 8, in <module>
    sys.exit(main())
  File "/opt/hpcaas/.mounts/fs-072917c00f01ae1ba/home/chuanyang/envs/fairseq2/fairseq2/src/fairseq2/cli/_main.py", line 27, in main
    exit_code = _run()
  File "/opt/hpcaas/.mounts/fs-072917c00f01ae1ba/home/chuanyang/envs/fairseq2/fairseq2/src/fairseq2/cli/_main.py", line 73, in _run
    return cli.run(context)
  File "/opt/hpcaas/.mounts/fs-072917c00f01ae1ba/home/chuanyang/envs/fairseq2/fairseq2/src/fairseq2/cli/_cli.py", line 123, in run
    return args.command.run(context, args)  # type: ignore[no-any-return]
  File "/opt/hpcaas/.mounts/fs-072917c00f01ae1ba/home/chuanyang/envs/fairseq2/fairseq2/src/fairseq2/cli/_cli.py", line 361, in run
    return self._handler.run(context, self._parser, args)
  File "/opt/hpcaas/.mounts/fs-072917c00f01ae1ba/home/chuanyang/envs/fairseq2/fairseq2/src/fairseq2/cli/commands/recipe.py", line 245, in run
    recipe = self._loader(context, config, output_dir)
  File "/opt/hpcaas/.mounts/fs-072917c00f01ae1ba/home/chuanyang/envs/fairseq2/fairseq2/src/fairseq2/recipes/trainer.py", line 571, in __call__
    self._maybe_restore_state()
  File "/opt/hpcaas/.mounts/fs-072917c00f01ae1ba/home/chuanyang/envs/fairseq2/fairseq2/src/fairseq2/recipes/trainer.py", line 600, in _maybe_restore_state
    log.info("Attempting to load the last checkpoint.")
  File "/opt/hpcaas/.mounts/fs-072917c00f01ae1ba/home/chuanyang/envs/fairseq2/fairseq2/src/fairseq2/logging.py", line 40, in info
    self._write(logging.INFO, message, args)
  File "/opt/hpcaas/.mounts/fs-072917c00f01ae1ba/home/chuanyang/envs/fairseq2/fairseq2/src/fairseq2/logging.py", line 67, in _write
    self._logger.log(level, message, exc_info=exc_info, extra=self._NO_HIGHLIGHT)
Message: 'Attempting to load the last checkpoint.'
Arguments: ()
  File "/opt/hpcaas/.mounts/fs-072917c00f01ae1ba/home/chuanyang/envs/fairseq2/fairseq2/src/fairseq2/recipes/lm/_preference_finetune/_recipe.py", line 259, in load_po_finetuner
    unit = unit_handler.create(model, gangs, config)
  File "/opt/hpcaas/.mounts/fs-072917c00f01ae1ba/home/chuanyang/envs/fairseq2/fairseq2/src/fairseq2/recipes/lm/_preference_finetune/_dpo.py", line 296, in create
    log.info("DPO setup complete.")
  File "/opt/hpcaas/.mounts/fs-072917c00f01ae1ba/home/chuanyang/envs/fairseq2/fairseq2/src/fairseq2/logging.py", line 40, in info
    self._write(logging.INFO, message, args)
  File "/opt/hpcaas/.mounts/fs-072917c00f01ae1ba/home/chuanyang/envs/fairseq2/fairseq2/src/fairseq2/logging.py", line 67, in _write
    self._logger.log(level, message, exc_info=exc_info, extra=self._NO_HIGHLIGHT)
Message: 'DPO setup complete.'
Arguments: ()
Message: 'Attempting to load the last checkpoint.'
Arguments: ()
  File "/home/chuanyang/envs/fairseq2/conda/lib/python3.10/logging/__init__.py", line 1104, in emit
    self.flush()
  File "/home/chuanyang/envs/fairseq2/conda/lib/python3.10/logging/__init__.py", line 1084, in flush
    self.stream.flush()
OSError: [Errno 122] Disk quota exceeded
  File "/home/chuanyang/miniconda3/envs/fairseq2/bin/fairseq2", line 8, in <module>
    sys.exit(main())
  File "/opt/hpcaas/.mounts/fs-072917c00f01ae1ba/home/chuanyang/envs/fairseq2/fairseq2/src/fairseq2/cli/_main.py", line 27, in main
    exit_code = _run()
  File "/opt/hpcaas/.mounts/fs-072917c00f01ae1ba/home/chuanyang/envs/fairseq2/fairseq2/src/fairseq2/cli/_main.py", line 73, in _run
    return cli.run(context)
  File "/opt/hpcaas/.mounts/fs-072917c00f01ae1ba/home/chuanyang/envs/fairseq2/fairseq2/src/fairseq2/cli/_cli.py", line 123, in run
    return args.command.run(context, args)  # type: ignore[no-any-return]
  File "/opt/hpcaas/.mounts/fs-072917c00f01ae1ba/home/chuanyang/envs/fairseq2/fairseq2/src/fairseq2/cli/_cli.py", line 361, in run
    return self._handler.run(context, self._parser, args)
  File "/opt/hpcaas/.mounts/fs-072917c00f01ae1ba/home/chuanyang/envs/fairseq2/fairseq2/src/fairseq2/cli/commands/recipe.py", line 263, in run
    recipe(progress_reporter)
Call stack:
  File "/opt/hpcaas/.mounts/fs-072917c00f01ae1ba/home/chuanyang/envs/fairseq2/fairseq2/src/fairseq2/recipes/trainer.py", line 571, in __call__
    self._maybe_restore_state()
  File "/opt/hpcaas/.mounts/fs-072917c00f01ae1ba/home/chuanyang/envs/fairseq2/fairseq2/src/fairseq2/recipes/trainer.py", line 600, in _maybe_restore_state
    log.info("Attempting to load the last checkpoint.")
  File "/opt/hpcaas/.mounts/fs-072917c00f01ae1ba/home/chuanyang/envs/fairseq2/fairseq2/src/fairseq2/logging.py", line 40, in info
    self._write(logging.INFO, message, args)
  File "/opt/hpcaas/.mounts/fs-072917c00f01ae1ba/home/chuanyang/envs/fairseq2/fairseq2/src/fairseq2/logging.py", line 67, in _write
    self._logger.log(level, message, exc_info=exc_info, extra=self._NO_HIGHLIGHT)
--- Logging error ---
Message: 'Attempting to load the last checkpoint.'
Arguments: ()
  File "/home/chuanyang/miniconda3/envs/fairseq2/bin/fairseq2", line 8, in <module>
    sys.exit(main())
  File "/opt/hpcaas/.mounts/fs-072917c00f01ae1ba/home/chuanyang/envs/fairseq2/fairseq2/src/fairseq2/cli/_main.py", line 27, in main
    exit_code = _run()
  File "/opt/hpcaas/.mounts/fs-072917c00f01ae1ba/home/chuanyang/envs/fairseq2/fairseq2/src/fairseq2/cli/_main.py", line 73, in _run
    return cli.run(context)
  File "/opt/hpcaas/.mounts/fs-072917c00f01ae1ba/home/chuanyang/envs/fairseq2/fairseq2/src/fairseq2/cli/_cli.py", line 123, in run
    return args.command.run(context, args)  # type: ignore[no-any-return]
  File "/opt/hpcaas/.mounts/fs-072917c00f01ae1ba/home/chuanyang/envs/fairseq2/fairseq2/src/fairseq2/cli/_cli.py", line 361, in run
    return self._handler.run(context, self._parser, args)
  File "/opt/hpcaas/.mounts/fs-072917c00f01ae1ba/home/chuanyang/envs/fairseq2/fairseq2/src/fairseq2/cli/commands/recipe.py", line 245, in run
    recipe = self._loader(context, config, output_dir)
--- Logging error ---
  File "/opt/hpcaas/.mounts/fs-072917c00f01ae1ba/home/chuanyang/envs/fairseq2/fairseq2/src/fairseq2/recipes/lm/_preference_finetune/_recipe.py", line 259, in load_po_finetuner
    unit = unit_handler.create(model, gangs, config)
  File "/opt/hpcaas/.mounts/fs-072917c00f01ae1ba/home/chuanyang/envs/fairseq2/fairseq2/src/fairseq2/recipes/lm/_preference_finetune/_dpo.py", line 284, in create
    reference_model = setup_reference_model(
  File "/opt/hpcaas/.mounts/fs-072917c00f01ae1ba/home/chuanyang/envs/fairseq2/fairseq2/src/fairseq2/recipes/common/_ref_model.py", line 60, in setup_reference_model
    log_model(log, model, gangs)
  File "/opt/hpcaas/.mounts/fs-072917c00f01ae1ba/home/chuanyang/envs/fairseq2/fairseq2/src/fairseq2/recipes/utils/log.py", line 221, in log_model
    log.info("Model (rank {}) - {} | Layout:\n{}", gangs.root.rank, s, model)
  File "/opt/hpcaas/.mounts/fs-072917c00f01ae1ba/home/chuanyang/envs/fairseq2/fairseq2/src/fairseq2/logging.py", line 40, in info
--- Logging error ---
    self._write(logging.INFO, message, args)
--- Logging error ---
Traceback (most recent call last):
  File "/home/chuanyang/envs/fairseq2/conda/lib/python3.10/logging/__init__.py", line 1104, in emit
    self.flush()
  File "/home/chuanyang/envs/fairseq2/conda/lib/python3.10/logging/__init__.py", line 1084, in flush
    self.stream.flush()
OSError: [Errno 122] Disk quota exceeded
Call stack:
--- Logging error ---
  File "/opt/hpcaas/.mounts/fs-072917c00f01ae1ba/home/chuanyang/envs/fairseq2/fairseq2/src/fairseq2/logging.py", line 67, in _write
    self._logger.log(level, message, exc_info=exc_info, extra=self._NO_HIGHLIGHT)
Traceback (most recent call last):
  File "/opt/hpcaas/.mounts/fs-072917c00f01ae1ba/home/chuanyang/envs/fairseq2/fairseq2/src/fairseq2/recipes/trainer.py", line 603, in _maybe_restore_state
    step_nr, state = self._checkpoint_manager.load_last_checkpoint(
  File "/opt/hpcaas/.mounts/fs-072917c00f01ae1ba/home/chuanyang/envs/fairseq2/fairseq2/src/fairseq2/checkpoint/_manager.py", line 541, in load_last_checkpoint
    raise CheckpointNotFoundError()
Message: 'Model (rank 3) - Parameter Size: 8,030,261,248 | Parameter Size (bytes): 14.96 GiB | Trainable Parameter Size: 8,030,261,248 | Trainable Parameter Size (bytes): 14.96 GiB | Buffer Size: 16,777,216 | Buffer Size (bytes): 64.00 MiB | Total Size: 8,047,038,464 | Total Size (bytes): 15.02 GiB | Layout:\nTransformerDecoderModel(\n  model_dim=4096\n  (decoder_frontend): TransformerEmbeddingFrontend(\n    model_dim=4096\n    (embed): StandardEmbedding(num_embeddings=128256, embedding_dim=4096)\n    (pos_encoder): None\n    (layer_norm): None\n    (dropout): Dropout(p=0.1, inplace=False)\n  )\n  (decoder): StandardTransformerDecoder(\n    model_dim=4096, self_attn_mask_factory=CausalAttentionMaskFactory(), norm_order=PRE\n    (layers): ModuleList(\n      (0-31): 32 x StandardTransformerDecoderLayer(\n        model_dim=4096, norm_order=PRE\n        (self_attn_layer_norm): RMSNorm(normalized_shape=(4096,), eps=1E-05, elementwise_affine=True)\n        (self_attn): StandardMultiheadAttention(\n          num_heaTraceback (most recent call last):
  File "/opt/hpcaas/.mounts/fs-072917c00f01ae1ba/home/chuanyang/envs/fairseq2/fairseq2/src/fairseq2/recipes/trainer.py", line 603, in _maybe_restore_state
    step_nr, state = self._checkpoint_manager.load_last_checkpoint(
  File "/opt/hpcaas/.mounts/fs-072917c00f01ae1ba/home/chuanyang/envs/fairseq2/fairseq2/src/fairseq2/checkpoint/_manager.py", line 541, in load_last_checkpoint
    raise CheckpointNotFoundError()
ds=32, model_dim=4096, num_key_value_heads=8\n          (q_proj): Linear(input_dim=4096, output_dim=4096, bias=False, init_fn=init_qkv_projection)\n          (k_proj): Linear(input_dim=4096, output_dim=1024, bias=False, init_fn=init_qkv_projection)\n          (v_proj): Linear(input_dim=4096, output_dim=1024, bias=False, init_fn=init_qkv_projection)\n          (pos_encoder): RotaryEncoder(encoding_dim=128, max_seq_len=131072)\n          (sdpa): TorchSDPA(attn_dropout_p=0.1)\n          (output_proj): Linear(input_dim=4096, output_dim=4096, bias=False, init_fn=init_output_projection)\n        )\n        (self_attn_norm): None\n        (self_attn_dropout): None\n        (self_attn_residual): StandardResidualConnect()\n        (encoder_decoder_attn): None\n        (encoder_decoder_attn_dropout): None\n        (encoder_decoder_attn_residual): None\n        (encoder_decoder_attn_layer_norm): None\n        (ffn_layer_norm): RMSNorm(normalized_shape=(4096,), eps=1E-05, elementwise_affine=True)\n        (ffn): GLUFeedFTraceback (most recent call last):
  File "/opt/hpcaas/.mounts/fs-072917c00f01ae1ba/home/chuanyang/envs/fairseq2/fairseq2/src/fairseq2/recipes/trainer.py", line 603, in _maybe_restore_state
    step_nr, state = self._checkpoint_manager.load_last_checkpoint(
  File "/opt/hpcaas/.mounts/fs-072917c00f01ae1ba/home/chuanyang/envs/fairseq2/fairseq2/src/fairseq2/checkpoint/_manager.py", line 541, in load_last_checkpoint
    raise CheckpointNotFoundError()
fairseq2.checkpoint._manager.CheckpointNotFoundError: No checkpoint found.

During handling of the above exception, another exception occurred:

Traceback (most recent call last):
orwardNetwork(\n          model_dim=4096, inner_dim_scale=0.666667, inner_dim_to_multiple=1024\n          (gate_proj): Linear(input_dim=4096, output_dim=14336, bias=False)\n          (gate_activation): SiLU()\n          (inner_proj): Linear(input_dim=4096, output_dim=14336, bias=False)\n          (inner_dropout): Dropout(p=0.1, inplace=False)\n          (output_proj): Linear(input_dim=14336, output_dim=4096, bias=False)\n        )\n        (ffn_dropout): None\n        (ffn_residual): StandardResidualConnect()\n      )\n    )\n    (layer_norm): RMSNorm(normalized_shape=(4096,), eps=1E-05, elementwise_affine=True)\n    (dropout): Dropout(p=0.1, inplace=False)\n  )\n  (final_proj): Linear(input_dim=4096, output_dim=128256, bias=False, init_fn=init_final_projection)\n)'
Arguments: ()
fairseq2.checkpoint._manager.CheckpointNotFoundError: No checkpoint found.

During handling of the above exception, another exception occurred:

Traceback (most recent call last):
  File "/home/chuanyang/miniconda3/envs/fairseq2/bin/fairseq2", line 8, in <module>
    sys.exit(main())
  File "/opt/hpcaas/.mounts/fs-072917c00f01ae1ba/home/chuanyang/envs/fairseq2/fairseq2/src/fairseq2/cli/_main.py", line 27, in main
    exit_code = _run()
  File "/opt/hpcaas/.mounts/fs-072917c00f01ae1ba/home/chuanyang/envs/fairseq2/fairseq2/src/fairseq2/cli/_main.py", line 73, in _run
    return cli.run(context)
  File "/opt/hpcaas/.mounts/fs-072917c00f01ae1ba/home/chuanyang/envs/fairseq2/fairseq2/src/fairseq2/cli/_cli.py", line 123, in run
    return args.command.run(context, args)  # type: ignore[no-any-return]
  File "/opt/hpcaas/.mounts/fs-072917c00f01ae1ba/home/chuanyang/envs/fairseq2/fairseq2/src/fairseq2/cli/_cli.py", line 361, in run
    return self._handler.run(context, self._parser, args)
  File "/opt/hpcaas/.mounts/fs-072917c00f01ae1ba/home/chuanyang/envs/fairseq2/fairseq2/src/fairseq2/cli/commands/recipe.py", line 245, in run
    recipe = self._loader(context, config, output_dir)
fairseq2.checkpoint._manager.CheckpointNotFoundError: No checkpoint found.

During handling of the above exception, another exception occurred:

Traceback (most recent call last):
  File "/opt/hpcaas/.mounts/fs-072917c00f01ae1ba/home/chuanyang/envs/fairseq2/fairseq2/src/fairseq2/recipes/lm/_preference_finetune/_recipe.py", line 259, in load_po_finetuner
    unit = unit_handler.create(model, gangs, config)
  File "/opt/hpcaas/.mounts/fs-072917c00f01ae1ba/home/chuanyang/envs/fairseq2/fairseq2/src/fairseq2/recipes/lm/_preference_finetune/_dpo.py", line 284, in create
    reference_model = setup_reference_model(
  File "/opt/hpcaas/.mounts/fs-072917c00f01ae1ba/home/chuanyang/envs/fairseq2/fairseq2/src/fairseq2/recipes/common/_ref_model.py", line 60, in setup_reference_model
    log_model(log, model, gangs)
  File "/opt/hpcaas/.mounts/fs-072917c00f01ae1ba/home/chuanyang/envs/fairseq2/fairseq2/src/fairseq2/recipes/utils/log.py", line 221, in log_model
    log.info("Model (rank {}) - {} | Layout:\n{}", gangs.root.rank, s, model)
  File "/opt/hpcaas/.mounts/fs-072917c00f01ae1ba/home/chuanyang/envs/fairseq2/fairseq2/src/fairseq2/logging.py", line 40, in info
  File "/home/chuanyang/envs/fairseq2/conda/lib/python3.10/logging/__init__.py", line 1104, in emit
    self.flush()
  File "/home/chuanyang/envs/fairseq2/conda/lib/python3.10/logging/__init__.py", line 1084, in flush
    self.stream.flush()
OSError: [Errno 122] Disk quota exceeded
    self._write(logging.INFO, message, args)
  File "/opt/hpcaas/.mounts/fs-072917c00f01ae1ba/home/chuanyang/envs/fairseq2/fairseq2/src/fairseq2/logging.py", line 67, in _write
    self._logger.log(level, message, exc_info=exc_info, extra=self._NO_HIGHLIGHT)
  File "/home/chuanyang/envs/fairseq2/conda/lib/python3.10/logging/__init__.py", line 1104, in emit
    self.flush()
  File "/home/chuanyang/envs/fairseq2/conda/lib/python3.10/logging/__init__.py", line 1084, in flush
    self.stream.flush()
OSError: [Errno 122] Disk quota exceeded
Call stack:
Message: 'Model (rank 6) - Parameter Size: 8,030,261,248 | Parameter Size (bytes): 14.96 GiB | Trainable Parameter Size: 8,030,261,248 | Trainable Parameter Size (bytes): 14.96 GiB | Buffer Size: 16,777,216 | Buffer Size (bytes): 64.00 MiB | Total Size: 8,047,038,464 | Total Size (bytes): 15.02 GiB | Layout:\nTransformerDecoderModel(\n  model_dim=4096\n  (decoder_frontend): TransformerEmbeddingFrontend(\n    model_dim=4096\n    (embed): StandardEmbedding(num_embeddings=128256, embedding_dim=4096)\n    (pos_encoder): None\n    (layer_norm): None\n    (dropout): Dropout(p=0.1, inplace=False)\n  )\n  (decoder): StandardTransformerDecoder(\n    model_dim=4096, self_attn_mask_factory=CausalAttentionMaskFactory(), norm_order=PRE\n    (layers): ModuleList(\n      (0-31): 32 x StandardTransformerDecoderLayer(\n        model_dim=4096, norm_order=PRE\n        (self_attn_layer_norm): RMSNorm(normalized_shape=(4096,), eps=1E-05, elementwise_affine=True)\n        (self_attn): StandardMultiheadAttention(\n          num_hea  File "/home/chuanyang/envs/fairseq2/conda/lib/python3.10/logging/__init__.py", line 1104, in emit
    self.flush()
  File "/home/chuanyang/envs/fairseq2/conda/lib/python3.10/logging/__init__.py", line 1084, in flush
    self.stream.flush()
OSError: [Errno 122] Disk quota exceeded
Call stack:
ds=32, model_dim=4096, num_key_value_heads=8\n          (q_proj): Linear(input_dim=4096, output_dim=4096, bias=False, init_fn=init_qkv_projection)\n          (k_proj): Linear(input_dim=4096, output_dim=1024, bias=False, init_fn=init_qkv_projection)\n          (v_proj): Linear(input_dim=4096, output_dim=1024, bias=False, init_fn=init_qkv_projection)\n          (pos_encoder): RotaryEncoder(encoding_dim=128, max_seq_len=131072)\n          (sdpa): TorchSDPA(attn_dropout_p=0.1)\n          (output_proj): Linear(input_dim=4096, output_dim=4096, bias=False, init_fn=init_output_projection)\n        )\n        (self_attn_norm): None\n        (self_attn_dropout): None\n        (self_attn_residual): StandardResidualConnect()\n        (encoder_decoder_attn): None\n        (encoder_decoder_attn_dropout): None\n        (encoder_decoder_attn_residual): None\n        (encoder_decoder_attn_layer_norm): None\n        (ffn_layer_norm): RMSNorm(normalized_shape=(4096,), eps=1E-05, elementwise_affine=True)\n        (ffn): GLUFeedFCall stack:
orwardNetwork(\n          model_dim=4096, inner_dim_scale=0.666667, inner_dim_to_multiple=1024\n          (gate_proj): Linear(input_dim=4096, output_dim=14336, bias=False)\n          (gate_activation): SiLU()\n          (inner_proj): Linear(input_dim=4096, output_dim=14336, bias=False)\n          (inner_dropout): Dropout(p=0.1, inplace=False)\n          (output_proj): Linear(input_dim=14336, output_dim=4096, bias=False)\n        )\n        (ffn_dropout): None\n        (ffn_residual): StandardResidualConnect()\n      )\n    )\n    (layer_norm): RMSNorm(normalized_shape=(4096,), eps=1E-05, elementwise_affine=True)\n    (dropout): Dropout(p=0.1, inplace=False)\n  )\n  (final_proj): Linear(input_dim=4096, output_dim=128256, bias=False, init_fn=init_final_projection)\n)'
Arguments: ()
  File "/home/chuanyang/miniconda3/envs/fairseq2/bin/fairseq2", line 8, in <module>
    sys.exit(main())
  File "/opt/hpcaas/.mounts/fs-072917c00f01ae1ba/home/chuanyang/envs/fairseq2/fairseq2/src/fairseq2/cli/_main.py", line 27, in main
    exit_code = _run()
  File "/opt/hpcaas/.mounts/fs-072917c00f01ae1ba/home/chuanyang/envs/fairseq2/fairseq2/src/fairseq2/cli/_main.py", line 73, in _run
    return cli.run(context)
  File "/opt/hpcaas/.mounts/fs-072917c00f01ae1ba/home/chuanyang/envs/fairseq2/fairseq2/src/fairseq2/cli/_cli.py", line 123, in run
    return args.command.run(context, args)  # type: ignore[no-any-return]
  File "/opt/hpcaas/.mounts/fs-072917c00f01ae1ba/home/chuanyang/envs/fairseq2/fairseq2/src/fairseq2/cli/_cli.py", line 361, in run
    return self._handler.run(context, self._parser, args)
  File "/opt/hpcaas/.mounts/fs-072917c00f01ae1ba/home/chuanyang/envs/fairseq2/fairseq2/src/fairseq2/cli/commands/recipe.py", line 263, in run
    recipe(progress_reporter)
--- Logging error ---
  File "/home/chuanyang/miniconda3/envs/fairseq2/bin/fairseq2", line 8, in <module>
    sys.exit(main())
  File "/opt/hpcaas/.mounts/fs-072917c00f01ae1ba/home/chuanyang/envs/fairseq2/fairseq2/src/fairseq2/cli/_main.py", line 27, in main
    exit_code = _run()
  File "/opt/hpcaas/.mounts/fs-072917c00f01ae1ba/home/chuanyang/envs/fairseq2/fairseq2/src/fairseq2/cli/_main.py", line 73, in _run
    return cli.run(context)
  File "/opt/hpcaas/.mounts/fs-072917c00f01ae1ba/home/chuanyang/envs/fairseq2/fairseq2/src/fairseq2/cli/_cli.py", line 123, in run
    return args.command.run(context, args)  # type: ignore[no-any-return]
  File "/opt/hpcaas/.mounts/fs-072917c00f01ae1ba/home/chuanyang/envs/fairseq2/fairseq2/src/fairseq2/cli/_cli.py", line 361, in run
    return self._handler.run(context, self._parser, args)
  File "/opt/hpcaas/.mounts/fs-072917c00f01ae1ba/home/chuanyang/envs/fairseq2/fairseq2/src/fairseq2/cli/commands/recipe.py", line 263, in run
    recipe(progress_reporter)
Traceback (most recent call last):
  File "/opt/hpcaas/.mounts/fs-072917c00f01ae1ba/home/chuanyang/envs/fairseq2/fairseq2/src/fairseq2/recipes/trainer.py", line 571, in __call__
    self._maybe_restore_state()
  File "/opt/hpcaas/.mounts/fs-072917c00f01ae1ba/home/chuanyang/envs/fairseq2/fairseq2/src/fairseq2/recipes/trainer.py", line 607, in _maybe_restore_state
    log.info("No checkpoint found. Starting training.")
  File "/home/chuanyang/envs/fairseq2/conda/lib/python3.10/logging/__init__.py", line 1104, in emit
    self.flush()
  File "/home/chuanyang/envs/fairseq2/conda/lib/python3.10/logging/__init__.py", line 1084, in flush
    self.stream.flush()
OSError: [Errno 122] Disk quota exceeded
  File "/home/chuanyang/miniconda3/envs/fairseq2/bin/fairseq2", line 8, in <module>
    sys.exit(main())
  File "/opt/hpcaas/.mounts/fs-072917c00f01ae1ba/home/chuanyang/envs/fairseq2/fairseq2/src/fairseq2/cli/_main.py", line 27, in main
    exit_code = _run()
  File "/opt/hpcaas/.mounts/fs-072917c00f01ae1ba/home/chuanyang/envs/fairseq2/fairseq2/src/fairseq2/cli/_main.py", line 73, in _run
    return cli.run(context)
  File "/opt/hpcaas/.mounts/fs-072917c00f01ae1ba/home/chuanyang/envs/fairseq2/fairseq2/src/fairseq2/cli/_cli.py", line 123, in run
    return args.command.run(context, args)  # type: ignore[no-any-return]
  File "/opt/hpcaas/.mounts/fs-072917c00f01ae1ba/home/chuanyang/envs/fairseq2/fairseq2/src/fairseq2/cli/_cli.py", line 361, in run
    return self._handler.run(context, self._parser, args)
  File "/opt/hpcaas/.mounts/fs-072917c00f01ae1ba/home/chuanyang/envs/fairseq2/fairseq2/src/fairseq2/cli/commands/recipe.py", line 263, in run
    recipe(progress_reporter)
Call stack:
  File "/opt/hpcaas/.mounts/fs-072917c00f01ae1ba/home/chuanyang/envs/fairseq2/fairseq2/src/fairseq2/recipes/trainer.py", line 571, in __call__
    self._maybe_restore_state()
  File "/opt/hpcaas/.mounts/fs-072917c00f01ae1ba/home/chuanyang/envs/fairseq2/fairseq2/src/fairseq2/recipes/trainer.py", line 607, in _maybe_restore_state
    log.info("No checkpoint found. Starting training.")
  File "/opt/hpcaas/.mounts/fs-072917c00f01ae1ba/home/chuanyang/envs/fairseq2/fairseq2/src/fairseq2/logging.py", line 40, in info
    self._write(logging.INFO, message, args)
  File "/opt/hpcaas/.mounts/fs-072917c00f01ae1ba/home/chuanyang/envs/fairseq2/fairseq2/src/fairseq2/logging.py", line 67, in _write
    self._logger.log(level, message, exc_info=exc_info, extra=self._NO_HIGHLIGHT)
Message: 'No checkpoint found. Starting training.'
Arguments: ()
  File "/home/chuanyang/miniconda3/envs/fairseq2/bin/fairseq2", line 8, in <module>
    sys.exit(main())
  File "/opt/hpcaas/.mounts/fs-072917c00f01ae1ba/home/chuanyang/envs/fairseq2/fairseq2/src/fairseq2/cli/_main.py", line 27, in main
    exit_code = _run()
  File "/opt/hpcaas/.mounts/fs-072917c00f01ae1ba/home/chuanyang/envs/fairseq2/fairseq2/src/fairseq2/cli/_main.py", line 73, in _run
    return cli.run(context)
  File "/opt/hpcaas/.mounts/fs-072917c00f01ae1ba/home/chuanyang/envs/fairseq2/fairseq2/src/fairseq2/cli/_cli.py", line 123, in run
    return args.command.run(context, args)  # type: ignore[no-any-return]
  File "/opt/hpcaas/.mounts/fs-072917c00f01ae1ba/home/chuanyang/envs/fairseq2/fairseq2/src/fairseq2/cli/_cli.py", line 361, in run
    return self._handler.run(context, self._parser, args)
  File "/opt/hpcaas/.mounts/fs-072917c00f01ae1ba/home/chuanyang/envs/fairseq2/fairseq2/src/fairseq2/recipes/trainer.py", line 571, in __call__
    self._maybe_restore_state()
  File "/opt/hpcaas/.mounts/fs-072917c00f01ae1ba/home/chuanyang/envs/fairseq2/fairseq2/src/fairseq2/recipes/trainer.py", line 607, in _maybe_restore_state
    log.info("No checkpoint found. Starting training.")
  File "/opt/hpcaas/.mounts/fs-072917c00f01ae1ba/home/chuanyang/envs/fairseq2/fairseq2/src/fairseq2/logging.py", line 40, in info
    self._write(logging.INFO, message, args)
  File "/opt/hpcaas/.mounts/fs-072917c00f01ae1ba/home/chuanyang/envs/fairseq2/fairseq2/src/fairseq2/logging.py", line 67, in _write
    self._logger.log(level, message, exc_info=exc_info, extra=self._NO_HIGHLIGHT)
Message: 'No checkpoint found. Starting training.'
Arguments: ()
  File "/opt/hpcaas/.mounts/fs-072917c00f01ae1ba/home/chuanyang/envs/fairseq2/fairseq2/src/fairseq2/cli/commands/recipe.py", line 245, in run
    recipe = self._loader(context, config, output_dir)
  File "/opt/hpcaas/.mounts/fs-072917c00f01ae1ba/home/chuanyang/envs/fairseq2/fairseq2/src/fairseq2/recipes/lm/_preference_finetune/_recipe.py", line 259, in load_po_finetuner
    unit = unit_handler.create(model, gangs, config)
  File "/opt/hpcaas/.mounts/fs-072917c00f01ae1ba/home/chuanyang/envs/fairseq2/fairseq2/src/fairseq2/recipes/lm/_preference_finetune/_dpo.py", line 296, in create
    log.info("DPO setup complete.")
  File "/opt/hpcaas/.mounts/fs-072917c00f01ae1ba/home/chuanyang/envs/fairseq2/fairseq2/src/fairseq2/logging.py", line 40, in info
    self._write(logging.INFO, message, args)
  File "/opt/hpcaas/.mounts/fs-072917c00f01ae1ba/home/chuanyang/envs/fairseq2/fairseq2/src/fairseq2/logging.py", line 67, in _write
    self._logger.log(level, message, exc_info=exc_info, extra=self._NO_HIGHLIGHT)
  File "/opt/hpcaas/.mounts/fs-072917c00f01ae1ba/home/chuanyang/envs/fairseq2/fairseq2/src/fairseq2/logging.py", line 40, in info
    self._write(logging.INFO, message, args)
  File "/opt/hpcaas/.mounts/fs-072917c00f01ae1ba/home/chuanyang/envs/fairseq2/fairseq2/src/fairseq2/logging.py", line 67, in _write
    self._logger.log(level, message, exc_info=exc_info, extra=self._NO_HIGHLIGHT)
Message: 'No checkpoint found. Starting training.'
Arguments: ()
Message: 'DPO setup complete.'
Arguments: ()
Traceback (most recent call last):
  File "/opt/hpcaas/.mounts/fs-072917c00f01ae1ba/home/chuanyang/envs/fairseq2/fairseq2/src/fairseq2/recipes/trainer.py", line 603, in _maybe_restore_state
    step_nr, state = self._checkpoint_manager.load_last_checkpoint(
  File "/opt/hpcaas/.mounts/fs-072917c00f01ae1ba/home/chuanyang/envs/fairseq2/fairseq2/src/fairseq2/checkpoint/_manager.py", line 541, in load_last_checkpoint
    raise CheckpointNotFoundError()
fairseq2.checkpoint._manager.CheckpointNotFoundError: No checkpoint found.
--- Logging error ---

During handling of the above exception, another exception occurred:

Traceback (most recent call last):
  File "/home/chuanyang/envs/fairseq2/conda/lib/python3.10/logging/__init__.py", line 1104, in emit
    self.flush()
Traceback (most recent call last):
  File "/home/chuanyang/envs/fairseq2/conda/lib/python3.10/logging/__init__.py", line 1084, in flush
    self.stream.flush()
OSError: [Errno 122] Disk quota exceeded
Call stack:
  File "/home/chuanyang/envs/fairseq2/conda/lib/python3.10/logging/__init__.py", line 1104, in emit
    self.flush()
  File "/home/chuanyang/envs/fairseq2/conda/lib/python3.10/logging/__init__.py", line 1084, in flush
    self.stream.flush()
OSError: [Errno 122] Disk quota exceeded
  File "/home/chuanyang/miniconda3/envs/fairseq2/bin/fairseq2", line 8, in <module>
    sys.exit(main())
  File "/opt/hpcaas/.mounts/fs-072917c00f01ae1ba/home/chuanyang/envs/fairseq2/fairseq2/src/fairseq2/cli/_main.py", line 27, in main
    exit_code = _run()
  File "/opt/hpcaas/.mounts/fs-072917c00f01ae1ba/home/chuanyang/envs/fairseq2/fairseq2/src/fairseq2/cli/_main.py", line 73, in _run
    return cli.run(context)
  File "/opt/hpcaas/.mounts/fs-072917c00f01ae1ba/home/chuanyang/envs/fairseq2/fairseq2/src/fairseq2/cli/_cli.py", line 123, in run
    return args.command.run(context, args)  # type: ignore[no-any-return]
  File "/opt/hpcaas/.mounts/fs-072917c00f01ae1ba/home/chuanyang/envs/fairseq2/fairseq2/src/fairseq2/cli/_cli.py", line 361, in run
    return self._handler.run(context, self._parser, args)
Call stack:
  File "/opt/hpcaas/.mounts/fs-072917c00f01ae1ba/home/chuanyang/envs/fairseq2/fairseq2/src/fairseq2/cli/commands/recipe.py", line 263, in run
    recipe(progress_reporter)
  File "/opt/hpcaas/.mounts/fs-072917c00f01ae1ba/home/chuanyang/envs/fairseq2/fairseq2/src/fairseq2/recipes/trainer.py", line 571, in __call__
    self._maybe_restore_state()
  File "/opt/hpcaas/.mounts/fs-072917c00f01ae1ba/home/chuanyang/envs/fairseq2/fairseq2/src/fairseq2/recipes/trainer.py", line 607, in _maybe_restore_state
    log.info("No checkpoint found. Starting training.")
  File "/opt/hpcaas/.mounts/fs-072917c00f01ae1ba/home/chuanyang/envs/fairseq2/fairseq2/src/fairseq2/logging.py", line 40, in info
    self._write(logging.INFO, message, args)
  File "/opt/hpcaas/.mounts/fs-072917c00f01ae1ba/home/chuanyang/envs/fairseq2/fairseq2/src/fairseq2/logging.py", line 67, in _write
    self._logger.log(level, message, exc_info=exc_info, extra=self._NO_HIGHLIGHT)
Message: 'No checkpoint found. Starting training.'
Arguments: ()
--- Logging error ---
--- Logging error ---
  File "/home/chuanyang/miniconda3/envs/fairseq2/bin/fairseq2", line 8, in <module>
    sys.exit(main())
  File "/opt/hpcaas/.mounts/fs-072917c00f01ae1ba/home/chuanyang/envs/fairseq2/fairseq2/src/fairseq2/cli/_main.py", line 27, in main
    exit_code = _run()
  File "/opt/hpcaas/.mounts/fs-072917c00f01ae1ba/home/chuanyang/envs/fairseq2/fairseq2/src/fairseq2/cli/_main.py", line 73, in _run
    return cli.run(context)
  File "/opt/hpcaas/.mounts/fs-072917c00f01ae1ba/home/chuanyang/envs/fairseq2/fairseq2/src/fairseq2/cli/_cli.py", line 123, in run
    return args.command.run(context, args)  # type: ignore[no-any-return]
  File "/opt/hpcaas/.mounts/fs-072917c00f01ae1ba/home/chuanyang/envs/fairseq2/fairseq2/src/fairseq2/cli/_cli.py", line 361, in run
    return self._handler.run(context, self._parser, args)
--- Logging error ---
Traceback (most recent call last):
  File "/home/chuanyang/envs/fairseq2/conda/lib/python3.10/logging/__init__.py", line 1104, in emit
    self.flush()
--- Logging error ---
  File "/opt/hpcaas/.mounts/fs-072917c00f01ae1ba/home/chuanyang/envs/fairseq2/fairseq2/src/fairseq2/cli/commands/recipe.py", line 245, in run
    recipe = self._loader(context, config, output_dir)
  File "/opt/hpcaas/.mounts/fs-072917c00f01ae1ba/home/chuanyang/envs/fairseq2/fairseq2/src/fairseq2/recipes/lm/_preference_finetune/_recipe.py", line 259, in load_po_finetuner
    unit = unit_handler.create(model, gangs, config)
  File "/opt/hpcaas/.mounts/fs-072917c00f01ae1ba/home/chuanyang/envs/fairseq2/fairseq2/src/fairseq2/recipes/lm/_preference_finetune/_dpo.py", line 284, in create
    reference_model = setup_reference_model(
  File "/opt/hpcaas/.mounts/fs-072917c00f01ae1ba/home/chuanyang/envs/fairseq2/fairseq2/src/fairseq2/recipes/common/_ref_model.py", line 60, in setup_reference_model
    log_model(log, model, gangs)
  File "/opt/hpcaas/.mounts/fs-072917c00f01ae1ba/home/chuanyang/envs/fairseq2/fairseq2/src/fairseq2/recipes/utils/log.py", line 221, in log_model
Traceback (most recent call last):
    log.info("Model (rank {}) - {} | Layout:\n{}", gangs.root.rank, s, model)
  File "/opt/hpcaas/.mounts/fs-072917c00f01ae1ba/home/chuanyang/envs/fairseq2/fairseq2/src/fairseq2/logging.py", line 40, in info
    self._write(logging.INFO, message, args)
  File "/opt/hpcaas/.mounts/fs-072917c00f01ae1ba/home/chuanyang/envs/fairseq2/fairseq2/src/fairseq2/logging.py", line 67, in _write
    self._logger.log(level, message, exc_info=exc_info, extra=self._NO_HIGHLIGHT)
Traceback (most recent call last):
  File "/home/chuanyang/envs/fairseq2/conda/lib/python3.10/logging/__init__.py", line 1084, in flush
    self.stream.flush()
OSError: [Errno 122] Disk quota exceeded
Call stack:
  File "/home/chuanyang/envs/fairseq2/conda/lib/python3.10/logging/__init__.py", line 1104, in emit
    self.flush()
  File "/home/chuanyang/envs/fairseq2/conda/lib/python3.10/logging/__init__.py", line 1084, in flush
    self.stream.flush()
Message: 'Model (rank 1) - Parameter Size: 8,030,261,248 | Parameter Size (bytes): 14.96 GiB | Trainable Parameter Size: 8,030,261,248 | Trainable Parameter Size (bytes): 14.96 GiB | Buffer Size: 16,777,216 | Buffer Size (bytes): 64.00 MiB | Total Size: 8,047,038,464 | Total Size (bytes): 15.02 GiB | Layout:\nTransformerDecoderModel(\n  model_dim=4096\n  (decoder_frontend): TransformerEmbeddingFrontend(\n    model_dim=4096\n    (embed): StandardEmbedding(num_embeddings=128256, embedding_dim=4096)\n    (pos_encoder): None\n    (layer_norm): None\n    (dropout): Dropout(p=0.1, inplace=False)\n  )\n  (decoder): StandardTransformerDecoder(\n    model_dim=4096, self_attn_mask_factory=CausalAttentionMaskFactory(), norm_order=PRE\n    (layers): ModuleList(\n      (0-31): 32 x StandardTransformerDecoderLayer(\n        model_dim=4096, norm_order=PRE\n        (self_attn_layer_norm): RMSNorm(normalized_shape=(4096,), eps=1E-05, elementwise_affine=True)\n        (self_attn): StandardMultiheadAttention(\n          num_hea  File "/home/chuanyang/envs/fairseq2/conda/lib/python3.10/logging/__init__.py", line 1104, in emit
    self.flush()
  File "/home/chuanyang/envs/fairseq2/conda/lib/python3.10/logging/__init__.py", line 1084, in flush
    self.stream.flush()
OSError: [Errno 122] Disk quota exceeded
Call stack:
ds=32, model_dim=4096, num_key_value_heads=8\n          (q_proj): Linear(input_dim=4096, output_dim=4096, bias=False, init_fn=init_qkv_projection)\n          (k_proj): Linear(input_dim=4096, output_dim=1024, bias=False, init_fn=init_qkv_projection)\n          (v_proj): Linear(input_dim=4096, output_dim=1024, bias=False, init_fn=init_qkv_projection)\n          (pos_encoder): RotaryEncoder(encoding_dim=128, max_seq_len=131072)\n          (sdpa): TorchSDPA(attn_dropout_p=0.1)\n          (output_proj): Linear(input_dim=4096, output_dim=4096, bias=False, init_fn=init_output_projection)\n        )\n        (self_attn_norm): None\n        (self_attn_dropout): None\n        (self_attn_residual): StandardResidualConnect()\n        (encoder_decoder_attn): None\n        (encoder_decoder_attn_dropout): None\n        (encoder_decoder_attn_residual): None\n        (encoder_decoder_attn_layer_norm): None\n        (ffn_layer_norm): RMSNorm(normalized_shape=(4096,), eps=1E-05, elementwise_affine=True)\n        (ffn): GLUFeedFTraceback (most recent call last):
  File "/home/chuanyang/envs/fairseq2/conda/lib/python3.10/logging/__init__.py", line 1104, in emit
    self.flush()
  File "/home/chuanyang/envs/fairseq2/conda/lib/python3.10/logging/__init__.py", line 1084, in flush
    self.stream.flush()
orwardNetwork(\n          model_dim=4096, inner_dim_scale=0.666667, inner_dim_to_multiple=1024\n          (gate_proj): Linear(input_dim=4096, output_dim=14336, bias=False)\n          (gate_activation): SiLU()\n          (inner_proj): Linear(input_dim=4096, output_dim=14336, bias=False)\n          (inner_dropout): Dropout(p=0.1, inplace=False)\n          (output_proj): Linear(input_dim=14336, output_dim=4096, bias=False)\n        )\n        (ffn_dropout): None\n        (ffn_residual): StandardResidualConnect()\n      )\n    )\n    (layer_norm): RMSNorm(normalized_shape=(4096,), eps=1E-05, elementwise_affine=True)\n    (dropout): Dropout(p=0.1, inplace=False)\n  )\n  (final_proj): Linear(input_dim=4096, output_dim=128256, bias=False, init_fn=init_final_projection)\n)'
Arguments: ()
OSError: [Errno 122] Disk quota exceeded
Call stack:
  File "/home/chuanyang/miniconda3/envs/fairseq2/bin/fairseq2", line 8, in <module>
    sys.exit(main())
  File "/opt/hpcaas/.mounts/fs-072917c00f01ae1ba/home/chuanyang/envs/fairseq2/fairseq2/src/fairseq2/cli/_main.py", line 27, in main
    exit_code = _run()
  File "/opt/hpcaas/.mounts/fs-072917c00f01ae1ba/home/chuanyang/envs/fairseq2/fairseq2/src/fairseq2/cli/_main.py", line 73, in _run
    return cli.run(context)
  File "/opt/hpcaas/.mounts/fs-072917c00f01ae1ba/home/chuanyang/envs/fairseq2/fairseq2/src/fairseq2/cli/_cli.py", line 123, in run
    return args.command.run(context, args)  # type: ignore[no-any-return]
  File "/opt/hpcaas/.mounts/fs-072917c00f01ae1ba/home/chuanyang/envs/fairseq2/fairseq2/src/fairseq2/cli/_cli.py", line 361, in run
    return self._handler.run(context, self._parser, args)
  File "/opt/hpcaas/.mounts/fs-072917c00f01ae1ba/home/chuanyang/envs/fairseq2/fairseq2/src/fairseq2/cli/commands/recipe.py", line 245, in run
    recipe = self._loader(context, config, output_dir)
OSError: [Errno 122] Disk quota exceeded
Call stack:
  File "/opt/hpcaas/.mounts/fs-072917c00f01ae1ba/home/chuanyang/envs/fairseq2/fairseq2/src/fairseq2/recipes/lm/_preference_finetune/_recipe.py", line 259, in load_po_finetuner
    unit = unit_handler.create(model, gangs, config)
  File "/home/chuanyang/miniconda3/envs/fairseq2/bin/fairseq2", line 8, in <module>
    sys.exit(main())
  File "/opt/hpcaas/.mounts/fs-072917c00f01ae1ba/home/chuanyang/envs/fairseq2/fairseq2/src/fairseq2/cli/_main.py", line 27, in main
    exit_code = _run()
  File "/opt/hpcaas/.mounts/fs-072917c00f01ae1ba/home/chuanyang/envs/fairseq2/fairseq2/src/fairseq2/cli/_main.py", line 73, in _run
    return cli.run(context)
  File "/opt/hpcaas/.mounts/fs-072917c00f01ae1ba/home/chuanyang/envs/fairseq2/fairseq2/src/fairseq2/cli/_cli.py", line 123, in run
    return args.command.run(context, args)  # type: ignore[no-any-return]
  File "/opt/hpcaas/.mounts/fs-072917c00f01ae1ba/home/chuanyang/envs/fairseq2/fairseq2/src/fairseq2/cli/_cli.py", line 361, in run
    return self._handler.run(context, self._parser, args)
  File "/opt/hpcaas/.mounts/fs-072917c00f01ae1ba/home/chuanyang/envs/fairseq2/fairseq2/src/fairseq2/cli/commands/recipe.py", line 263, in run
    recipe(progress_reporter)
  File "/opt/hpcaas/.mounts/fs-072917c00f01ae1ba/home/chuanyang/envs/fairseq2/fairseq2/src/fairseq2/recipes/lm/_preference_finetune/_dpo.py", line 296, in create
    log.info("DPO setup complete.")
  File "/opt/hpcaas/.mounts/fs-072917c00f01ae1ba/home/chuanyang/envs/fairseq2/fairseq2/src/fairseq2/logging.py", line 40, in info
    self._write(logging.INFO, message, args)
  File "/opt/hpcaas/.mounts/fs-072917c00f01ae1ba/home/chuanyang/envs/fairseq2/fairseq2/src/fairseq2/logging.py", line 67, in _write
    self._logger.log(level, message, exc_info=exc_info, extra=self._NO_HIGHLIGHT)
Message: 'DPO setup complete.'
Arguments: ()
  File "/home/chuanyang/miniconda3/envs/fairseq2/bin/fairseq2", line 8, in <module>
    sys.exit(main())
  File "/opt/hpcaas/.mounts/fs-072917c00f01ae1ba/home/chuanyang/envs/fairseq2/fairseq2/src/fairseq2/cli/_main.py", line 27, in main
    exit_code = _run()
  File "/opt/hpcaas/.mounts/fs-072917c00f01ae1ba/home/chuanyang/envs/fairseq2/fairseq2/src/fairseq2/cli/_main.py", line 73, in _run
    return cli.run(context)
  File "/opt/hpcaas/.mounts/fs-072917c00f01ae1ba/home/chuanyang/envs/fairseq2/fairseq2/src/fairseq2/cli/_cli.py", line 123, in run
    return args.command.run(context, args)  # type: ignore[no-any-return]
  File "/opt/hpcaas/.mounts/fs-072917c00f01ae1ba/home/chuanyang/envs/fairseq2/fairseq2/src/fairseq2/cli/_cli.py", line 361, in run
    return self._handler.run(context, self._parser, args)
  File "/opt/hpcaas/.mounts/fs-072917c00f01ae1ba/home/chuanyang/envs/fairseq2/fairseq2/src/fairseq2/cli/commands/recipe.py", line 263, in run
    recipe(progress_reporter)
--- Logging error ---
  File "/opt/hpcaas/.mounts/fs-072917c00f01ae1ba/home/chuanyang/envs/fairseq2/fairseq2/src/fairseq2/recipes/trainer.py", line 577, in __call__
    log.info("Running training on {} device(s).", self._gangs.root.size)
  File "/opt/hpcaas/.mounts/fs-072917c00f01ae1ba/home/chuanyang/envs/fairseq2/fairseq2/src/fairseq2/logging.py", line 40, in info
    self._write(logging.INFO, message, args)
  File "/opt/hpcaas/.mounts/fs-072917c00f01ae1ba/home/chuanyang/envs/fairseq2/fairseq2/src/fairseq2/logging.py", line 67, in _write
    self._logger.log(level, message, exc_info=exc_info, extra=self._NO_HIGHLIGHT)
Message: 'Running training on 16 device(s).'
Arguments: ()
Traceback (most recent call last):
  File "/home/chuanyang/miniconda3/envs/fairseq2/bin/fairseq2", line 8, in <module>
    sys.exit(main())
  File "/opt/hpcaas/.mounts/fs-072917c00f01ae1ba/home/chuanyang/envs/fairseq2/fairseq2/src/fairseq2/cli/_main.py", line 27, in main
    exit_code = _run()
  File "/opt/hpcaas/.mounts/fs-072917c00f01ae1ba/home/chuanyang/envs/fairseq2/fairseq2/src/fairseq2/cli/_main.py", line 73, in _run
    return cli.run(context)
  File "/home/chuanyang/envs/fairseq2/conda/lib/python3.10/logging/__init__.py", line 1104, in emit
    self.flush()
  File "/home/chuanyang/envs/fairseq2/conda/lib/python3.10/logging/__init__.py", line 1084, in flush
    self.stream.flush()
  File "/opt/hpcaas/.mounts/fs-072917c00f01ae1ba/home/chuanyang/envs/fairseq2/fairseq2/src/fairseq2/recipes/trainer.py", line 577, in __call__
    log.info("Running training on {} device(s).", self._gangs.root.size)
  File "/opt/hpcaas/.mounts/fs-072917c00f01ae1ba/home/chuanyang/envs/fairseq2/fairseq2/src/fairseq2/logging.py", line 40, in info
    self._write(logging.INFO, message, args)
  File "/opt/hpcaas/.mounts/fs-072917c00f01ae1ba/home/chuanyang/envs/fairseq2/fairseq2/src/fairseq2/logging.py", line 67, in _write
    self._logger.log(level, message, exc_info=exc_info, extra=self._NO_HIGHLIGHT)
Message: 'Running training on 16 device(s).'
Arguments: ()
OSError: [Errno 122] Disk quota exceeded
Call stack:
  File "/opt/hpcaas/.mounts/fs-072917c00f01ae1ba/home/chuanyang/envs/fairseq2/fairseq2/src/fairseq2/cli/_cli.py", line 123, in run
    return args.command.run(context, args)  # type: ignore[no-any-return]
  File "/opt/hpcaas/.mounts/fs-072917c00f01ae1ba/home/chuanyang/envs/fairseq2/fairseq2/src/fairseq2/cli/_cli.py", line 361, in run
    return self._handler.run(context, self._parser, args)
  File "/opt/hpcaas/.mounts/fs-072917c00f01ae1ba/home/chuanyang/envs/fairseq2/fairseq2/src/fairseq2/cli/commands/recipe.py", line 263, in run
    recipe(progress_reporter)
  File "/opt/hpcaas/.mounts/fs-072917c00f01ae1ba/home/chuanyang/envs/fairseq2/fairseq2/src/fairseq2/recipes/trainer.py", line 577, in __call__
    log.info("Running training on {} device(s).", self._gangs.root.size)
  File "/opt/hpcaas/.mounts/fs-072917c00f01ae1ba/home/chuanyang/envs/fairseq2/fairseq2/src/fairseq2/logging.py", line 40, in info
    self._write(logging.INFO, message, args)
  File "/home/chuanyang/miniconda3/envs/fairseq2/bin/fairseq2", line 8, in <module>
    sys.exit(main())
  File "/opt/hpcaas/.mounts/fs-072917c00f01ae1ba/home/chuanyang/envs/fairseq2/fairseq2/src/fairseq2/cli/_main.py", line 27, in main
    exit_code = _run()
  File "/opt/hpcaas/.mounts/fs-072917c00f01ae1ba/home/chuanyang/envs/fairseq2/fairseq2/src/fairseq2/cli/_main.py", line 73, in _run
    return cli.run(context)
  File "/opt/hpcaas/.mounts/fs-072917c00f01ae1ba/home/chuanyang/envs/fairseq2/fairseq2/src/fairseq2/cli/_cli.py", line 123, in run
    return args.command.run(context, args)  # type: ignore[no-any-return]
  File "/opt/hpcaas/.mounts/fs-072917c00f01ae1ba/home/chuanyang/envs/fairseq2/fairseq2/src/fairseq2/cli/_cli.py", line 361, in run
    return self._handler.run(context, self._parser, args)
  File "/opt/hpcaas/.mounts/fs-072917c00f01ae1ba/home/chuanyang/envs/fairseq2/fairseq2/src/fairseq2/logging.py", line 67, in _write
    self._logger.log(level, message, exc_info=exc_info, extra=self._NO_HIGHLIGHT)
Message: 'Running training on 16 device(s).'
Arguments: ()
  File "/opt/hpcaas/.mounts/fs-072917c00f01ae1ba/home/chuanyang/envs/fairseq2/fairseq2/src/fairseq2/cli/commands/recipe.py", line 245, in run
    recipe = self._loader(context, config, output_dir)
  File "/opt/hpcaas/.mounts/fs-072917c00f01ae1ba/home/chuanyang/envs/fairseq2/fairseq2/src/fairseq2/recipes/lm/_preference_finetune/_recipe.py", line 259, in load_po_finetuner
    unit = unit_handler.create(model, gangs, config)
  File "/opt/hpcaas/.mounts/fs-072917c00f01ae1ba/home/chuanyang/envs/fairseq2/fairseq2/src/fairseq2/recipes/lm/_preference_finetune/_dpo.py", line 296, in create
    log.info("DPO setup complete.")
  File "/opt/hpcaas/.mounts/fs-072917c00f01ae1ba/home/chuanyang/envs/fairseq2/fairseq2/src/fairseq2/logging.py", line 40, in info
    self._write(logging.INFO, message, args)
  File "/opt/hpcaas/.mounts/fs-072917c00f01ae1ba/home/chuanyang/envs/fairseq2/fairseq2/src/fairseq2/logging.py", line 67, in _write
    self._logger.log(level, message, exc_info=exc_info, extra=self._NO_HIGHLIGHT)
--- Logging error ---
Message: 'DPO setup complete.'
Arguments: ()
Traceback (most recent call last):
--- Logging error ---
  File "/home/chuanyang/envs/fairseq2/conda/lib/python3.10/logging/__init__.py", line 1104, in emit
    self.flush()
  File "/home/chuanyang/envs/fairseq2/conda/lib/python3.10/logging/__init__.py", line 1084, in flush
    self.stream.flush()
Traceback (most recent call last):
  File "/home/chuanyang/envs/fairseq2/conda/lib/python3.10/logging/__init__.py", line 1104, in emit
    self.flush()
  File "/home/chuanyang/envs/fairseq2/conda/lib/python3.10/logging/__init__.py", line 1084, in flush
    self.stream.flush()
OSError: [Errno 122] Disk quota exceeded
Call stack:
OSError: [Errno 122] Disk quota exceeded
Call stack:
  File "/home/chuanyang/miniconda3/envs/fairseq2/bin/fairseq2", line 8, in <module>
    sys.exit(main())
  File "/opt/hpcaas/.mounts/fs-072917c00f01ae1ba/home/chuanyang/envs/fairseq2/fairseq2/src/fairseq2/cli/_main.py", line 27, in main
    exit_code = _run()
  File "/opt/hpcaas/.mounts/fs-072917c00f01ae1ba/home/chuanyang/envs/fairseq2/fairseq2/src/fairseq2/cli/_main.py", line 73, in _run
    return cli.run(context)
  File "/opt/hpcaas/.mounts/fs-072917c00f01ae1ba/home/chuanyang/envs/fairseq2/fairseq2/src/fairseq2/cli/_cli.py", line 123, in run
    return args.command.run(context, args)  # type: ignore[no-any-return]
  File "/opt/hpcaas/.mounts/fs-072917c00f01ae1ba/home/chuanyang/envs/fairseq2/fairseq2/src/fairseq2/cli/_cli.py", line 361, in run
    return self._handler.run(context, self._parser, args)
  File "/opt/hpcaas/.mounts/fs-072917c00f01ae1ba/home/chuanyang/envs/fairseq2/fairseq2/src/fairseq2/cli/commands/recipe.py", line 263, in run
    recipe(progress_reporter)
  File "/home/chuanyang/miniconda3/envs/fairseq2/bin/fairseq2", line 8, in <module>
    sys.exit(main())
  File "/opt/hpcaas/.mounts/fs-072917c00f01ae1ba/home/chuanyang/envs/fairseq2/fairseq2/src/fairseq2/cli/_main.py", line 27, in main
    exit_code = _run()
  File "/opt/hpcaas/.mounts/fs-072917c00f01ae1ba/home/chuanyang/envs/fairseq2/fairseq2/src/fairseq2/cli/_main.py", line 73, in _run
    return cli.run(context)
  File "/opt/hpcaas/.mounts/fs-072917c00f01ae1ba/home/chuanyang/envs/fairseq2/fairseq2/src/fairseq2/cli/_cli.py", line 123, in run
    return args.command.run(context, args)  # type: ignore[no-any-return]
  File "/opt/hpcaas/.mounts/fs-072917c00f01ae1ba/home/chuanyang/envs/fairseq2/fairseq2/src/fairseq2/cli/_cli.py", line 361, in run
    return self._handler.run(context, self._parser, args)
  File "/opt/hpcaas/.mounts/fs-072917c00f01ae1ba/home/chuanyang/envs/fairseq2/fairseq2/src/fairseq2/cli/commands/recipe.py", line 245, in run
    recipe = self._loader(context, config, output_dir)
  File "/opt/hpcaas/.mounts/fs-072917c00f01ae1ba/home/chuanyang/envs/fairseq2/fairseq2/src/fairseq2/recipes/trainer.py", line 577, in __call__
    log.info("Running training on {} device(s).", self._gangs.root.size)
  File "/opt/hpcaas/.mounts/fs-072917c00f01ae1ba/home/chuanyang/envs/fairseq2/fairseq2/src/fairseq2/logging.py", line 40, in info
    self._write(logging.INFO, message, args)
  File "/opt/hpcaas/.mounts/fs-072917c00f01ae1ba/home/chuanyang/envs/fairseq2/fairseq2/src/fairseq2/logging.py", line 67, in _write
    self._logger.log(level, message, exc_info=exc_info, extra=self._NO_HIGHLIGHT)
  File "/opt/hpcaas/.mounts/fs-072917c00f01ae1ba/home/chuanyang/envs/fairseq2/fairseq2/src/fairseq2/recipes/lm/_preference_finetune/_recipe.py", line 259, in load_po_finetuner
    unit = unit_handler.create(model, gangs, config)
  File "/opt/hpcaas/.mounts/fs-072917c00f01ae1ba/home/chuanyang/envs/fairseq2/fairseq2/src/fairseq2/recipes/lm/_preference_finetune/_dpo.py", line 296, in create
    log.info("DPO setup complete.")
  File "/opt/hpcaas/.mounts/fs-072917c00f01ae1ba/home/chuanyang/envs/fairseq2/fairseq2/src/fairseq2/logging.py", line 40, in info
    self._write(logging.INFO, message, args)
  File "/opt/hpcaas/.mounts/fs-072917c00f01ae1ba/home/chuanyang/envs/fairseq2/fairseq2/src/fairseq2/logging.py", line 67, in _write
    self._logger.log(level, message, exc_info=exc_info, extra=self._NO_HIGHLIGHT)
Message: 'Running training on 16 device(s).'
Arguments: ()
Message: 'DPO setup complete.'
Arguments: ()
--- Logging error ---
Traceback (most recent call last):
  File "/home/chuanyang/envs/fairseq2/conda/lib/python3.10/logging/__init__.py", line 1104, in emit
    self.flush()
  File "/home/chuanyang/envs/fairseq2/conda/lib/python3.10/logging/__init__.py", line 1084, in flush
    self.stream.flush()
OSError: [Errno 122] Disk quota exceeded
Call stack:
  File "/home/chuanyang/miniconda3/envs/fairseq2/bin/fairseq2", line 8, in <module>
    sys.exit(main())
  File "/opt/hpcaas/.mounts/fs-072917c00f01ae1ba/home/chuanyang/envs/fairseq2/fairseq2/src/fairseq2/cli/_main.py", line 27, in main
    exit_code = _run()
  File "/opt/hpcaas/.mounts/fs-072917c00f01ae1ba/home/chuanyang/envs/fairseq2/fairseq2/src/fairseq2/cli/_main.py", line 73, in _run
    return cli.run(context)
  File "/opt/hpcaas/.mounts/fs-072917c00f01ae1ba/home/chuanyang/envs/fairseq2/fairseq2/src/fairseq2/cli/_cli.py", line 123, in run
    return args.command.run(context, args)  # type: ignore[no-any-return]
  File "/opt/hpcaas/.mounts/fs-072917c00f01ae1ba/home/chuanyang/envs/fairseq2/fairseq2/src/fairseq2/cli/_cli.py", line 361, in run
    return self._handler.run(context, self._parser, args)
  File "/opt/hpcaas/.mounts/fs-072917c00f01ae1ba/home/chuanyang/envs/fairseq2/fairseq2/src/fairseq2/cli/commands/recipe.py", line 245, in run
    recipe = self._loader(context, config, output_dir)
  File "/opt/hpcaas/.mounts/fs-072917c00f01ae1ba/home/chuanyang/envs/fairseq2/fairseq2/src/fairseq2/recipes/lm/_preference_finetune/_recipe.py", line 259, in load_po_finetuner
    unit = unit_handler.create(model, gangs, config)
  File "/opt/hpcaas/.mounts/fs-072917c00f01ae1ba/home/chuanyang/envs/fairseq2/fairseq2/src/fairseq2/recipes/lm/_preference_finetune/_dpo.py", line 296, in create
    log.info("DPO setup complete.")
  File "/opt/hpcaas/.mounts/fs-072917c00f01ae1ba/home/chuanyang/envs/fairseq2/fairseq2/src/fairseq2/logging.py", line 40, in info
    self._write(logging.INFO, message, args)
  File "/opt/hpcaas/.mounts/fs-072917c00f01ae1ba/home/chuanyang/envs/fairseq2/fairseq2/src/fairseq2/logging.py", line 67, in _write
    self._logger.log(level, message, exc_info=exc_info, extra=self._NO_HIGHLIGHT)
Message: 'DPO setup complete.'
Arguments: ()
--- Logging error ---
--- Logging error ---
Traceback (most recent call last):
Traceback (most recent call last):
  File "/home/chuanyang/envs/fairseq2/conda/lib/python3.10/logging/__init__.py", line 1104, in emit
    self.flush()
  File "/home/chuanyang/envs/fairseq2/conda/lib/python3.10/logging/__init__.py", line 1084, in flush
    self.stream.flush()
OSError: [Errno 122] Disk quota exceeded
Call stack:
  File "/home/chuanyang/envs/fairseq2/conda/lib/python3.10/logging/__init__.py", line 1104, in emit
    self.flush()
  File "/home/chuanyang/envs/fairseq2/conda/lib/python3.10/logging/__init__.py", line 1084, in flush
    self.stream.flush()
OSError: [Errno 122] Disk quota exceeded
Call stack:
--- Logging error ---
Traceback (most recent call last):
--- Logging error ---
  File "/home/chuanyang/envs/fairseq2/conda/lib/python3.10/logging/__init__.py", line 1104, in emit
    self.flush()
  File "/home/chuanyang/envs/fairseq2/conda/lib/python3.10/logging/__init__.py", line 1084, in flush
    self.stream.flush()
OSError: [Errno 122] Disk quota exceeded
Call stack:
Traceback (most recent call last):
  File "/home/chuanyang/envs/fairseq2/conda/lib/python3.10/logging/__init__.py", line 1104, in emit
    self.flush()
  File "/home/chuanyang/envs/fairseq2/conda/lib/python3.10/logging/__init__.py", line 1084, in flush
    self.stream.flush()
OSError: [Errno 122] Disk quota exceeded
Call stack:
--- Logging error ---
--- Logging error ---
Traceback (most recent call last):
  File "/home/chuanyang/envs/fairseq2/conda/lib/python3.10/logging/__init__.py", line 1104, in emit
    self.flush()
  File "/home/chuanyang/envs/fairseq2/conda/lib/python3.10/logging/__init__.py", line 1084, in flush
    self.stream.flush()
OSError: [Errno 122] Disk quota exceeded
Call stack:
Traceback (most recent call last):
  File "/home/chuanyang/envs/fairseq2/conda/lib/python3.10/logging/__init__.py", line 1104, in emit
    self.flush()
  File "/home/chuanyang/envs/fairseq2/conda/lib/python3.10/logging/__init__.py", line 1084, in flush
    self.stream.flush()
OSError: [Errno 122] Disk quota exceeded
Call stack:
  File "/home/chuanyang/miniconda3/envs/fairseq2/bin/fairseq2", line 8, in <module>
    sys.exit(main())
  File "/opt/hpcaas/.mounts/fs-072917c00f01ae1ba/home/chuanyang/envs/fairseq2/fairseq2/src/fairseq2/cli/_main.py", line 27, in main
    exit_code = _run()
  File "/opt/hpcaas/.mounts/fs-072917c00f01ae1ba/home/chuanyang/envs/fairseq2/fairseq2/src/fairseq2/cli/_main.py", line 73, in _run
    return cli.run(context)
  File "/opt/hpcaas/.mounts/fs-072917c00f01ae1ba/home/chuanyang/envs/fairseq2/fairseq2/src/fairseq2/cli/_cli.py", line 123, in run
    return args.command.run(context, args)  # type: ignore[no-any-return]
  File "/opt/hpcaas/.mounts/fs-072917c00f01ae1ba/home/chuanyang/envs/fairseq2/fairseq2/src/fairseq2/cli/_cli.py", line 361, in run
    return self._handler.run(context, self._parser, args)
  File "/opt/hpcaas/.mounts/fs-072917c00f01ae1ba/home/chuanyang/envs/fairseq2/fairseq2/src/fairseq2/cli/commands/recipe.py", line 263, in run
    recipe(progress_reporter)
  File "/opt/hpcaas/.mounts/fs-072917c00f01ae1ba/home/chuanyang/envs/fairseq2/fairseq2/src/fairseq2/recipes/trainer.py", line 571, in __call__
    self._maybe_restore_state()
  File "/opt/hpcaas/.mounts/fs-072917c00f01ae1ba/home/chuanyang/envs/fairseq2/fairseq2/src/fairseq2/recipes/trainer.py", line 600, in _maybe_restore_state
    log.info("Attempting to load the last checkpoint.")
  File "/opt/hpcaas/.mounts/fs-072917c00f01ae1ba/home/chuanyang/envs/fairseq2/fairseq2/src/fairseq2/logging.py", line 40, in info
    self._write(logging.INFO, message, args)
  File "/home/chuanyang/miniconda3/envs/fairseq2/bin/fairseq2", line 8, in <module>
    sys.exit(main())
  File "/opt/hpcaas/.mounts/fs-072917c00f01ae1ba/home/chuanyang/envs/fairseq2/fairseq2/src/fairseq2/cli/_main.py", line 27, in main
    exit_code = _run()
  File "/opt/hpcaas/.mounts/fs-072917c00f01ae1ba/home/chuanyang/envs/fairseq2/fairseq2/src/fairseq2/cli/_main.py", line 73, in _run
    return cli.run(context)
  File "/opt/hpcaas/.mounts/fs-072917c00f01ae1ba/home/chuanyang/envs/fairseq2/fairseq2/src/fairseq2/cli/_cli.py", line 123, in run
    return args.command.run(context, args)  # type: ignore[no-any-return]
  File "/opt/hpcaas/.mounts/fs-072917c00f01ae1ba/home/chuanyang/envs/fairseq2/fairseq2/src/fairseq2/cli/_cli.py", line 361, in run
    return self._handler.run(context, self._parser, args)
  File "/opt/hpcaas/.mounts/fs-072917c00f01ae1ba/home/chuanyang/envs/fairseq2/fairseq2/src/fairseq2/cli/commands/recipe.py", line 263, in run
    recipe(progress_reporter)
  File "/opt/hpcaas/.mounts/fs-072917c00f01ae1ba/home/chuanyang/envs/fairseq2/fairseq2/src/fairseq2/recipes/trainer.py", line 571, in __call__
    self._maybe_restore_state()
  File "/opt/hpcaas/.mounts/fs-072917c00f01ae1ba/home/chuanyang/envs/fairseq2/fairseq2/src/fairseq2/recipes/trainer.py", line 600, in _maybe_restore_state
    log.info("Attempting to load the last checkpoint.")
  File "/opt/hpcaas/.mounts/fs-072917c00f01ae1ba/home/chuanyang/envs/fairseq2/fairseq2/src/fairseq2/logging.py", line 40, in info
    self._write(logging.INFO, message, args)
  File "/opt/hpcaas/.mounts/fs-072917c00f01ae1ba/home/chuanyang/envs/fairseq2/fairseq2/src/fairseq2/logging.py", line 67, in _write
    self._logger.log(level, message, exc_info=exc_info, extra=self._NO_HIGHLIGHT)
Message: 'Attempting to load the last checkpoint.'
Arguments: ()
  File "/home/chuanyang/miniconda3/envs/fairseq2/bin/fairseq2", line 8, in <module>
    sys.exit(main())
  File "/opt/hpcaas/.mounts/fs-072917c00f01ae1ba/home/chuanyang/envs/fairseq2/fairseq2/src/fairseq2/cli/_main.py", line 27, in main
    exit_code = _run()
  File "/opt/hpcaas/.mounts/fs-072917c00f01ae1ba/home/chuanyang/envs/fairseq2/fairseq2/src/fairseq2/cli/_main.py", line 73, in _run
    return cli.run(context)
  File "/opt/hpcaas/.mounts/fs-072917c00f01ae1ba/home/chuanyang/envs/fairseq2/fairseq2/src/fairseq2/cli/_cli.py", line 123, in run
    return args.command.run(context, args)  # type: ignore[no-any-return]
  File "/opt/hpcaas/.mounts/fs-072917c00f01ae1ba/home/chuanyang/envs/fairseq2/fairseq2/src/fairseq2/cli/_cli.py", line 361, in run
    return self._handler.run(context, self._parser, args)
  File "/opt/hpcaas/.mounts/fs-072917c00f01ae1ba/home/chuanyang/envs/fairseq2/fairseq2/src/fairseq2/cli/commands/recipe.py", line 263, in run
    recipe(progress_reporter)
  File "/opt/hpcaas/.mounts/fs-072917c00f01ae1ba/home/chuanyang/envs/fairseq2/fairseq2/src/fairseq2/recipes/trainer.py", line 571, in __call__
    self._maybe_restore_state()
  File "/opt/hpcaas/.mounts/fs-072917c00f01ae1ba/home/chuanyang/envs/fairseq2/fairseq2/src/fairseq2/recipes/trainer.py", line 600, in _maybe_restore_state
    log.info("Attempting to load the last checkpoint.")
  File "/opt/hpcaas/.mounts/fs-072917c00f01ae1ba/home/chuanyang/envs/fairseq2/fairseq2/src/fairseq2/logging.py", line 40, in info
    self._write(logging.INFO, message, args)
  File "/opt/hpcaas/.mounts/fs-072917c00f01ae1ba/home/chuanyang/envs/fairseq2/fairseq2/src/fairseq2/logging.py", line 67, in _write
    self._logger.log(level, message, exc_info=exc_info, extra=self._NO_HIGHLIGHT)
Message: 'Attempting to load the last checkpoint.'
Arguments: ()
  File "/home/chuanyang/miniconda3/envs/fairseq2/bin/fairseq2", line 8, in <module>
    sys.exit(main())
  File "/opt/hpcaas/.mounts/fs-072917c00f01ae1ba/home/chuanyang/envs/fairseq2/fairseq2/src/fairseq2/cli/_main.py", line 27, in main
    exit_code = _run()
  File "/opt/hpcaas/.mounts/fs-072917c00f01ae1ba/home/chuanyang/envs/fairseq2/fairseq2/src/fairseq2/cli/_main.py", line 73, in _run
    return cli.run(context)
  File "/opt/hpcaas/.mounts/fs-072917c00f01ae1ba/home/chuanyang/envs/fairseq2/fairseq2/src/fairseq2/cli/_cli.py", line 123, in run
    return args.command.run(context, args)  # type: ignore[no-any-return]
  File "/opt/hpcaas/.mounts/fs-072917c00f01ae1ba/home/chuanyang/envs/fairseq2/fairseq2/src/fairseq2/cli/_cli.py", line 361, in run
    return self._handler.run(context, self._parser, args)
  File "/opt/hpcaas/.mounts/fs-072917c00f01ae1ba/home/chuanyang/envs/fairseq2/fairseq2/src/fairseq2/cli/commands/recipe.py", line 263, in run
    recipe(progress_reporter)
  File "/opt/hpcaas/.mounts/fs-072917c00f01ae1ba/home/chuanyang/envs/fairseq2/fairseq2/src/fairseq2/recipes/trainer.py", line 571, in __call__
    self._maybe_restore_state()
  File "/opt/hpcaas/.mounts/fs-072917c00f01ae1ba/home/chuanyang/envs/fairseq2/fairseq2/src/fairseq2/recipes/trainer.py", line 600, in _maybe_restore_state
    log.info("Attempting to load the last checkpoint.")
  File "/opt/hpcaas/.mounts/fs-072917c00f01ae1ba/home/chuanyang/envs/fairseq2/fairseq2/src/fairseq2/logging.py", line 40, in info
    self._write(logging.INFO, message, args)
  File "/opt/hpcaas/.mounts/fs-072917c00f01ae1ba/home/chuanyang/envs/fairseq2/fairseq2/src/fairseq2/logging.py", line 67, in _write
    self._logger.log(level, message, exc_info=exc_info, extra=self._NO_HIGHLIGHT)
Message: 'Attempting to load the last checkpoint.'
Arguments: ()
  File "/opt/hpcaas/.mounts/fs-072917c00f01ae1ba/home/chuanyang/envs/fairseq2/fairseq2/src/fairseq2/logging.py", line 67, in _write
    self._logger.log(level, message, exc_info=exc_info, extra=self._NO_HIGHLIGHT)
Message: 'Attempting to load the last checkpoint.'
Arguments: ()
  File "/home/chuanyang/miniconda3/envs/fairseq2/bin/fairseq2", line 8, in <module>
    sys.exit(main())
  File "/opt/hpcaas/.mounts/fs-072917c00f01ae1ba/home/chuanyang/envs/fairseq2/fairseq2/src/fairseq2/cli/_main.py", line 27, in main
    exit_code = _run()
  File "/opt/hpcaas/.mounts/fs-072917c00f01ae1ba/home/chuanyang/envs/fairseq2/fairseq2/src/fairseq2/cli/_main.py", line 73, in _run
    return cli.run(context)
  File "/opt/hpcaas/.mounts/fs-072917c00f01ae1ba/home/chuanyang/envs/fairseq2/fairseq2/src/fairseq2/cli/_cli.py", line 123, in run
    return args.command.run(context, args)  # type: ignore[no-any-return]
  File "/opt/hpcaas/.mounts/fs-072917c00f01ae1ba/home/chuanyang/envs/fairseq2/fairseq2/src/fairseq2/cli/_cli.py", line 361, in run
    return self._handler.run(context, self._parser, args)
  File "/opt/hpcaas/.mounts/fs-072917c00f01ae1ba/home/chuanyang/envs/fairseq2/fairseq2/src/fairseq2/cli/commands/recipe.py", line 263, in run
    recipe(progress_reporter)
  File "/opt/hpcaas/.mounts/fs-072917c00f01ae1ba/home/chuanyang/envs/fairseq2/fairseq2/src/fairseq2/recipes/trainer.py", line 571, in __call__
    self._maybe_restore_state()
  File "/opt/hpcaas/.mounts/fs-072917c00f01ae1ba/home/chuanyang/envs/fairseq2/fairseq2/src/fairseq2/recipes/trainer.py", line 600, in _maybe_restore_state
    log.info("Attempting to load the last checkpoint.")
  File "/opt/hpcaas/.mounts/fs-072917c00f01ae1ba/home/chuanyang/envs/fairseq2/fairseq2/src/fairseq2/logging.py", line 40, in info
    self._write(logging.INFO, message, args)
  File "/opt/hpcaas/.mounts/fs-072917c00f01ae1ba/home/chuanyang/envs/fairseq2/fairseq2/src/fairseq2/logging.py", line 67, in _write
    self._logger.log(level, message, exc_info=exc_info, extra=self._NO_HIGHLIGHT)
Message: 'Attempting to load the last checkpoint.'
Arguments: ()
  File "/home/chuanyang/miniconda3/envs/fairseq2/bin/fairseq2", line 8, in <module>
    sys.exit(main())
  File "/opt/hpcaas/.mounts/fs-072917c00f01ae1ba/home/chuanyang/envs/fairseq2/fairseq2/src/fairseq2/cli/_main.py", line 27, in main
    exit_code = _run()
  File "/opt/hpcaas/.mounts/fs-072917c00f01ae1ba/home/chuanyang/envs/fairseq2/fairseq2/src/fairseq2/cli/_main.py", line 73, in _run
    return cli.run(context)
  File "/opt/hpcaas/.mounts/fs-072917c00f01ae1ba/home/chuanyang/envs/fairseq2/fairseq2/src/fairseq2/cli/_cli.py", line 123, in run
    return args.command.run(context, args)  # type: ignore[no-any-return]
  File "/opt/hpcaas/.mounts/fs-072917c00f01ae1ba/home/chuanyang/envs/fairseq2/fairseq2/src/fairseq2/cli/_cli.py", line 361, in run
    return self._handler.run(context, self._parser, args)
  File "/opt/hpcaas/.mounts/fs-072917c00f01ae1ba/home/chuanyang/envs/fairseq2/fairseq2/src/fairseq2/cli/commands/recipe.py", line 263, in run
    recipe(progress_reporter)
  File "/opt/hpcaas/.mounts/fs-072917c00f01ae1ba/home/chuanyang/envs/fairseq2/fairseq2/src/fairseq2/recipes/trainer.py", line 571, in __call__
    self._maybe_restore_state()
  File "/opt/hpcaas/.mounts/fs-072917c00f01ae1ba/home/chuanyang/envs/fairseq2/fairseq2/src/fairseq2/recipes/trainer.py", line 600, in _maybe_restore_state
    log.info("Attempting to load the last checkpoint.")
  File "/opt/hpcaas/.mounts/fs-072917c00f01ae1ba/home/chuanyang/envs/fairseq2/fairseq2/src/fairseq2/logging.py", line 40, in info
    self._write(logging.INFO, message, args)
  File "/opt/hpcaas/.mounts/fs-072917c00f01ae1ba/home/chuanyang/envs/fairseq2/fairseq2/src/fairseq2/logging.py", line 67, in _write
    self._logger.log(level, message, exc_info=exc_info, extra=self._NO_HIGHLIGHT)
Message: 'Attempting to load the last checkpoint.'
Arguments: ()
--- Logging error ---
--- Logging error ---
--- Logging error ---
--- Logging error ---
--- Logging error ---
--- Logging error ---
Traceback (most recent call last):
Traceback (most recent call last):
  File "/opt/hpcaas/.mounts/fs-072917c00f01ae1ba/home/chuanyang/envs/fairseq2/fairseq2/src/fairseq2/recipes/trainer.py", line 603, in _maybe_restore_state
    step_nr, state = self._checkpoint_manager.load_last_checkpoint(
  File "/opt/hpcaas/.mounts/fs-072917c00f01ae1ba/home/chuanyang/envs/fairseq2/fairseq2/src/fairseq2/checkpoint/_manager.py", line 541, in load_last_checkpoint
    raise CheckpointNotFoundError()
fairseq2.checkpoint._manager.CheckpointNotFoundError: No checkpoint found.
Traceback (most recent call last):
  File "/opt/hpcaas/.mounts/fs-072917c00f01ae1ba/home/chuanyang/envs/fairseq2/fairseq2/src/fairseq2/recipes/trainer.py", line 603, in _maybe_restore_state
    step_nr, state = self._checkpoint_manager.load_last_checkpoint(
  File "/opt/hpcaas/.mounts/fs-072917c00f01ae1ba/home/chuanyang/envs/fairseq2/fairseq2/src/fairseq2/checkpoint/_manager.py", line 541, in load_last_checkpoint
    raise CheckpointNotFoundError()
fairseq2.checkpoint._manager.CheckpointNotFoundError: No checkpoint found.

During handling of the above exception, another exception occurred:

Traceback (most recent call last):
Traceback (most recent call last):
  File "/opt/hpcaas/.mounts/fs-072917c00f01ae1ba/home/chuanyang/envs/fairseq2/fairseq2/src/fairseq2/recipes/trainer.py", line 603, in _maybe_restore_state
    step_nr, state = self._checkpoint_manager.load_last_checkpoint(
  File "/opt/hpcaas/.mounts/fs-072917c00f01ae1ba/home/chuanyang/envs/fairseq2/fairseq2/src/fairseq2/checkpoint/_manager.py", line 541, in load_last_checkpoint
    raise CheckpointNotFoundError()
fairseq2.checkpoint._manager.CheckpointNotFoundError: No checkpoint found.

During handling of the above exception, another exception occurred:

Traceback (most recent call last):
  File "/home/chuanyang/envs/fairseq2/conda/lib/python3.10/logging/__init__.py", line 1104, in emit
    self.flush()
  File "/home/chuanyang/envs/fairseq2/conda/lib/python3.10/logging/__init__.py", line 1084, in flush
    self.stream.flush()
Traceback (most recent call last):
  File "/opt/hpcaas/.mounts/fs-072917c00f01ae1ba/home/chuanyang/envs/fairseq2/fairseq2/src/fairseq2/recipes/trainer.py", line 603, in _maybe_restore_state
    step_nr, state = self._checkpoint_manager.load_last_checkpoint(
  File "/opt/hpcaas/.mounts/fs-072917c00f01ae1ba/home/chuanyang/envs/fairseq2/fairseq2/src/fairseq2/checkpoint/_manager.py", line 541, in load_last_checkpoint
    raise CheckpointNotFoundError()
fairseq2.checkpoint._manager.CheckpointNotFoundError: No checkpoint found.

During handling of the above exception, another exception occurred:

Traceback (most recent call last):
  File "/home/chuanyang/envs/fairseq2/conda/lib/python3.10/logging/__init__.py", line 1104, in emit
    self.flush()
  File "/home/chuanyang/envs/fairseq2/conda/lib/python3.10/logging/__init__.py", line 1084, in flush
    self.stream.flush()
OSError: [Errno 122] Disk quota exceeded
  File "/opt/hpcaas/.mounts/fs-072917c00f01ae1ba/home/chuanyang/envs/fairseq2/fairseq2/src/fairseq2/recipes/trainer.py", line 603, in _maybe_restore_state
    step_nr, state = self._checkpoint_manager.load_last_checkpoint(
  File "/opt/hpcaas/.mounts/fs-072917c00f01ae1ba/home/chuanyang/envs/fairseq2/fairseq2/src/fairseq2/checkpoint/_manager.py", line 541, in load_last_checkpoint
    raise CheckpointNotFoundError()
fairseq2.checkpoint._manager.CheckpointNotFoundError: No checkpoint found.

During handling of the above exception, another exception occurred:

Traceback (most recent call last):
  File "/home/chuanyang/envs/fairseq2/conda/lib/python3.10/logging/__init__.py", line 1104, in emit
    self.flush()
  File "/home/chuanyang/envs/fairseq2/conda/lib/python3.10/logging/__init__.py", line 1084, in flush
    self.stream.flush()
OSError: [Errno 122] Disk quota exceeded

During handling of the above exception, another exception occurred:

Traceback (most recent call last):
  File "/home/chuanyang/envs/fairseq2/conda/lib/python3.10/logging/__init__.py", line 1104, in emit
    self.flush()
  File "/home/chuanyang/envs/fairseq2/conda/lib/python3.10/logging/__init__.py", line 1084, in flush
    self.stream.flush()
OSError: [Errno 122] Disk quota exceeded
Call stack:
  File "/home/chuanyang/envs/fairseq2/conda/lib/python3.10/logging/__init__.py", line 1104, in emit
    self.flush()
  File "/home/chuanyang/envs/fairseq2/conda/lib/python3.10/logging/__init__.py", line 1084, in flush
    self.stream.flush()
OSError: [Errno 122] Disk quota exceeded
Call stack:
OSError: [Errno 122] Disk quota exceeded
Call stack:
Call stack:
Call stack:
  File "/home/chuanyang/miniconda3/envs/fairseq2/bin/fairseq2", line 8, in <module>
    sys.exit(main())
  File "/opt/hpcaas/.mounts/fs-072917c00f01ae1ba/home/chuanyang/envs/fairseq2/fairseq2/src/fairseq2/cli/_main.py", line 27, in main
    exit_code = _run()
  File "/opt/hpcaas/.mounts/fs-072917c00f01ae1ba/home/chuanyang/envs/fairseq2/fairseq2/src/fairseq2/cli/_main.py", line 73, in _run
    return cli.run(context)
  File "/opt/hpcaas/.mounts/fs-072917c00f01ae1ba/home/chuanyang/envs/fairseq2/fairseq2/src/fairseq2/cli/_cli.py", line 123, in run
    return args.command.run(context, args)  # type: ignore[no-any-return]
  File "/home/chuanyang/miniconda3/envs/fairseq2/bin/fairseq2", line 8, in <module>
    sys.exit(main())
  File "/opt/hpcaas/.mounts/fs-072917c00f01ae1ba/home/chuanyang/envs/fairseq2/fairseq2/src/fairseq2/cli/_main.py", line 27, in main
    exit_code = _run()
  File "/opt/hpcaas/.mounts/fs-072917c00f01ae1ba/home/chuanyang/envs/fairseq2/fairseq2/src/fairseq2/cli/_main.py", line 73, in _run
    return cli.run(context)
  File "/opt/hpcaas/.mounts/fs-072917c00f01ae1ba/home/chuanyang/envs/fairseq2/fairseq2/src/fairseq2/cli/_cli.py", line 123, in run
    return args.command.run(context, args)  # type: ignore[no-any-return]
  File "/opt/hpcaas/.mounts/fs-072917c00f01ae1ba/home/chuanyang/envs/fairseq2/fairseq2/src/fairseq2/cli/_cli.py", line 361, in run
    return self._handler.run(context, self._parser, args)
  File "/opt/hpcaas/.mounts/fs-072917c00f01ae1ba/home/chuanyang/envs/fairseq2/fairseq2/src/fairseq2/cli/commands/recipe.py", line 263, in run
    recipe(progress_reporter)
  File "/opt/hpcaas/.mounts/fs-072917c00f01ae1ba/home/chuanyang/envs/fairseq2/fairseq2/src/fairseq2/recipes/trainer.py", line 571, in __call__
    self._maybe_restore_state()
  File "/home/chuanyang/miniconda3/envs/fairseq2/bin/fairseq2", line 8, in <module>
    sys.exit(main())
  File "/opt/hpcaas/.mounts/fs-072917c00f01ae1ba/home/chuanyang/envs/fairseq2/fairseq2/src/fairseq2/cli/_main.py", line 27, in main
    exit_code = _run()
  File "/opt/hpcaas/.mounts/fs-072917c00f01ae1ba/home/chuanyang/envs/fairseq2/fairseq2/src/fairseq2/cli/_main.py", line 73, in _run
    return cli.run(context)
  File "/opt/hpcaas/.mounts/fs-072917c00f01ae1ba/home/chuanyang/envs/fairseq2/fairseq2/src/fairseq2/cli/_cli.py", line 123, in run
    return args.command.run(context, args)  # type: ignore[no-any-return]
  File "/opt/hpcaas/.mounts/fs-072917c00f01ae1ba/home/chuanyang/envs/fairseq2/fairseq2/src/fairseq2/cli/_cli.py", line 361, in run
    return self._handler.run(context, self._parser, args)
  File "/opt/hpcaas/.mounts/fs-072917c00f01ae1ba/home/chuanyang/envs/fairseq2/fairseq2/src/fairseq2/cli/commands/recipe.py", line 263, in run
    recipe(progress_reporter)
  File "/opt/hpcaas/.mounts/fs-072917c00f01ae1ba/home/chuanyang/envs/fairseq2/fairseq2/src/fairseq2/recipes/trainer.py", line 571, in __call__
    self._maybe_restore_state()
  File "/opt/hpcaas/.mounts/fs-072917c00f01ae1ba/home/chuanyang/envs/fairseq2/fairseq2/src/fairseq2/recipes/trainer.py", line 607, in _maybe_restore_state
    log.info("No checkpoint found. Starting training.")
  File "/opt/hpcaas/.mounts/fs-072917c00f01ae1ba/home/chuanyang/envs/fairseq2/fairseq2/src/fairseq2/logging.py", line 40, in info
    self._write(logging.INFO, message, args)
  File "/opt/hpcaas/.mounts/fs-072917c00f01ae1ba/home/chuanyang/envs/fairseq2/fairseq2/src/fairseq2/logging.py", line 67, in _write
    self._logger.log(level, message, exc_info=exc_info, extra=self._NO_HIGHLIGHT)
Message: 'No checkpoint found. Starting training.'
Arguments: ()
  File "/home/chuanyang/miniconda3/envs/fairseq2/bin/fairseq2", line 8, in <module>
    sys.exit(main())
  File "/opt/hpcaas/.mounts/fs-072917c00f01ae1ba/home/chuanyang/envs/fairseq2/fairseq2/src/fairseq2/cli/_main.py", line 27, in main
    exit_code = _run()
  File "/opt/hpcaas/.mounts/fs-072917c00f01ae1ba/home/chuanyang/envs/fairseq2/fairseq2/src/fairseq2/cli/_main.py", line 73, in _run
    return cli.run(context)
  File "/opt/hpcaas/.mounts/fs-072917c00f01ae1ba/home/chuanyang/envs/fairseq2/fairseq2/src/fairseq2/cli/_cli.py", line 123, in run
    return args.command.run(context, args)  # type: ignore[no-any-return]
  File "/opt/hpcaas/.mounts/fs-072917c00f01ae1ba/home/chuanyang/envs/fairseq2/fairseq2/src/fairseq2/cli/_cli.py", line 361, in run
    return self._handler.run(context, self._parser, args)
  File "/opt/hpcaas/.mounts/fs-072917c00f01ae1ba/home/chuanyang/envs/fairseq2/fairseq2/src/fairseq2/cli/commands/recipe.py", line 263, in run
    recipe(progress_reporter)
  File "/opt/hpcaas/.mounts/fs-072917c00f01ae1ba/home/chuanyang/envs/fairseq2/fairseq2/src/fairseq2/recipes/trainer.py", line 571, in __call__
    self._maybe_restore_state()
  File "/opt/hpcaas/.mounts/fs-072917c00f01ae1ba/home/chuanyang/envs/fairseq2/fairseq2/src/fairseq2/recipes/trainer.py", line 607, in _maybe_restore_state
    log.info("No checkpoint found. Starting training.")
  File "/opt/hpcaas/.mounts/fs-072917c00f01ae1ba/home/chuanyang/envs/fairseq2/fairseq2/src/fairseq2/logging.py", line 40, in info
    self._write(logging.INFO, message, args)
  File "/opt/hpcaas/.mounts/fs-072917c00f01ae1ba/home/chuanyang/envs/fairseq2/fairseq2/src/fairseq2/logging.py", line 67, in _write
    self._logger.log(level, message, exc_info=exc_info, extra=self._NO_HIGHLIGHT)
Message: 'No checkpoint found. Starting training.'
Arguments: ()
  File "/home/chuanyang/miniconda3/envs/fairseq2/bin/fairseq2", line 8, in <module>
    sys.exit(main())
  File "/opt/hpcaas/.mounts/fs-072917c00f01ae1ba/home/chuanyang/envs/fairseq2/fairseq2/src/fairseq2/cli/_main.py", line 27, in main
    exit_code = _run()
  File "/opt/hpcaas/.mounts/fs-072917c00f01ae1ba/home/chuanyang/envs/fairseq2/fairseq2/src/fairseq2/cli/_main.py", line 73, in _run
    return cli.run(context)
  File "/opt/hpcaas/.mounts/fs-072917c00f01ae1ba/home/chuanyang/envs/fairseq2/fairseq2/src/fairseq2/cli/_cli.py", line 123, in run
    return args.command.run(context, args)  # type: ignore[no-any-return]
  File "/opt/hpcaas/.mounts/fs-072917c00f01ae1ba/home/chuanyang/envs/fairseq2/fairseq2/src/fairseq2/cli/_cli.py", line 361, in run
    return self._handler.run(context, self._parser, args)
  File "/opt/hpcaas/.mounts/fs-072917c00f01ae1ba/home/chuanyang/envs/fairseq2/fairseq2/src/fairseq2/cli/commands/recipe.py", line 263, in run
    recipe(progress_reporter)
  File "/opt/hpcaas/.mounts/fs-072917c00f01ae1ba/home/chuanyang/envs/fairseq2/fairseq2/src/fairseq2/recipes/trainer.py", line 571, in __call__
    self._maybe_restore_state()
  File "/opt/hpcaas/.mounts/fs-072917c00f01ae1ba/home/chuanyang/envs/fairseq2/fairseq2/src/fairseq2/recipes/trainer.py", line 607, in _maybe_restore_state
    log.info("No checkpoint found. Starting training.")
  File "/opt/hpcaas/.mounts/fs-072917c00f01ae1ba/home/chuanyang/envs/fairseq2/fairseq2/src/fairseq2/logging.py", line 40, in info
    self._write(logging.INFO, message, args)
  File "/opt/hpcaas/.mounts/fs-072917c00f01ae1ba/home/chuanyang/envs/fairseq2/fairseq2/src/fairseq2/logging.py", line 67, in _write
    self._logger.log(level, message, exc_info=exc_info, extra=self._NO_HIGHLIGHT)
Message: 'No checkpoint found. Starting training.'
Arguments: ()
  File "/opt/hpcaas/.mounts/fs-072917c00f01ae1ba/home/chuanyang/envs/fairseq2/fairseq2/src/fairseq2/cli/_cli.py", line 361, in run
    return self._handler.run(context, self._parser, args)
  File "/opt/hpcaas/.mounts/fs-072917c00f01ae1ba/home/chuanyang/envs/fairseq2/fairseq2/src/fairseq2/cli/commands/recipe.py", line 263, in run
    recipe(progress_reporter)
  File "/opt/hpcaas/.mounts/fs-072917c00f01ae1ba/home/chuanyang/envs/fairseq2/fairseq2/src/fairseq2/recipes/trainer.py", line 571, in __call__
    self._maybe_restore_state()
  File "/opt/hpcaas/.mounts/fs-072917c00f01ae1ba/home/chuanyang/envs/fairseq2/fairseq2/src/fairseq2/recipes/trainer.py", line 607, in _maybe_restore_state
    log.info("No checkpoint found. Starting training.")
  File "/opt/hpcaas/.mounts/fs-072917c00f01ae1ba/home/chuanyang/envs/fairseq2/fairseq2/src/fairseq2/logging.py", line 40, in info
    self._write(logging.INFO, message, args)
  File "/opt/hpcaas/.mounts/fs-072917c00f01ae1ba/home/chuanyang/envs/fairseq2/fairseq2/src/fairseq2/logging.py", line 67, in _write
    self._logger.log(level, message, exc_info=exc_info, extra=self._NO_HIGHLIGHT)
Message: 'No checkpoint found. Starting training.'
Arguments: ()
  File "/opt/hpcaas/.mounts/fs-072917c00f01ae1ba/home/chuanyang/envs/fairseq2/fairseq2/src/fairseq2/recipes/trainer.py", line 607, in _maybe_restore_state
    log.info("No checkpoint found. Starting training.")
  File "/opt/hpcaas/.mounts/fs-072917c00f01ae1ba/home/chuanyang/envs/fairseq2/fairseq2/src/fairseq2/logging.py", line 40, in info
    self._write(logging.INFO, message, args)
  File "/opt/hpcaas/.mounts/fs-072917c00f01ae1ba/home/chuanyang/envs/fairseq2/fairseq2/src/fairseq2/logging.py", line 67, in _write
    self._logger.log(level, message, exc_info=exc_info, extra=self._NO_HIGHLIGHT)
Message: 'No checkpoint found. Starting training.'
Arguments: ()
Traceback (most recent call last):
  File "/opt/hpcaas/.mounts/fs-072917c00f01ae1ba/home/chuanyang/envs/fairseq2/fairseq2/src/fairseq2/recipes/trainer.py", line 603, in _maybe_restore_state
    step_nr, state = self._checkpoint_manager.load_last_checkpoint(
  File "/opt/hpcaas/.mounts/fs-072917c00f01ae1ba/home/chuanyang/envs/fairseq2/fairseq2/src/fairseq2/checkpoint/_manager.py", line 541, in load_last_checkpoint
    raise CheckpointNotFoundError()
fairseq2.checkpoint._manager.CheckpointNotFoundError: No checkpoint found.

During handling of the above exception, another exception occurred:

Traceback (most recent call last):
  File "/home/chuanyang/envs/fairseq2/conda/lib/python3.10/logging/__init__.py", line 1104, in emit
    self.flush()
  File "/home/chuanyang/envs/fairseq2/conda/lib/python3.10/logging/__init__.py", line 1084, in flush
    self.stream.flush()
OSError: [Errno 122] Disk quota exceeded
Call stack:
  File "/home/chuanyang/miniconda3/envs/fairseq2/bin/fairseq2", line 8, in <module>
    sys.exit(main())
  File "/opt/hpcaas/.mounts/fs-072917c00f01ae1ba/home/chuanyang/envs/fairseq2/fairseq2/src/fairseq2/cli/_main.py", line 27, in main
    exit_code = _run()
  File "/opt/hpcaas/.mounts/fs-072917c00f01ae1ba/home/chuanyang/envs/fairseq2/fairseq2/src/fairseq2/cli/_main.py", line 73, in _run
    return cli.run(context)
  File "/opt/hpcaas/.mounts/fs-072917c00f01ae1ba/home/chuanyang/envs/fairseq2/fairseq2/src/fairseq2/cli/_cli.py", line 123, in run
    return args.command.run(context, args)  # type: ignore[no-any-return]
  File "/opt/hpcaas/.mounts/fs-072917c00f01ae1ba/home/chuanyang/envs/fairseq2/fairseq2/src/fairseq2/cli/_cli.py", line 361, in run
    return self._handler.run(context, self._parser, args)
  File "/opt/hpcaas/.mounts/fs-072917c00f01ae1ba/home/chuanyang/envs/fairseq2/fairseq2/src/fairseq2/cli/commands/recipe.py", line 263, in run
    recipe(progress_reporter)
  File "/opt/hpcaas/.mounts/fs-072917c00f01ae1ba/home/chuanyang/envs/fairseq2/fairseq2/src/fairseq2/recipes/trainer.py", line 571, in __call__
    self._maybe_restore_state()
  File "/opt/hpcaas/.mounts/fs-072917c00f01ae1ba/home/chuanyang/envs/fairseq2/fairseq2/src/fairseq2/recipes/trainer.py", line 607, in _maybe_restore_state
    log.info("No checkpoint found. Starting training.")
  File "/opt/hpcaas/.mounts/fs-072917c00f01ae1ba/home/chuanyang/envs/fairseq2/fairseq2/src/fairseq2/logging.py", line 40, in info
    self._write(logging.INFO, message, args)
  File "/opt/hpcaas/.mounts/fs-072917c00f01ae1ba/home/chuanyang/envs/fairseq2/fairseq2/src/fairseq2/logging.py", line 67, in _write
    self._logger.log(level, message, exc_info=exc_info, extra=self._NO_HIGHLIGHT)
Message: 'No checkpoint found. Starting training.'
Arguments: ()
--- Logging error ---
--- Logging error ---
--- Logging error ---
--- Logging error ---
Traceback (most recent call last):
  File "/home/chuanyang/envs/fairseq2/conda/lib/python3.10/logging/__init__.py", line 1104, in emit
    self.flush()
  File "/home/chuanyang/envs/fairseq2/conda/lib/python3.10/logging/__init__.py", line 1084, in flush
    self.stream.flush()
OSError: [Errno 122] Disk quota exceeded
Call stack:
Traceback (most recent call last):
  File "/home/chuanyang/envs/fairseq2/conda/lib/python3.10/logging/__init__.py", line 1104, in emit
    self.flush()
  File "/home/chuanyang/envs/fairseq2/conda/lib/python3.10/logging/__init__.py", line 1084, in flush
    self.stream.flush()
OSError: [Errno 122] Disk quota exceeded
Call stack:
Traceback (most recent call last):
  File "/home/chuanyang/envs/fairseq2/conda/lib/python3.10/logging/__init__.py", line 1104, in emit
    self.flush()
  File "/home/chuanyang/envs/fairseq2/conda/lib/python3.10/logging/__init__.py", line 1084, in flush
    self.stream.flush()
Traceback (most recent call last):
  File "/home/chuanyang/envs/fairseq2/conda/lib/python3.10/logging/__init__.py", line 1104, in emit
    self.flush()
  File "/home/chuanyang/envs/fairseq2/conda/lib/python3.10/logging/__init__.py", line 1084, in flush
    self.stream.flush()
OSError: [Errno 122] Disk quota exceeded
Call stack:
OSError: [Errno 122] Disk quota exceeded
Call stack:
  File "/home/chuanyang/miniconda3/envs/fairseq2/bin/fairseq2", line 8, in <module>
    sys.exit(main())
  File "/opt/hpcaas/.mounts/fs-072917c00f01ae1ba/home/chuanyang/envs/fairseq2/fairseq2/src/fairseq2/cli/_main.py", line 27, in main
    exit_code = _run()
  File "/opt/hpcaas/.mounts/fs-072917c00f01ae1ba/home/chuanyang/envs/fairseq2/fairseq2/src/fairseq2/cli/_main.py", line 73, in _run
    return cli.run(context)
  File "/opt/hpcaas/.mounts/fs-072917c00f01ae1ba/home/chuanyang/envs/fairseq2/fairseq2/src/fairseq2/cli/_cli.py", line 123, in run
    return args.command.run(context, args)  # type: ignore[no-any-return]
  File "/opt/hpcaas/.mounts/fs-072917c00f01ae1ba/home/chuanyang/envs/fairseq2/fairseq2/src/fairseq2/cli/_cli.py", line 361, in run
    return self._handler.run(context, self._parser, args)
  File "/opt/hpcaas/.mounts/fs-072917c00f01ae1ba/home/chuanyang/envs/fairseq2/fairseq2/src/fairseq2/cli/commands/recipe.py", line 263, in run
    recipe(progress_reporter)
  File "/opt/hpcaas/.mounts/fs-072917c00f01ae1ba/home/chuanyang/envs/fairseq2/fairseq2/src/fairseq2/recipes/trainer.py", line 577, in __call__
    log.info("Running training on {} device(s).", self._gangs.root.size)
  File "/opt/hpcaas/.mounts/fs-072917c00f01ae1ba/home/chuanyang/envs/fairseq2/fairseq2/src/fairseq2/logging.py", line 40, in info
    self._write(logging.INFO, message, args)
  File "/opt/hpcaas/.mounts/fs-072917c00f01ae1ba/home/chuanyang/envs/fairseq2/fairseq2/src/fairseq2/logging.py", line 67, in _write
    self._logger.log(level, message, exc_info=exc_info, extra=self._NO_HIGHLIGHT)
Message: 'Running training on 16 device(s).'
Arguments: ()
  File "/home/chuanyang/miniconda3/envs/fairseq2/bin/fairseq2", line 8, in <module>
    sys.exit(main())
  File "/opt/hpcaas/.mounts/fs-072917c00f01ae1ba/home/chuanyang/envs/fairseq2/fairseq2/src/fairseq2/cli/_main.py", line 27, in main
    exit_code = _run()
  File "/opt/hpcaas/.mounts/fs-072917c00f01ae1ba/home/chuanyang/envs/fairseq2/fairseq2/src/fairseq2/cli/_main.py", line 73, in _run
    return cli.run(context)
  File "/opt/hpcaas/.mounts/fs-072917c00f01ae1ba/home/chuanyang/envs/fairseq2/fairseq2/src/fairseq2/cli/_cli.py", line 123, in run
    return args.command.run(context, args)  # type: ignore[no-any-return]
  File "/opt/hpcaas/.mounts/fs-072917c00f01ae1ba/home/chuanyang/envs/fairseq2/fairseq2/src/fairseq2/cli/_cli.py", line 361, in run
    return self._handler.run(context, self._parser, args)
  File "/opt/hpcaas/.mounts/fs-072917c00f01ae1ba/home/chuanyang/envs/fairseq2/fairseq2/src/fairseq2/cli/commands/recipe.py", line 263, in run
    recipe(progress_reporter)
  File "/opt/hpcaas/.mounts/fs-072917c00f01ae1ba/home/chuanyang/envs/fairseq2/fairseq2/src/fairseq2/recipes/trainer.py", line 577, in __call__
    log.info("Running training on {} device(s).", self._gangs.root.size)
  File "/opt/hpcaas/.mounts/fs-072917c00f01ae1ba/home/chuanyang/envs/fairseq2/fairseq2/src/fairseq2/logging.py", line 40, in info
    self._write(logging.INFO, message, args)
  File "/opt/hpcaas/.mounts/fs-072917c00f01ae1ba/home/chuanyang/envs/fairseq2/fairseq2/src/fairseq2/logging.py", line 67, in _write
    self._logger.log(level, message, exc_info=exc_info, extra=self._NO_HIGHLIGHT)
Message: 'Running training on 16 device(s).'
Arguments: ()
--- Logging error ---
  File "/home/chuanyang/miniconda3/envs/fairseq2/bin/fairseq2", line 8, in <module>
    sys.exit(main())
  File "/opt/hpcaas/.mounts/fs-072917c00f01ae1ba/home/chuanyang/envs/fairseq2/fairseq2/src/fairseq2/cli/_main.py", line 27, in main
    exit_code = _run()
  File "/opt/hpcaas/.mounts/fs-072917c00f01ae1ba/home/chuanyang/envs/fairseq2/fairseq2/src/fairseq2/cli/_main.py", line 73, in _run
    return cli.run(context)
  File "/opt/hpcaas/.mounts/fs-072917c00f01ae1ba/home/chuanyang/envs/fairseq2/fairseq2/src/fairseq2/cli/_cli.py", line 123, in run
    return args.command.run(context, args)  # type: ignore[no-any-return]
  File "/opt/hpcaas/.mounts/fs-072917c00f01ae1ba/home/chuanyang/envs/fairseq2/fairseq2/src/fairseq2/cli/_cli.py", line 361, in run
    return self._handler.run(context, self._parser, args)
  File "/opt/hpcaas/.mounts/fs-072917c00f01ae1ba/home/chuanyang/envs/fairseq2/fairseq2/src/fairseq2/cli/commands/recipe.py", line 263, in run
    recipe(progress_reporter)
  File "/opt/hpcaas/.mounts/fs-072917c00f01ae1ba/home/chuanyang/envs/fairseq2/fairseq2/src/fairseq2/recipes/trainer.py", line 577, in __call__
    log.info("Running training on {} device(s).", self._gangs.root.size)
  File "/opt/hpcaas/.mounts/fs-072917c00f01ae1ba/home/chuanyang/envs/fairseq2/fairseq2/src/fairseq2/logging.py", line 40, in info
    self._write(logging.INFO, message, args)
  File "/opt/hpcaas/.mounts/fs-072917c00f01ae1ba/home/chuanyang/envs/fairseq2/fairseq2/src/fairseq2/logging.py", line 67, in _write
    self._logger.log(level, message, exc_info=exc_info, extra=self._NO_HIGHLIGHT)
Message: 'Running training on 16 device(s).'
Arguments: ()
  File "/home/chuanyang/miniconda3/envs/fairseq2/bin/fairseq2", line 8, in <module>
    sys.exit(main())
  File "/opt/hpcaas/.mounts/fs-072917c00f01ae1ba/home/chuanyang/envs/fairseq2/fairseq2/src/fairseq2/cli/_main.py", line 27, in main
    exit_code = _run()
  File "/opt/hpcaas/.mounts/fs-072917c00f01ae1ba/home/chuanyang/envs/fairseq2/fairseq2/src/fairseq2/cli/_main.py", line 73, in _run
    return cli.run(context)
  File "/opt/hpcaas/.mounts/fs-072917c00f01ae1ba/home/chuanyang/envs/fairseq2/fairseq2/src/fairseq2/cli/_cli.py", line 123, in run
    return args.command.run(context, args)  # type: ignore[no-any-return]
  File "/opt/hpcaas/.mounts/fs-072917c00f01ae1ba/home/chuanyang/envs/fairseq2/fairseq2/src/fairseq2/cli/_cli.py", line 361, in run
    return self._handler.run(context, self._parser, args)
  File "/opt/hpcaas/.mounts/fs-072917c00f01ae1ba/home/chuanyang/envs/fairseq2/fairseq2/src/fairseq2/cli/commands/recipe.py", line 263, in run
    recipe(progress_reporter)
  File "/opt/hpcaas/.mounts/fs-072917c00f01ae1ba/home/chuanyang/envs/fairseq2/fairseq2/src/fairseq2/recipes/trainer.py", line 577, in __call__
    log.info("Running training on {} device(s).", self._gangs.root.size)
  File "/opt/hpcaas/.mounts/fs-072917c00f01ae1ba/home/chuanyang/envs/fairseq2/fairseq2/src/fairseq2/logging.py", line 40, in info
    self._write(logging.INFO, message, args)
  File "/opt/hpcaas/.mounts/fs-072917c00f01ae1ba/home/chuanyang/envs/fairseq2/fairseq2/src/fairseq2/logging.py", line 67, in _write
    self._logger.log(level, message, exc_info=exc_info, extra=self._NO_HIGHLIGHT)
Message: 'Running training on 16 device(s).'
Arguments: ()
Traceback (most recent call last):
  File "/home/chuanyang/envs/fairseq2/conda/lib/python3.10/logging/__init__.py", line 1104, in emit
    self.flush()
  File "/home/chuanyang/envs/fairseq2/conda/lib/python3.10/logging/__init__.py", line 1084, in flush
    self.stream.flush()
--- Logging error ---
OSError: [Errno 122] Disk quota exceeded
Call stack:
Traceback (most recent call last):
  File "/home/chuanyang/envs/fairseq2/conda/lib/python3.10/logging/__init__.py", line 1104, in emit
    self.flush()
  File "/home/chuanyang/envs/fairseq2/conda/lib/python3.10/logging/__init__.py", line 1084, in flush
    self.stream.flush()
OSError: [Errno 122] Disk quota exceeded
Call stack:
  File "/home/chuanyang/miniconda3/envs/fairseq2/bin/fairseq2", line 8, in <module>
    sys.exit(main())
  File "/opt/hpcaas/.mounts/fs-072917c00f01ae1ba/home/chuanyang/envs/fairseq2/fairseq2/src/fairseq2/cli/_main.py", line 27, in main
    exit_code = _run()
  File "/opt/hpcaas/.mounts/fs-072917c00f01ae1ba/home/chuanyang/envs/fairseq2/fairseq2/src/fairseq2/cli/_main.py", line 73, in _run
    return cli.run(context)
  File "/opt/hpcaas/.mounts/fs-072917c00f01ae1ba/home/chuanyang/envs/fairseq2/fairseq2/src/fairseq2/cli/_cli.py", line 123, in run
    return args.command.run(context, args)  # type: ignore[no-any-return]
  File "/opt/hpcaas/.mounts/fs-072917c00f01ae1ba/home/chuanyang/envs/fairseq2/fairseq2/src/fairseq2/cli/_cli.py", line 361, in run
    return self._handler.run(context, self._parser, args)
  File "/opt/hpcaas/.mounts/fs-072917c00f01ae1ba/home/chuanyang/envs/fairseq2/fairseq2/src/fairseq2/cli/commands/recipe.py", line 263, in run
    recipe(progress_reporter)
  File "/opt/hpcaas/.mounts/fs-072917c00f01ae1ba/home/chuanyang/envs/fairseq2/fairseq2/src/fairseq2/recipes/trainer.py", line 577, in __call__
    log.info("Running training on {} device(s).", self._gangs.root.size)
  File "/opt/hpcaas/.mounts/fs-072917c00f01ae1ba/home/chuanyang/envs/fairseq2/fairseq2/src/fairseq2/logging.py", line 40, in info
    self._write(logging.INFO, message, args)
  File "/opt/hpcaas/.mounts/fs-072917c00f01ae1ba/home/chuanyang/envs/fairseq2/fairseq2/src/fairseq2/logging.py", line 67, in _write
    self._logger.log(level, message, exc_info=exc_info, extra=self._NO_HIGHLIGHT)
Message: 'Running training on 16 device(s).'
Arguments: ()
  File "/home/chuanyang/miniconda3/envs/fairseq2/bin/fairseq2", line 8, in <module>
    sys.exit(main())
  File "/opt/hpcaas/.mounts/fs-072917c00f01ae1ba/home/chuanyang/envs/fairseq2/fairseq2/src/fairseq2/cli/_main.py", line 27, in main
    exit_code = _run()
  File "/opt/hpcaas/.mounts/fs-072917c00f01ae1ba/home/chuanyang/envs/fairseq2/fairseq2/src/fairseq2/cli/_main.py", line 73, in _run
    return cli.run(context)
  File "/opt/hpcaas/.mounts/fs-072917c00f01ae1ba/home/chuanyang/envs/fairseq2/fairseq2/src/fairseq2/cli/_cli.py", line 123, in run
    return args.command.run(context, args)  # type: ignore[no-any-return]
  File "/opt/hpcaas/.mounts/fs-072917c00f01ae1ba/home/chuanyang/envs/fairseq2/fairseq2/src/fairseq2/cli/_cli.py", line 361, in run
    return self._handler.run(context, self._parser, args)
  File "/opt/hpcaas/.mounts/fs-072917c00f01ae1ba/home/chuanyang/envs/fairseq2/fairseq2/src/fairseq2/cli/commands/recipe.py", line 263, in run
    recipe(progress_reporter)
  File "/opt/hpcaas/.mounts/fs-072917c00f01ae1ba/home/chuanyang/envs/fairseq2/fairseq2/src/fairseq2/recipes/trainer.py", line 577, in __call__
    log.info("Running training on {} device(s).", self._gangs.root.size)
  File "/opt/hpcaas/.mounts/fs-072917c00f01ae1ba/home/chuanyang/envs/fairseq2/fairseq2/src/fairseq2/logging.py", line 40, in info
    self._write(logging.INFO, message, args)
  File "/opt/hpcaas/.mounts/fs-072917c00f01ae1ba/home/chuanyang/envs/fairseq2/fairseq2/src/fairseq2/logging.py", line 67, in _write
    self._logger.log(level, message, exc_info=exc_info, extra=self._NO_HIGHLIGHT)
Message: 'Running training on 16 device(s).'
Arguments: ()
wandb: Currently logged in as: chuanyang to https://fairwandb.org. Use `wandb login --relogin` to force relogin
--- Logging error ---
Traceback (most recent call last):
  File "/home/chuanyang/envs/fairseq2/conda/lib/python3.10/logging/__init__.py", line 1104, in emit
    self.flush()
  File "/home/chuanyang/envs/fairseq2/conda/lib/python3.10/logging/__init__.py", line 1084, in flush
    self.stream.flush()
OSError: [Errno 122] Disk quota exceeded
Call stack:
  File "/home/chuanyang/miniconda3/envs/fairseq2/bin/fairseq2", line 8, in <module>
    sys.exit(main())
  File "/opt/hpcaas/.mounts/fs-072917c00f01ae1ba/home/chuanyang/envs/fairseq2/fairseq2/src/fairseq2/cli/_main.py", line 27, in main
    exit_code = _run()
  File "/opt/hpcaas/.mounts/fs-072917c00f01ae1ba/home/chuanyang/envs/fairseq2/fairseq2/src/fairseq2/cli/_main.py", line 73, in _run
    return cli.run(context)
  File "/opt/hpcaas/.mounts/fs-072917c00f01ae1ba/home/chuanyang/envs/fairseq2/fairseq2/src/fairseq2/cli/_cli.py", line 123, in run
    return args.command.run(context, args)  # type: ignore[no-any-return]
  File "/opt/hpcaas/.mounts/fs-072917c00f01ae1ba/home/chuanyang/envs/fairseq2/fairseq2/src/fairseq2/cli/_cli.py", line 361, in run
    return self._handler.run(context, self._parser, args)
  File "/opt/hpcaas/.mounts/fs-072917c00f01ae1ba/home/chuanyang/envs/fairseq2/fairseq2/src/fairseq2/cli/commands/recipe.py", line 245, in run
    recipe = self._loader(context, config, output_dir)
  File "/opt/hpcaas/.mounts/fs-072917c00f01ae1ba/home/chuanyang/envs/fairseq2/fairseq2/src/fairseq2/recipes/lm/_preference_finetune/_recipe.py", line 291, in load_po_finetuner
    return create_trainer(
  File "/opt/hpcaas/.mounts/fs-072917c00f01ae1ba/home/chuanyang/envs/fairseq2/fairseq2/src/fairseq2/recipes/common/_trainer.py", line 57, in create_trainer
    metric_recorder = create_metric_recorder(context, recipe_config, gangs, output_dir)
  File "/opt/hpcaas/.mounts/fs-072917c00f01ae1ba/home/chuanyang/envs/fairseq2/fairseq2/src/fairseq2/recipes/common/_metrics.py", line 32, in create_metric_recorder
    return creator.create(recipe_config, gangs, output_dir)
  File "/opt/hpcaas/.mounts/fs-072917c00f01ae1ba/home/chuanyang/envs/fairseq2/fairseq2/src/fairseq2/recipes/common/_metrics.py", line 61, in create
    recorder = handler.create(output_dir, recorder_config)
  File "/opt/hpcaas/.mounts/fs-072917c00f01ae1ba/home/chuanyang/envs/fairseq2/fairseq2/src/fairseq2/metrics/recorders/_wandb.py", line 153, in create
    return WandbRecorder(
  File "/opt/hpcaas/.mounts/fs-072917c00f01ae1ba/home/chuanyang/envs/fairseq2/fairseq2/src/fairseq2/metrics/recorders/_wandb.py", line 62, in __init__
    self._run = wandb.init(
  File "/home/chuanyang/envs/fairseq2/conda/lib/python3.10/site-packages/wandb/sdk/wandb_init.py", line 1457, in init
    wi.setup_run_log_directory(run_settings)
  File "/home/chuanyang/envs/fairseq2/conda/lib/python3.10/site-packages/wandb/sdk/wandb_init.py", line 636, in setup_run_log_directory
    self._wl._early_logger_flush(self._create_logger(settings.log_user))
  File "/home/chuanyang/envs/fairseq2/conda/lib/python3.10/site-packages/wandb/sdk/wandb_setup.py", line 167, in _early_logger_flush
    self._logger._flush(new_logger)
  File "/home/chuanyang/envs/fairseq2/conda/lib/python3.10/site-packages/wandb/sdk/wandb_setup.py", line 68, in _flush
    new_logger.log(level, msg, *args, **kwargs)
Message: 'Current SDK version is 0.19.6'
Arguments: ()
--- Logging error ---
Traceback (most recent call last):
  File "/home/chuanyang/envs/fairseq2/conda/lib/python3.10/logging/__init__.py", line 1104, in emit
    self.flush()
  File "/home/chuanyang/envs/fairseq2/conda/lib/python3.10/logging/__init__.py", line 1084, in flush
    self.stream.flush()
OSError: [Errno 122] Disk quota exceeded
Call stack:
  File "/home/chuanyang/miniconda3/envs/fairseq2/bin/fairseq2", line 8, in <module>
    sys.exit(main())
  File "/opt/hpcaas/.mounts/fs-072917c00f01ae1ba/home/chuanyang/envs/fairseq2/fairseq2/src/fairseq2/cli/_main.py", line 27, in main
    exit_code = _run()
  File "/opt/hpcaas/.mounts/fs-072917c00f01ae1ba/home/chuanyang/envs/fairseq2/fairseq2/src/fairseq2/cli/_main.py", line 73, in _run
    return cli.run(context)
  File "/opt/hpcaas/.mounts/fs-072917c00f01ae1ba/home/chuanyang/envs/fairseq2/fairseq2/src/fairseq2/cli/_cli.py", line 123, in run
    return args.command.run(context, args)  # type: ignore[no-any-return]
  File "/opt/hpcaas/.mounts/fs-072917c00f01ae1ba/home/chuanyang/envs/fairseq2/fairseq2/src/fairseq2/cli/_cli.py", line 361, in run
    return self._handler.run(context, self._parser, args)
  File "/opt/hpcaas/.mounts/fs-072917c00f01ae1ba/home/chuanyang/envs/fairseq2/fairseq2/src/fairseq2/cli/commands/recipe.py", line 245, in run
    recipe = self._loader(context, config, output_dir)
  File "/opt/hpcaas/.mounts/fs-072917c00f01ae1ba/home/chuanyang/envs/fairseq2/fairseq2/src/fairseq2/recipes/lm/_preference_finetune/_recipe.py", line 291, in load_po_finetuner
    return create_trainer(
  File "/opt/hpcaas/.mounts/fs-072917c00f01ae1ba/home/chuanyang/envs/fairseq2/fairseq2/src/fairseq2/recipes/common/_trainer.py", line 57, in create_trainer
    metric_recorder = create_metric_recorder(context, recipe_config, gangs, output_dir)
  File "/opt/hpcaas/.mounts/fs-072917c00f01ae1ba/home/chuanyang/envs/fairseq2/fairseq2/src/fairseq2/recipes/common/_metrics.py", line 32, in create_metric_recorder
    return creator.create(recipe_config, gangs, output_dir)
  File "/opt/hpcaas/.mounts/fs-072917c00f01ae1ba/home/chuanyang/envs/fairseq2/fairseq2/src/fairseq2/recipes/common/_metrics.py", line 61, in create
    recorder = handler.create(output_dir, recorder_config)
  File "/opt/hpcaas/.mounts/fs-072917c00f01ae1ba/home/chuanyang/envs/fairseq2/fairseq2/src/fairseq2/metrics/recorders/_wandb.py", line 153, in create
    return WandbRecorder(
  File "/opt/hpcaas/.mounts/fs-072917c00f01ae1ba/home/chuanyang/envs/fairseq2/fairseq2/src/fairseq2/metrics/recorders/_wandb.py", line 62, in __init__
    self._run = wandb.init(
  File "/home/chuanyang/envs/fairseq2/conda/lib/python3.10/site-packages/wandb/sdk/wandb_init.py", line 1457, in init
    wi.setup_run_log_directory(run_settings)
  File "/home/chuanyang/envs/fairseq2/conda/lib/python3.10/site-packages/wandb/sdk/wandb_init.py", line 636, in setup_run_log_directory
    self._wl._early_logger_flush(self._create_logger(settings.log_user))
  File "/home/chuanyang/envs/fairseq2/conda/lib/python3.10/site-packages/wandb/sdk/wandb_setup.py", line 167, in _early_logger_flush
    self._logger._flush(new_logger)
  File "/home/chuanyang/envs/fairseq2/conda/lib/python3.10/site-packages/wandb/sdk/wandb_setup.py", line 68, in _flush
    new_logger.log(level, msg, *args, **kwargs)
Message: 'Configure stats pid to 2510918'
Arguments: ()
--- Logging error ---
Traceback (most recent call last):
  File "/home/chuanyang/envs/fairseq2/conda/lib/python3.10/logging/__init__.py", line 1104, in emit
    self.flush()
  File "/home/chuanyang/envs/fairseq2/conda/lib/python3.10/logging/__init__.py", line 1084, in flush
    self.stream.flush()
OSError: [Errno 122] Disk quota exceeded
Call stack:
  File "/home/chuanyang/miniconda3/envs/fairseq2/bin/fairseq2", line 8, in <module>
    sys.exit(main())
  File "/opt/hpcaas/.mounts/fs-072917c00f01ae1ba/home/chuanyang/envs/fairseq2/fairseq2/src/fairseq2/cli/_main.py", line 27, in main
    exit_code = _run()
  File "/opt/hpcaas/.mounts/fs-072917c00f01ae1ba/home/chuanyang/envs/fairseq2/fairseq2/src/fairseq2/cli/_main.py", line 73, in _run
    return cli.run(context)
  File "/opt/hpcaas/.mounts/fs-072917c00f01ae1ba/home/chuanyang/envs/fairseq2/fairseq2/src/fairseq2/cli/_cli.py", line 123, in run
    return args.command.run(context, args)  # type: ignore[no-any-return]
  File "/opt/hpcaas/.mounts/fs-072917c00f01ae1ba/home/chuanyang/envs/fairseq2/fairseq2/src/fairseq2/cli/_cli.py", line 361, in run
    return self._handler.run(context, self._parser, args)
  File "/opt/hpcaas/.mounts/fs-072917c00f01ae1ba/home/chuanyang/envs/fairseq2/fairseq2/src/fairseq2/cli/commands/recipe.py", line 245, in run
    recipe = self._loader(context, config, output_dir)
  File "/opt/hpcaas/.mounts/fs-072917c00f01ae1ba/home/chuanyang/envs/fairseq2/fairseq2/src/fairseq2/recipes/lm/_preference_finetune/_recipe.py", line 291, in load_po_finetuner
    return create_trainer(
  File "/opt/hpcaas/.mounts/fs-072917c00f01ae1ba/home/chuanyang/envs/fairseq2/fairseq2/src/fairseq2/recipes/common/_trainer.py", line 57, in create_trainer
    metric_recorder = create_metric_recorder(context, recipe_config, gangs, output_dir)
  File "/opt/hpcaas/.mounts/fs-072917c00f01ae1ba/home/chuanyang/envs/fairseq2/fairseq2/src/fairseq2/recipes/common/_metrics.py", line 32, in create_metric_recorder
    return creator.create(recipe_config, gangs, output_dir)
  File "/opt/hpcaas/.mounts/fs-072917c00f01ae1ba/home/chuanyang/envs/fairseq2/fairseq2/src/fairseq2/recipes/common/_metrics.py", line 61, in create
    recorder = handler.create(output_dir, recorder_config)
  File "/opt/hpcaas/.mounts/fs-072917c00f01ae1ba/home/chuanyang/envs/fairseq2/fairseq2/src/fairseq2/metrics/recorders/_wandb.py", line 153, in create
    return WandbRecorder(
  File "/opt/hpcaas/.mounts/fs-072917c00f01ae1ba/home/chuanyang/envs/fairseq2/fairseq2/src/fairseq2/metrics/recorders/_wandb.py", line 62, in __init__
    self._run = wandb.init(
  File "/home/chuanyang/envs/fairseq2/conda/lib/python3.10/site-packages/wandb/sdk/wandb_init.py", line 1457, in init
    wi.setup_run_log_directory(run_settings)
  File "/home/chuanyang/envs/fairseq2/conda/lib/python3.10/site-packages/wandb/sdk/wandb_init.py", line 636, in setup_run_log_directory
    self._wl._early_logger_flush(self._create_logger(settings.log_user))
  File "/home/chuanyang/envs/fairseq2/conda/lib/python3.10/site-packages/wandb/sdk/wandb_setup.py", line 167, in _early_logger_flush
    self._logger._flush(new_logger)
  File "/home/chuanyang/envs/fairseq2/conda/lib/python3.10/site-packages/wandb/sdk/wandb_setup.py", line 68, in _flush
    new_logger.log(level, msg, *args, **kwargs)
Message: 'Loading settings from /home/chuanyang/.config/wandb/settings'
Arguments: ()
--- Logging error ---
Traceback (most recent call last):
  File "/home/chuanyang/envs/fairseq2/conda/lib/python3.10/logging/__init__.py", line 1104, in emit
    self.flush()
  File "/home/chuanyang/envs/fairseq2/conda/lib/python3.10/logging/__init__.py", line 1084, in flush
    self.stream.flush()
OSError: [Errno 122] Disk quota exceeded
Call stack:
  File "/home/chuanyang/miniconda3/envs/fairseq2/bin/fairseq2", line 8, in <module>
    sys.exit(main())
  File "/opt/hpcaas/.mounts/fs-072917c00f01ae1ba/home/chuanyang/envs/fairseq2/fairseq2/src/fairseq2/cli/_main.py", line 27, in main
    exit_code = _run()
  File "/opt/hpcaas/.mounts/fs-072917c00f01ae1ba/home/chuanyang/envs/fairseq2/fairseq2/src/fairseq2/cli/_main.py", line 73, in _run
    return cli.run(context)
  File "/opt/hpcaas/.mounts/fs-072917c00f01ae1ba/home/chuanyang/envs/fairseq2/fairseq2/src/fairseq2/cli/_cli.py", line 123, in run
    return args.command.run(context, args)  # type: ignore[no-any-return]
  File "/opt/hpcaas/.mounts/fs-072917c00f01ae1ba/home/chuanyang/envs/fairseq2/fairseq2/src/fairseq2/cli/_cli.py", line 361, in run
    return self._handler.run(context, self._parser, args)
  File "/opt/hpcaas/.mounts/fs-072917c00f01ae1ba/home/chuanyang/envs/fairseq2/fairseq2/src/fairseq2/cli/commands/recipe.py", line 245, in run
    recipe = self._loader(context, config, output_dir)
  File "/opt/hpcaas/.mounts/fs-072917c00f01ae1ba/home/chuanyang/envs/fairseq2/fairseq2/src/fairseq2/recipes/lm/_preference_finetune/_recipe.py", line 291, in load_po_finetuner
    return create_trainer(
  File "/opt/hpcaas/.mounts/fs-072917c00f01ae1ba/home/chuanyang/envs/fairseq2/fairseq2/src/fairseq2/recipes/common/_trainer.py", line 57, in create_trainer
    metric_recorder = create_metric_recorder(context, recipe_config, gangs, output_dir)
  File "/opt/hpcaas/.mounts/fs-072917c00f01ae1ba/home/chuanyang/envs/fairseq2/fairseq2/src/fairseq2/recipes/common/_metrics.py", line 32, in create_metric_recorder
    return creator.create(recipe_config, gangs, output_dir)
  File "/opt/hpcaas/.mounts/fs-072917c00f01ae1ba/home/chuanyang/envs/fairseq2/fairseq2/src/fairseq2/recipes/common/_metrics.py", line 61, in create
    recorder = handler.create(output_dir, recorder_config)
  File "/opt/hpcaas/.mounts/fs-072917c00f01ae1ba/home/chuanyang/envs/fairseq2/fairseq2/src/fairseq2/metrics/recorders/_wandb.py", line 153, in create
    return WandbRecorder(
  File "/opt/hpcaas/.mounts/fs-072917c00f01ae1ba/home/chuanyang/envs/fairseq2/fairseq2/src/fairseq2/metrics/recorders/_wandb.py", line 62, in __init__
    self._run = wandb.init(
  File "/home/chuanyang/envs/fairseq2/conda/lib/python3.10/site-packages/wandb/sdk/wandb_init.py", line 1457, in init
    wi.setup_run_log_directory(run_settings)
  File "/home/chuanyang/envs/fairseq2/conda/lib/python3.10/site-packages/wandb/sdk/wandb_init.py", line 636, in setup_run_log_directory
    self._wl._early_logger_flush(self._create_logger(settings.log_user))
  File "/home/chuanyang/envs/fairseq2/conda/lib/python3.10/site-packages/wandb/sdk/wandb_setup.py", line 167, in _early_logger_flush
    self._logger._flush(new_logger)
  File "/home/chuanyang/envs/fairseq2/conda/lib/python3.10/site-packages/wandb/sdk/wandb_setup.py", line 68, in _flush
    new_logger.log(level, msg, *args, **kwargs)
Message: 'Loading settings from /opt/hpcaas/.mounts/fs-072917c00f01ae1ba/home/chuanyang/dpo/wandb/settings'
Arguments: ()
--- Logging error ---
Traceback (most recent call last):
  File "/home/chuanyang/envs/fairseq2/conda/lib/python3.10/logging/__init__.py", line 1104, in emit
    self.flush()
  File "/home/chuanyang/envs/fairseq2/conda/lib/python3.10/logging/__init__.py", line 1084, in flush
    self.stream.flush()
OSError: [Errno 122] Disk quota exceeded
Call stack:
  File "/home/chuanyang/miniconda3/envs/fairseq2/bin/fairseq2", line 8, in <module>
    sys.exit(main())
  File "/opt/hpcaas/.mounts/fs-072917c00f01ae1ba/home/chuanyang/envs/fairseq2/fairseq2/src/fairseq2/cli/_main.py", line 27, in main
    exit_code = _run()
  File "/opt/hpcaas/.mounts/fs-072917c00f01ae1ba/home/chuanyang/envs/fairseq2/fairseq2/src/fairseq2/cli/_main.py", line 73, in _run
    return cli.run(context)
  File "/opt/hpcaas/.mounts/fs-072917c00f01ae1ba/home/chuanyang/envs/fairseq2/fairseq2/src/fairseq2/cli/_cli.py", line 123, in run
    return args.command.run(context, args)  # type: ignore[no-any-return]
  File "/opt/hpcaas/.mounts/fs-072917c00f01ae1ba/home/chuanyang/envs/fairseq2/fairseq2/src/fairseq2/cli/_cli.py", line 361, in run
    return self._handler.run(context, self._parser, args)
  File "/opt/hpcaas/.mounts/fs-072917c00f01ae1ba/home/chuanyang/envs/fairseq2/fairseq2/src/fairseq2/cli/commands/recipe.py", line 245, in run
    recipe = self._loader(context, config, output_dir)
  File "/opt/hpcaas/.mounts/fs-072917c00f01ae1ba/home/chuanyang/envs/fairseq2/fairseq2/src/fairseq2/recipes/lm/_preference_finetune/_recipe.py", line 291, in load_po_finetuner
    return create_trainer(
  File "/opt/hpcaas/.mounts/fs-072917c00f01ae1ba/home/chuanyang/envs/fairseq2/fairseq2/src/fairseq2/recipes/common/_trainer.py", line 57, in create_trainer
    metric_recorder = create_metric_recorder(context, recipe_config, gangs, output_dir)
  File "/opt/hpcaas/.mounts/fs-072917c00f01ae1ba/home/chuanyang/envs/fairseq2/fairseq2/src/fairseq2/recipes/common/_metrics.py", line 32, in create_metric_recorder
    return creator.create(recipe_config, gangs, output_dir)
  File "/opt/hpcaas/.mounts/fs-072917c00f01ae1ba/home/chuanyang/envs/fairseq2/fairseq2/src/fairseq2/recipes/common/_metrics.py", line 61, in create
    recorder = handler.create(output_dir, recorder_config)
  File "/opt/hpcaas/.mounts/fs-072917c00f01ae1ba/home/chuanyang/envs/fairseq2/fairseq2/src/fairseq2/metrics/recorders/_wandb.py", line 153, in create
    return WandbRecorder(
  File "/opt/hpcaas/.mounts/fs-072917c00f01ae1ba/home/chuanyang/envs/fairseq2/fairseq2/src/fairseq2/metrics/recorders/_wandb.py", line 62, in __init__
    self._run = wandb.init(
  File "/home/chuanyang/envs/fairseq2/conda/lib/python3.10/site-packages/wandb/sdk/wandb_init.py", line 1457, in init
    wi.setup_run_log_directory(run_settings)
  File "/home/chuanyang/envs/fairseq2/conda/lib/python3.10/site-packages/wandb/sdk/wandb_init.py", line 636, in setup_run_log_directory
    self._wl._early_logger_flush(self._create_logger(settings.log_user))
  File "/home/chuanyang/envs/fairseq2/conda/lib/python3.10/site-packages/wandb/sdk/wandb_setup.py", line 167, in _early_logger_flush
    self._logger._flush(new_logger)
  File "/home/chuanyang/envs/fairseq2/conda/lib/python3.10/site-packages/wandb/sdk/wandb_setup.py", line 68, in _flush
    new_logger.log(level, msg, *args, **kwargs)
Message: 'Loading settings from environment variables'
Arguments: ()
--- Logging error ---
Traceback (most recent call last):
  File "/home/chuanyang/envs/fairseq2/conda/lib/python3.10/logging/__init__.py", line 1104, in emit
    self.flush()
  File "/home/chuanyang/envs/fairseq2/conda/lib/python3.10/logging/__init__.py", line 1084, in flush
    self.stream.flush()
OSError: [Errno 122] Disk quota exceeded
Call stack:
  File "/home/chuanyang/miniconda3/envs/fairseq2/bin/fairseq2", line 8, in <module>
    sys.exit(main())
  File "/opt/hpcaas/.mounts/fs-072917c00f01ae1ba/home/chuanyang/envs/fairseq2/fairseq2/src/fairseq2/cli/_main.py", line 27, in main
    exit_code = _run()
  File "/opt/hpcaas/.mounts/fs-072917c00f01ae1ba/home/chuanyang/envs/fairseq2/fairseq2/src/fairseq2/cli/_main.py", line 73, in _run
    return cli.run(context)
  File "/opt/hpcaas/.mounts/fs-072917c00f01ae1ba/home/chuanyang/envs/fairseq2/fairseq2/src/fairseq2/cli/_cli.py", line 123, in run
    return args.command.run(context, args)  # type: ignore[no-any-return]
  File "/opt/hpcaas/.mounts/fs-072917c00f01ae1ba/home/chuanyang/envs/fairseq2/fairseq2/src/fairseq2/cli/_cli.py", line 361, in run
    return self._handler.run(context, self._parser, args)
  File "/opt/hpcaas/.mounts/fs-072917c00f01ae1ba/home/chuanyang/envs/fairseq2/fairseq2/src/fairseq2/cli/commands/recipe.py", line 245, in run
    recipe = self._loader(context, config, output_dir)
  File "/opt/hpcaas/.mounts/fs-072917c00f01ae1ba/home/chuanyang/envs/fairseq2/fairseq2/src/fairseq2/recipes/lm/_preference_finetune/_recipe.py", line 291, in load_po_finetuner
    return create_trainer(
  File "/opt/hpcaas/.mounts/fs-072917c00f01ae1ba/home/chuanyang/envs/fairseq2/fairseq2/src/fairseq2/recipes/common/_trainer.py", line 57, in create_trainer
    metric_recorder = create_metric_recorder(context, recipe_config, gangs, output_dir)
  File "/opt/hpcaas/.mounts/fs-072917c00f01ae1ba/home/chuanyang/envs/fairseq2/fairseq2/src/fairseq2/recipes/common/_metrics.py", line 32, in create_metric_recorder
    return creator.create(recipe_config, gangs, output_dir)
  File "/opt/hpcaas/.mounts/fs-072917c00f01ae1ba/home/chuanyang/envs/fairseq2/fairseq2/src/fairseq2/recipes/common/_metrics.py", line 61, in create
    recorder = handler.create(output_dir, recorder_config)
  File "/opt/hpcaas/.mounts/fs-072917c00f01ae1ba/home/chuanyang/envs/fairseq2/fairseq2/src/fairseq2/metrics/recorders/_wandb.py", line 153, in create
    return WandbRecorder(
  File "/opt/hpcaas/.mounts/fs-072917c00f01ae1ba/home/chuanyang/envs/fairseq2/fairseq2/src/fairseq2/metrics/recorders/_wandb.py", line 62, in __init__
    self._run = wandb.init(
  File "/home/chuanyang/envs/fairseq2/conda/lib/python3.10/site-packages/wandb/sdk/wandb_init.py", line 1457, in init
    wi.setup_run_log_directory(run_settings)
  File "/home/chuanyang/envs/fairseq2/conda/lib/python3.10/site-packages/wandb/sdk/wandb_init.py", line 637, in setup_run_log_directory
    self._logger.info(f"Logging user logs to {settings.log_user}")
Message: 'Logging user logs to /checkpoint/ram/chuanyang/dpo/rlhi_0724_preference_pairs_0724_5026_concise_LR1e-7_FLR1e-17_BT0.1_WP30_EPS1e-8/wandb/run-20250725_204843-7r9fdzip/logs/debug.log'
Arguments: ()
--- Logging error ---
Traceback (most recent call last):
  File "/home/chuanyang/envs/fairseq2/conda/lib/python3.10/logging/__init__.py", line 1104, in emit
    self.flush()
  File "/home/chuanyang/envs/fairseq2/conda/lib/python3.10/logging/__init__.py", line 1084, in flush
    self.stream.flush()
OSError: [Errno 122] Disk quota exceeded
Call stack:
  File "/home/chuanyang/miniconda3/envs/fairseq2/bin/fairseq2", line 8, in <module>
    sys.exit(main())
  File "/opt/hpcaas/.mounts/fs-072917c00f01ae1ba/home/chuanyang/envs/fairseq2/fairseq2/src/fairseq2/cli/_main.py", line 27, in main
    exit_code = _run()
  File "/opt/hpcaas/.mounts/fs-072917c00f01ae1ba/home/chuanyang/envs/fairseq2/fairseq2/src/fairseq2/cli/_main.py", line 73, in _run
    return cli.run(context)
  File "/opt/hpcaas/.mounts/fs-072917c00f01ae1ba/home/chuanyang/envs/fairseq2/fairseq2/src/fairseq2/cli/_cli.py", line 123, in run
    return args.command.run(context, args)  # type: ignore[no-any-return]
  File "/opt/hpcaas/.mounts/fs-072917c00f01ae1ba/home/chuanyang/envs/fairseq2/fairseq2/src/fairseq2/cli/_cli.py", line 361, in run
    return self._handler.run(context, self._parser, args)
  File "/opt/hpcaas/.mounts/fs-072917c00f01ae1ba/home/chuanyang/envs/fairseq2/fairseq2/src/fairseq2/cli/commands/recipe.py", line 245, in run
    recipe = self._loader(context, config, output_dir)
  File "/opt/hpcaas/.mounts/fs-072917c00f01ae1ba/home/chuanyang/envs/fairseq2/fairseq2/src/fairseq2/recipes/lm/_preference_finetune/_recipe.py", line 291, in load_po_finetuner
    return create_trainer(
  File "/opt/hpcaas/.mounts/fs-072917c00f01ae1ba/home/chuanyang/envs/fairseq2/fairseq2/src/fairseq2/recipes/common/_trainer.py", line 57, in create_trainer
    metric_recorder = create_metric_recorder(context, recipe_config, gangs, output_dir)
  File "/opt/hpcaas/.mounts/fs-072917c00f01ae1ba/home/chuanyang/envs/fairseq2/fairseq2/src/fairseq2/recipes/common/_metrics.py", line 32, in create_metric_recorder
    return creator.create(recipe_config, gangs, output_dir)
  File "/opt/hpcaas/.mounts/fs-072917c00f01ae1ba/home/chuanyang/envs/fairseq2/fairseq2/src/fairseq2/recipes/common/_metrics.py", line 61, in create
    recorder = handler.create(output_dir, recorder_config)
  File "/opt/hpcaas/.mounts/fs-072917c00f01ae1ba/home/chuanyang/envs/fairseq2/fairseq2/src/fairseq2/metrics/recorders/_wandb.py", line 153, in create
    return WandbRecorder(
  File "/opt/hpcaas/.mounts/fs-072917c00f01ae1ba/home/chuanyang/envs/fairseq2/fairseq2/src/fairseq2/metrics/recorders/_wandb.py", line 62, in __init__
    self._run = wandb.init(
  File "/home/chuanyang/envs/fairseq2/conda/lib/python3.10/site-packages/wandb/sdk/wandb_init.py", line 1457, in init
    wi.setup_run_log_directory(run_settings)
  File "/home/chuanyang/envs/fairseq2/conda/lib/python3.10/site-packages/wandb/sdk/wandb_init.py", line 638, in setup_run_log_directory
    self._logger.info(f"Logging internal logs to {settings.log_internal}")
Message: 'Logging internal logs to /checkpoint/ram/chuanyang/dpo/rlhi_0724_preference_pairs_0724_5026_concise_LR1e-7_FLR1e-17_BT0.1_WP30_EPS1e-8/wandb/run-20250725_204843-7r9fdzip/logs/debug-internal.log'
Arguments: ()
--- Logging error ---
Traceback (most recent call last):
  File "/home/chuanyang/envs/fairseq2/conda/lib/python3.10/logging/__init__.py", line 1104, in emit
    self.flush()
  File "/home/chuanyang/envs/fairseq2/conda/lib/python3.10/logging/__init__.py", line 1084, in flush
    self.stream.flush()
OSError: [Errno 122] Disk quota exceeded
Call stack:
  File "/home/chuanyang/miniconda3/envs/fairseq2/bin/fairseq2", line 8, in <module>
    sys.exit(main())
  File "/opt/hpcaas/.mounts/fs-072917c00f01ae1ba/home/chuanyang/envs/fairseq2/fairseq2/src/fairseq2/cli/_main.py", line 27, in main
    exit_code = _run()
  File "/opt/hpcaas/.mounts/fs-072917c00f01ae1ba/home/chuanyang/envs/fairseq2/fairseq2/src/fairseq2/cli/_main.py", line 73, in _run
    return cli.run(context)
  File "/opt/hpcaas/.mounts/fs-072917c00f01ae1ba/home/chuanyang/envs/fairseq2/fairseq2/src/fairseq2/cli/_cli.py", line 123, in run
    return args.command.run(context, args)  # type: ignore[no-any-return]
  File "/opt/hpcaas/.mounts/fs-072917c00f01ae1ba/home/chuanyang/envs/fairseq2/fairseq2/src/fairseq2/cli/_cli.py", line 361, in run
    return self._handler.run(context, self._parser, args)
  File "/opt/hpcaas/.mounts/fs-072917c00f01ae1ba/home/chuanyang/envs/fairseq2/fairseq2/src/fairseq2/cli/commands/recipe.py", line 245, in run
    recipe = self._loader(context, config, output_dir)
  File "/opt/hpcaas/.mounts/fs-072917c00f01ae1ba/home/chuanyang/envs/fairseq2/fairseq2/src/fairseq2/recipes/lm/_preference_finetune/_recipe.py", line 291, in load_po_finetuner
    return create_trainer(
  File "/opt/hpcaas/.mounts/fs-072917c00f01ae1ba/home/chuanyang/envs/fairseq2/fairseq2/src/fairseq2/recipes/common/_trainer.py", line 57, in create_trainer
    metric_recorder = create_metric_recorder(context, recipe_config, gangs, output_dir)
  File "/opt/hpcaas/.mounts/fs-072917c00f01ae1ba/home/chuanyang/envs/fairseq2/fairseq2/src/fairseq2/recipes/common/_metrics.py", line 32, in create_metric_recorder
    return creator.create(recipe_config, gangs, output_dir)
  File "/opt/hpcaas/.mounts/fs-072917c00f01ae1ba/home/chuanyang/envs/fairseq2/fairseq2/src/fairseq2/recipes/common/_metrics.py", line 61, in create
    recorder = handler.create(output_dir, recorder_config)
  File "/opt/hpcaas/.mounts/fs-072917c00f01ae1ba/home/chuanyang/envs/fairseq2/fairseq2/src/fairseq2/metrics/recorders/_wandb.py", line 153, in create
    return WandbRecorder(
  File "/opt/hpcaas/.mounts/fs-072917c00f01ae1ba/home/chuanyang/envs/fairseq2/fairseq2/src/fairseq2/metrics/recorders/_wandb.py", line 62, in __init__
    self._run = wandb.init(
  File "/home/chuanyang/envs/fairseq2/conda/lib/python3.10/site-packages/wandb/sdk/wandb_init.py", line 1471, in init
    return wi.init(run_settings, run_config)
  File "/home/chuanyang/envs/fairseq2/conda/lib/python3.10/site-packages/wandb/sdk/wandb_init.py", line 756, in init
    self._logger.info("calling init triggers")
Message: 'calling init triggers'
Arguments: ()
--- Logging error ---
Traceback (most recent call last):
  File "/home/chuanyang/envs/fairseq2/conda/lib/python3.10/logging/__init__.py", line 1104, in emit
    self.flush()
  File "/home/chuanyang/envs/fairseq2/conda/lib/python3.10/logging/__init__.py", line 1084, in flush
    self.stream.flush()
OSError: [Errno 122] Disk quota exceeded
Call stack:
  File "/home/chuanyang/miniconda3/envs/fairseq2/bin/fairseq2", line 8, in <module>
    sys.exit(main())
  File "/opt/hpcaas/.mounts/fs-072917c00f01ae1ba/home/chuanyang/envs/fairseq2/fairseq2/src/fairseq2/cli/_main.py", line 27, in main
    exit_code = _run()
  File "/opt/hpcaas/.mounts/fs-072917c00f01ae1ba/home/chuanyang/envs/fairseq2/fairseq2/src/fairseq2/cli/_main.py", line 73, in _run
    return cli.run(context)
  File "/opt/hpcaas/.mounts/fs-072917c00f01ae1ba/home/chuanyang/envs/fairseq2/fairseq2/src/fairseq2/cli/_cli.py", line 123, in run
    return args.command.run(context, args)  # type: ignore[no-any-return]
  File "/opt/hpcaas/.mounts/fs-072917c00f01ae1ba/home/chuanyang/envs/fairseq2/fairseq2/src/fairseq2/cli/_cli.py", line 361, in run
    return self._handler.run(context, self._parser, args)
  File "/opt/hpcaas/.mounts/fs-072917c00f01ae1ba/home/chuanyang/envs/fairseq2/fairseq2/src/fairseq2/cli/commands/recipe.py", line 245, in run
    recipe = self._loader(context, config, output_dir)
  File "/opt/hpcaas/.mounts/fs-072917c00f01ae1ba/home/chuanyang/envs/fairseq2/fairseq2/src/fairseq2/recipes/lm/_preference_finetune/_recipe.py", line 291, in load_po_finetuner
    return create_trainer(
  File "/opt/hpcaas/.mounts/fs-072917c00f01ae1ba/home/chuanyang/envs/fairseq2/fairseq2/src/fairseq2/recipes/common/_trainer.py", line 57, in create_trainer
    metric_recorder = create_metric_recorder(context, recipe_config, gangs, output_dir)
  File "/opt/hpcaas/.mounts/fs-072917c00f01ae1ba/home/chuanyang/envs/fairseq2/fairseq2/src/fairseq2/recipes/common/_metrics.py", line 32, in create_metric_recorder
    return creator.create(recipe_config, gangs, output_dir)
  File "/opt/hpcaas/.mounts/fs-072917c00f01ae1ba/home/chuanyang/envs/fairseq2/fairseq2/src/fairseq2/recipes/common/_metrics.py", line 61, in create
    recorder = handler.create(output_dir, recorder_config)
  File "/opt/hpcaas/.mounts/fs-072917c00f01ae1ba/home/chuanyang/envs/fairseq2/fairseq2/src/fairseq2/metrics/recorders/_wandb.py", line 153, in create
    return WandbRecorder(
  File "/opt/hpcaas/.mounts/fs-072917c00f01ae1ba/home/chuanyang/envs/fairseq2/fairseq2/src/fairseq2/metrics/recorders/_wandb.py", line 62, in __init__
    self._run = wandb.init(
  File "/home/chuanyang/envs/fairseq2/conda/lib/python3.10/site-packages/wandb/sdk/wandb_init.py", line 1471, in init
    return wi.init(run_settings, run_config)
  File "/home/chuanyang/envs/fairseq2/conda/lib/python3.10/site-packages/wandb/sdk/wandb_init.py", line 761, in init
    self._logger.info(
Message: "wandb.init called with sweep_config: {}\nconfig: {'_wandb': {}}"
Arguments: ()
--- Logging error ---
Traceback (most recent call last):
  File "/home/chuanyang/envs/fairseq2/conda/lib/python3.10/logging/__init__.py", line 1104, in emit
    self.flush()
  File "/home/chuanyang/envs/fairseq2/conda/lib/python3.10/logging/__init__.py", line 1084, in flush
    self.stream.flush()
OSError: [Errno 122] Disk quota exceeded
Call stack:
  File "/home/chuanyang/miniconda3/envs/fairseq2/bin/fairseq2", line 8, in <module>
    sys.exit(main())
  File "/opt/hpcaas/.mounts/fs-072917c00f01ae1ba/home/chuanyang/envs/fairseq2/fairseq2/src/fairseq2/cli/_main.py", line 27, in main
    exit_code = _run()
  File "/opt/hpcaas/.mounts/fs-072917c00f01ae1ba/home/chuanyang/envs/fairseq2/fairseq2/src/fairseq2/cli/_main.py", line 73, in _run
    return cli.run(context)
  File "/opt/hpcaas/.mounts/fs-072917c00f01ae1ba/home/chuanyang/envs/fairseq2/fairseq2/src/fairseq2/cli/_cli.py", line 123, in run
    return args.command.run(context, args)  # type: ignore[no-any-return]
  File "/opt/hpcaas/.mounts/fs-072917c00f01ae1ba/home/chuanyang/envs/fairseq2/fairseq2/src/fairseq2/cli/_cli.py", line 361, in run
    return self._handler.run(context, self._parser, args)
  File "/opt/hpcaas/.mounts/fs-072917c00f01ae1ba/home/chuanyang/envs/fairseq2/fairseq2/src/fairseq2/cli/commands/recipe.py", line 245, in run
    recipe = self._loader(context, config, output_dir)
  File "/opt/hpcaas/.mounts/fs-072917c00f01ae1ba/home/chuanyang/envs/fairseq2/fairseq2/src/fairseq2/recipes/lm/_preference_finetune/_recipe.py", line 291, in load_po_finetuner
    return create_trainer(
  File "/opt/hpcaas/.mounts/fs-072917c00f01ae1ba/home/chuanyang/envs/fairseq2/fairseq2/src/fairseq2/recipes/common/_trainer.py", line 57, in create_trainer
    metric_recorder = create_metric_recorder(context, recipe_config, gangs, output_dir)
  File "/opt/hpcaas/.mounts/fs-072917c00f01ae1ba/home/chuanyang/envs/fairseq2/fairseq2/src/fairseq2/recipes/common/_metrics.py", line 32, in create_metric_recorder
    return creator.create(recipe_config, gangs, output_dir)
  File "/opt/hpcaas/.mounts/fs-072917c00f01ae1ba/home/chuanyang/envs/fairseq2/fairseq2/src/fairseq2/recipes/common/_metrics.py", line 61, in create
    recorder = handler.create(output_dir, recorder_config)
  File "/opt/hpcaas/.mounts/fs-072917c00f01ae1ba/home/chuanyang/envs/fairseq2/fairseq2/src/fairseq2/metrics/recorders/_wandb.py", line 153, in create
    return WandbRecorder(
  File "/opt/hpcaas/.mounts/fs-072917c00f01ae1ba/home/chuanyang/envs/fairseq2/fairseq2/src/fairseq2/metrics/recorders/_wandb.py", line 62, in __init__
    self._run = wandb.init(
  File "/home/chuanyang/envs/fairseq2/conda/lib/python3.10/site-packages/wandb/sdk/wandb_init.py", line 1471, in init
    return wi.init(run_settings, run_config)
  File "/home/chuanyang/envs/fairseq2/conda/lib/python3.10/site-packages/wandb/sdk/wandb_init.py", line 789, in init
    self._logger.info("starting backend")
Message: 'starting backend'
Arguments: ()
wandb: Using wandb-core as the SDK backend.  Please refer to https://wandb.me/wandb-core for more information.
--- Logging error ---
Traceback (most recent call last):
  File "/home/chuanyang/envs/fairseq2/conda/lib/python3.10/logging/__init__.py", line 1104, in emit
    self.flush()
  File "/home/chuanyang/envs/fairseq2/conda/lib/python3.10/logging/__init__.py", line 1084, in flush
    self.stream.flush()
OSError: [Errno 122] Disk quota exceeded
Call stack:
  File "/home/chuanyang/miniconda3/envs/fairseq2/bin/fairseq2", line 8, in <module>
    sys.exit(main())
  File "/opt/hpcaas/.mounts/fs-072917c00f01ae1ba/home/chuanyang/envs/fairseq2/fairseq2/src/fairseq2/cli/_main.py", line 27, in main
    exit_code = _run()
  File "/opt/hpcaas/.mounts/fs-072917c00f01ae1ba/home/chuanyang/envs/fairseq2/fairseq2/src/fairseq2/cli/_main.py", line 73, in _run
    return cli.run(context)
  File "/opt/hpcaas/.mounts/fs-072917c00f01ae1ba/home/chuanyang/envs/fairseq2/fairseq2/src/fairseq2/cli/_cli.py", line 123, in run
    return args.command.run(context, args)  # type: ignore[no-any-return]
  File "/opt/hpcaas/.mounts/fs-072917c00f01ae1ba/home/chuanyang/envs/fairseq2/fairseq2/src/fairseq2/cli/_cli.py", line 361, in run
    return self._handler.run(context, self._parser, args)
  File "/opt/hpcaas/.mounts/fs-072917c00f01ae1ba/home/chuanyang/envs/fairseq2/fairseq2/src/fairseq2/cli/commands/recipe.py", line 245, in run
    recipe = self._loader(context, config, output_dir)
  File "/opt/hpcaas/.mounts/fs-072917c00f01ae1ba/home/chuanyang/envs/fairseq2/fairseq2/src/fairseq2/recipes/lm/_preference_finetune/_recipe.py", line 291, in load_po_finetuner
    return create_trainer(
  File "/opt/hpcaas/.mounts/fs-072917c00f01ae1ba/home/chuanyang/envs/fairseq2/fairseq2/src/fairseq2/recipes/common/_trainer.py", line 57, in create_trainer
    metric_recorder = create_metric_recorder(context, recipe_config, gangs, output_dir)
  File "/opt/hpcaas/.mounts/fs-072917c00f01ae1ba/home/chuanyang/envs/fairseq2/fairseq2/src/fairseq2/recipes/common/_metrics.py", line 32, in create_metric_recorder
    return creator.create(recipe_config, gangs, output_dir)
  File "/opt/hpcaas/.mounts/fs-072917c00f01ae1ba/home/chuanyang/envs/fairseq2/fairseq2/src/fairseq2/recipes/common/_metrics.py", line 61, in create
    recorder = handler.create(output_dir, recorder_config)
  File "/opt/hpcaas/.mounts/fs-072917c00f01ae1ba/home/chuanyang/envs/fairseq2/fairseq2/src/fairseq2/metrics/recorders/_wandb.py", line 153, in create
    return WandbRecorder(
  File "/opt/hpcaas/.mounts/fs-072917c00f01ae1ba/home/chuanyang/envs/fairseq2/fairseq2/src/fairseq2/metrics/recorders/_wandb.py", line 62, in __init__
    self._run = wandb.init(
  File "/home/chuanyang/envs/fairseq2/conda/lib/python3.10/site-packages/wandb/sdk/wandb_init.py", line 1471, in init
    return wi.init(run_settings, run_config)
  File "/home/chuanyang/envs/fairseq2/conda/lib/python3.10/site-packages/wandb/sdk/wandb_init.py", line 793, in init
    self._logger.info("sending inform_init request")
Message: 'sending inform_init request'
Arguments: ()
--- Logging error ---
Traceback (most recent call last):
  File "/home/chuanyang/envs/fairseq2/conda/lib/python3.10/logging/__init__.py", line 1104, in emit
    self.flush()
  File "/home/chuanyang/envs/fairseq2/conda/lib/python3.10/logging/__init__.py", line 1084, in flush
    self.stream.flush()
OSError: [Errno 122] Disk quota exceeded
Call stack:
  File "/home/chuanyang/miniconda3/envs/fairseq2/bin/fairseq2", line 8, in <module>
    sys.exit(main())
  File "/opt/hpcaas/.mounts/fs-072917c00f01ae1ba/home/chuanyang/envs/fairseq2/fairseq2/src/fairseq2/cli/_main.py", line 27, in main
    exit_code = _run()
  File "/opt/hpcaas/.mounts/fs-072917c00f01ae1ba/home/chuanyang/envs/fairseq2/fairseq2/src/fairseq2/cli/_main.py", line 73, in _run
    return cli.run(context)
  File "/opt/hpcaas/.mounts/fs-072917c00f01ae1ba/home/chuanyang/envs/fairseq2/fairseq2/src/fairseq2/cli/_cli.py", line 123, in run
    return args.command.run(context, args)  # type: ignore[no-any-return]
  File "/opt/hpcaas/.mounts/fs-072917c00f01ae1ba/home/chuanyang/envs/fairseq2/fairseq2/src/fairseq2/cli/_cli.py", line 361, in run
    return self._handler.run(context, self._parser, args)
  File "/opt/hpcaas/.mounts/fs-072917c00f01ae1ba/home/chuanyang/envs/fairseq2/fairseq2/src/fairseq2/cli/commands/recipe.py", line 245, in run
    recipe = self._loader(context, config, output_dir)
  File "/opt/hpcaas/.mounts/fs-072917c00f01ae1ba/home/chuanyang/envs/fairseq2/fairseq2/src/fairseq2/recipes/lm/_preference_finetune/_recipe.py", line 291, in load_po_finetuner
    return create_trainer(
  File "/opt/hpcaas/.mounts/fs-072917c00f01ae1ba/home/chuanyang/envs/fairseq2/fairseq2/src/fairseq2/recipes/common/_trainer.py", line 57, in create_trainer
    metric_recorder = create_metric_recorder(context, recipe_config, gangs, output_dir)
  File "/opt/hpcaas/.mounts/fs-072917c00f01ae1ba/home/chuanyang/envs/fairseq2/fairseq2/src/fairseq2/recipes/common/_metrics.py", line 32, in create_metric_recorder
    return creator.create(recipe_config, gangs, output_dir)
  File "/opt/hpcaas/.mounts/fs-072917c00f01ae1ba/home/chuanyang/envs/fairseq2/fairseq2/src/fairseq2/recipes/common/_metrics.py", line 61, in create
    recorder = handler.create(output_dir, recorder_config)
  File "/opt/hpcaas/.mounts/fs-072917c00f01ae1ba/home/chuanyang/envs/fairseq2/fairseq2/src/fairseq2/metrics/recorders/_wandb.py", line 153, in create
    return WandbRecorder(
  File "/opt/hpcaas/.mounts/fs-072917c00f01ae1ba/home/chuanyang/envs/fairseq2/fairseq2/src/fairseq2/metrics/recorders/_wandb.py", line 62, in __init__
    self._run = wandb.init(
  File "/home/chuanyang/envs/fairseq2/conda/lib/python3.10/site-packages/wandb/sdk/wandb_init.py", line 1471, in init
    return wi.init(run_settings, run_config)
  File "/home/chuanyang/envs/fairseq2/conda/lib/python3.10/site-packages/wandb/sdk/wandb_init.py", line 802, in init
    backend = Backend(
  File "/home/chuanyang/envs/fairseq2/conda/lib/python3.10/site-packages/wandb/sdk/backend/backend.py", line 79, in __init__
    self._multiprocessing_setup()
  File "/home/chuanyang/envs/fairseq2/conda/lib/python3.10/site-packages/wandb/sdk/backend/backend.py", line 97, in _multiprocessing_setup
    logger.info(
Message: 'multiprocessing start_methods=fork,spawn,forkserver, using: spawn'
Arguments: ()
--- Logging error ---
Traceback (most recent call last):
  File "/home/chuanyang/envs/fairseq2/conda/lib/python3.10/logging/__init__.py", line 1104, in emit
    self.flush()
  File "/home/chuanyang/envs/fairseq2/conda/lib/python3.10/logging/__init__.py", line 1084, in flush
    self.stream.flush()
OSError: [Errno 122] Disk quota exceeded
Call stack:
  File "/home/chuanyang/miniconda3/envs/fairseq2/bin/fairseq2", line 8, in <module>
    sys.exit(main())
  File "/opt/hpcaas/.mounts/fs-072917c00f01ae1ba/home/chuanyang/envs/fairseq2/fairseq2/src/fairseq2/cli/_main.py", line 27, in main
    exit_code = _run()
  File "/opt/hpcaas/.mounts/fs-072917c00f01ae1ba/home/chuanyang/envs/fairseq2/fairseq2/src/fairseq2/cli/_main.py", line 73, in _run
    return cli.run(context)
  File "/opt/hpcaas/.mounts/fs-072917c00f01ae1ba/home/chuanyang/envs/fairseq2/fairseq2/src/fairseq2/cli/_cli.py", line 123, in run
    return args.command.run(context, args)  # type: ignore[no-any-return]
  File "/opt/hpcaas/.mounts/fs-072917c00f01ae1ba/home/chuanyang/envs/fairseq2/fairseq2/src/fairseq2/cli/_cli.py", line 361, in run
    return self._handler.run(context, self._parser, args)
  File "/opt/hpcaas/.mounts/fs-072917c00f01ae1ba/home/chuanyang/envs/fairseq2/fairseq2/src/fairseq2/cli/commands/recipe.py", line 245, in run
    recipe = self._loader(context, config, output_dir)
  File "/opt/hpcaas/.mounts/fs-072917c00f01ae1ba/home/chuanyang/envs/fairseq2/fairseq2/src/fairseq2/recipes/lm/_preference_finetune/_recipe.py", line 291, in load_po_finetuner
    return create_trainer(
  File "/opt/hpcaas/.mounts/fs-072917c00f01ae1ba/home/chuanyang/envs/fairseq2/fairseq2/src/fairseq2/recipes/common/_trainer.py", line 57, in create_trainer
    metric_recorder = create_metric_recorder(context, recipe_config, gangs, output_dir)
  File "/opt/hpcaas/.mounts/fs-072917c00f01ae1ba/home/chuanyang/envs/fairseq2/fairseq2/src/fairseq2/recipes/common/_metrics.py", line 32, in create_metric_recorder
    return creator.create(recipe_config, gangs, output_dir)
  File "/opt/hpcaas/.mounts/fs-072917c00f01ae1ba/home/chuanyang/envs/fairseq2/fairseq2/src/fairseq2/recipes/common/_metrics.py", line 61, in create
    recorder = handler.create(output_dir, recorder_config)
  File "/opt/hpcaas/.mounts/fs-072917c00f01ae1ba/home/chuanyang/envs/fairseq2/fairseq2/src/fairseq2/metrics/recorders/_wandb.py", line 153, in create
    return WandbRecorder(
  File "/opt/hpcaas/.mounts/fs-072917c00f01ae1ba/home/chuanyang/envs/fairseq2/fairseq2/src/fairseq2/metrics/recorders/_wandb.py", line 62, in __init__
    self._run = wandb.init(
  File "/home/chuanyang/envs/fairseq2/conda/lib/python3.10/site-packages/wandb/sdk/wandb_init.py", line 1471, in init
    return wi.init(run_settings, run_config)
  File "/home/chuanyang/envs/fairseq2/conda/lib/python3.10/site-packages/wandb/sdk/wandb_init.py", line 808, in init
    self._logger.info("backend started and connected")
Message: 'backend started and connected'
Arguments: ()
--- Logging error ---
Traceback (most recent call last):
  File "/home/chuanyang/envs/fairseq2/conda/lib/python3.10/logging/__init__.py", line 1104, in emit
    self.flush()
  File "/home/chuanyang/envs/fairseq2/conda/lib/python3.10/logging/__init__.py", line 1084, in flush
    self.stream.flush()
OSError: [Errno 122] Disk quota exceeded
Call stack:
  File "/home/chuanyang/miniconda3/envs/fairseq2/bin/fairseq2", line 8, in <module>
    sys.exit(main())
  File "/opt/hpcaas/.mounts/fs-072917c00f01ae1ba/home/chuanyang/envs/fairseq2/fairseq2/src/fairseq2/cli/_main.py", line 27, in main
    exit_code = _run()
  File "/opt/hpcaas/.mounts/fs-072917c00f01ae1ba/home/chuanyang/envs/fairseq2/fairseq2/src/fairseq2/cli/_main.py", line 73, in _run
    return cli.run(context)
  File "/opt/hpcaas/.mounts/fs-072917c00f01ae1ba/home/chuanyang/envs/fairseq2/fairseq2/src/fairseq2/cli/_cli.py", line 123, in run
    return args.command.run(context, args)  # type: ignore[no-any-return]
  File "/opt/hpcaas/.mounts/fs-072917c00f01ae1ba/home/chuanyang/envs/fairseq2/fairseq2/src/fairseq2/cli/_cli.py", line 361, in run
    return self._handler.run(context, self._parser, args)
  File "/opt/hpcaas/.mounts/fs-072917c00f01ae1ba/home/chuanyang/envs/fairseq2/fairseq2/src/fairseq2/cli/commands/recipe.py", line 245, in run
    recipe = self._loader(context, config, output_dir)
  File "/opt/hpcaas/.mounts/fs-072917c00f01ae1ba/home/chuanyang/envs/fairseq2/fairseq2/src/fairseq2/recipes/lm/_preference_finetune/_recipe.py", line 291, in load_po_finetuner
    return create_trainer(
  File "/opt/hpcaas/.mounts/fs-072917c00f01ae1ba/home/chuanyang/envs/fairseq2/fairseq2/src/fairseq2/recipes/common/_trainer.py", line 57, in create_trainer
    metric_recorder = create_metric_recorder(context, recipe_config, gangs, output_dir)
  File "/opt/hpcaas/.mounts/fs-072917c00f01ae1ba/home/chuanyang/envs/fairseq2/fairseq2/src/fairseq2/recipes/common/_metrics.py", line 32, in create_metric_recorder
    return creator.create(recipe_config, gangs, output_dir)
  File "/opt/hpcaas/.mounts/fs-072917c00f01ae1ba/home/chuanyang/envs/fairseq2/fairseq2/src/fairseq2/recipes/common/_metrics.py", line 61, in create
    recorder = handler.create(output_dir, recorder_config)
  File "/opt/hpcaas/.mounts/fs-072917c00f01ae1ba/home/chuanyang/envs/fairseq2/fairseq2/src/fairseq2/metrics/recorders/_wandb.py", line 153, in create
    return WandbRecorder(
  File "/opt/hpcaas/.mounts/fs-072917c00f01ae1ba/home/chuanyang/envs/fairseq2/fairseq2/src/fairseq2/metrics/recorders/_wandb.py", line 62, in __init__
    self._run = wandb.init(
  File "/home/chuanyang/envs/fairseq2/conda/lib/python3.10/site-packages/wandb/sdk/wandb_init.py", line 1471, in init
    return wi.init(run_settings, run_config)
  File "/home/chuanyang/envs/fairseq2/conda/lib/python3.10/site-packages/wandb/sdk/wandb_init.py", line 901, in init
    self._logger.info("updated telemetry")
Message: 'updated telemetry'
Arguments: ()
--- Logging error ---
Traceback (most recent call last):
  File "/home/chuanyang/envs/fairseq2/conda/lib/python3.10/logging/__init__.py", line 1104, in emit
    self.flush()
  File "/home/chuanyang/envs/fairseq2/conda/lib/python3.10/logging/__init__.py", line 1084, in flush
    self.stream.flush()
OSError: [Errno 122] Disk quota exceeded
Call stack:
  File "/home/chuanyang/miniconda3/envs/fairseq2/bin/fairseq2", line 8, in <module>
    sys.exit(main())
  File "/opt/hpcaas/.mounts/fs-072917c00f01ae1ba/home/chuanyang/envs/fairseq2/fairseq2/src/fairseq2/cli/_main.py", line 27, in main
    exit_code = _run()
  File "/opt/hpcaas/.mounts/fs-072917c00f01ae1ba/home/chuanyang/envs/fairseq2/fairseq2/src/fairseq2/cli/_main.py", line 73, in _run
    return cli.run(context)
  File "/opt/hpcaas/.mounts/fs-072917c00f01ae1ba/home/chuanyang/envs/fairseq2/fairseq2/src/fairseq2/cli/_cli.py", line 123, in run
    return args.command.run(context, args)  # type: ignore[no-any-return]
  File "/opt/hpcaas/.mounts/fs-072917c00f01ae1ba/home/chuanyang/envs/fairseq2/fairseq2/src/fairseq2/cli/_cli.py", line 361, in run
    return self._handler.run(context, self._parser, args)
  File "/opt/hpcaas/.mounts/fs-072917c00f01ae1ba/home/chuanyang/envs/fairseq2/fairseq2/src/fairseq2/cli/commands/recipe.py", line 245, in run
    recipe = self._loader(context, config, output_dir)
  File "/opt/hpcaas/.mounts/fs-072917c00f01ae1ba/home/chuanyang/envs/fairseq2/fairseq2/src/fairseq2/recipes/lm/_preference_finetune/_recipe.py", line 291, in load_po_finetuner
    return create_trainer(
  File "/opt/hpcaas/.mounts/fs-072917c00f01ae1ba/home/chuanyang/envs/fairseq2/fairseq2/src/fairseq2/recipes/common/_trainer.py", line 57, in create_trainer
    metric_recorder = create_metric_recorder(context, recipe_config, gangs, output_dir)
  File "/opt/hpcaas/.mounts/fs-072917c00f01ae1ba/home/chuanyang/envs/fairseq2/fairseq2/src/fairseq2/recipes/common/_metrics.py", line 32, in create_metric_recorder
    return creator.create(recipe_config, gangs, output_dir)
  File "/opt/hpcaas/.mounts/fs-072917c00f01ae1ba/home/chuanyang/envs/fairseq2/fairseq2/src/fairseq2/recipes/common/_metrics.py", line 61, in create
    recorder = handler.create(output_dir, recorder_config)
  File "/opt/hpcaas/.mounts/fs-072917c00f01ae1ba/home/chuanyang/envs/fairseq2/fairseq2/src/fairseq2/metrics/recorders/_wandb.py", line 153, in create
    return WandbRecorder(
  File "/opt/hpcaas/.mounts/fs-072917c00f01ae1ba/home/chuanyang/envs/fairseq2/fairseq2/src/fairseq2/metrics/recorders/_wandb.py", line 62, in __init__
    self._run = wandb.init(
  File "/home/chuanyang/envs/fairseq2/conda/lib/python3.10/site-packages/wandb/sdk/wandb_init.py", line 1471, in init
    return wi.init(run_settings, run_config)
  File "/home/chuanyang/envs/fairseq2/conda/lib/python3.10/site-packages/wandb/sdk/wandb_init.py", line 936, in init
    self._logger.info(
Message: 'communicating run to backend with 90.0 second timeout'
Arguments: ()
--- Logging error ---
Traceback (most recent call last):
  File "/home/chuanyang/envs/fairseq2/conda/lib/python3.10/logging/__init__.py", line 1104, in emit
    self.flush()
  File "/home/chuanyang/envs/fairseq2/conda/lib/python3.10/logging/__init__.py", line 1084, in flush
    self.stream.flush()
OSError: [Errno 122] Disk quota exceeded
Call stack:
  File "/home/chuanyang/miniconda3/envs/fairseq2/bin/fairseq2", line 8, in <module>
    sys.exit(main())
  File "/opt/hpcaas/.mounts/fs-072917c00f01ae1ba/home/chuanyang/envs/fairseq2/fairseq2/src/fairseq2/cli/_main.py", line 27, in main
    exit_code = _run()
  File "/opt/hpcaas/.mounts/fs-072917c00f01ae1ba/home/chuanyang/envs/fairseq2/fairseq2/src/fairseq2/cli/_main.py", line 73, in _run
    return cli.run(context)
  File "/opt/hpcaas/.mounts/fs-072917c00f01ae1ba/home/chuanyang/envs/fairseq2/fairseq2/src/fairseq2/cli/_cli.py", line 123, in run
    return args.command.run(context, args)  # type: ignore[no-any-return]
  File "/opt/hpcaas/.mounts/fs-072917c00f01ae1ba/home/chuanyang/envs/fairseq2/fairseq2/src/fairseq2/cli/_cli.py", line 361, in run
    return self._handler.run(context, self._parser, args)
  File "/opt/hpcaas/.mounts/fs-072917c00f01ae1ba/home/chuanyang/envs/fairseq2/fairseq2/src/fairseq2/cli/commands/recipe.py", line 245, in run
    recipe = self._loader(context, config, output_dir)
  File "/opt/hpcaas/.mounts/fs-072917c00f01ae1ba/home/chuanyang/envs/fairseq2/fairseq2/src/fairseq2/recipes/lm/_preference_finetune/_recipe.py", line 291, in load_po_finetuner
    return create_trainer(
  File "/opt/hpcaas/.mounts/fs-072917c00f01ae1ba/home/chuanyang/envs/fairseq2/fairseq2/src/fairseq2/recipes/common/_trainer.py", line 57, in create_trainer
    metric_recorder = create_metric_recorder(context, recipe_config, gangs, output_dir)
  File "/opt/hpcaas/.mounts/fs-072917c00f01ae1ba/home/chuanyang/envs/fairseq2/fairseq2/src/fairseq2/recipes/common/_metrics.py", line 32, in create_metric_recorder
    return creator.create(recipe_config, gangs, output_dir)
  File "/opt/hpcaas/.mounts/fs-072917c00f01ae1ba/home/chuanyang/envs/fairseq2/fairseq2/src/fairseq2/recipes/common/_metrics.py", line 61, in create
    recorder = handler.create(output_dir, recorder_config)
  File "/opt/hpcaas/.mounts/fs-072917c00f01ae1ba/home/chuanyang/envs/fairseq2/fairseq2/src/fairseq2/metrics/recorders/_wandb.py", line 153, in create
    return WandbRecorder(
  File "/opt/hpcaas/.mounts/fs-072917c00f01ae1ba/home/chuanyang/envs/fairseq2/fairseq2/src/fairseq2/metrics/recorders/_wandb.py", line 62, in __init__
    self._run = wandb.init(
  File "/home/chuanyang/envs/fairseq2/conda/lib/python3.10/site-packages/wandb/sdk/wandb_init.py", line 1471, in init
    return wi.init(run_settings, run_config)
  File "/home/chuanyang/envs/fairseq2/conda/lib/python3.10/site-packages/wandb/sdk/wandb_init.py", line 994, in init
    self._logger.info("starting run threads in backend")
Message: 'starting run threads in backend'
Arguments: ()
wandb: Tracking run with wandb version 0.19.6
wandb: Run data is saved locally in /checkpoint/ram/chuanyang/dpo/rlhi_0724_preference_pairs_0724_5026_concise_LR1e-7_FLR1e-17_BT0.1_WP30_EPS1e-8/wandb/run-20250725_204843-7r9fdzip
wandb: Run `wandb offline` to turn off syncing.
wandb: Syncing run rlhi_0724_preference_pairs_0724_5026_concise_LR1e-7_FLR1e-17_BT0.1_WP30_EPS1e-8
wandb: ⭐️ View project at https://fairwandb.org/chuanyang/rlhi_0724
wandb: 🚀 View run at https://fairwandb.org/chuanyang/rlhi_0724/runs/7r9fdzip
--- Logging error ---
Traceback (most recent call last):
  File "/home/chuanyang/envs/fairseq2/conda/lib/python3.10/logging/__init__.py", line 1104, in emit
    self.flush()
  File "/home/chuanyang/envs/fairseq2/conda/lib/python3.10/logging/__init__.py", line 1084, in flush
    self.stream.flush()
OSError: [Errno 122] Disk quota exceeded
Call stack:
  File "/home/chuanyang/miniconda3/envs/fairseq2/bin/fairseq2", line 8, in <module>
    sys.exit(main())
  File "/opt/hpcaas/.mounts/fs-072917c00f01ae1ba/home/chuanyang/envs/fairseq2/fairseq2/src/fairseq2/cli/_main.py", line 27, in main
    exit_code = _run()
  File "/opt/hpcaas/.mounts/fs-072917c00f01ae1ba/home/chuanyang/envs/fairseq2/fairseq2/src/fairseq2/cli/_main.py", line 73, in _run
    return cli.run(context)
  File "/opt/hpcaas/.mounts/fs-072917c00f01ae1ba/home/chuanyang/envs/fairseq2/fairseq2/src/fairseq2/cli/_cli.py", line 123, in run
    return args.command.run(context, args)  # type: ignore[no-any-return]
  File "/opt/hpcaas/.mounts/fs-072917c00f01ae1ba/home/chuanyang/envs/fairseq2/fairseq2/src/fairseq2/cli/_cli.py", line 361, in run
    return self._handler.run(context, self._parser, args)
  File "/opt/hpcaas/.mounts/fs-072917c00f01ae1ba/home/chuanyang/envs/fairseq2/fairseq2/src/fairseq2/cli/commands/recipe.py", line 245, in run
    recipe = self._loader(context, config, output_dir)
  File "/opt/hpcaas/.mounts/fs-072917c00f01ae1ba/home/chuanyang/envs/fairseq2/fairseq2/src/fairseq2/recipes/lm/_preference_finetune/_recipe.py", line 291, in load_po_finetuner
    return create_trainer(
  File "/opt/hpcaas/.mounts/fs-072917c00f01ae1ba/home/chuanyang/envs/fairseq2/fairseq2/src/fairseq2/recipes/common/_trainer.py", line 57, in create_trainer
    metric_recorder = create_metric_recorder(context, recipe_config, gangs, output_dir)
  File "/opt/hpcaas/.mounts/fs-072917c00f01ae1ba/home/chuanyang/envs/fairseq2/fairseq2/src/fairseq2/recipes/common/_metrics.py", line 32, in create_metric_recorder
    return creator.create(recipe_config, gangs, output_dir)
  File "/opt/hpcaas/.mounts/fs-072917c00f01ae1ba/home/chuanyang/envs/fairseq2/fairseq2/src/fairseq2/recipes/common/_metrics.py", line 61, in create
    recorder = handler.create(output_dir, recorder_config)
  File "/opt/hpcaas/.mounts/fs-072917c00f01ae1ba/home/chuanyang/envs/fairseq2/fairseq2/src/fairseq2/metrics/recorders/_wandb.py", line 153, in create
    return WandbRecorder(
  File "/opt/hpcaas/.mounts/fs-072917c00f01ae1ba/home/chuanyang/envs/fairseq2/fairseq2/src/fairseq2/metrics/recorders/_wandb.py", line 62, in __init__
    self._run = wandb.init(
  File "/home/chuanyang/envs/fairseq2/conda/lib/python3.10/site-packages/wandb/sdk/wandb_init.py", line 1471, in init
    return wi.init(run_settings, run_config)
  File "/home/chuanyang/envs/fairseq2/conda/lib/python3.10/site-packages/wandb/sdk/wandb_init.py", line 1035, in init
    run._on_start()
  File "/home/chuanyang/envs/fairseq2/conda/lib/python3.10/site-packages/wandb/sdk/wandb_run.py", line 2428, in _on_start
    self._console_start()
  File "/home/chuanyang/envs/fairseq2/conda/lib/python3.10/site-packages/wandb/sdk/wandb_run.py", line 2385, in _console_start
    logger.info("atexit reg")
Message: 'atexit reg'
Arguments: ()
--- Logging error ---
Traceback (most recent call last):
  File "/home/chuanyang/envs/fairseq2/conda/lib/python3.10/logging/__init__.py", line 1104, in emit
    self.flush()
  File "/home/chuanyang/envs/fairseq2/conda/lib/python3.10/logging/__init__.py", line 1084, in flush
    self.stream.flush()
OSError: [Errno 122] Disk quota exceeded
Call stack:
  File "/home/chuanyang/miniconda3/envs/fairseq2/bin/fairseq2", line 8, in <module>
    sys.exit(main())
  File "/opt/hpcaas/.mounts/fs-072917c00f01ae1ba/home/chuanyang/envs/fairseq2/fairseq2/src/fairseq2/cli/_main.py", line 27, in main
    exit_code = _run()
  File "/opt/hpcaas/.mounts/fs-072917c00f01ae1ba/home/chuanyang/envs/fairseq2/fairseq2/src/fairseq2/cli/_main.py", line 73, in _run
    return cli.run(context)
  File "/opt/hpcaas/.mounts/fs-072917c00f01ae1ba/home/chuanyang/envs/fairseq2/fairseq2/src/fairseq2/cli/_cli.py", line 123, in run
    return args.command.run(context, args)  # type: ignore[no-any-return]
  File "/opt/hpcaas/.mounts/fs-072917c00f01ae1ba/home/chuanyang/envs/fairseq2/fairseq2/src/fairseq2/cli/_cli.py", line 361, in run
    return self._handler.run(context, self._parser, args)
  File "/opt/hpcaas/.mounts/fs-072917c00f01ae1ba/home/chuanyang/envs/fairseq2/fairseq2/src/fairseq2/cli/commands/recipe.py", line 245, in run
    recipe = self._loader(context, config, output_dir)
  File "/opt/hpcaas/.mounts/fs-072917c00f01ae1ba/home/chuanyang/envs/fairseq2/fairseq2/src/fairseq2/recipes/lm/_preference_finetune/_recipe.py", line 291, in load_po_finetuner
    return create_trainer(
  File "/opt/hpcaas/.mounts/fs-072917c00f01ae1ba/home/chuanyang/envs/fairseq2/fairseq2/src/fairseq2/recipes/common/_trainer.py", line 57, in create_trainer
    metric_recorder = create_metric_recorder(context, recipe_config, gangs, output_dir)
  File "/opt/hpcaas/.mounts/fs-072917c00f01ae1ba/home/chuanyang/envs/fairseq2/fairseq2/src/fairseq2/recipes/common/_metrics.py", line 32, in create_metric_recorder
    return creator.create(recipe_config, gangs, output_dir)
  File "/opt/hpcaas/.mounts/fs-072917c00f01ae1ba/home/chuanyang/envs/fairseq2/fairseq2/src/fairseq2/recipes/common/_metrics.py", line 61, in create
    recorder = handler.create(output_dir, recorder_config)
  File "/opt/hpcaas/.mounts/fs-072917c00f01ae1ba/home/chuanyang/envs/fairseq2/fairseq2/src/fairseq2/metrics/recorders/_wandb.py", line 153, in create
    return WandbRecorder(
  File "/opt/hpcaas/.mounts/fs-072917c00f01ae1ba/home/chuanyang/envs/fairseq2/fairseq2/src/fairseq2/metrics/recorders/_wandb.py", line 62, in __init__
    self._run = wandb.init(
  File "/home/chuanyang/envs/fairseq2/conda/lib/python3.10/site-packages/wandb/sdk/wandb_init.py", line 1471, in init
    return wi.init(run_settings, run_config)
  File "/home/chuanyang/envs/fairseq2/conda/lib/python3.10/site-packages/wandb/sdk/wandb_init.py", line 1035, in init
    run._on_start()
  File "/home/chuanyang/envs/fairseq2/conda/lib/python3.10/site-packages/wandb/sdk/wandb_run.py", line 2428, in _on_start
    self._console_start()
  File "/home/chuanyang/envs/fairseq2/conda/lib/python3.10/site-packages/wandb/sdk/wandb_run.py", line 2393, in _console_start
    self._redirect(self._stdout_slave_fd, self._stderr_slave_fd)
  File "/home/chuanyang/envs/fairseq2/conda/lib/python3.10/site-packages/wandb/sdk/wandb_run.py", line 2235, in _redirect
    logger.info("redirect: %s", console)
Message: 'redirect: %s'
Arguments: ('wrap_raw',)
--- Logging error ---
Traceback (most recent call last):
  File "/home/chuanyang/envs/fairseq2/conda/lib/python3.10/logging/__init__.py", line 1104, in emit
    self.flush()
  File "/home/chuanyang/envs/fairseq2/conda/lib/python3.10/logging/__init__.py", line 1084, in flush
    self.stream.flush()
OSError: [Errno 122] Disk quota exceeded
Call stack:
  File "/home/chuanyang/miniconda3/envs/fairseq2/bin/fairseq2", line 8, in <module>
    sys.exit(main())
  File "/opt/hpcaas/.mounts/fs-072917c00f01ae1ba/home/chuanyang/envs/fairseq2/fairseq2/src/fairseq2/cli/_main.py", line 27, in main
    exit_code = _run()
  File "/opt/hpcaas/.mounts/fs-072917c00f01ae1ba/home/chuanyang/envs/fairseq2/fairseq2/src/fairseq2/cli/_main.py", line 73, in _run
    return cli.run(context)
  File "/opt/hpcaas/.mounts/fs-072917c00f01ae1ba/home/chuanyang/envs/fairseq2/fairseq2/src/fairseq2/cli/_cli.py", line 123, in run
    return args.command.run(context, args)  # type: ignore[no-any-return]
  File "/opt/hpcaas/.mounts/fs-072917c00f01ae1ba/home/chuanyang/envs/fairseq2/fairseq2/src/fairseq2/cli/_cli.py", line 361, in run
    return self._handler.run(context, self._parser, args)
  File "/opt/hpcaas/.mounts/fs-072917c00f01ae1ba/home/chuanyang/envs/fairseq2/fairseq2/src/fairseq2/cli/commands/recipe.py", line 245, in run
    recipe = self._loader(context, config, output_dir)
  File "/opt/hpcaas/.mounts/fs-072917c00f01ae1ba/home/chuanyang/envs/fairseq2/fairseq2/src/fairseq2/recipes/lm/_preference_finetune/_recipe.py", line 291, in load_po_finetuner
    return create_trainer(
  File "/opt/hpcaas/.mounts/fs-072917c00f01ae1ba/home/chuanyang/envs/fairseq2/fairseq2/src/fairseq2/recipes/common/_trainer.py", line 57, in create_trainer
    metric_recorder = create_metric_recorder(context, recipe_config, gangs, output_dir)
  File "/opt/hpcaas/.mounts/fs-072917c00f01ae1ba/home/chuanyang/envs/fairseq2/fairseq2/src/fairseq2/recipes/common/_metrics.py", line 32, in create_metric_recorder
    return creator.create(recipe_config, gangs, output_dir)
  File "/opt/hpcaas/.mounts/fs-072917c00f01ae1ba/home/chuanyang/envs/fairseq2/fairseq2/src/fairseq2/recipes/common/_metrics.py", line 61, in create
    recorder = handler.create(output_dir, recorder_config)
  File "/opt/hpcaas/.mounts/fs-072917c00f01ae1ba/home/chuanyang/envs/fairseq2/fairseq2/src/fairseq2/metrics/recorders/_wandb.py", line 153, in create
    return WandbRecorder(
  File "/opt/hpcaas/.mounts/fs-072917c00f01ae1ba/home/chuanyang/envs/fairseq2/fairseq2/src/fairseq2/metrics/recorders/_wandb.py", line 62, in __init__
    self._run = wandb.init(
  File "/home/chuanyang/envs/fairseq2/conda/lib/python3.10/site-packages/wandb/sdk/wandb_init.py", line 1471, in init
    return wi.init(run_settings, run_config)
  File "/home/chuanyang/envs/fairseq2/conda/lib/python3.10/site-packages/wandb/sdk/wandb_init.py", line 1035, in init
    run._on_start()
  File "/home/chuanyang/envs/fairseq2/conda/lib/python3.10/site-packages/wandb/sdk/wandb_run.py", line 2428, in _on_start
    self._console_start()
  File "/home/chuanyang/envs/fairseq2/conda/lib/python3.10/site-packages/wandb/sdk/wandb_run.py", line 2393, in _console_start
    self._redirect(self._stdout_slave_fd, self._stderr_slave_fd)
  File "/home/chuanyang/envs/fairseq2/conda/lib/python3.10/site-packages/wandb/sdk/wandb_run.py", line 2300, in _redirect
    logger.info("Wrapping output streams.")
Message: 'Wrapping output streams.'
Arguments: ()
--- Logging error ---
Traceback (most recent call last):
  File "/home/chuanyang/envs/fairseq2/conda/lib/python3.10/logging/__init__.py", line 1104, in emit
    self.flush()
  File "/home/chuanyang/envs/fairseq2/conda/lib/python3.10/logging/__init__.py", line 1084, in flush
    self.stream.flush()
OSError: [Errno 122] Disk quota exceeded
Call stack:
  File "/home/chuanyang/miniconda3/envs/fairseq2/bin/fairseq2", line 8, in <module>
    sys.exit(main())
  File "/opt/hpcaas/.mounts/fs-072917c00f01ae1ba/home/chuanyang/envs/fairseq2/fairseq2/src/fairseq2/cli/_main.py", line 27, in main
    exit_code = _run()
  File "/opt/hpcaas/.mounts/fs-072917c00f01ae1ba/home/chuanyang/envs/fairseq2/fairseq2/src/fairseq2/cli/_main.py", line 73, in _run
    return cli.run(context)
  File "/opt/hpcaas/.mounts/fs-072917c00f01ae1ba/home/chuanyang/envs/fairseq2/fairseq2/src/fairseq2/cli/_cli.py", line 123, in run
    return args.command.run(context, args)  # type: ignore[no-any-return]
  File "/opt/hpcaas/.mounts/fs-072917c00f01ae1ba/home/chuanyang/envs/fairseq2/fairseq2/src/fairseq2/cli/_cli.py", line 361, in run
    return self._handler.run(context, self._parser, args)
  File "/opt/hpcaas/.mounts/fs-072917c00f01ae1ba/home/chuanyang/envs/fairseq2/fairseq2/src/fairseq2/cli/commands/recipe.py", line 245, in run
    recipe = self._loader(context, config, output_dir)
  File "/opt/hpcaas/.mounts/fs-072917c00f01ae1ba/home/chuanyang/envs/fairseq2/fairseq2/src/fairseq2/recipes/lm/_preference_finetune/_recipe.py", line 291, in load_po_finetuner
    return create_trainer(
  File "/opt/hpcaas/.mounts/fs-072917c00f01ae1ba/home/chuanyang/envs/fairseq2/fairseq2/src/fairseq2/recipes/common/_trainer.py", line 57, in create_trainer
    metric_recorder = create_metric_recorder(context, recipe_config, gangs, output_dir)
  File "/opt/hpcaas/.mounts/fs-072917c00f01ae1ba/home/chuanyang/envs/fairseq2/fairseq2/src/fairseq2/recipes/common/_metrics.py", line 32, in create_metric_recorder
    return creator.create(recipe_config, gangs, output_dir)
  File "/opt/hpcaas/.mounts/fs-072917c00f01ae1ba/home/chuanyang/envs/fairseq2/fairseq2/src/fairseq2/recipes/common/_metrics.py", line 61, in create
    recorder = handler.create(output_dir, recorder_config)
  File "/opt/hpcaas/.mounts/fs-072917c00f01ae1ba/home/chuanyang/envs/fairseq2/fairseq2/src/fairseq2/metrics/recorders/_wandb.py", line 153, in create
    return WandbRecorder(
  File "/opt/hpcaas/.mounts/fs-072917c00f01ae1ba/home/chuanyang/envs/fairseq2/fairseq2/src/fairseq2/metrics/recorders/_wandb.py", line 62, in __init__
    self._run = wandb.init(
  File "/home/chuanyang/envs/fairseq2/conda/lib/python3.10/site-packages/wandb/sdk/wandb_init.py", line 1471, in init
    return wi.init(run_settings, run_config)
  File "/home/chuanyang/envs/fairseq2/conda/lib/python3.10/site-packages/wandb/sdk/wandb_init.py", line 1035, in init
    run._on_start()
  File "/home/chuanyang/envs/fairseq2/conda/lib/python3.10/site-packages/wandb/sdk/wandb_run.py", line 2428, in _on_start
    self._console_start()
  File "/home/chuanyang/envs/fairseq2/conda/lib/python3.10/site-packages/wandb/sdk/wandb_run.py", line 2393, in _console_start
    self._redirect(self._stdout_slave_fd, self._stderr_slave_fd)
  File "/home/chuanyang/envs/fairseq2/conda/lib/python3.10/site-packages/wandb/sdk/wandb_run.py", line 2325, in _redirect
    logger.info("Redirects installed.")
Message: 'Redirects installed.'
Arguments: ()
--- Logging error ---
Traceback (most recent call last):
  File "/home/chuanyang/envs/fairseq2/conda/lib/python3.10/logging/__init__.py", line 1104, in emit
    self.flush()
  File "/home/chuanyang/envs/fairseq2/conda/lib/python3.10/logging/__init__.py", line 1084, in flush
    self.stream.flush()
OSError: [Errno 122] Disk quota exceeded
Call stack:
  File "/home/chuanyang/miniconda3/envs/fairseq2/bin/fairseq2", line 8, in <module>
    sys.exit(main())
  File "/opt/hpcaas/.mounts/fs-072917c00f01ae1ba/home/chuanyang/envs/fairseq2/fairseq2/src/fairseq2/cli/_main.py", line 27, in main
    exit_code = _run()
  File "/opt/hpcaas/.mounts/fs-072917c00f01ae1ba/home/chuanyang/envs/fairseq2/fairseq2/src/fairseq2/cli/_main.py", line 73, in _run
    return cli.run(context)
  File "/opt/hpcaas/.mounts/fs-072917c00f01ae1ba/home/chuanyang/envs/fairseq2/fairseq2/src/fairseq2/cli/_cli.py", line 123, in run
    return args.command.run(context, args)  # type: ignore[no-any-return]
  File "/opt/hpcaas/.mounts/fs-072917c00f01ae1ba/home/chuanyang/envs/fairseq2/fairseq2/src/fairseq2/cli/_cli.py", line 361, in run
    return self._handler.run(context, self._parser, args)
  File "/opt/hpcaas/.mounts/fs-072917c00f01ae1ba/home/chuanyang/envs/fairseq2/fairseq2/src/fairseq2/cli/commands/recipe.py", line 245, in run
    recipe = self._loader(context, config, output_dir)
  File "/opt/hpcaas/.mounts/fs-072917c00f01ae1ba/home/chuanyang/envs/fairseq2/fairseq2/src/fairseq2/recipes/lm/_preference_finetune/_recipe.py", line 291, in load_po_finetuner
    return create_trainer(
  File "/opt/hpcaas/.mounts/fs-072917c00f01ae1ba/home/chuanyang/envs/fairseq2/fairseq2/src/fairseq2/recipes/common/_trainer.py", line 57, in create_trainer
    metric_recorder = create_metric_recorder(context, recipe_config, gangs, output_dir)
  File "/opt/hpcaas/.mounts/fs-072917c00f01ae1ba/home/chuanyang/envs/fairseq2/fairseq2/src/fairseq2/recipes/common/_metrics.py", line 32, in create_metric_recorder
    return creator.create(recipe_config, gangs, output_dir)
  File "/opt/hpcaas/.mounts/fs-072917c00f01ae1ba/home/chuanyang/envs/fairseq2/fairseq2/src/fairseq2/recipes/common/_metrics.py", line 61, in create
    recorder = handler.create(output_dir, recorder_config)
  File "/opt/hpcaas/.mounts/fs-072917c00f01ae1ba/home/chuanyang/envs/fairseq2/fairseq2/src/fairseq2/metrics/recorders/_wandb.py", line 153, in create
    return WandbRecorder(
  File "/opt/hpcaas/.mounts/fs-072917c00f01ae1ba/home/chuanyang/envs/fairseq2/fairseq2/src/fairseq2/metrics/recorders/_wandb.py", line 62, in __init__
    self._run = wandb.init(
  File "/home/chuanyang/envs/fairseq2/conda/lib/python3.10/site-packages/wandb/sdk/wandb_init.py", line 1471, in init
    return wi.init(run_settings, run_config)
  File "/home/chuanyang/envs/fairseq2/conda/lib/python3.10/site-packages/wandb/sdk/wandb_init.py", line 1036, in init
    self._logger.info("run started, returning control to user process")
Message: 'run started, returning control to user process'
Arguments: ()
[07/25/25 20:48:45] INFO     fairseq2 - Attempting to load the last checkpoint. 
                    INFO     fairseq2 - No checkpoint found. Starting training. 
                    INFO     fairseq2 - Running training on 16 device(s).       
[07/25/25 20:48:51] INFO     fairseq2 - Train Metrics (step 1) - DPO Loss:      
                             0.691406 | Chosen Sequence Log Probabilities:      
                             -393.152 | Rejected Sequence Log Probabilities:    
                             -437.494 | Chosen Sequence Length: 431.938 |       
                             Rejected Sequence Length: 398.109 | NLL Loss:      
                             0.909997 | Gradient Norm: 73.9352 | Data Epoch: 1 |
                             Data Read Time: <1s | Elapsed Time: 6s | Wall Time:
                             87s | Learning Rate: 3.33333e-09 | Batch Size: 64 |
                             Elements per Batch: 76,074 | Elements per Second:  
                             12,213 | Number of Examples: 64 | Number of        
                             Elements: 76,074 | Number of Target Elements:      
                             27,644 | Total Number of Examples: 64 | Total      
                             Number of Elements: 76,074 | Total Number of Target
                             Elements: 27,644 | Peak Active Device Memory: 55.23
                             GiB | Peak Active Device Memory (%): 70% | Peak    
                             Reserved Device Memory: 75.38 GiB | Peak Reserved  
                             Device Memory (%): 96%                             

                    ERROR    fairseq2 - Command failed with an unexpected error.
                             See logged stack trace for details.                
                             Traceback (most recent call last):                 
                               File                                             
                             "/opt/hpcaas/.mounts/fs-072917c00f01ae1ba/home/chua
                             nyang/envs/fairseq2/fairseq2/src/fairseq2/metrics/r
                             ecorders/_jsonl.py", line 124, in record_metrics   
                                 stream.flush()                                 
                             OSError: [Errno 122] Disk quota exceeded           
                                                                                
                             The above exception was the direct cause of the    
                             following exception:                               
                                                                                
                             Traceback (most recent call last):                 
                               File                                             
                             "/opt/hpcaas/.mounts/fs-072917c00f01ae1ba/home/chua
                             nyang/envs/fairseq2/fairseq2/src/fairseq2/cli/_main
                             .py", line 27, in main                             
                                 exit_code = _run()                             
                               File                                             
                             "/opt/hpcaas/.mounts/fs-072917c00f01ae1ba/home/chua
                             nyang/envs/fairseq2/fairseq2/src/fairseq2/cli/_main
                             .py", line 73, in _run                             
                                 return cli.run(context)                        
                               File                                             
                             "/opt/hpcaas/.mounts/fs-072917c00f01ae1ba/home/chua
                             nyang/envs/fairseq2/fairseq2/src/fairseq2/cli/_cli.
                             py", line 123, in run                              
                                 return args.command.run(context, args)  # type:
                             ignore[no-any-return]                              
                               File                                             
                             "/opt/hpcaas/.mounts/fs-072917c00f01ae1ba/home/chua
                             nyang/envs/fairseq2/fairseq2/src/fairseq2/cli/_cli.
                             py", line 361, in run                              
                                 return self._handler.run(context, self._parser,
                             args)                                              
                               File                                             
                             "/opt/hpcaas/.mounts/fs-072917c00f01ae1ba/home/chua
                             nyang/envs/fairseq2/fairseq2/src/fairseq2/cli/comma
                             nds/recipe.py", line 263, in run                   
                                 recipe(progress_reporter)                      
                               File                                             
                             "/opt/hpcaas/.mounts/fs-072917c00f01ae1ba/home/chua
                             nyang/envs/fairseq2/fairseq2/src/fairseq2/recipes/t
                             rainer.py", line 580, in __call__                  
                                 self._do_run()                                 
                               File                                             
                             "/opt/hpcaas/.mounts/fs-072917c00f01ae1ba/home/chua
                             nyang/envs/fairseq2/fairseq2/src/fairseq2/recipes/t
                             rainer.py", line 651, in _do_run                   
                                 self._publish_metrics()                        
                               File                                             
                             "/opt/hpcaas/.mounts/fs-072917c00f01ae1ba/home/chua
                             nyang/envs/fairseq2/fairseq2/src/fairseq2/recipes/t
                             rainer.py", line 884, in _publish_metrics          
                                 self._metric_recorder.record_metrics("train",  
                             values, self._step_nr)                             
                               File                                             
                             "/opt/hpcaas/.mounts/fs-072917c00f01ae1ba/home/chua
                             nyang/envs/fairseq2/fairseq2/src/fairseq2/metrics/r
                             ecorders/_composite.py", line 33, in record_metrics
                                 recorder.record_metrics(run, values, step_nr,  
                             flush=flush)                                       
                               File                                             
                             "/opt/hpcaas/.mounts/fs-072917c00f01ae1ba/home/chua
                             nyang/envs/fairseq2/fairseq2/src/fairseq2/metrics/r
                             ecorders/_jsonl.py", line 126, in record_metrics   
                                 raise MetricRecordError(                       
                             fairseq2.metrics.recorders._recorder.MetricRecordEr
                             ror: The metric values of the 'train' cannot be    
                             saved to the JSON file. See the nested exception   
                             for details.                                       
--- Logging error ---
Traceback (most recent call last):
  File "/home/chuanyang/envs/fairseq2/conda/lib/python3.10/site-packages/wandb/sdk/interface/router_sock.py", line 27, in _read_message
    resp = self._sock_client.read_server_response(timeout=1)
  File "/home/chuanyang/envs/fairseq2/conda/lib/python3.10/site-packages/wandb/sdk/lib/sock_client.py", line 285, in read_server_response
    data = self._read_packet_bytes(timeout=timeout)
  File "/home/chuanyang/envs/fairseq2/conda/lib/python3.10/site-packages/wandb/sdk/lib/sock_client.py", line 270, in _read_packet_bytes
    raise SockClientClosedError
wandb.sdk.lib.sock_client.SockClientClosedError

During handling of the above exception, another exception occurred:

Traceback (most recent call last):
  File "/home/chuanyang/envs/fairseq2/conda/lib/python3.10/site-packages/wandb/sdk/interface/router.py", line 68, in message_loop
    msg = self._read_message()
  File "/home/chuanyang/envs/fairseq2/conda/lib/python3.10/site-packages/wandb/sdk/interface/router_sock.py", line 29, in _read_message
    raise MessageRouterClosedError
wandb.sdk.interface.router.MessageRouterClosedError

During handling of the above exception, another exception occurred:

Traceback (most recent call last):
  File "/home/chuanyang/envs/fairseq2/conda/lib/python3.10/logging/__init__.py", line 1104, in emit
    self.flush()
  File "/home/chuanyang/envs/fairseq2/conda/lib/python3.10/logging/__init__.py", line 1084, in flush
    self.stream.flush()
OSError: [Errno 122] Disk quota exceeded
Call stack:
  File "/home/chuanyang/envs/fairseq2/conda/lib/python3.10/threading.py", line 973, in _bootstrap
    self._bootstrap_inner()
  File "/home/chuanyang/envs/fairseq2/conda/lib/python3.10/threading.py", line 1016, in _bootstrap_inner
    self.run()
  File "/home/chuanyang/envs/fairseq2/conda/lib/python3.10/threading.py", line 953, in run
    self._target(*self._args, **self._kwargs)
  File "/home/chuanyang/envs/fairseq2/conda/lib/python3.10/site-packages/wandb/sdk/interface/router.py", line 75, in message_loop
    logger.warning("message_loop has been closed")
Message: 'message_loop has been closed'
Arguments: ()
terminate called after throwing an instance of 'c10::DistBackendError'
  what():  [PG ID 0 PG GUID 0(default_pg) Rank 8] Process group watchdog thread terminated with exception: [Rank 8] Watchdog caught collective operation timeout: WorkNCCL(SeqNum=564, OpType=ALLREDUCE, NumelIn=1, NumelOut=1, Timeout(ms)=900000) ran for 900020 milliseconds before timing out.
Exception raised from checkTimeout at /pytorch/torch/csrc/distributed/c10d/ProcessGroupNCCL.cpp:632 (most recent call first):
frame #0: c10::Error::Error(c10::SourceLocation, std::string) + 0x96 (0x70099896c1b6 in /home/chuanyang/envs/fairseq2/conda/lib/python3.10/site-packages/torch/lib/libc10.so)
frame #1: c10d::ProcessGroupNCCL::WorkNCCL::checkTimeout(std::optional<std::chrono::duration<long, std::ratio<1l, 1000l> > >) + 0x2b4 (0x700947029c74 in /home/chuanyang/envs/fairseq2/conda/lib/python3.10/site-packages/torch/lib/libtorch_cuda.so)
frame #2: c10d::ProcessGroupNCCL::watchdogHandler() + 0x890 (0x70094702b7d0 in /home/chuanyang/envs/fairseq2/conda/lib/python3.10/site-packages/torch/lib/libtorch_cuda.so)
frame #3: c10d::ProcessGroupNCCL::ncclCommWatchdog() + 0x14d (0x70094702c6ed in /home/chuanyang/envs/fairseq2/conda/lib/python3.10/site-packages/torch/lib/libtorch_cuda.so)
frame #4: <unknown function> + 0x145c0 (0x7009991575c0 in /home/chuanyang/envs/fairseq2/conda/lib/python3.10/site-packages/torch/lib/libtorch.so)
frame #5: <unknown function> + 0x94ac3 (0x700999c94ac3 in /lib/x86_64-linux-gnu/libc.so.6)
frame #6: <unknown function> + 0x126850 (0x700999d26850 in /lib/x86_64-linux-gnu/libc.so.6)

Exception raised from ncclCommWatchdog at /pytorch/torch/csrc/distributed/c10d/ProcessGroupNCCL.cpp:1901 (most recent call first):
frame #0: c10::Error::Error(c10::SourceLocation, std::string) + 0x96 (0x70099896c1b6 in /home/chuanyang/envs/fairseq2/conda/lib/python3.10/site-packages/torch/lib/libc10.so)
frame #1: <unknown function> + 0xe5c6fc (0x700946c876fc in /home/chuanyang/envs/fairseq2/conda/lib/python3.10/site-packages/torch/lib/libtorch_cuda.so)
frame #2: <unknown function> + 0x145c0 (0x7009991575c0 in /home/chuanyang/envs/fairseq2/conda/lib/python3.10/site-packages/torch/lib/libtorch.so)
frame #3: <unknown function> + 0x94ac3 (0x700999c94ac3 in /lib/x86_64-linux-gnu/libc.so.6)
frame #4: <unknown function> + 0x126850 (0x700999d26850 in /lib/x86_64-linux-gnu/libc.so.6)

terminate called after throwing an instance of 'c10::DistBackendError'
  what():  [PG ID 0 PG GUID 0(default_pg) Rank 7] Process group watchdog thread terminated with exception: [Rank 7] Watchdog caught collective operation timeout: WorkNCCL(SeqNum=564, OpType=ALLREDUCE, NumelIn=1, NumelOut=1, Timeout(ms)=900000) ran for 900009 milliseconds before timing out.
Exception raised from checkTimeout at /pytorch/torch/csrc/distributed/c10d/ProcessGroupNCCL.cpp:632 (most recent call first):
frame #0: c10::Error::Error(c10::SourceLocation, std::string) + 0x96 (0x7e5f6816c1b6 in /home/chuanyang/envs/fairseq2/conda/lib/python3.10/site-packages/torch/lib/libc10.so)
frame #1: c10d::ProcessGroupNCCL::WorkNCCL::checkTimeout(std::optional<std::chrono::duration<long, std::ratio<1l, 1000l> > >) + 0x2b4 (0x7e5f16429c74 in /home/chuanyang/envs/fairseq2/conda/lib/python3.10/site-packages/torch/lib/libtorch_cuda.so)
frame #2: c10d::ProcessGroupNCCL::watchdogHandler() + 0x890 (0x7e5f1642b7d0 in /home/chuanyang/envs/fairseq2/conda/lib/python3.10/site-packages/torch/lib/libtorch_cuda.so)
frame #3: c10d::ProcessGroupNCCL::ncclCommWatchdog() + 0x14d (0x7e5f1642c6ed in /home/chuanyang/envs/fairseq2/conda/lib/python3.10/site-packages/torch/lib/libtorch_cuda.so)
frame #4: <unknown function> + 0x145c0 (0x7e5f685f05c0 in /home/chuanyang/envs/fairseq2/conda/lib/python3.10/site-packages/torch/lib/libtorch.so)
frame #5: <unknown function> + 0x94ac3 (0x7e5f69094ac3 in /lib/x86_64-linux-gnu/libc.so.6)
frame #6: <unknown function> + 0x126850 (0x7e5f69126850 in /lib/x86_64-linux-gnu/libc.so.6)

Exception raised from ncclCommWatchdog at /pytorch/torch/csrc/distributed/c10d/ProcessGroupNCCL.cpp:1901 (most recent call first):
frame #0: c10::Error::Error(c10::SourceLocation, std::string) + 0x96 (0x7e5f6816c1b6 in /home/chuanyang/envs/fairseq2/conda/lib/python3.10/site-packages/torch/lib/libc10.so)
frame #1: <unknown function> + 0xe5c6fc (0x7e5f160876fc in /home/chuanyang/envs/fairseq2/conda/lib/python3.10/site-packages/torch/lib/libtorch_cuda.so)
frame #2: <unknown function> + 0x145c0 (0x7e5f685f05c0 in /home/chuanyang/envs/fairseq2/conda/lib/python3.10/site-packages/torch/lib/libtorch.so)
frame #3: <unknown function> + 0x94ac3 (0x7e5f69094ac3 in /lib/x86_64-linux-gnu/libc.so.6)
frame #4: <unknown function> + 0x126850 (0x7e5f69126850 in /lib/x86_64-linux-gnu/libc.so.6)

terminate called after throwing an instance of 'c10::DistBackendError'
  what():  [PG ID 0 PG GUID 0(default_pg) Rank 6] Process group watchdog thread terminated with exception: [Rank 6] Watchdog caught collective operation timeout: WorkNCCL(SeqNum=564, OpType=ALLREDUCE, NumelIn=1, NumelOut=1, Timeout(ms)=900000) ran for 900058 milliseconds before timing out.
Exception raised from checkTimeout at /pytorch/torch/csrc/distributed/c10d/ProcessGroupNCCL.cpp:632 (most recent call first):
frame #0: c10::Error::Error(c10::SourceLocation, std::string) + 0x96 (0x711d6c36c1b6 in /home/chuanyang/envs/fairseq2/conda/lib/python3.10/site-packages/torch/lib/libc10.so)
frame #1: c10d::ProcessGroupNCCL::WorkNCCL::checkTimeout(std::optional<std::chrono::duration<long, std::ratio<1l, 1000l> > >) + 0x2b4 (0x711d1a629c74 in /home/chuanyang/envs/fairseq2/conda/lib/python3.10/site-packages/torch/lib/libtorch_cuda.so)
frame #2: c10d::ProcessGroupNCCL::watchdogHandler() + 0x890 (0x711d1a62b7d0 in /home/chuanyang/envs/fairseq2/conda/lib/python3.10/site-packages/torch/lib/libtorch_cuda.so)
frame #3: c10d::ProcessGroupNCCL::ncclCommWatchdog() + 0x14d (0x711d1a62c6ed in /home/chuanyang/envs/fairseq2/conda/lib/python3.10/site-packages/torch/lib/libtorch_cuda.so)
frame #4: <unknown function> + 0x145c0 (0x711d6c7875c0 in /home/chuanyang/envs/fairseq2/conda/lib/python3.10/site-packages/torch/lib/libtorch.so)
frame #5: <unknown function> + 0x94ac3 (0x711d6d294ac3 in /lib/x86_64-linux-gnu/libc.so.6)
frame #6: <unknown function> + 0x126850 (0x711d6d326850 in /lib/x86_64-linux-gnu/libc.so.6)

Exception raised from ncclCommWatchdog at /pytorch/torch/csrc/distributed/c10d/ProcessGroupNCCL.cpp:1901 (most recent call first):
frame #0: c10::Error::Error(c10::SourceLocation, std::string) + 0x96 (0x711d6c36c1b6 in /home/chuanyang/envs/fairseq2/conda/lib/python3.10/site-packages/torch/lib/libc10.so)
frame #1: <unknown function> + 0xe5c6fc (0x711d1a2876fc in /home/chuanyang/envs/fairseq2/conda/lib/python3.10/site-packages/torch/lib/libtorch_cuda.so)
frame #2: <unknown function> + 0x145c0 (0x711d6c7875c0 in /home/chuanyang/envs/fairseq2/conda/lib/python3.10/site-packages/torch/lib/libtorch.so)
frame #3: <unknown function> + 0x94ac3 (0x711d6d294ac3 in /lib/x86_64-linux-gnu/libc.so.6)
frame #4: <unknown function> + 0x126850 (0x711d6d326850 in /lib/x86_64-linux-gnu/libc.so.6)

terminate called after throwing an instance of 'c10::DistBackendError'
  what():  [PG ID 0 PG GUID 0(default_pg) Rank 4] Process group watchdog thread terminated with exception: [Rank 4] Watchdog caught collective operation timeout: WorkNCCL(SeqNum=564, OpType=ALLREDUCE, NumelIn=1, NumelOut=1, Timeout(ms)=900000) ran for 900074 milliseconds before timing out.
Exception raised from checkTimeout at /pytorch/torch/csrc/distributed/c10d/ProcessGroupNCCL.cpp:632 (most recent call first):
frame #0: c10::Error::Error(c10::SourceLocation, std::string) + 0x96 (0x743dd036c1b6 in /home/chuanyang/envs/fairseq2/conda/lib/python3.10/site-packages/torch/lib/libc10.so)
frame #1: c10d::ProcessGroupNCCL::WorkNCCL::checkTimeout(std::optional<std::chrono::duration<long, std::ratio<1l, 1000l> > >) + 0x2b4 (0x743d7ea29c74 in /home/chuanyang/envs/fairseq2/conda/lib/python3.10/site-packages/torch/lib/libtorch_cuda.so)
frame #2: c10d::ProcessGroupNCCL::watchdogHandler() + 0x890 (0x743d7ea2b7d0 in /home/chuanyang/envs/fairseq2/conda/lib/python3.10/site-packages/torch/lib/libtorch_cuda.so)
frame #3: c10d::ProcessGroupNCCL::ncclCommWatchdog() + 0x14d (0x743d7ea2c6ed in /home/chuanyang/envs/fairseq2/conda/lib/python3.10/site-packages/torch/lib/libtorch_cuda.so)
frame #4: <unknown function> + 0x145c0 (0x743dd0af05c0 in /home/chuanyang/envs/fairseq2/conda/lib/python3.10/site-packages/torch/lib/libtorch.so)
frame #5: <unknown function> + 0x94ac3 (0x743dd1494ac3 in /lib/x86_64-linux-gnu/libc.so.6)
frame #6: <unknown function> + 0x126850 (0x743dd1526850 in /lib/x86_64-linux-gnu/libc.so.6)

Exception raised from ncclCommWatchdog at /pytorch/torch/csrc/distributed/c10d/ProcessGroupNCCL.cpp:1901 (most recent call first):
frame #0: c10::Error::Error(c10::SourceLocation, std::string) + 0x96 (0x743dd036c1b6 in /home/chuanyang/envs/fairseq2/conda/lib/python3.10/site-packages/torch/lib/libc10.so)
frame #1: <unknown function> + 0xe5c6fc (0x743d7e6876fc in /home/chuanyang/envs/fairseq2/conda/lib/python3.10/site-packages/torch/lib/libtorch_cuda.so)
frame #2: <unknown function> + 0x145c0 (0x743dd0af05c0 in /home/chuanyang/envs/fairseq2/conda/lib/python3.10/site-packages/torch/lib/libtorch.so)
frame #3: <unknown function> + 0x94ac3 (0x743dd1494ac3 in /lib/x86_64-linux-gnu/libc.so.6)
frame #4: <unknown function> + 0x126850 (0x743dd1526850 in /lib/x86_64-linux-gnu/libc.so.6)

terminate called after throwing an instance of 'c10::DistBackendError'
terminate called after throwing an instance of 'c10::DistBackendError'
  what():  [PG ID 0 PG GUID 0(default_pg) Rank 2] Process group watchdog thread terminated with exception: [Rank 2] Watchdog caught collective operation timeout: WorkNCCL(SeqNum=564, OpType=ALLREDUCE, NumelIn=1, NumelOut=1, Timeout(ms)=900000) ran for 900023 milliseconds before timing out.
Exception raised from checkTimeout at /pytorch/torch/csrc/distributed/c10d/ProcessGroupNCCL.cpp:632 (most recent call first):
frame #0: c10::Error::Error(c10::SourceLocation, std::string) + 0x96 (0x757c5a36c1b6 in /home/chuanyang/envs/fairseq2/conda/lib/python3.10/site-packages/torch/lib/libc10.so)
frame #1: c10d::ProcessGroupNCCL::WorkNCCL::checkTimeout(std::optional<std::chrono::duration<long, std::ratio<1l, 1000l> > >) + 0x2b4 (0x757c08629c74 in /home/chuanyang/envs/fairseq2/conda/lib/python3.10/site-packages/torch/lib/libtorch_cuda.so)
frame #2: c10d::ProcessGroupNCCL::watchdogHandler() + 0x890 (0x757c0862b7d0 in /home/chuanyang/envs/fairseq2/conda/lib/python3.10/site-packages/torch/lib/libtorch_cuda.so)
frame #3: c10d::ProcessGroupNCCL::ncclCommWatchdog() + 0x14d (0x757c0862c6ed in /home/chuanyang/envs/fairseq2/conda/lib/python3.10/site-packages/torch/lib/libtorch_cuda.so)
frame #4: <unknown function> + 0x145c0 (0x757c5a7eb5c0 in /home/chuanyang/envs/fairseq2/conda/lib/python3.10/site-packages/torch/lib/libtorch.so)
frame #5: <unknown function> + 0x94ac3 (0x757c5b294ac3 in /lib/x86_64-linux-gnu/libc.so.6)
frame #6: <unknown function> + 0x126850 (0x757c5b326850 in /lib/x86_64-linux-gnu/libc.so.6)

Exception raised from ncclCommWatchdog at /pytorch/torch/csrc/distributed/c10d/ProcessGroupNCCL.cpp:1901 (most recent call first):
frame #0: c10::Error::Error(c10::SourceLocation, std::string) + 0x96 (0x757c5a36c1b6 in /home/chuanyang/envs/fairseq2/conda/lib/python3.10/site-packages/torch/lib/libc10.so)
frame #1: <unknown function> + 0xe5c6fc (0x757c082876fc in /home/chuanyang/envs/fairseq2/conda/lib/python3.10/site-packages/torch/lib/libtorch_cuda.so)
frame #2: <unknown function> + 0x145c0 (0x757c5a7eb5c0 in /home/chuanyang/envs/fairseq2/conda/lib/python3.10/site-packages/torch/lib/libtorch.so)
frame #3: <unknown function> + 0x94ac3 (0x757c5b294ac3 in /lib/x86_64-linux-gnu/libc.so.6)
frame #4: <unknown function> + 0x126850 (0x757c5b326850 in /lib/x86_64-linux-gnu/libc.so.6)

  what():  [PG ID 0 PG GUID 0(default_pg) Rank 5] Process group watchdog thread terminated with exception: [Rank 5] Watchdog caught collective operation timeout: WorkNCCL(SeqNum=564, OpType=ALLREDUCE, NumelIn=1, NumelOut=1, Timeout(ms)=900000) ran for 900049 milliseconds before timing out.
Exception raised from checkTimeout at /pytorch/torch/csrc/distributed/c10d/ProcessGroupNCCL.cpp:632 (most recent call first):
frame #0: c10::Error::Error(c10::SourceLocation, std::string) + 0x96 (0x7a67e7b6c1b6 in /home/chuanyang/envs/fairseq2/conda/lib/python3.10/site-packages/torch/lib/libc10.so)
frame #1: c10d::ProcessGroupNCCL::WorkNCCL::checkTimeout(std::optional<std::chrono::duration<long, std::ratio<1l, 1000l> > >) + 0x2b4 (0x7a6795e29c74 in /home/chuanyang/envs/fairseq2/conda/lib/python3.10/site-packages/torch/lib/libtorch_cuda.so)
frame #2: c10d::ProcessGroupNCCL::watchdogHandler() + 0x890 (0x7a6795e2b7d0 in /home/chuanyang/envs/fairseq2/conda/lib/python3.10/site-packages/torch/lib/libtorch_cuda.so)
frame #3: c10d::ProcessGroupNCCL::ncclCommWatchdog() + 0x14d (0x7a6795e2c6ed in /home/chuanyang/envs/fairseq2/conda/lib/python3.10/site-packages/torch/lib/libtorch_cuda.so)
frame #4: <unknown function> + 0x145c0 (0x7a67e7ff05c0 in /home/chuanyang/envs/fairseq2/conda/lib/python3.10/site-packages/torch/lib/libtorch.so)
frame #5: <unknown function> + 0x94ac3 (0x7a67e8a94ac3 in /lib/x86_64-linux-gnu/libc.so.6)
frame #6: <unknown function> + 0x126850 (0x7a67e8b26850 in /lib/x86_64-linux-gnu/libc.so.6)

Exception raised from ncclCommWatchdog at /pytorch/torch/csrc/distributed/c10d/ProcessGroupNCCL.cpp:1901 (most recent call first):
frame #0: c10::Error::Error(c10::SourceLocation, std::string) + 0x96 (0x7a67e7b6c1b6 in /home/chuanyang/envs/fairseq2/conda/lib/python3.10/site-packages/torch/lib/libc10.so)
frame #1: <unknown function> + 0xe5c6fc (0x7a6795a876fc in /home/chuanyang/envs/fairseq2/conda/lib/python3.10/site-packages/torch/lib/libtorch_cuda.so)
frame #2: <unknown function> + 0x145c0 (0x7a67e7ff05c0 in /home/chuanyang/envs/fairseq2/conda/lib/python3.10/site-packages/torch/lib/libtorch.so)
frame #3: <unknown function> + 0x94ac3 (0x7a67e8a94ac3 in /lib/x86_64-linux-gnu/libc.so.6)
frame #4: <unknown function> + 0x126850 (0x7a67e8b26850 in /lib/x86_64-linux-gnu/libc.so.6)

terminate called after throwing an instance of 'c10::DistBackendError'
terminate called after throwing an instance of 'c10::DistBackendError'
  what():  [PG ID 0 PG GUID 0(default_pg) Rank 1] Process group watchdog thread terminated with exception: [Rank 1] Watchdog caught collective operation timeout: WorkNCCL(SeqNum=564, OpType=ALLREDUCE, NumelIn=1, NumelOut=1, Timeout(ms)=900000) ran for 900041 milliseconds before timing out.
Exception raised from checkTimeout at /pytorch/torch/csrc/distributed/c10d/ProcessGroupNCCL.cpp:632 (most recent call first):
frame #0: c10::Error::Error(c10::SourceLocation, std::string) + 0x96 (0x75cf59d6c1b6 in /home/chuanyang/envs/fairseq2/conda/lib/python3.10/site-packages/torch/lib/libc10.so)
frame #1: c10d::ProcessGroupNCCL::WorkNCCL::checkTimeout(std::optional<std::chrono::duration<long, std::ratio<1l, 1000l> > >) + 0x2b4 (0x75cf08429c74 in /home/chuanyang/envs/fairseq2/conda/lib/python3.10/site-packages/torch/lib/libtorch_cuda.so)
frame #2: c10d::ProcessGroupNCCL::watchdogHandler() + 0x890 (0x75cf0842b7d0 in /home/chuanyang/envs/fairseq2/conda/lib/python3.10/site-packages/torch/lib/libtorch_cuda.so)
frame #3: c10d::ProcessGroupNCCL::ncclCommWatchdog() + 0x14d (0x75cf0842c6ed in /home/chuanyang/envs/fairseq2/conda/lib/python3.10/site-packages/torch/lib/libtorch_cuda.so)
frame #4: <unknown function> + 0x145c0 (0x75cf5a5165c0 in /home/chuanyang/envs/fairseq2/conda/lib/python3.10/site-packages/torch/lib/libtorch.so)
frame #5: <unknown function> + 0x94ac3 (0x75cf5ae94ac3 in /lib/x86_64-linux-gnu/libc.so.6)
frame #6: <unknown function> + 0x126850 (0x75cf5af26850 in /lib/x86_64-linux-gnu/libc.so.6)

Exception raised from ncclCommWatchdog at /pytorch/torch/csrc/distributed/c10d/ProcessGroupNCCL.cpp:1901 (most recent call first):
frame #0: c10::Error::Error(c10::SourceLocation, std::string) + 0x96 (0x75cf59d6c1b6 in /home/chuanyang/envs/fairseq2/conda/lib/python3.10/site-packages/torch/lib/libc10.so)
frame #1: <unknown function> + 0xe5c6fc (0x75cf080876fc in /home/chuanyang/envs/fairseq2/conda/lib/python3.10/site-packages/torch/lib/libtorch_cuda.so)
frame #2: <unknown function> + 0x145c0 (0x75cf5a5165c0 in /home/chuanyang/envs/fairseq2/conda/lib/python3.10/site-packages/torch/lib/libtorch.so)
frame #3: <unknown function> + 0x94ac3 (0x75cf5ae94ac3 in /lib/x86_64-linux-gnu/libc.so.6)
frame #4: <unknown function> + 0x126850 (0x75cf5af26850 in /lib/x86_64-linux-gnu/libc.so.6)

  what():  [PG ID 0 PG GUID 0(default_pg) Rank 3] Process group watchdog thread terminated with exception: [Rank 3] Watchdog caught collective operation timeout: WorkNCCL(SeqNum=564, OpType=ALLREDUCE, NumelIn=1, NumelOut=1, Timeout(ms)=900000) ran for 900034 milliseconds before timing out.
Exception raised from checkTimeout at /pytorch/torch/csrc/distributed/c10d/ProcessGroupNCCL.cpp:632 (most recent call first):
frame #0: c10::Error::Error(c10::SourceLocation, std::string) + 0x96 (0x714479b6c1b6 in /home/chuanyang/envs/fairseq2/conda/lib/python3.10/site-packages/torch/lib/libc10.so)
frame #1: c10d::ProcessGroupNCCL::WorkNCCL::checkTimeout(std::optional<std::chrono::duration<long, std::ratio<1l, 1000l> > >) + 0x2b4 (0x714428229c74 in /home/chuanyang/envs/fairseq2/conda/lib/python3.10/site-packages/torch/lib/libtorch_cuda.so)
frame #2: c10d::ProcessGroupNCCL::watchdogHandler() + 0x890 (0x71442822b7d0 in /home/chuanyang/envs/fairseq2/conda/lib/python3.10/site-packages/torch/lib/libtorch_cuda.so)
frame #3: c10d::ProcessGroupNCCL::ncclCommWatchdog() + 0x14d (0x71442822c6ed in /home/chuanyang/envs/fairseq2/conda/lib/python3.10/site-packages/torch/lib/libtorch_cuda.so)
frame #4: <unknown function> + 0x145c0 (0x71447a31a5c0 in /home/chuanyang/envs/fairseq2/conda/lib/python3.10/site-packages/torch/lib/libtorch.so)
frame #5: <unknown function> + 0x94ac3 (0x71447ac94ac3 in /lib/x86_64-linux-gnu/libc.so.6)
frame #6: <unknown function> + 0x126850 (0x71447ad26850 in /lib/x86_64-linux-gnu/libc.so.6)

Exception raised from ncclCommWatchdog at /pytorch/torch/csrc/distributed/c10d/ProcessGroupNCCL.cpp:1901 (most recent call first):
frame #0: c10::Error::Error(c10::SourceLocation, std::string) + 0x96 (0x714479b6c1b6 in /home/chuanyang/envs/fairseq2/conda/lib/python3.10/site-packages/torch/lib/libc10.so)
frame #1: <unknown function> + 0xe5c6fc (0x714427e876fc in /home/chuanyang/envs/fairseq2/conda/lib/python3.10/site-packages/torch/lib/libtorch_cuda.so)
frame #2: <unknown function> + 0x145c0 (0x71447a31a5c0 in /home/chuanyang/envs/fairseq2/conda/lib/python3.10/site-packages/torch/lib/libtorch.so)
frame #3: <unknown function> + 0x94ac3 (0x71447ac94ac3 in /lib/x86_64-linux-gnu/libc.so.6)
frame #4: <unknown function> + 0x126850 (0x71447ad26850 in /lib/x86_64-linux-gnu/libc.so.6)


terminate called after throwing an instance of 'c10::DistBackendError'
  what():  [PG ID 0 PG GUID 0(default_pg) Rank 13] Process group watchdog thread terminated with exception: [Rank 13] Watchdog caught collective operation timeout: WorkNCCL(SeqNum=564, OpType=ALLREDUCE, NumelIn=1, NumelOut=1, Timeout(ms)=900000) ran for 900087 milliseconds before timing out.
Exception raised from checkTimeout at /pytorch/torch/csrc/distributed/c10d/ProcessGroupNCCL.cpp:632 (most recent call first):
frame #0: c10::Error::Error(c10::SourceLocation, std::string) + 0x96 (0x7af28eb6c1b6 in /home/chuanyang/envs/fairseq2/conda/lib/python3.10/site-packages/torch/lib/libc10.so)
frame #1: c10d::ProcessGroupNCCL::WorkNCCL::checkTimeout(std::optional<std::chrono::duration<long, std::ratio<1l, 1000l> > >) + 0x2b4 (0x7af23ce29c74 in /home/chuanyang/envs/fairseq2/conda/lib/python3.10/site-packages/torch/lib/libtorch_cuda.so)
frame #2: c10d::ProcessGroupNCCL::watchdogHandler() + 0x890 (0x7af23ce2b7d0 in /home/chuanyang/envs/fairseq2/conda/lib/python3.10/site-packages/torch/lib/libtorch_cuda.so)
frame #3: c10d::ProcessGroupNCCL::ncclCommWatchdog() + 0x14d (0x7af23ce2c6ed in /home/chuanyang/envs/fairseq2/conda/lib/python3.10/site-packages/torch/lib/libtorch_cuda.so)
frame #4: <unknown function> + 0x145c0 (0x7af28f02e5c0 in /home/chuanyang/envs/fairseq2/conda/lib/python3.10/site-packages/torch/lib/libtorch.so)
frame #5: <unknown function> + 0x94ac3 (0x7af28fa94ac3 in /lib/x86_64-linux-gnu/libc.so.6)
frame #6: <unknown function> + 0x126850 (0x7af28fb26850 in /lib/x86_64-linux-gnu/libc.so.6)

Exception raised from ncclCommWatchdog at /pytorch/torch/csrc/distributed/c10d/ProcessGroupNCCL.cpp:1901 (most recent call first):
frame #0: c10::Error::Error(c10::SourceLocation, std::string) + 0x96 (0x7af28eb6c1b6 in /home/chuanyang/envs/fairseq2/conda/lib/python3.10/site-packages/torch/lib/libc10.so)
frame #1: <unknown function> + 0xe5c6fc (0x7af23ca876fc in /home/chuanyang/envs/fairseq2/conda/lib/python3.10/site-packages/torch/lib/libtorch_cuda.so)
frame #2: <unknown function> + 0x145c0 (0x7af28f02e5c0 in /home/chuanyang/envs/fairseq2/conda/lib/python3.10/site-packages/torch/lib/libtorch.so)
frame #3: <unknown function> + 0x94ac3 (0x7af28fa94ac3 in /lib/x86_64-linux-gnu/libc.so.6)
frame #4: <unknown function> + 0x126850 (0x7af28fb26850 in /lib/x86_64-linux-gnu/libc.so.6)


terminate called after throwing an instance of 'c10::DistBackendError'
  what():  [PG ID 0 PG GUID 0(default_pg) Rank 9] Process group watchdog thread terminated with exception: [Rank 9] Watchdog caught collective operation timeout: WorkNCCL(SeqNum=564, OpType=ALLREDUCE, NumelIn=1, NumelOut=1, Timeout(ms)=900000) ran for 900014 milliseconds before timing out.
Exception raised from checkTimeout at /pytorch/torch/csrc/distributed/c10d/ProcessGroupNCCL.cpp:632 (most recent call first):
frame #0: c10::Error::Error(c10::SourceLocation, std::string) + 0x96 (0x706f4636c1b6 in /home/chuanyang/envs/fairseq2/conda/lib/python3.10/site-packages/torch/lib/libc10.so)
frame #1: c10d::ProcessGroupNCCL::WorkNCCL::checkTimeout(std::optional<std::chrono::duration<long, std::ratio<1l, 1000l> > >) + 0x2b4 (0x706ef4a29c74 in /home/chuanyang/envs/fairseq2/conda/lib/python3.10/site-packages/torch/lib/libtorch_cuda.so)
frame #2: c10d::ProcessGroupNCCL::watchdogHandler() + 0x890 (0x706ef4a2b7d0 in /home/chuanyang/envs/fairseq2/conda/lib/python3.10/site-packages/torch/lib/libtorch_cuda.so)
frame #3: c10d::ProcessGroupNCCL::ncclCommWatchdog() + 0x14d (0x706ef4a2c6ed in /home/chuanyang/envs/fairseq2/conda/lib/python3.10/site-packages/torch/lib/libtorch_cuda.so)
frame #4: <unknown function> + 0x145c0 (0x706f467ee5c0 in /home/chuanyang/envs/fairseq2/conda/lib/python3.10/site-packages/torch/lib/libtorch.so)
frame #5: <unknown function> + 0x94ac3 (0x706f47494ac3 in /lib/x86_64-linux-gnu/libc.so.6)
frame #6: <unknown function> + 0x126850 (0x706f47526850 in /lib/x86_64-linux-gnu/libc.so.6)

Exception raised from ncclCommWatchdog at /pytorch/torch/csrc/distributed/c10d/ProcessGroupNCCL.cpp:1901 (most recent call first):
frame #0: c10::Error::Error(c10::SourceLocation, std::string) + 0x96 (0x706f4636c1b6 in /home/chuanyang/envs/fairseq2/conda/lib/python3.10/site-packages/torch/lib/libc10.so)
frame #1: <unknown function> + 0xe5c6fc (0x706ef46876fc in /home/chuanyang/envs/fairseq2/conda/lib/python3.10/site-packages/torch/lib/libtorch_cuda.so)
frame #2: <unknown function> + 0x145c0 (0x706f467ee5c0 in /home/chuanyang/envs/fairseq2/conda/lib/python3.10/site-packages/torch/lib/libtorch.so)
frame #3: <unknown function> + 0x94ac3 (0x706f47494ac3 in /lib/x86_64-linux-gnu/libc.so.6)
frame #4: <unknown function> + 0x126850 (0x706f47526850 in /lib/x86_64-linux-gnu/libc.so.6)

terminate called after throwing an instance of 'c10::DistBackendError'
  what():  [PG ID 0 PG GUID 0(default_pg) Rank 11] Process group watchdog thread terminated with exception: [Rank 11] Watchdog caught collective operation timeout: WorkNCCL(SeqNum=564, OpType=ALLREDUCE, NumelIn=1, NumelOut=1, Timeout(ms)=900000) ran for 900034 milliseconds before timing out.
Exception raised from checkTimeout at /pytorch/torch/csrc/distributed/c10d/ProcessGroupNCCL.cpp:632 (most recent call first):
frame #0: c10::Error::Error(c10::SourceLocation, std::string) + 0x96 (0x70eb5b56c1b6 in /home/chuanyang/envs/fairseq2/conda/lib/python3.10/site-packages/torch/lib/libc10.so)
frame #1: c10d::ProcessGroupNCCL::WorkNCCL::checkTimeout(std::optional<std::chrono::duration<long, std::ratio<1l, 1000l> > >) + 0x2b4 (0x70eb09c29c74 in /home/chuanyang/envs/fairseq2/conda/lib/python3.10/site-packages/torch/lib/libtorch_cuda.so)
frame #2: c10d::ProcessGroupNCCL::watchdogHandler() + 0x890 (0x70eb09c2b7d0 in /home/chuanyang/envs/fairseq2/conda/lib/python3.10/site-packages/torch/lib/libtorch_cuda.so)
frame #3: c10d::ProcessGroupNCCL::ncclCommWatchdog() + 0x14d (0x70eb09c2c6ed in /home/chuanyang/envs/fairseq2/conda/lib/python3.10/site-packages/torch/lib/libtorch_cuda.so)
frame #4: <unknown function> + 0x145c0 (0x70eb5bd225c0 in /home/chuanyang/envs/fairseq2/conda/lib/python3.10/site-packages/torch/lib/libtorch.so)
frame #5: <unknown function> + 0x94ac3 (0x70eb5c694ac3 in /lib/x86_64-linux-gnu/libc.so.6)
frame #6: <unknown function> + 0x126850 (0x70eb5c726850 in /lib/x86_64-linux-gnu/libc.so.6)

Exception raised from ncclCommWatchdog at /pytorch/torch/csrc/distributed/c10d/ProcessGroupNCCL.cpp:1901 (most recent call first):
frame #0: c10::Error::Error(c10::SourceLocation, std::string) + 0x96 (0x70eb5b56c1b6 in /home/chuanyang/envs/fairseq2/conda/lib/python3.10/site-packages/torch/lib/libc10.so)
frame #1: <unknown function> + 0xe5c6fc (0x70eb098876fc in /home/chuanyang/envs/fairseq2/conda/lib/python3.10/site-packages/torch/lib/libtorch_cuda.so)
frame #2: <unknown function> + 0x145c0 (0x70eb5bd225c0 in /home/chuanyang/envs/fairseq2/conda/lib/python3.10/site-packages/torch/lib/libtorch.so)
frame #3: <unknown function> + 0x94ac3 (0x70eb5c694ac3 in /lib/x86_64-linux-gnu/libc.so.6)
frame #4: <unknown function> + 0x126850 (0x70eb5c726850 in /lib/x86_64-linux-gnu/libc.so.6)


terminate called after throwing an instance of 'c10::DistBackendError'
  what():  [PG ID 0 PG GUID 0(default_pg) Rank 10] Process group watchdog thread terminated with exception: [Rank 10] Watchdog caught collective operation timeout: WorkNCCL(SeqNum=564, OpType=ALLREDUCE, NumelIn=1, NumelOut=1, Timeout(ms)=900000) ran for 900015 milliseconds before timing out.
Exception raised from checkTimeout at /pytorch/torch/csrc/distributed/c10d/ProcessGroupNCCL.cpp:632 (most recent call first):
frame #0: c10::Error::Error(c10::SourceLocation, std::string) + 0x96 (0x7c548bb6c1b6 in /home/chuanyang/envs/fairseq2/conda/lib/python3.10/site-packages/torch/lib/libc10.so)
frame #1: c10d::ProcessGroupNCCL::WorkNCCL::checkTimeout(std::optional<std::chrono::duration<long, std::ratio<1l, 1000l> > >) + 0x2b4 (0x7c543a229c74 in /home/chuanyang/envs/fairseq2/conda/lib/python3.10/site-packages/torch/lib/libtorch_cuda.so)
frame #2: c10d::ProcessGroupNCCL::watchdogHandler() + 0x890 (0x7c543a22b7d0 in /home/chuanyang/envs/fairseq2/conda/lib/python3.10/site-packages/torch/lib/libtorch_cuda.so)
frame #3: c10d::ProcessGroupNCCL::ncclCommWatchdog() + 0x14d (0x7c543a22c6ed in /home/chuanyang/envs/fairseq2/conda/lib/python3.10/site-packages/torch/lib/libtorch_cuda.so)
frame #4: <unknown function> + 0x145c0 (0x7c548c3695c0 in /home/chuanyang/envs/fairseq2/conda/lib/python3.10/site-packages/torch/lib/libtorch.so)
frame #5: <unknown function> + 0x94ac3 (0x7c548ce94ac3 in /lib/x86_64-linux-gnu/libc.so.6)
frame #6: <unknown function> + 0x126850 (0x7c548cf26850 in /lib/x86_64-linux-gnu/libc.so.6)

Exception raised from ncclCommWatchdog at /pytorch/torch/csrc/distributed/c10d/ProcessGroupNCCL.cpp:1901 (most recent call first):
frame #0: c10::Error::Error(c10::SourceLocation, std::string) + 0x96 (0x7c548bb6c1b6 in /home/chuanyang/envs/fairseq2/conda/lib/python3.10/site-packages/torch/lib/libc10.so)
frame #1: <unknown function> + 0xe5c6fc (0x7c5439e876fc in /home/chuanyang/envs/fairseq2/conda/lib/python3.10/site-packages/torch/lib/libtorch_cuda.so)
frame #2: <unknown function> + 0x145c0 (0x7c548c3695c0 in /home/chuanyang/envs/fairseq2/conda/lib/python3.10/site-packages/torch/lib/libtorch.so)
frame #3: <unknown function> + 0x94ac3 (0x7c548ce94ac3 in /lib/x86_64-linux-gnu/libc.so.6)
frame #4: <unknown function> + 0x126850 (0x7c548cf26850 in /lib/x86_64-linux-gnu/libc.so.6)


terminate called after throwing an instance of 'c10::DistBackendError'
  what():  [PG ID 0 PG GUID 0(default_pg) Rank 15] Process group watchdog thread terminated with exception: [Rank 15] Watchdog caught collective operation timeout: WorkNCCL(SeqNum=564, OpType=ALLREDUCE, NumelIn=1, NumelOut=1, Timeout(ms)=900000) ran for 900030 milliseconds before timing out.
Exception raised from checkTimeout at /pytorch/torch/csrc/distributed/c10d/ProcessGroupNCCL.cpp:632 (most recent call first):
frame #0: c10::Error::Error(c10::SourceLocation, std::string) + 0x96 (0x75f3a956c1b6 in /home/chuanyang/envs/fairseq2/conda/lib/python3.10/site-packages/torch/lib/libc10.so)
frame #1: c10d::ProcessGroupNCCL::WorkNCCL::checkTimeout(std::optional<std::chrono::duration<long, std::ratio<1l, 1000l> > >) + 0x2b4 (0x75f357829c74 in /home/chuanyang/envs/fairseq2/conda/lib/python3.10/site-packages/torch/lib/libtorch_cuda.so)
frame #2: c10d::ProcessGroupNCCL::watchdogHandler() + 0x890 (0x75f35782b7d0 in /home/chuanyang/envs/fairseq2/conda/lib/python3.10/site-packages/torch/lib/libtorch_cuda.so)
frame #3: c10d::ProcessGroupNCCL::ncclCommWatchdog() + 0x14d (0x75f35782c6ed in /home/chuanyang/envs/fairseq2/conda/lib/python3.10/site-packages/torch/lib/libtorch_cuda.so)
frame #4: <unknown function> + 0x145c0 (0x75f3a99ce5c0 in /home/chuanyang/envs/fairseq2/conda/lib/python3.10/site-packages/torch/lib/libtorch.so)
frame #5: <unknown function> + 0x94ac3 (0x75f3aa494ac3 in /lib/x86_64-linux-gnu/libc.so.6)
frame #6: <unknown function> + 0x126850 (0x75f3aa526850 in /lib/x86_64-linux-gnu/libc.so.6)

Exception raised from ncclCommWatchdog at /pytorch/torch/csrc/distributed/c10d/ProcessGroupNCCL.cpp:1901 (most recent call first):
frame #0: c10::Error::Error(c10::SourceLocation, std::string) + 0x96 (0x75f3a956c1b6 in /home/chuanyang/envs/fairseq2/conda/lib/python3.10/site-packages/torch/lib/libc10.so)
frame #1: <unknown function> + 0xe5c6fc (0x75f3574876fc in /home/chuanyang/envs/fairseq2/conda/lib/python3.10/site-packages/torch/lib/libtorch_cuda.so)
frame #2: <unknown function> + 0x145c0 (0x75f3a99ce5c0 in /home/chuanyang/envs/fairseq2/conda/lib/python3.10/site-packages/torch/lib/libtorch.so)
frame #3: <unknown function> + 0x94ac3 (0x75f3aa494ac3 in /lib/x86_64-linux-gnu/libc.so.6)
frame #4: <unknown function> + 0x126850 (0x75f3aa526850 in /lib/x86_64-linux-gnu/libc.so.6)

terminate called after throwing an instance of 'c10::DistBackendError'


  what():  [PG ID 0 PG GUID 0(default_pg) Rank 12] Process group watchdog thread terminated with exception: [Rank 12] Watchdog caught collective operation timeout: WorkNCCL(SeqNum=564, OpType=ALLREDUCE, NumelIn=1, NumelOut=1, Timeout(ms)=900000) ran for 900084 milliseconds before timing out.
Exception raised from checkTimeout at /pytorch/torch/csrc/distributed/c10d/ProcessGroupNCCL.cpp:632 (most recent call first):
frame #0: c10::Error::Error(c10::SourceLocation, std::string) + 0x96 (0x727001b6c1b6 in /home/chuanyang/envs/fairseq2/conda/lib/python3.10/site-packages/torch/lib/libc10.so)
frame #1: c10d::ProcessGroupNCCL::WorkNCCL::checkTimeout(std::optional<std::chrono::duration<long, std::ratio<1l, 1000l> > >) + 0x2b4 (0x726fafe29c74 in /home/chuanyang/envs/fairseq2/conda/lib/python3.10/site-packages/torch/lib/libtorch_cuda.so)
frame #2: c10d::ProcessGroupNCCL::watchdogHandler() + 0x890 (0x726fafe2b7d0 in /home/chuanyang/envs/fairseq2/conda/lib/python3.10/site-packages/torch/lib/libtorch_cuda.so)
frame #3: c10d::ProcessGroupNCCL::ncclCommWatchdog() + 0x14d (0x726fafe2c6ed in /home/chuanyang/envs/fairseq2/conda/lib/python3.10/site-packages/torch/lib/libtorch_cuda.so)
frame #4: <unknown function> + 0x145c0 (0x72700200b5c0 in /home/chuanyang/envs/fairseq2/conda/lib/python3.10/site-packages/torch/lib/libtorch.so)
frame #5: <unknown function> + 0x94ac3 (0x727002a94ac3 in /lib/x86_64-linux-gnu/libc.so.6)
frame #6: <unknown function> + 0x126850 (0x727002b26850 in /lib/x86_64-linux-gnu/libc.so.6)

Exception raised from ncclCommWatchdog at /pytorch/torch/csrc/distributed/c10d/ProcessGroupNCCL.cpp:1901 (most recent call first):
frame #0: c10::Error::Error(c10::SourceLocation, std::string) + 0x96 (0x727001b6c1b6 in /home/chuanyang/envs/fairseq2/conda/lib/python3.10/site-packages/torch/lib/libc10.so)
frame #1: <unknown function> + 0xe5c6fc (0x726fafa876fc in /home/chuanyang/envs/fairseq2/conda/lib/python3.10/site-packages/torch/lib/libtorch_cuda.so)
frame #2: <unknown function> + 0x145c0 (0x72700200b5c0 in /home/chuanyang/envs/fairseq2/conda/lib/python3.10/site-packages/torch/lib/libtorch.so)
frame #3: <unknown function> + 0x94ac3 (0x727002a94ac3 in /lib/x86_64-linux-gnu/libc.so.6)
frame #4: <unknown function> + 0x126850 (0x727002b26850 in /lib/x86_64-linux-gnu/libc.so.6)

terminate called after throwing an instance of 'c10::DistBackendError'
  what():  [PG ID 0 PG GUID 0(default_pg) Rank 14] Process group watchdog thread terminated with exception: [Rank 14] Watchdog caught collective operation timeout: WorkNCCL(SeqNum=564, OpType=ALLREDUCE, NumelIn=1, NumelOut=1, Timeout(ms)=900000) ran for 900073 milliseconds before timing out.
Exception raised from checkTimeout at /pytorch/torch/csrc/distributed/c10d/ProcessGroupNCCL.cpp:632 (most recent call first):
frame #0: c10::Error::Error(c10::SourceLocation, std::string) + 0x96 (0x7f257996c1b6 in /home/chuanyang/envs/fairseq2/conda/lib/python3.10/site-packages/torch/lib/libc10.so)
frame #1: c10d::ProcessGroupNCCL::WorkNCCL::checkTimeout(std::optional<std::chrono::duration<long, std::ratio<1l, 1000l> > >) + 0x2b4 (0x7f2527c29c74 in /home/chuanyang/envs/fairseq2/conda/lib/python3.10/site-packages/torch/lib/libtorch_cuda.so)
frame #2: c10d::ProcessGroupNCCL::watchdogHandler() + 0x890 (0x7f2527c2b7d0 in /home/chuanyang/envs/fairseq2/conda/lib/python3.10/site-packages/torch/lib/libtorch_cuda.so)
frame #3: c10d::ProcessGroupNCCL::ncclCommWatchdog() + 0x14d (0x7f2527c2c6ed in /home/chuanyang/envs/fairseq2/conda/lib/python3.10/site-packages/torch/lib/libtorch_cuda.so)
frame #4: <unknown function> + 0x145c0 (0x7f2579e6a5c0 in /home/chuanyang/envs/fairseq2/conda/lib/python3.10/site-packages/torch/lib/libtorch.so)
frame #5: <unknown function> + 0x94ac3 (0x7f257a894ac3 in /lib/x86_64-linux-gnu/libc.so.6)
frame #6: <unknown function> + 0x126850 (0x7f257a926850 in /lib/x86_64-linux-gnu/libc.so.6)

Exception raised from ncclCommWatchdog at /pytorch/torch/csrc/distributed/c10d/ProcessGroupNCCL.cpp:1901 (most recent call first):
frame #0: c10::Error::Error(c10::SourceLocation, std::string) + 0x96 (0x7f257996c1b6 in /home/chuanyang/envs/fairseq2/conda/lib/python3.10/site-packages/torch/lib/libc10.so)
frame #1: <unknown function> + 0xe5c6fc (0x7f25278876fc in /home/chuanyang/envs/fairseq2/conda/lib/python3.10/site-packages/torch/lib/libtorch_cuda.so)
frame #2: <unknown function> + 0x145c0 (0x7f2579e6a5c0 in /home/chuanyang/envs/fairseq2/conda/lib/python3.10/site-packages/torch/lib/libtorch.so)
frame #3: <unknown function> + 0x94ac3 (0x7f257a894ac3 in /lib/x86_64-linux-gnu/libc.so.6)
frame #4: <unknown function> + 0x126850 (0x7f257a926850 in /lib/x86_64-linux-gnu/libc.so.6)

srun: error: cr1-h100-p548xlarge-78: task 4: Aborted (core dumped)
srun: Terminating StepId=1491934.0
slurmstepd: error: *** STEP 1491934.0 ON cr1-h100-p548xlarge-78 CANCELLED AT 2025-07-25T21:04:24 ***
srun: error: cr1-h100-p548xlarge-291: task 13: Aborted (core dumped)
srun: error: cr1-h100-p548xlarge-78: task 6: Aborted (core dumped)
srun: error: cr1-h100-p548xlarge-291: task 9: Aborted (core dumped)
srun: error: cr1-h100-p548xlarge-291: task 10: Aborted (core dumped)
srun: error: cr1-h100-p548xlarge-78: task 5: Aborted (core dumped)
srun: error: cr1-h100-p548xlarge-78: task 3: Aborted (core dumped)
srun: error: cr1-h100-p548xlarge-78: tasks 1-2: Aborted (core dumped)
srun: error: cr1-h100-p548xlarge-291: tasks 11-12,14-15: Aborted (core dumped)
srun: error: cr1-h100-p548xlarge-78: task 0: Terminated
srun: error: cr1-h100-p548xlarge-78: task 7: Killed
srun: error: cr1-h100-p548xlarge-291: task 8: Killed
srun: Force Terminated StepId=1491934.0
