/var/spool/slurmd/job1572657/slurm_script: line 24: /fsx-ram/chuanyang/miniconda3/bin/activate: No such file or directory
[08/21/25 14:10:58] INFO     fairseq2 - Log files are stored under              
                             /checkpoint/ram/chuanyang/dpo/rlhi_0821_preference_
                             pairs_0819_rip_1177_LR7e-7_FLR1e-15_BT0.1_WP30_EPS1
                             e-8.                                               
                    INFO     fairseq2 - Config:                                 
                             {                                                  
                                 'model': {                                     
                                     'name': 'llama3_1_8b_instruct',            
                                     'family': None,                            
                                     'arch': None,                              
                                     'config_overrides': None,                  
                                     'path': None,                              
                                     'mmap': False,                             
                                     'compile': False,                          
                                     'compile_options': {                       
                                         'fullgraph': False,                    
                                         'dynamic': None,                       
                                         'mode': 'default',                     
                                         'backend': 'inductor',                 
                                         'backend_options': None                
                                     }                                          
                                 },                                             
                                 'dataset': {                                   
                                     'name': 'dpo_rip',                         
                                     'path':                                    
                             '/home/chuanyang/data/preference_pairs_0819_rip_117
                             7.jsonl',                                          
                                     'family': 'generic_preference',            
                                     'source_encode_mode': 'prompt',            
                                     'target_encode_mode': 'prompt_response',   
                                     'mask_source_tokens': True,                
                                     'min_seq_len': 1,                          
                                     'max_seq_len': 8192,                       
                                     'max_num_tokens': 8192,                    
                                     'batch_size': 1,                           
                                     'example_shuffle_window': 10000,           
                                     'batch_shuffle_window': 1000,              
                                     'num_prefetch': 4,                         
                                     'extras': {},                              
                                     'chat_mode': False                         
                                 },                                             
                                 'tokenizer': {'name': 'llama3_instruct'},      
                                 'gang': {'tensor_parallel_size': 1, 'timeout': 
                             15, 'high_priority': True},                        
                                 'trainer': {                                   
                                     'dtype': 'bfloat16',                       
                                     'data_parallelism': 'fsdp',                
                                     'fsdp': {                                  
                                         'version': 'v1',                       
                                         'granularity': 'layer',                
                                         'hybrid': False,                       
                                         'reshard_after_forward': True,         
                                         'fp32_reduce': True                    
                                     },                                         
                                     'mixed_precision': 'static',               
                                     'grad_accumulation': {'num_batches': 4,    
                             'no_sync': False},                                 
                                     'activation_checkpointing': {'mode':       
                             'layerwise', 'every_nth_layer': 1},                
                                     'max_grad_norm': 1,                        
                                     'fp16_loss_scale': [128.0, 0.0001],        
                                     'gc_every_n_steps': None,                  
                                     'grad_check': False,                       
                                     'anomaly_detection': False                 
                                 },                                             
                                 'criterion': {                                 
                                     'name': 'dpo',                             
                                     'config': {                                
                                         'reference_model': {                   
                                             'name': 'llama3_1_8b_instruct',    
                                             'mmap': False,                     
                                             'compile': False,                  
                                             'compile_options': {               
                                                 'fullgraph': False,            
                                                 'dynamic': None,               
                                                 'mode': 'default',             
                                                 'backend': 'inductor',         
                                                 'backend_options': None        
                                             }                                  
                                         },                                     
                                         'beta': 0.1,                           
                                         'nll_scale': 0.0,                      
                                         'nll_length_normalization': True,      
                                         'length_normalization': False          
                                     }                                          
                                 },                                             
                                 'optimizer': {                                 
                                     'name': 'adamw',                           
                                     'config': {                                
                                         'lr': 7e-07,                           
                                         'betas': [0.9, 0.95],                  
                                         'eps': 1e-08,                          
                                         'weight_decay': 0.1,                   
                                         'amsgrad': False,                      
                                         'maximize': False,                     
                                         'capturable': False,                   
                                         'differentiable': False,               
                                         'impl': 'auto'                         
                                     }                                          
                                 },                                             
                                 'lr_scheduler': {                              
                                     'name': 'cosine_annealing',                
                                     'config': {                                
                                         'cycle_len': None,                     
                                         'num_warmup_steps': 30,                
                                         'cycle_mul': 1.0,                      
                                         'lr_mul': 1.0,                         
                                         'start_lr': 0.0,                       
                                         'final_lr': 1e-15,                     
                                         'final_lr_scale': None                 
                                     }                                          
                                 },                                             
                                 'regime': {                                    
                                     'num_steps': 2000,                         
                                     'num_data_epochs': 10000,                  
                                     'validate_at_start': False,                
                                     'validate_after_n_steps': 0,               
                                     'validate_every_n_steps': None,            
                                     'validate_after_n_data_epochs': 0,         
                                     'validate_every_n_data_epochs': None,      
                                     'checkpoint_after_n_steps': 0,             
                                     'checkpoint_every_n_steps': 50,            
                                     'checkpoint_after_n_data_epochs': 0,       
                                     'checkpoint_every_n_data_epochs': None,    
                                     'save_model_only': True,                   
                                     'save_as_hugging_face': True,              
                                     'keep_last_n_checkpoints': 2,              
                                     'keep_best_n_checkpoints': None,           
                                     'keep_checkpoint_every_n_steps': None,     
                                     'publish_metrics_after_n_steps': 0,        
                                     'publish_metrics_every_n_steps': 1,        
                                     'publish_metrics_after_n_data_epochs': 0,  
                                     'publish_metrics_every_n_data_epochs': None
                                 },                                             
                                 'common': {                                    
                                     'torch': {                                 
                                         'num_threads': None,                   
                                         'allow_tf32': True,                    
                                         'fp16_reduced_precision': True,        
                                         'bf16_reduced_precision': True,        
                                         'default_sdpa': 'torch_math',          
                                         'compiled_region_activation_memory_budg
                             et': 1.0                                           
                                     },                                         
                                     'metric_recorders': {                      
                                         'log': {'enabled': True},              
                                         'jsonl': {'enabled': True},            
                                         'tensorboard': {'enabled': True},      
                                         'wandb': {                             
                                             'enabled': True,                   
                                             'entity': None,                    
                                             'project': 'rlhi_0821',            
                                             'run_id': 'auto',                  
                                             'run_name':                        
                             'rlhi_0821_preference_pairs_0819_rip_1177_LR7e-7_FL
                             R1e-15_BT0.1_WP30_EPS1e-8',                        
                                             'group': None,                     
                                             'job_type': None,                  
                                             'resume_mode': 'allow'             
                                         }                                      
                                     },                                         
                                     'profilers': {                             
                                         'torch': {                             
                                             'enabled': False,                  
                                             'skip_n_steps': 4,                 
                                             'wait_n_steps': 0,                 
                                             'num_warmup_steps': 1,             
                                             'num_active_steps': 4,             
                                             'repeat': 1                        
                                         }                                      
                                     },                                         
                                     'assets': {'extra_path': None,             
                             'checkpoint_dir': None},                           
                                     'seed': 2                                  
                                 }                                              
                             }                                                  
                    INFO     fairseq2 - Setting the number of threads used for  
                             intra-op parallelism to 10.                        
                    INFO     fairseq2 - Default SDPA variant set to             
                             'torch_math'.                                      
[08/21/25 14:11:02] INFO     fairseq2 - Setting 'cuda:0' as the default device  
                             of the process.                                    
                    INFO     fairseq2 - Host - Name: cr1-h100-p548xlarge-23 |   
                             Platform:                                          
                             Linux-6.8.0-1033-aws-x86_64-with-glibc2.35 | Linux 
                             Distribution: Ubuntu 22.04.5 LTS | Number of CPUs: 
                             10/192 (0,48,58-60,96,144,154-156) | Memory: 1.95  
                             TiB                                                
                    INFO     fairseq2 - Device - ID: cuda:0 | Name: NVIDIA H100 
                             80GB HBM3 | Memory: 79.19 GiB | Number of SMs: 132 
                             | Compute Capability: 9.0                          
                    INFO     fairseq2 - Software - Python: 3.10.14 | PyTorch:   
                             2.6.0+cu124 | CUDA: 12.4 | NCCL: 2.21.5 | fairseq2:
                             0.5.0.dev0 | fairseq2n:                            
                             0.5.0.dev202508040151+g530716a.cu124 | Python      
                             Environment: Conda                                 
                             (/home/chuanyang/miniconda3/envs/fairseq2)         
                    INFO     fairseq2 - Runtime Environment - Process ID: 807776
                             | PyTorch Intraop Thread Count: 10                 
                    INFO     fairseq2 - Environment Variables -                 
                             SLURM_GPUS_PER_NODE=8, SLURM_TRES_PER_TASK=cpu=10, 
                             OMPI_MCA_plm_slurm_args=--external-launcher,       
                             PRTE_MCA_plm_slurm_args=--external-launcher,       
                             HYDRA_BOOTSTRAP=slurm,                             
                             HYDRA_LAUNCHER_EXTRA_ARGS=--external-launcher,     
                             I_MPI_HYDRA_BOOTSTRAP=slurm,                       
                             I_MPI_HYDRA_BOOTSTRAP_EXEC_EXTRA_ARGS=--external-la
                             uncher, SHELL=/bin/bash, COLORTERM=truecolor,      
                             SLURM_JOB_USER=chuanyang,                          
                             SLURM_TASKS_PER_NODE=8(x3), SLURM_JOB_UID=694137,  
                             WANDB_BASE_URL=https://fairwandb.org,              
                             TERM_PROGRAM_VERSION=1.103.1,                      
                             SLURM_TASK_PID=807776,                             
                             CONDA_EXE=/home/chuanyang/miniconda3/bin/conda,    
                             SLURM_JOB_GPUS=0,1,2,3,4,5,6,7, SLURM_LOCALID=0,   
                             SLURM_SUBMIT_DIR=/opt/hpcaas/.mounts/fs-072917c00f0
                             1ae1ba/home/chuanyang/dpo,                         
                             HOSTNAME=cr1-h100-p548xlarge-23,                   
                             SLURMD_NODENAME=cr1-h100-p548xlarge-23,            
                             SLURM_JOB_START_TIME=1755785411,                   
                             SSH_AUTH_SOCK=/run/user/694137/vscode-ssh-auth-sock
                             -633714718,                                        
                             CUDA_CACHE_PATH=/opt/dlami/nvme/chuanyang/.nv/Compu
                             teCache/, HISTTIMEFORMAT=%F %T ,                   
                             SLURM_CLUSTER_NAME=fair-aws-h100-1,                
                             SLURM_JOB_END_TIME=1755821411,                     
                             FI_EFA_USE_HUGE_PAGE=0, SLURM_CPUS_ON_NODE=80,     
                             SLURM_JOB_CPUS_PER_NODE=80(x3),                    
                             SLURM_GPUS_ON_NODE=8, PWD=/home/chuanyang/dpo,     
                             SLURM_GTIDS=0,1,2,3,4,5,6,7, LOGNAME=chuanyang,    
                             XDG_SESSION_TYPE=tty,                              
                             CONDA_PREFIX=/home/chuanyang/miniconda3/envs/fairse
                             q2, SLURM_JOB_PARTITION=learn,                     
                             MODULESHOME=/usr/share/modules, MANPATH=:,         
                             SLURM_OOM_KILL_STEP=0, SLURM_JOB_NUM_NODES=3,      
                             SLURM_OPEN_MODE=a,                                 
                             VSCODE_GIT_ASKPASS_NODE=/opt/hpcaas/.mounts/fs-0729
                             17c00f01ae1ba/home/chuanyang/.vscode-server/cli/ser
                             vers/Stable-360a4e4fd251bfce169a4ddf857c7d25d1ad40d
                             a/server/node, SLURM_JOBID=1572657,                
                             SLURM_JOB_QOS=alignment_shared, MOTD_SHOWN=pam,    
                             HOME=/home/chuanyang, LANG=C.UTF-8, SLURM_PROCID=0,
                             CLUSTER_ID=fair-aws-h100-1,                        
                             SSL_CERT_DIR=/usr/lib/ssl/certs,                   
                             CONDA_PROMPT_MODIFIER=(fairseq2) , TMPDIR=/tmp,    
                             GIT_ASKPASS=/opt/hpcaas/.mounts/fs-072917c00f01ae1b
                             a/home/chuanyang/.vscode-server/cli/servers/Stable-
                             360a4e4fd251bfce169a4ddf857c7d25d1ad40da/server/ext
                             ensions/git/dist/askpass.sh,                       
                             SLURM_CPUS_PER_TASK=10, SLURM_NTASKS=24,           
                             SLURM_TOPOLOGY_ADDR=cr1-h100-p548xlarge-23,        
                             SSH_CONNECTION=163.114.130.8 52362 10.200.146.29   
                             22, VSCODE_GIT_ASKPASS_EXTRA_ARGS=,                
                             SLURM_TOPOLOGY_ADDR_PATTERN=node,                  
                             CUDA_VISIBLE_DEVICES=0, LESSCLOSE=/usr/bin/lesspipe
                             %s %s, XDG_SESSION_CLASS=user,                     
                             SLURM_SCRIPT_CONTEXT=prolog_task,                  
                             TERM=xterm-256color, LESSOPEN=| /usr/bin/lesspipe  
                             %s, USER=chuanyang,                                
                             SLURM_NODELIST=cr1-h100-p548xlarge-[23,70,90],     
                             WANDB_API_KEY=local-94bc1b16aff0febd7d5abee21969c9e
                             b2451a048,                                         
                             VSCODE_GIT_IPC_HANDLE=/run/user/694137/vscode-git-0
                             01d571b47.sock, ENVIRONMENT=BATCH, CONDA_SHLVL=2,  
                             LOADEDMODULES=, SLURM_JOB_ACCOUNT=ram,             
                             SLURM_PRIO_PROCESS=0, SLURM_NPROCS=24, SHLVL=3,    
                             SLURM_NNODES=3, WANDB_ENTITY=chuanyang,            
                             XDG_SESSION_ID=313, SLURM_SUBMIT_HOST=submit-1,    
                             CONDA_PYTHON_EXE=/home/chuanyang/miniconda3/bin/pyt
                             hon,                                               
                             LD_LIBRARY_PATH=/usr/local/cuda-12.8/lib:/usr/local
                             /cuda-12.8/lib64:/usr/local/cuda-12.8:/usr/local/cu
                             da-12.8/targets/x86_64-linux/lib/:/usr/local/cuda-1
                             2.8/extras/CUPTI/lib64:/opt/amazon/efa/lib:/opt/ama
                             zon/openmpi/lib:/opt/amazon/ofi-nccl/lib/x86_64-lin
                             ux-gnu:/usr/local/lib:/usr/lib:/usr/local/cuda-12.8
                             /lib:/usr/local/cuda-12.8/lib64:/usr/local/cuda-12.
                             8:/usr/local/cuda-12.8/targets/x86_64-linux/lib/:/u
                             sr/local/cuda-12.8/extras/CUPTI/lib64:/opt/amazon/e
                             fa/lib:/opt/amazon/openmpi/lib:/opt/amazon/ofi-nccl
                             /lib/x86_64-linux-gnu:/usr/local/lib:/usr/lib:/usr/
                             local/cuda-12.8/lib:/usr/local/cuda-12.8/lib64:/usr
                             /local/cuda-12.8:/usr/local/cuda-12.8/targets/x86_6
                             4-linux/lib/:/usr/local/cuda-12.8/extras/CUPTI/lib6
                             4:/opt/amazon/efa/lib:/opt/amazon/openmpi/lib:/opt/
                             amazon/ofi-nccl/lib/x86_64-linux-gnu:/usr/local/lib
                             :/usr/lib, XDG_RUNTIME_DIR=/run/user/694137,       
                             SLURM_JOB_ID=1572657,                              
                             SSL_CERT_FILE=/usr/lib/ssl/certs/ca-certificates.cr
                             t, SLURM_NODEID=0, SSH_CLIENT=163.114.130.8 52362  
                             22, CONDA_DEFAULT_ENV=fairseq2,                    
                             VSCODE_GIT_ASKPASS_MAIN=/opt/hpcaas/.mounts/fs-0729
                             17c00f01ae1ba/home/chuanyang/.vscode-server/cli/ser
                             vers/Stable-360a4e4fd251bfce169a4ddf857c7d25d1ad40d
                             a/server/extensions/git/dist/askpass-main.js,      
                             XDG_DATA_DIRS=/usr/local/share:/usr/share:/var/lib/
                             snapd/desktop,                                     
                             SLURM_CONF=/opt/slurm/etc/slurm.conf,              
                             BROWSER=/opt/hpcaas/.mounts/fs-072917c00f01ae1ba/ho
                             me/chuanyang/.vscode-server/cli/servers/Stable-360a
                             4e4fd251bfce169a4ddf857c7d25d1ad40da/server/bin/hel
                             pers/browser.sh,                                   
                             PATH=/home/chuanyang/miniconda3/envs/fairseq2/bin:/
                             usr/local/sbin:/usr/local/bin:/usr/sbin:/usr/bin:/s
                             bin:/bin:/snap/bin:/opt/slurm/bin:/opt/slurm/sbin, 
                             SLURM_JOB_NAME=dpo_wildchat,                       
                             MODULEPATH=/opt/amazon/modules/modulefiles:/opt/ama
                             zon/modules/modulefiles:/etc/environment-modules/mo
                             dules:/usr/share/modules/versions:/usr/share/module
                             s/$MODULE_VERSION/modulefiles:/usr/share/modules/mo
                             dulefiles, SLURM_NTASKS_PER_NODE=8,                
                             DBUS_SESSION_BUS_ADDRESS=unix:path=/run/user/694137
                             /bus, CONDA_PREFIX_1=/home/chuanyang/miniconda3,   
                             SLURM_JOB_GID=694137, OLDPWD=/home/chuanyang,      
                             SLURM_JOB_NODELIST=cr1-h100-p548xlarge-[23,70,90], 
                             MODULES_CMD=/usr/lib/x86_64-linux-gnu/modulecmd.tcl
                             , TERM_PROGRAM=vscode,                             
                             VSCODE_IPC_HOOK_CLI=/run/user/694137/vscode-ipc-b16
                             f5b38-f9f4-4171-9a49-498f6d535282.sock,            
                             _=/opt/slurm/bin/srun, SLURM_MPI_TYPE=pmi2,        
                             SRUN_DEBUG=3, SLURM_UMASK=0002,                    
                             SLURM_DISTRIBUTION=block, SLURMD_DEBUG=2,          
                             SLURM_STEP_ID=0, SLURM_STEPID=0,                   
                             SLURM_STEP_NODELIST=cr1-h100-p548xlarge-[23,70,90],
                             SLURM_STEP_NUM_NODES=3, SLURM_STEP_NUM_TASKS=24,   
                             SLURM_STEP_TASKS_PER_NODE=8(x3),                   
                             SLURM_STEP_LAUNCHER_PORT=60735,                    
                             SLURM_SRUN_COMM_PORT=60735,                        
                             SLURM_SRUN_COMM_HOST=10.200.164.112,               
                             SLURM_STEP_GPUS=0,1,2,3,4,5,6,7,                   
                             SLURM_CPU_BIND=quiet,mask_cpu:0x000000001C010000000
                             00001000000001C01000000000001,0x00000003E0000000000
                             0000000000003E000000000000000,0x0000007C00000000000
                             000000000007C0000000000000000,0x00000F8000000000000
                             0000000000F800000000000000000,0x0001F00000000000000
                             000000001F0000000000000000000,0x003E000000000000000
                             00000003E00000000000000000000,0x07C0000000000000000
                             0000007C000000000000000000000,0xF800000000000000000
                             00000F80000000000000000000000,                     
                             SLURM_CPU_BIND_LIST=0x000000001C0100000000000100000
                             0001C01000000000001,0x00000003E00000000000000000000
                             003E000000000000000,0x0000007C000000000000000000000
                             07C0000000000000000,0x00000F80000000000000000000000
                             F800000000000000000,0x0001F00000000000000000000001F
                             0000000000000000000,0x003E00000000000000000000003E0
                             0000000000000000000,0x07C00000000000000000000007C00
                             0000000000000000000,0xF80000000000000000000000F8000
                             0000000000000000000, SLURM_CPU_BIND_TYPE=mask_cpu:,
                             SLURM_CPU_BIND_VERBOSE=quiet,                      
                             SLURM_LAUNCH_NODE_IPADDR=10.200.164.112, PMI_FD=17,
                             PMI_JOBID=1572657.0, PMI_RANK=0, PMI_SIZE=24,      
                             _RJEM_MALLOC_CONF=dirty_decay_ms:500,muzzy_decay_ms
                             :-1, RAY_CLIENT_MODE=0, NCCL_CUMEM_ENABLE=0,       
                             PYTORCH_NVML_BASED_CUDA_CHECK=1,                   
                             TORCHINDUCTOR_COMPILE_THREADS=1,                   
                             TORCHINDUCTOR_CACHE_DIR=/tmp/torchinductor_chuanyan
                             g, WORLD_SIZE=24, RANK=0, LOCAL_WORLD_SIZE=8,      
                             LOCAL_RANK=0, MASTER_ADDR=cr1-h100-p548xlarge-23,  
                             MASTER_PORT=21899, TORCH_CPP_LOG_LEVEL=INFO,       
                             NCCL_DEBUG=INFO,                                   
                             NCCL_DEBUG_FILE=/checkpoint/ram/chuanyang/dpo/rlhi_
                             0821_preference_pairs_0819_rip_1177_LR7e-7_FLR1e-15
                             _BT0.1_WP30_EPS1e-8/logs/nccl/rank_0.log,          
                             TORCH_SHOW_CPP_STACKTRACES=1,                      
                             TRITON_CACHE_DIR=/checkpoint/ram/chuanyang/dpo/rlhi
                             _0821_preference_pairs_0819_rip_1177_LR7e-7_FLR1e-1
                             5_BT0.1_WP30_EPS1e-8/cache/triton/rank_0,          
                             PYTORCH_KERNEL_CACHE_PATH=/checkpoint/ram/chuanyang
                             /dpo/rlhi_0821_preference_pairs_0819_rip_1177_LR7e-
                             7_FLR1e-15_BT0.1_WP30_EPS1e-8/cache/torch/jit,     
                             CUDA_MODULE_LOADING=LAZY                           
                    INFO     fairseq2 - Initializing the root gang.             
[08/21/25 14:11:06] INFO     fairseq2 - Root gang initialized.                  
                    INFO     fairseq2 - Initializing parallel gangs.            
                    INFO     fairseq2 - Initializing data parallel gang with 24 
                             process(es).                                       
                    INFO     fairseq2 - Data parallel gang initialized.         
                    INFO     fairseq2 - Initializing tensor parallel gang with 1
                             process(es).                                       
                    INFO     fairseq2 - Tensor parallel gang initialized.       
                    INFO     fairseq2 - Initializing pipeline parallel gang with
                             1 process(es).                                     
                    INFO     fairseq2 - Pipeline parallel gang initialized.     
                    INFO     fairseq2 - Parallel gangs initialized.             
                    INFO     fairseq2 - Performing a collective barrier call to 
                             warm up gangs. This can take up to several minutes 
                             depending on the topology.                         
[08/21/25 14:11:10] INFO     fairseq2 - Gangs warmed up.                        
                    INFO     fairseq2 - Process Ranks - Data: 0 |               
                             Data/Replicated: 0 | Data/Sharded: 0 | Tensor: 0 | 
                             Pipeline: 0                                        
                    INFO     fairseq2 - Model Config:                           
                             LLaMAConfig(                                       
                                 model_dim=4096,                                
                                 max_seq_len=131072,                            
                                 vocab_size=128256,                             
                                 pad_idx=128004,                                
                                 tied_embeddings=False,                         
                                 num_layers=32,                                 
                                 num_attn_heads=32,                             
                                 num_key_value_heads=8,                         
                                 ffn_inner_dim=16384,                           
                                 ffn_inner_dim_scale=0.6666666666666666,        
                                 ffn_inner_dim_multiplier=1.3,                  
                                 ffn_inner_dim_multiple_of=1024,                
                                 rope_theta=500000.0,                           
                                 use_scaled_rope=True,                          
                                 rope_scale=LLaMARoPEScaleConfig(               
                                     factor=8.0,                                
                                     frequency_factors=(1.0, 4.0),              
                                     original_context_length=8192               
                                 ),                                             
                                 dropout_p=0.0,                                 
                                 init_std=None,                                 
                                 init_std_scale='layer',                        
                                 shard_embed_dim=False,                         
                                 hg_config_class='LlamaConfig',                 
                                 hg_architecture='LlamaForCausalLM'             
                             )                                                  
                    INFO     fairseq2 - Loading 'llama3_1_8b_instruct' model on 
                             data parallel rank 0.                              

[08/21/25 14:11:46] INFO     fairseq2 - Model loaded on data parallel rank 0.   
                    INFO     fairseq2 - Wrapping the model with FSDP1 and       
                             broadcasting to all processes.                     
                    INFO     fairseq2 - Model wrapped with FSDP1 and            
                             broadcasted.                                       
                    INFO     fairseq2 - Model (rank 0) - Parameter Size:        
                             334,594,219 | Parameter Size (bytes): 1.25 GiB |   
                             Trainable Parameter Size: 334,594,219 | Trainable  
                             Parameter Size (bytes): 1.25 GiB | Buffer Size:    
                             16,777,344 | Buffer Size (bytes): 64.00 MiB | Total
                             Size: 351,371,563 | Total Size (bytes): 1.31 GiB   
                             FullyShardedDataParallel(                          
                               (_fsdp_wrapped_module): TransformerLM(           
                                 model_dim=4096, pad_idx=128004,                
                             max_seq_len=131072                                 
                                 (decoder_frontend):                            
                             TransformerEmbeddingFrontend(                      
                                   (embed):                                     
                             StandardEmbedding(num_embeddings=128256,           
                             embed_dim=4096, pad_idx=128004, init_fn=init_embed)
                                   (pos_encoder): None                          
                                   (dropout): None                              
                                 )                                              
                                 (decoder): StandardTransformerLMDecoder(       
                                   (layers): ModuleList(                        
                                     (0-31): 32 x FullyShardedDataParallel(     
                                       (_fsdp_wrapped_module):                  
                             CheckpointWrapper(                                 
                                         (_checkpoint_wrapped_module):          
                             StandardTransformerLMDecoderLayer(                 
                                           norm_order=PRE                       
                                           (self_attn_layer_norm):              
                             RMSNorm(normalized_shape=(4096,), eps=1E-05,       
                             elementwise_affine=True)                           
                                           (self_attn):                         
                             StandardMultiheadAttention(                        
                                             num_heads=32,                      
                             num_key_value_heads=8, num_query_groups=4          
                                             (q_proj): Linear(input_dim=4096,   
                             output_dim=4096, bias=False,                       
                             init_fn=init_projection)                           
                                             (k_proj): Linear(input_dim=4096,   
                             output_dim=1024, bias=False,                       
                             init_fn=init_projection)                           
                                             (v_proj): Linear(input_dim=4096,   
                             output_dim=1024, bias=False,                       
                             init_fn=init_projection)                           
                                             (q_norm): None                     
                                             (k_norm): None                     
                                             (pos_encoder):                     
                             RotaryEncoder(encoding_dim=128, max_seq_len=131072,
                             theta=500000.0, freqs_init_fn=init_rope_freqs)     
                                             (sdpa):                            
                             TorchSDPA(bias=CausalAttentionBias(), dropout_p=0) 
                                             (output_proj):                     
                             Linear(input_dim=4096, output_dim=4096, bias=False,
                             init_fn=init_projection)                           
                                           )                                    
                                           (self_attn_dropout): None            
                                           (self_attn_residual):                
                             AdditiveResidualConnect()                          
                                           (ffn_layer_norm):                    
                             RMSNorm(normalized_shape=(4096,), eps=1E-05,       
                             elementwise_affine=True)                           
                                           (ffn): GLUFeedForwardNetwork(        
                                             inner_dim_scale=0.666667,          
                             inner_dim_to_multiple=1024                         
                                             (gate_proj): Linear(input_dim=4096,
                             output_dim=14336, bias=False,                      
                             init_fn=init_projection)                           
                                             (gate_activation): SiLU()          
                                             (inner_proj):                      
                             Linear(input_dim=4096, output_dim=14336,           
                             bias=False, init_fn=init_projection)               
                                             (inner_dropout): None              
                                             (output_proj):                     
                             Linear(input_dim=14336, output_dim=4096,           
                             bias=False, init_fn=init_projection)               
                                           )                                    
                                           (ffn_dropout): None                  
                                           (ffn_residual):                      
                             AdditiveResidualConnect()                          
                                         )                                      
                                       )                                        
                                     )                                          
                                   )                                            
                                   (layer_norm):                                
                             RMSNorm(normalized_shape=(4096,), eps=1E-05,       
                             elementwise_affine=True)                           
                                   (dropout): None                              
                                 )                                              
                                 (final_proj): Linear(input_dim=4096,           
                             output_dim=128256, bias=False,                     
                             init_fn=init_projection)                           
                               )                                                
                             )                                                  
                    INFO     fairseq2 - Loading the dataset.                    
[08/21/25 14:11:47] INFO     fairseq2 - Dataset loaded.                         
                    INFO     fairseq2 - Loading 'llama3_instruct' tokenizer.    
                    INFO     fairseq2 - Tokenizer loaded.                       
                    INFO     fairseq2 - Tokenizer - Size: 128,256 | UNK: None | 
                             BOS: 128000 | EOS: 128009 | PAD: 128004 | BOH:     
                             128006 | EOH: 128007                               
                    INFO     fairseq2 - Setting up DPO with reference model.    
                    INFO     fairseq2 - Loading 'llama3_1_8b_instruct' model on 
                             data parallel rank 0.                              

[08/21/25 14:11:58] INFO     fairseq2 - Model loaded on data parallel rank 0.   
                    INFO     fairseq2 - Broadcasting 'llama3_1_8b_instruct'     
                             model to all processes.                            
                    INFO     fairseq2 - Model broadcasted.                      
                    INFO     fairseq2 - Model (rank 0) - Parameter Size:        
                             8,030,261,248 | Parameter Size (bytes): 14.96 GiB |
                             Trainable Parameter Size: 8,030,261,248 | Trainable
                             Parameter Size (bytes): 14.96 GiB | Buffer Size:   
                             16,777,344 | Buffer Size (bytes): 64.00 MiB | Total
                             Size: 8,047,038,592 | Total Size (bytes): 15.02 GiB
                             TransformerLM(                                     
                               model_dim=4096, pad_idx=128004,                  
                             max_seq_len=131072                                 
                               (decoder_frontend): TransformerEmbeddingFrontend(
                                 (embed):                                       
                             StandardEmbedding(num_embeddings=128256,           
                             embed_dim=4096, pad_idx=128004, init_fn=init_embed)
                                 (pos_encoder): None                            
                                 (dropout): None                                
                               )                                                
                               (decoder): StandardTransformerLMDecoder(         
                                 (layers): ModuleList(                          
                                   (0-31): 32 x                                 
                             StandardTransformerLMDecoderLayer(                 
                                     norm_order=PRE                             
                                     (self_attn_layer_norm):                    
                             RMSNorm(normalized_shape=(4096,), eps=1E-05,       
                             elementwise_affine=True)                           
                                     (self_attn): StandardMultiheadAttention(   
                                       num_heads=32, num_key_value_heads=8,     
                             num_query_groups=4                                 
                                       (q_proj): Linear(input_dim=4096,         
                             output_dim=4096, bias=False,                       
                             init_fn=init_projection)                           
                                       (k_proj): Linear(input_dim=4096,         
                             output_dim=1024, bias=False,                       
                             init_fn=init_projection)                           
                                       (v_proj): Linear(input_dim=4096,         
                             output_dim=1024, bias=False,                       
                             init_fn=init_projection)                           
                                       (q_norm): None                           
                                       (k_norm): None                           
                                       (pos_encoder):                           
                             RotaryEncoder(encoding_dim=128, max_seq_len=131072,
                             theta=500000.0, freqs_init_fn=init_rope_freqs)     
                                       (sdpa):                                  
                             TorchSDPA(bias=CausalAttentionBias(), dropout_p=0) 
                                       (output_proj): Linear(input_dim=4096,    
                             output_dim=4096, bias=False,                       
                             init_fn=init_projection)                           
                                     )                                          
                                     (self_attn_dropout): None                  
                                     (self_attn_residual):                      
                             AdditiveResidualConnect()                          
                                     (ffn_layer_norm):                          
                             RMSNorm(normalized_shape=(4096,), eps=1E-05,       
                             elementwise_affine=True)                           
                                     (ffn): GLUFeedForwardNetwork(              
                                       inner_dim_scale=0.666667,                
                             inner_dim_to_multiple=1024                         
                                       (gate_proj): Linear(input_dim=4096,      
                             output_dim=14336, bias=False,                      
                             init_fn=init_projection)                           
                                       (gate_activation): SiLU()                
                                       (inner_proj): Linear(input_dim=4096,     
                             output_dim=14336, bias=False,                      
                             init_fn=init_projection)                           
                                       (inner_dropout): None                    
                                       (output_proj): Linear(input_dim=14336,   
                             output_dim=4096, bias=False,                       
                             init_fn=init_projection)                           
                                     )                                          
                                     (ffn_dropout): None                        
                                     (ffn_residual): AdditiveResidualConnect()  
                                   )                                            
                                 )                                              
                                 (layer_norm): RMSNorm(normalized_shape=(4096,),
                             eps=1E-05, elementwise_affine=True)                
                                 (dropout): None                                
                               )                                                
                               (final_proj): Linear(input_dim=4096,             
                             output_dim=128256, bias=False,                     
                             init_fn=init_projection)                           
                             )                                                  
                    INFO     fairseq2 - DPO setup complete.                     
wandb: Currently logged in as: chuanyang to https://fairwandb.org. Use `wandb login --relogin` to force relogin
wandb: Using wandb-core as the SDK backend.  Please refer to https://wandb.me/wandb-core for more information.
wandb: Tracking run with wandb version 0.19.6
wandb: Run data is saved locally in /checkpoint/ram/chuanyang/dpo/rlhi_0821_preference_pairs_0819_rip_1177_LR7e-7_FLR1e-15_BT0.1_WP30_EPS1e-8/wandb/run-20250821_141158-rwsuh36t
wandb: Run `wandb offline` to turn off syncing.
wandb: Syncing run rlhi_0821_preference_pairs_0819_rip_1177_LR7e-7_FLR1e-15_BT0.1_WP30_EPS1e-8
wandb: ⭐️ View project at https://fairwandb.org/chuanyang/rlhi_0821
wandb: 🚀 View run at https://fairwandb.org/chuanyang/rlhi_0821/runs/rwsuh36t
[08/21/25 14:12:00] INFO     fairseq2 - Running on 24 process(es).              
[08/21/25 14:12:21] INFO     fairseq2 - Train Metrics (step 1) - DPO Loss:      
                             0.677327 | Chosen Sequence Log Probabilities:      
                             -595.753 | Rejected Sequence Log Probabilities:    
                             -655.891 | Chosen Sequence Length: 777.604 |       
                             Rejected Sequence Length: 649.823 | NLL Loss:      
                             0.766408 | Gradient Norm: 95.669 | Data Epoch: 1 | 
                             Data Time: <1s | Compute Time: 19s | Lapse Time:   
                             20s | Total Time: 82s | Wall Time: 82s | Learning  
                             Rate: 0 | Batch Size: 96 | Elements per Batch:     
                             177,687 | Elements per Second: 8,719 | Number of   
                             Examples: 96 | Number of Elements: 177,687 | Number
                             of Target Elements: 74,650 | Padding: 0 | Padding  
                             Ratio (%): 0% | Total Number of Examples: 96 |     
                             Total Number of Elements: 177,687 | Total Number of
                             Target Elements: 74,650 | Peak Active Device       
                             Memory: 61.61 GiB | Peak Active Device Memory (%): 
                             78% | Peak Reserved Device Memory: 74.24 GiB | Peak
                             Reserved Device Memory (%): 94%                    
[08/21/25 14:12:38] INFO     fairseq2 - Train Metrics (step 2) - DPO Loss:      
                             0.693726 | Chosen Sequence Log Probabilities:      
                             -571.361 | Rejected Sequence Log Probabilities:    
                             -613.602 | Chosen Sequence Length: 771.375 |       
                             Rejected Sequence Length: 644.198 | NLL Loss:      
                             0.740536 | Gradient Norm: 100.636 | Data Epoch: 1 |
                             Data Time: <1s | Compute Time: 17s | Lapse Time:   
                             17s | Total Time: 100s | Wall Time: 100s | Learning
                             Rate: 2.33333e-08 | Batch Size: 96 | Elements per  
                             Batch: 181,329 | Elements per Second: 10,251 |     
                             Number of Examples: 96 | Number of Elements:       
                             181,329 | Number of Target Elements: 74,052 |      
                             Padding: 0 | Padding Ratio (%): 0% | Total Number  
                             of Examples: 192 | Total Number of Elements:       
                             359,016 | Total Number of Target Elements: 148,702 
                             | Peak Active Device Memory: 61.84 GiB | Peak      
                             Active Device Memory (%): 79% | Peak Reserved      
                             Device Memory: 73.86 GiB | Peak Reserved Device    
                             Memory (%): 94%                                    
[08/21/25 14:12:53] INFO     fairseq2 - Train Metrics (step 3) - DPO Loss:      
                             0.712097 | Chosen Sequence Log Probabilities:      
                             -621.154 | Rejected Sequence Log Probabilities:    
                             -622.885 | Chosen Sequence Length: 845.385 |       
                             Rejected Sequence Length: 659.781 | NLL Loss:      
                             0.734554 | Gradient Norm: 121.499 | Data Epoch: 1 |
                             Data Time: <1s | Compute Time: 14s | Lapse Time:   
                             14s | Total Time: 115s | Wall Time: 115s | Learning
                             Rate: 4.66667e-08 | Batch Size: 96 | Elements per  
                             Batch: 172,620 | Elements per Second: 11,594 |     
                             Number of Examples: 96 | Number of Elements:       
                             172,620 | Number of Target Elements: 81,157 |      
                             Padding: 0 | Padding Ratio (%): 0% | Total Number  
                             of Examples: 288 | Total Number of Elements:       
                             531,636 | Total Number of Target Elements: 229,859 
                             | Peak Active Device Memory: 59.66 GiB | Peak      
                             Active Device Memory (%): 76% | Peak Reserved      
                             Device Memory: 73.76 GiB | Peak Reserved Device    
                             Memory (%): 94%                                    
[08/21/25 14:13:13] INFO     fairseq2 - Train Metrics (step 4) - DPO Loss:      
                             0.687988 | Chosen Sequence Log Probabilities:      
                             -622.24 | Rejected Sequence Log Probabilities:     
                             -647.99 | Chosen Sequence Length: 795.427 |        
                             Rejected Sequence Length: 660.75 | NLL Loss:       
                             0.78203 | Gradient Norm: 94.8424 | Data Epoch: 1 | 
                             Data Time: <1s | Compute Time: 19s | Lapse Time:   
                             19s | Total Time: 135s | Wall Time: 135s | Learning
                             Rate: 7e-08 | Batch Size: 96 | Elements per Batch: 
                             185,322 | Elements per Second: 9,622 | Number of   
                             Examples: 96 | Number of Elements: 185,322 | Number
                             of Target Elements: 76,361 | Padding: 0 | Padding  
                             Ratio (%): 0% | Total Number of Examples: 384 |    
                             Total Number of Elements: 716,958 | Total Number of
                             Target Elements: 306,220 | Peak Active Device      
                             Memory: 60.88 GiB | Peak Active Device Memory (%): 
                             77% | Peak Reserved Device Memory: 73.50 GiB | Peak
                             Reserved Device Memory (%): 93%                    
[08/21/25 14:13:30] INFO     fairseq2 - Train Metrics (step 5) - DPO Loss:      
                             0.70577 | Chosen Sequence Log Probabilities:       
                             -532.549 | Rejected Sequence Log Probabilities:    
                             -613.443 | Chosen Sequence Length: 738.042 |       
                             Rejected Sequence Length: 653.76 | NLL Loss:       
                             0.721536 | Gradient Norm: 98.9114 | Data Epoch: 1 |
                             Data Time: <1s | Compute Time: 17s | Lapse Time:   
                             17s | Total Time: 152s | Wall Time: 152s | Learning
                             Rate: 9.33333e-08 | Batch Size: 96 | Elements per  
                             Batch: 179,649 | Elements per Second: 10,243 |     
                             Number of Examples: 96 | Number of Elements:       
                             179,649 | Number of Target Elements: 70,852 |      
                             Padding: 0 | Padding Ratio (%): 0% | Total Number  
                             of Examples: 480 | Total Number of Elements:       
                             896,607 | Total Number of Target Elements: 377,072 
                             | Peak Active Device Memory: 62.29 GiB | Peak      
                             Active Device Memory (%): 79% | Peak Reserved      
                             Device Memory: 73.77 GiB | Peak Reserved Device    
                             Memory (%): 94%                                    
[08/21/25 14:13:50] INFO     fairseq2 - Train Metrics (step 6) - DPO Loss:      
                             0.69637 | Chosen Sequence Log Probabilities:       
                             -493.74 | Rejected Sequence Log Probabilities:     
                             -544.939 | Chosen Sequence Length: 844.646 |       
                             Rejected Sequence Length: 695.365 | NLL Loss:      
                             0.584527 | Gradient Norm: 99.7136 | Data Epoch: 1 |
                             Data Time: <1s | Compute Time: 19s | Lapse Time:   
                             19s | Total Time: 172s | Wall Time: 172s | Learning
                             Rate: 1.16667e-07 | Batch Size: 96 | Elements per  
                             Batch: 198,034 | Elements per Second: 10,059 |     
                             Number of Examples: 96 | Number of Elements:       
                             198,034 | Number of Target Elements: 81,086 |      
                             Padding: 0 | Padding Ratio (%): 0% | Total Number  
                             of Examples: 576 | Total Number of Elements:       
                             1,094,641 | Total Number of Target Elements:       
                             458,158 | Peak Active Device Memory: 63.45 GiB |   
                             Peak Active Device Memory (%): 81% | Peak Reserved 
                             Device Memory: 74.22 GiB | Peak Reserved Device    
                             Memory (%): 94%                                    
[08/21/25 14:14:10] INFO     fairseq2 - Train Metrics (step 7) - DPO Loss:      
                             0.699015 | Chosen Sequence Log Probabilities:      
                             -528.305 | Rejected Sequence Log Probabilities:    
                             -599.057 | Chosen Sequence Length: 728.052 |       
                             Rejected Sequence Length: 677.531 | NLL Loss:      
                             0.725194 | Gradient Norm: 92.416 | Data Epoch: 1 | 
                             Data Time: <1s | Compute Time: 20s | Lapse Time:   
                             20s | Total Time: 192s | Wall Time: 192s | Learning
                             Rate: 1.4e-07 | Batch Size: 96 | Elements per      
                             Batch: 169,292 | Elements per Second: 8,455 |      
                             Number of Examples: 96 | Number of Elements:       
                             169,292 | Number of Target Elements: 69,893 |      
                             Padding: 0 | Padding Ratio (%): 0% | Total Number  
                             of Examples: 672 | Total Number of Elements:       
                             1,263,933 | Total Number of Target Elements:       
                             528,051 | Peak Active Device Memory: 61.22 GiB |   
                             Peak Active Device Memory (%): 78% | Peak Reserved 
                             Device Memory: 73.72 GiB | Peak Reserved Device    
                             Memory (%): 94%                                    
[08/21/25 14:14:28] INFO     fairseq2 - Train Metrics (step 8) - DPO Loss:      
                             0.689494 | Chosen Sequence Log Probabilities:      
                             -618.299 | Rejected Sequence Log Probabilities:    
                             -649.828 | Chosen Sequence Length: 767.344 |       
                             Rejected Sequence Length: 688.552 | NLL Loss:      
                             0.805941 | Gradient Norm: 110.928 | Data Epoch: 1 |
                             Data Time: <1s | Compute Time: 17s | Lapse Time:   
                             17s | Total Time: 210s | Wall Time: 210s | Learning
                             Rate: 1.63333e-07 | Batch Size: 96 | Elements per  
                             Batch: 171,364 | Elements per Second: 9,895 |      
                             Number of Examples: 96 | Number of Elements:       
                             171,364 | Number of Target Elements: 73,665 |      
                             Padding: 0 | Padding Ratio (%): 0% | Total Number  
                             of Examples: 768 | Total Number of Elements:       
                             1,435,297 | Total Number of Target Elements:       
                             601,716 | Peak Active Device Memory: 57.60 GiB |   
                             Peak Active Device Memory (%): 73% | Peak Reserved 
                             Device Memory: 70.61 GiB | Peak Reserved Device    
                             Memory (%): 90%                                    
[08/21/25 14:14:45] INFO     fairseq2 - Train Metrics (step 9) - DPO Loss:      
                             0.700378 | Chosen Sequence Log Probabilities:      
                             -546.109 | Rejected Sequence Log Probabilities:    
                             -613.465 | Chosen Sequence Length: 793.698 |       
                             Rejected Sequence Length: 654.896 | NLL Loss:      
                             0.688017 | Gradient Norm: 107.131 | Data Epoch: 1 |
                             Data Time: <1s | Compute Time: 17s | Lapse Time:   
                             17s | Total Time: 227s | Wall Time: 227s | Learning
                             Rate: 1.86667e-07 | Batch Size: 96 | Elements per  
                             Batch: 184,283 | Elements per Second: 10,516 |     
                             Number of Examples: 96 | Number of Elements:       
                             184,283 | Number of Target Elements: 76,195 |      
                             Padding: 0 | Padding Ratio (%): 0% | Total Number  
                             of Examples: 864 | Total Number of Elements:       
                             1,619,580 | Total Number of Target Elements:       
                             677,911 | Peak Active Device Memory: 64.18 GiB |   
                             Peak Active Device Memory (%): 82% | Peak Reserved 
                             Device Memory: 74.14 GiB | Peak Reserved Device    
                             Memory (%): 94%                                    
[08/21/25 14:15:04] INFO     fairseq2 - Train Metrics (step 10) - DPO Loss:     
                             0.691243 | Chosen Sequence Log Probabilities:      
                             -583.182 | Rejected Sequence Log Probabilities:    
                             -644.732 | Chosen Sequence Length: 784.104 |       
                             Rejected Sequence Length: 676.667 | NLL Loss:      
                             0.74374 | Gradient Norm: 98.8913 | Data Epoch: 1 | 
                             Data Time: <1s | Compute Time: 19s | Lapse Time:   
                             19s | Total Time: 246s | Wall Time: 246s | Learning
                             Rate: 2.1e-07 | Batch Size: 96 | Elements per      
                             Batch: 182,616 | Elements per Second: 9,552 |      
                             Number of Examples: 96 | Number of Elements:       
                             182,616 | Number of Target Elements: 75,274 |      
                             Padding: 0 | Padding Ratio (%): 0% | Total Number  
                             of Examples: 960 | Total Number of Elements:       
                             1,802,196 | Total Number of Target Elements:       
                             753,185 | Peak Active Device Memory: 59.41 GiB |   
                             Peak Active Device Memory (%): 76% | Peak Reserved 
                             Device Memory: 71.19 GiB | Peak Reserved Device    
                             Memory (%): 90%                                    
[08/21/25 14:15:23] INFO     fairseq2 - Train Metrics (step 11) - DPO Loss:     
                             0.659424 | Chosen Sequence Log Probabilities:      
                             -607.651 | Rejected Sequence Log Probabilities:    
                             -650.469 | Chosen Sequence Length: 789.75 |        
                             Rejected Sequence Length: 665.542 | NLL Loss:      
                             0.769457 | Gradient Norm: 108.914 | Data Epoch: 1 |
                             Data Time: <1s | Compute Time: 18s | Lapse Time:   
                             18s | Total Time: 265s | Wall Time: 265s | Learning
                             Rate: 2.33333e-07 | Batch Size: 96 | Elements per  
                             Batch: 167,861 | Elements per Second: 8,876 |      
                             Number of Examples: 96 | Number of Elements:       
                             167,861 | Number of Target Elements: 75,816 |      
                             Padding: 0 | Padding Ratio (%): 0% | Total Number  
                             of Examples: 1,056 | Total Number of Elements:     
                             1,970,057 | Total Number of Target Elements:       
                             829,001 | Peak Active Device Memory: 57.73 GiB |   
                             Peak Active Device Memory (%): 73% | Peak Reserved 
                             Device Memory: 71.19 GiB | Peak Reserved Device    
                             Memory (%): 90%                                    
[08/21/25 14:15:41] INFO     fairseq2 - Train Metrics (step 12) - DPO Loss:     
                             0.643697 | Chosen Sequence Log Probabilities:      
                             -564.238 | Rejected Sequence Log Probabilities:    
                             -647.135 | Chosen Sequence Length: 745.656 |       
                             Rejected Sequence Length: 637.042 | NLL Loss:      
                             0.756852 | Gradient Norm: 96.4754 | Data Epoch: 1 |
                             Data Time: <1s | Compute Time: 18s | Lapse Time:   
                             18s | Total Time: 283s | Wall Time: 283s | Learning
                             Rate: 2.56667e-07 | Batch Size: 96 | Elements per  
                             Batch: 168,128 | Elements per Second: 9,333 |      
                             Number of Examples: 96 | Number of Elements:       
                             168,128 | Number of Target Elements: 71,583 |      
                             Padding: 0 | Padding Ratio (%): 0% | Total Number  
                             of Examples: 1,152 | Total Number of Elements:     
                             2,138,185 | Total Number of Target Elements:       
                             900,584 | Peak Active Device Memory: 63.93 GiB |   
                             Peak Active Device Memory (%): 81% | Peak Reserved 
                             Device Memory: 74.44 GiB | Peak Reserved Device    
                             Memory (%): 95%                                    
[08/21/25 14:15:46] INFO     fairseq2 - Train Metrics (step 13) - DPO Loss:     
                             0.609049 | Chosen Sequence Log Probabilities:      
                             -546.396 | Rejected Sequence Log Probabilities:    
                             -558.25 | Chosen Sequence Length: 785.792 |        
                             Rejected Sequence Length: 616.625 | NLL Loss:      
                             0.695605 | Gradient Norm: 106.729 | Data Epoch: 1 |
                             Data Time: <1s | Compute Time: 4s | Lapse Time: 4s 
                             | Total Time: 288s | Wall Time: 288s | Learning    
                             Rate: 2.8e-07 | Batch Size: 24 | Elements per      
                             Batch: 49,186 | Elements per Second: 9,969 | Number
                             of Examples: 24 | Number of Elements: 49,186 |     
                             Number of Target Elements: 18,859 | Padding: 0 |   
                             Padding Ratio (%): 0% | Total Number of Examples:  
                             1,176 | Total Number of Elements: 2,187,371 | Total
                             Number of Target Elements: 919,443 | Peak Active   
                             Device Memory: 56.30 GiB | Peak Active Device      
                             Memory (%): 72% | Peak Reserved Device Memory:     
                             72.45 GiB | Peak Reserved Device Memory (%): 92%   
[08/21/25 14:15:47] INFO     fairseq2 - End of epoch 1 reached after step 13.   
[08/21/25 14:16:03] INFO     fairseq2 - Train Metrics (step 14) - DPO Loss:     
                             0.619507 | Chosen Sequence Log Probabilities:      
                             -507.698 | Rejected Sequence Log Probabilities:    
                             -573.074 | Chosen Sequence Length: 745.323 |       
                             Rejected Sequence Length: 663.385 | NLL Loss:      
                             0.681222 | Gradient Norm: 87.3502 | Data Epoch: 2 |
                             Data Time: <1s | Compute Time: 16s | Lapse Time:   
                             16s | Total Time: 305s | Wall Time: 305s | Learning
                             Rate: 3.03333e-07 | Batch Size: 96 | Elements per  
                             Batch: 176,040 | Elements per Second: 10,479 |     
                             Number of Examples: 96 | Number of Elements:       
                             176,040 | Number of Target Elements: 71,551 |      
                             Padding: 0 | Padding Ratio (%): 0% | Total Number  
                             of Examples: 1,272 | Total Number of Elements:     
                             2,363,411 | Total Number of Target Elements:       
                             990,994 | Peak Active Device Memory: 59.94 GiB |   
                             Peak Active Device Memory (%): 76% | Peak Reserved 
                             Device Memory: 73.67 GiB | Peak Reserved Device    
                             Memory (%): 94%                                    
[08/21/25 14:16:23] INFO     fairseq2 - Train Metrics (step 15) - DPO Loss:     
                             0.588847 | Chosen Sequence Log Probabilities:      
                             -593.812 | Rejected Sequence Log Probabilities:    
                             -606.165 | Chosen Sequence Length: 828.354 |       
                             Rejected Sequence Length: 638.833 | NLL Loss:      
                             0.71699 | Gradient Norm: 78.9029 | Data Epoch: 2 | 
                             Data Time: <1s | Compute Time: 19s | Lapse Time:   
                             19s | Total Time: 325s | Wall Time: 325s | Learning
                             Rate: 3.26667e-07 | Batch Size: 96 | Elements per  
                             Batch: 180,301 | Elements per Second: 9,161 |      
                             Number of Examples: 96 | Number of Elements:       
                             180,301 | Number of Target Elements: 79,522 |      
                             Padding: 0 | Padding Ratio (%): 0% | Total Number  
                             of Examples: 1,368 | Total Number of Elements:     
                             2,543,712 | Total Number of Target Elements:       
                             1,070,516 | Peak Active Device Memory: 61.75 GiB | 
                             Peak Active Device Memory (%): 78% | Peak Reserved 
                             Device Memory: 73.18 GiB | Peak Reserved Device    
                             Memory (%): 93%                                    
[08/21/25 14:16:42] INFO     fairseq2 - Train Metrics (step 16) - DPO Loss:     
                             0.524109 | Chosen Sequence Log Probabilities:      
                             -528.88 | Rejected Sequence Log Probabilities:     
                             -628.156 | Chosen Sequence Length: 679.812 |       
                             Rejected Sequence Length: 618.177 | NLL Loss:      
                             0.777966 | Gradient Norm: 83.176 | Data Epoch: 2 | 
                             Data Time: <1s | Compute Time: 18s | Lapse Time:   
                             18s | Total Time: 344s | Wall Time: 344s | Learning
                             Rate: 3.5e-07 | Batch Size: 96 | Elements per      
                             Batch: 179,693 | Elements per Second: 9,484 |      
                             Number of Examples: 96 | Number of Elements:       
                             179,693 | Number of Target Elements: 65,262 |      
                             Padding: 0 | Padding Ratio (%): 0% | Total Number  
                             of Examples: 1,464 | Total Number of Elements:     
                             2,723,405 | Total Number of Target Elements:       
                             1,135,778 | Peak Active Device Memory: 58.91 GiB | 
                             Peak Active Device Memory (%): 75% | Peak Reserved 
                             Device Memory: 72.57 GiB | Peak Reserved Device    
                             Memory (%): 92%                                    
[08/21/25 14:17:02] INFO     fairseq2 - Train Metrics (step 17) - DPO Loss:     
                             0.529343 | Chosen Sequence Log Probabilities:      
                             -586.097 | Rejected Sequence Log Probabilities:    
                             -659.578 | Chosen Sequence Length: 809.208 |       
                             Rejected Sequence Length: 693.073 | NLL Loss:      
                             0.724532 | Gradient Norm: 70.6256 | Data Epoch: 2 |
                             Data Time: <1s | Compute Time: 19s | Lapse Time:   
                             19s | Total Time: 364s | Wall Time: 364s | Learning
                             Rate: 3.73333e-07 | Batch Size: 96 | Elements per  
                             Batch: 176,560 | Elements per Second: 9,043 |      
                             Number of Examples: 96 | Number of Elements:       
                             176,560 | Number of Target Elements: 77,684 |      
                             Padding: 0 | Padding Ratio (%): 0% | Total Number  
                             of Examples: 1,560 | Total Number of Elements:     
                             2,899,965 | Total Number of Target Elements:       
                             1,213,462 | Peak Active Device Memory: 59.42 GiB | 
                             Peak Active Device Memory (%): 76% | Peak Reserved 
                             Device Memory: 72.57 GiB | Peak Reserved Device    
                             Memory (%): 92%                                    
[08/21/25 14:17:21] INFO     fairseq2 - Train Metrics (step 18) - DPO Loss:     
                             0.511892 | Chosen Sequence Log Probabilities:      
                             -545.643 | Rejected Sequence Log Probabilities:    
                             -608.255 | Chosen Sequence Length: 786.698 |       
                             Rejected Sequence Length: 696.458 | NLL Loss:      
                             0.693608 | Gradient Norm: 73.8073 | Data Epoch: 2 |
                             Data Time: <1s | Compute Time: 19s | Lapse Time:   
                             19s | Total Time: 383s | Wall Time: 383s | Learning
                             Rate: 3.96667e-07 | Batch Size: 96 | Elements per  
                             Batch: 182,275 | Elements per Second: 9,549 |      
                             Number of Examples: 96 | Number of Elements:       
                             182,275 | Number of Target Elements: 75,523 |      
                             Padding: 0 | Padding Ratio (%): 0% | Total Number  
                             of Examples: 1,656 | Total Number of Elements:     
                             3,082,240 | Total Number of Target Elements:       
                             1,288,985 | Peak Active Device Memory: 62.38 GiB | 
                             Peak Active Device Memory (%): 79% | Peak Reserved 
                             Device Memory: 74.10 GiB | Peak Reserved Device    
                             Memory (%): 94%                                    
[08/21/25 14:17:39] INFO     fairseq2 - Train Metrics (step 19) - DPO Loss:     
                             0.486053 | Chosen Sequence Log Probabilities:      
                             -568.286 | Rejected Sequence Log Probabilities:    
                             -607.208 | Chosen Sequence Length: 792.708 |       
                             Rejected Sequence Length: 665.052 | NLL Loss:      
                             0.716611 | Gradient Norm: 66.0872 | Data Epoch: 2 |
                             Data Time: <1s | Compute Time: 17s | Lapse Time:   
                             17s | Total Time: 401s | Wall Time: 401s | Learning
                             Rate: 4.2e-07 | Batch Size: 96 | Elements per      
                             Batch: 168,934 | Elements per Second: 9,465 |      
                             Number of Examples: 96 | Number of Elements:       
                             168,934 | Number of Target Elements: 76,100 |      
                             Padding: 0 | Padding Ratio (%): 0% | Total Number  
                             of Examples: 1,752 | Total Number of Elements:     
                             3,251,174 | Total Number of Target Elements:       
                             1,365,085 | Peak Active Device Memory: 60.67 GiB | 
                             Peak Active Device Memory (%): 77% | Peak Reserved 
                             Device Memory: 74.32 GiB | Peak Reserved Device    
                             Memory (%): 94%                                    
[08/21/25 14:17:57] INFO     fairseq2 - Train Metrics (step 20) - DPO Loss:     
                             0.454346 | Chosen Sequence Log Probabilities:      
                             -638.721 | Rejected Sequence Log Probabilities:    
                             -671.224 | Chosen Sequence Length: 823.156 |       
                             Rejected Sequence Length: 691.885 | NLL Loss:      
                             0.775903 | Gradient Norm: 58.2894 | Data Epoch: 2 |
                             Data Time: <1s | Compute Time: 17s | Lapse Time:   
                             17s | Total Time: 419s | Wall Time: 419s | Learning
                             Rate: 4.43333e-07 | Batch Size: 96 | Elements per  
                             Batch: 183,564 | Elements per Second: 10,223 |     
                             Number of Examples: 96 | Number of Elements:       
                             183,564 | Number of Target Elements: 79,023 |      
                             Padding: 0 | Padding Ratio (%): 0% | Total Number  
                             of Examples: 1,848 | Total Number of Elements:     
                             3,434,738 | Total Number of Target Elements:       
                             1,444,108 | Peak Active Device Memory: 58.07 GiB | 
                             Peak Active Device Memory (%): 74% | Peak Reserved 
                             Device Memory: 74.32 GiB | Peak Reserved Device    
                             Memory (%): 94%                                    
[08/21/25 14:18:17] INFO     fairseq2 - Train Metrics (step 21) - DPO Loss:     
                             0.378895 | Chosen Sequence Log Probabilities:      
                             -595.009 | Rejected Sequence Log Probabilities:    
                             -679.391 | Chosen Sequence Length: 829.208 |       
                             Rejected Sequence Length: 696.24 | NLL Loss:       
                             0.717904 | Gradient Norm: 47.9127 | Data Epoch: 2 |
                             Data Time: <1s | Compute Time: 20s | Lapse Time:   
                             20s | Total Time: 439s | Wall Time: 439s | Learning
                             Rate: 4.66667e-07 | Batch Size: 96 | Elements per  
                             Batch: 181,256 | Elements per Second: 8,976 |      
                             Number of Examples: 96 | Number of Elements:       
                             181,256 | Number of Target Elements: 79,604 |      
                             Padding: 0 | Padding Ratio (%): 0% | Total Number  
                             of Examples: 1,944 | Total Number of Elements:     
                             3,615,994 | Total Number of Target Elements:       
                             1,523,712 | Peak Active Device Memory: 63.24 GiB | 
                             Peak Active Device Memory (%): 80% | Peak Reserved 
                             Device Memory: 74.32 GiB | Peak Reserved Device    
                             Memory (%): 94%                                    
[08/21/25 14:18:35] INFO     fairseq2 - Train Metrics (step 22) - DPO Loss:     
                             0.329796 | Chosen Sequence Log Probabilities:      
                             -622.66 | Rejected Sequence Log Probabilities:     
                             -706.25 | Chosen Sequence Length: 763.531 |        
                             Rejected Sequence Length: 645.427 | NLL Loss:      
                             0.815188 | Gradient Norm: 40.971 | Data Epoch: 2 | 
                             Data Time: <1s | Compute Time: 17s | Lapse Time:   
                             17s | Total Time: 457s | Wall Time: 457s | Learning
                             Rate: 4.9e-07 | Batch Size: 96 | Elements per      
                             Batch: 176,952 | Elements per Second: 9,868 |      
                             Number of Examples: 96 | Number of Elements:       
                             176,952 | Number of Target Elements: 73,299 |      
                             Padding: 0 | Padding Ratio (%): 0% | Total Number  
                             of Examples: 2,040 | Total Number of Elements:     
                             3,792,946 | Total Number of Target Elements:       
                             1,597,011 | Peak Active Device Memory: 57.47 GiB | 
                             Peak Active Device Memory (%): 73% | Peak Reserved 
                             Device Memory: 68.81 GiB | Peak Reserved Device    
                             Memory (%): 87%                                    
[08/21/25 14:18:52] INFO     fairseq2 - Train Metrics (step 23) - DPO Loss:     
                             0.314488 | Chosen Sequence Log Probabilities:      
                             -535.544 | Rejected Sequence Log Probabilities:    
                             -582.113 | Chosen Sequence Length: 719.125 |       
                             Rejected Sequence Length: 611.917 | NLL Loss:      
                             0.744439 | Gradient Norm: 38.384 | Data Epoch: 2 | 
                             Data Time: <1s | Compute Time: 17s | Lapse Time:   
                             17s | Total Time: 474s | Wall Time: 474s | Learning
                             Rate: 5.13333e-07 | Batch Size: 96 | Elements per  
                             Batch: 168,017 | Elements per Second: 9,853 |      
                             Number of Examples: 96 | Number of Elements:       
                             168,017 | Number of Target Elements: 69,036 |      
                             Padding: 0 | Padding Ratio (%): 0% | Total Number  
                             of Examples: 2,136 | Total Number of Elements:     
                             3,960,963 | Total Number of Target Elements:       
                             1,666,047 | Peak Active Device Memory: 59.34 GiB | 
                             Peak Active Device Memory (%): 75% | Peak Reserved 
                             Device Memory: 70.93 GiB | Peak Reserved Device    
                             Memory (%): 90%                                    
[08/21/25 14:19:12] INFO     fairseq2 - Train Metrics (step 24) - DPO Loss:     
                             0.26732 | Chosen Sequence Log Probabilities:       
                             -605.717 | Rejected Sequence Log Probabilities:    
                             -643.841 | Chosen Sequence Length: 816.208 |       
                             Rejected Sequence Length: 678.625 | NLL Loss:      
                             0.741915 | Gradient Norm: 34.5737 | Data Epoch: 2 |
                             Data Time: <1s | Compute Time: 19s | Lapse Time:   
                             19s | Total Time: 494s | Wall Time: 494s | Learning
                             Rate: 5.36667e-07 | Batch Size: 96 | Elements per  
                             Batch: 183,054 | Elements per Second: 9,362 |      
                             Number of Examples: 96 | Number of Elements:       
                             183,054 | Number of Target Elements: 78,356 |      
                             Padding: 0 | Padding Ratio (%): 0% | Total Number  
                             of Examples: 2,232 | Total Number of Elements:     
                             4,144,017 | Total Number of Target Elements:       
                             1,744,403 | Peak Active Device Memory: 61.85 GiB | 
                             Peak Active Device Memory (%): 79% | Peak Reserved 
                             Device Memory: 74.47 GiB | Peak Reserved Device    
                             Memory (%): 95%                                    
[08/21/25 14:19:32] INFO     fairseq2 - Train Metrics (step 25) - DPO Loss:     
                             0.247996 | Chosen Sequence Log Probabilities:      
                             -622.74 | Rejected Sequence Log Probabilities:     
                             -677.135 | Chosen Sequence Length: 769.125 |       
                             Rejected Sequence Length: 630.948 | NLL Loss:      
                             0.809502 | Gradient Norm: 30.7858 | Data Epoch: 2 |
                             Data Time: <1s | Compute Time: 19s | Lapse Time:   
                             19s | Total Time: 514s | Wall Time: 514s | Learning
                             Rate: 5.6e-07 | Batch Size: 96 | Elements per      
                             Batch: 175,789 | Elements per Second: 8,851 |      
                             Number of Examples: 96 | Number of Elements:       
                             175,789 | Number of Target Elements: 73,836 |      
                             Padding: 0 | Padding Ratio (%): 0% | Total Number  
                             of Examples: 2,328 | Total Number of Elements:     
                             4,319,806 | Total Number of Target Elements:       
                             1,818,239 | Peak Active Device Memory: 64.55 GiB | 
                             Peak Active Device Memory (%): 82% | Peak Reserved 
                             Device Memory: 74.41 GiB | Peak Reserved Device    
                             Memory (%): 94%                                    
[08/21/25 14:19:37] INFO     fairseq2 - Train Metrics (step 26) - DPO Loss:     
                             0.221246 | Chosen Sequence Log Probabilities:      
                             -558.938 | Rejected Sequence Log Probabilities:    
                             -675.958 | Chosen Sequence Length: 881.042 |       
                             Rejected Sequence Length: 727.958 | NLL Loss:      
                             0.634185 | Gradient Norm: 42.2614 | Data Epoch: 2 |
                             Data Time: <1s | Compute Time: 4s | Lapse Time: 4s 
                             | Total Time: 519s | Wall Time: 519s | Learning    
                             Rate: 5.83333e-07 | Batch Size: 24 | Elements per  
                             Batch: 54,017 | Elements per Second: 11,099 |      
                             Number of Examples: 24 | Number of Elements: 54,017
                             | Number of Target Elements: 21,145 | Padding: 0 | 
                             Padding Ratio (%): 0% | Total Number of Examples:  
                             2,352 | Total Number of Elements: 4,373,823 | Total
                             Number of Target Elements: 1,839,384 | Peak Active 
                             Device Memory: 56.59 GiB | Peak Active Device      
                             Memory (%): 72% | Peak Reserved Device Memory:     
                             72.98 GiB | Peak Reserved Device Memory (%): 93%   
                    INFO     fairseq2 - End of epoch 2 reached after step 26.   
[08/21/25 14:19:56] INFO     fairseq2 - Train Metrics (step 27) - DPO Loss:     
                             0.210982 | Chosen Sequence Log Probabilities:      
                             -555.859 | Rejected Sequence Log Probabilities:    
                             -676.688 | Chosen Sequence Length: 764.958 |       
                             Rejected Sequence Length: 645.042 | NLL Loss:      
                             0.72653 | Gradient Norm: 25.7966 | Data Epoch: 3 | 
                             Data Time: <1s | Compute Time: 18s | Lapse Time:   
                             18s | Total Time: 538s | Wall Time: 538s | Learning
                             Rate: 6.06667e-07 | Batch Size: 96 | Elements per  
                             Batch: 177,841 | Elements per Second: 9,396 |      
                             Number of Examples: 96 | Number of Elements:       
                             177,841 | Number of Target Elements: 73,436 |      
                             Padding: 0 | Padding Ratio (%): 0% | Total Number  
                             of Examples: 2,448 | Total Number of Elements:     
                             4,551,664 | Total Number of Target Elements:       
                             1,912,820 | Peak Active Device Memory: 62.37 GiB | 
                             Peak Active Device Memory (%): 79% | Peak Reserved 
                             Device Memory: 74.27 GiB | Peak Reserved Device    
                             Memory (%): 94%                                    
[08/21/25 14:20:15] INFO     fairseq2 - Train Metrics (step 28) - DPO Loss:     
                             0.155912 | Chosen Sequence Log Probabilities:      
                             -564.942 | Rejected Sequence Log Probabilities:    
                             -647.099 | Chosen Sequence Length: 755.135 |       
                             Rejected Sequence Length: 677.25 | NLL Loss:       
                             0.747703 | Gradient Norm: 25.0862 | Data Epoch: 3 |
                             Data Time: <1s | Compute Time: 18s | Lapse Time:   
                             18s | Total Time: 557s | Wall Time: 557s | Learning
                             Rate: 6.3e-07 | Batch Size: 96 | Elements per      
                             Batch: 174,937 | Elements per Second: 9,409 |      
                             Number of Examples: 96 | Number of Elements:       
                             174,937 | Number of Target Elements: 72,493 |      
                             Padding: 0 | Padding Ratio (%): 0% | Total Number  
                             of Examples: 2,544 | Total Number of Elements:     
                             4,726,601 | Total Number of Target Elements:       
                             1,985,313 | Peak Active Device Memory: 60.74 GiB | 
                             Peak Active Device Memory (%): 77% | Peak Reserved 
                             Device Memory: 74.27 GiB | Peak Reserved Device    
                             Memory (%): 94%                                    
[08/21/25 14:20:33] INFO     fairseq2 - Train Metrics (step 29) - DPO Loss:     
                             0.162025 | Chosen Sequence Log Probabilities:      
                             -640.534 | Rejected Sequence Log Probabilities:    
                             -720.611 | Chosen Sequence Length: 839.719 |       
                             Rejected Sequence Length: 706.385 | NLL Loss:      
                             0.762681 | Gradient Norm: 18.7669 | Data Epoch: 3 |
                             Data Time: <1s | Compute Time: 17s | Lapse Time:   
                             17s | Total Time: 575s | Wall Time: 575s | Learning
                             Rate: 6.53333e-07 | Batch Size: 96 | Elements per  
                             Batch: 188,706 | Elements per Second: 10,522 |     
                             Number of Examples: 96 | Number of Elements:       
                             188,706 | Number of Target Elements: 80,613 |      
                             Padding: 0 | Padding Ratio (%): 0% | Total Number  
                             of Examples: 2,640 | Total Number of Elements:     
                             4,915,307 | Total Number of Target Elements:       
                             2,065,926 | Peak Active Device Memory: 61.64 GiB | 
                             Peak Active Device Memory (%): 78% | Peak Reserved 
                             Device Memory: 74.48 GiB | Peak Reserved Device    
                             Memory (%): 95%                                    
[08/21/25 14:20:51] INFO     fairseq2 - Train Metrics (step 30) - DPO Loss:     
                             0.112689 | Chosen Sequence Log Probabilities:      
                             -716.497 | Rejected Sequence Log Probabilities:    
                             -746.409 | Chosen Sequence Length: 829.49 |        
                             Rejected Sequence Length: 644.865 | NLL Loss:      
                             0.863411 | Gradient Norm: 17.7617 | Data Epoch: 3 |
                             Data Time: <1s | Compute Time: 18s | Lapse Time:   
                             18s | Total Time: 593s | Wall Time: 593s | Learning
                             Rate: 6.76667e-07 | Batch Size: 96 | Elements per  
                             Batch: 177,379 | Elements per Second: 9,617 |      
                             Number of Examples: 96 | Number of Elements:       
                             177,379 | Number of Target Elements: 79,631 |      
                             Padding: 0 | Padding Ratio (%): 0% | Total Number  
                             of Examples: 2,736 | Total Number of Elements:     
                             5,092,686 | Total Number of Target Elements:       
                             2,145,557 | Peak Active Device Memory: 57.41 GiB | 
                             Peak Active Device Memory (%): 73% | Peak Reserved 
                             Device Memory: 74.50 GiB | Peak Reserved Device    
                             Memory (%): 95%                                    
[08/21/25 14:21:12] INFO     fairseq2 - Train Metrics (step 31) - DPO Loss:     
                             0.101453 | Chosen Sequence Log Probabilities:      
                             -637.508 | Rejected Sequence Log Probabilities:    
                             -721.781 | Chosen Sequence Length: 818.677 |       
                             Rejected Sequence Length: 700.021 | NLL Loss:      
                             0.778789 | Gradient Norm: 18.6165 | Data Epoch: 3 |
                             Data Time: <1s | Compute Time: 20s | Lapse Time:   
                             20s | Total Time: 614s | Wall Time: 614s | Learning
                             Rate: 7e-07 | Batch Size: 96 | Elements per Batch: 
                             200,608 | Elements per Second: 9,792 | Number of   
                             Examples: 96 | Number of Elements: 200,608 | Number
                             of Target Elements: 78,593 | Padding: 0 | Padding  
                             Ratio (%): 0% | Total Number of Examples: 2,832 |  
                             Total Number of Elements: 5,293,294 | Total Number 
                             of Target Elements: 2,224,150 | Peak Active Device 
                             Memory: 63.69 GiB | Peak Active Device Memory (%): 
                             81% | Peak Reserved Device Memory: 74.50 GiB | Peak
                             Reserved Device Memory (%): 95%                    
[08/21/25 14:21:31] INFO     fairseq2 - Train Metrics (step 32) - DPO Loss:     
                             0.116875 | Chosen Sequence Log Probabilities:      
                             -573.407 | Rejected Sequence Log Probabilities:    
                             -655.724 | Chosen Sequence Length: 760.667 |       
                             Rejected Sequence Length: 616.094 | NLL Loss:      
                             0.753806 | Gradient Norm: 20.1476 | Data Epoch: 3 |
                             Data Time: <1s | Compute Time: 18s | Lapse Time:   
                             18s | Total Time: 633s | Wall Time: 633s | Learning
                             Rate: 7e-07 | Batch Size: 96 | Elements per Batch: 
                             173,664 | Elements per Second: 9,260 | Number of   
                             Examples: 96 | Number of Elements: 173,664 | Number
                             of Target Elements: 73,024 | Padding: 0 | Padding  
                             Ratio (%): 0% | Total Number of Examples: 2,928 |  
                             Total Number of Elements: 5,466,958 | Total Number 
                             of Target Elements: 2,297,174 | Peak Active Device 
                             Memory: 62.84 GiB | Peak Active Device Memory (%): 
                             80% | Peak Reserved Device Memory: 73.75 GiB | Peak
                             Reserved Device Memory (%): 94%                    
[08/21/25 14:21:49] INFO     fairseq2 - Train Metrics (step 33) - DPO Loss:     
                             0.0772102 | Chosen Sequence Log Probabilities:     
                             -656.729 | Rejected Sequence Log Probabilities:    
                             -784.094 | Chosen Sequence Length: 880.156 |       
                             Rejected Sequence Length: 716.365 | NLL Loss:      
                             0.74608 | Gradient Norm: 12.1191 | Data Epoch: 3 | 
                             Data Time: <1s | Compute Time: 18s | Lapse Time:   
                             18s | Total Time: 651s | Wall Time: 651s | Learning
                             Rate: 6.99998e-07 | Batch Size: 96 | Elements per  
                             Batch: 199,799 | Elements per Second: 10,933 |     
                             Number of Examples: 96 | Number of Elements:       
                             199,799 | Number of Target Elements: 84,495 |      
                             Padding: 0 | Padding Ratio (%): 0% | Total Number  
                             of Examples: 3,024 | Total Number of Elements:     
                             5,666,757 | Total Number of Target Elements:       
                             2,381,669 | Peak Active Device Memory: 61.08 GiB | 
                             Peak Active Device Memory (%): 78% | Peak Reserved 
                             Device Memory: 74.02 GiB | Peak Reserved Device    
                             Memory (%): 94%                                    
[08/21/25 14:22:06] INFO     fairseq2 - Train Metrics (step 34) - DPO Loss:     
                             0.114486 | Chosen Sequence Log Probabilities:      
                             -617.577 | Rejected Sequence Log Probabilities:    
                             -754.281 | Chosen Sequence Length: 734.917 |       
                             Rejected Sequence Length: 634.615 | NLL Loss:      
                             0.840112 | Gradient Norm: 21.6302 | Data Epoch: 3 |
                             Data Time: <1s | Compute Time: 17s | Lapse Time:   
                             17s | Total Time: 668s | Wall Time: 668s | Learning
                             Rate: 6.99996e-07 | Batch Size: 96 | Elements per  
                             Batch: 160,355 | Elements per Second: 9,274 |      
                             Number of Examples: 96 | Number of Elements:       
                             160,355 | Number of Target Elements: 70,552 |      
                             Padding: 0 | Padding Ratio (%): 0% | Total Number  
                             of Examples: 3,120 | Total Number of Elements:     
                             5,827,112 | Total Number of Target Elements:       
                             2,452,221 | Peak Active Device Memory: 58.67 GiB | 
                             Peak Active Device Memory (%): 75% | Peak Reserved 
                             Device Memory: 74.02 GiB | Peak Reserved Device    
                             Memory (%): 94%                                    
[08/21/25 14:22:24] INFO     fairseq2 - Train Metrics (step 35) - DPO Loss:     
                             0.104053 | Chosen Sequence Log Probabilities:      
                             -682.517 | Rejected Sequence Log Probabilities:    
                             -760.271 | Chosen Sequence Length: 767.719 |       
                             Rejected Sequence Length: 662.542 | NLL Loss:      
                             0.889125 | Gradient Norm: 21.7662 | Data Epoch: 3 |
                             Data Time: <1s | Compute Time: 17s | Lapse Time:   
                             17s | Total Time: 686s | Wall Time: 686s | Learning
                             Rate: 6.99993e-07 | Batch Size: 96 | Elements per  
                             Batch: 157,336 | Elements per Second: 8,831 |      
                             Number of Examples: 96 | Number of Elements:       
                             157,336 | Number of Target Elements: 73,701 |      
                             Padding: 0 | Padding Ratio (%): 0% | Total Number  
                             of Examples: 3,216 | Total Number of Elements:     
                             5,984,448 | Total Number of Target Elements:       
                             2,525,922 | Peak Active Device Memory: 64.11 GiB | 
                             Peak Active Device Memory (%): 81% | Peak Reserved 
                             Device Memory: 74.02 GiB | Peak Reserved Device    
                             Memory (%): 94%                                    
[08/21/25 14:22:42] INFO     fairseq2 - Train Metrics (step 36) - DPO Loss:     
                             0.14181 | Chosen Sequence Log Probabilities:       
                             -645.266 | Rejected Sequence Log Probabilities:    
                             -707.122 | Chosen Sequence Length: 761.385 |       
                             Rejected Sequence Length: 638.688 | NLL Loss:      
                             0.846993 | Gradient Norm: 21.2372 | Data Epoch: 3 |
                             Data Time: <1s | Compute Time: 17s | Lapse Time:   
                             17s | Total Time: 704s | Wall Time: 704s | Learning
                             Rate: 6.99989e-07 | Batch Size: 96 | Elements per  
                             Batch: 178,943 | Elements per Second: 9,993 |      
                             Number of Examples: 96 | Number of Elements:       
                             178,943 | Number of Target Elements: 73,093 |      
                             Padding: 0 | Padding Ratio (%): 0% | Total Number  
                             of Examples: 3,312 | Total Number of Elements:     
                             6,163,391 | Total Number of Target Elements:       
                             2,599,015 | Peak Active Device Memory: 60.73 GiB | 
                             Peak Active Device Memory (%): 77% | Peak Reserved 
                             Device Memory: 74.26 GiB | Peak Reserved Device    
                             Memory (%): 94%                                    
[08/21/25 14:23:01] INFO     fairseq2 - Train Metrics (step 37) - DPO Loss:     
                             0.0882232 | Chosen Sequence Log Probabilities:     
                             -606.966 | Rejected Sequence Log Probabilities:    
                             -709.754 | Chosen Sequence Length: 766.177 |       
                             Rejected Sequence Length: 648.573 | NLL Loss:      
                             0.791971 | Gradient Norm: 21.167 | Data Epoch: 3 | 
                             Data Time: <1s | Compute Time: 18s | Lapse Time:   
                             18s | Total Time: 723s | Wall Time: 723s | Learning
                             Rate: 6.99984e-07 | Batch Size: 96 | Elements per  
                             Batch: 181,748 | Elements per Second: 9,583 |      
                             Number of Examples: 96 | Number of Elements:       
                             181,748 | Number of Target Elements: 73,553 |      
                             Padding: 0 | Padding Ratio (%): 0% | Total Number  
                             of Examples: 3,408 | Total Number of Elements:     
                             6,345,139 | Total Number of Target Elements:       
                             2,672,568 | Peak Active Device Memory: 61.04 GiB | 
                             Peak Active Device Memory (%): 78% | Peak Reserved 
                             Device Memory: 74.25 GiB | Peak Reserved Device    
                             Memory (%): 94%                                    
[08/21/25 14:23:21] INFO     fairseq2 - Train Metrics (step 38) - DPO Loss:     
                             0.0670852 | Chosen Sequence Log Probabilities:     
                             -592.487 | Rejected Sequence Log Probabilities:    
                             -768.197 | Chosen Sequence Length: 707.135 |       
                             Rejected Sequence Length: 646.219 | NLL Loss:      
                             0.837998 | Gradient Norm: 17.6269 | Data Epoch: 3 |
                             Data Time: <1s | Compute Time: 19s | Lapse Time:   
                             19s | Total Time: 743s | Wall Time: 743s | Learning
                             Rate: 6.99978e-07 | Batch Size: 96 | Elements per  
                             Batch: 171,584 | Elements per Second: 8,607 |      
                             Number of Examples: 96 | Number of Elements:       
                             171,584 | Number of Target Elements: 67,885 |      
                             Padding: 0 | Padding Ratio (%): 0% | Total Number  
                             of Examples: 3,504 | Total Number of Elements:     
                             6,516,723 | Total Number of Target Elements:       
                             2,740,453 | Peak Active Device Memory: 63.39 GiB | 
                             Peak Active Device Memory (%): 81% | Peak Reserved 
                             Device Memory: 74.38 GiB | Peak Reserved Device    
                             Memory (%): 94%                                    
[08/21/25 14:23:27] INFO     fairseq2 - Train Metrics (step 39) - DPO Loss:     
                             0.0597238 | Chosen Sequence Log Probabilities:     
                             -520.312 | Rejected Sequence Log Probabilities:    
                             -687.208 | Chosen Sequence Length: 753.292 |       
                             Rejected Sequence Length: 702.708 | NLL Loss:      
                             0.690657 | Gradient Norm: 17.0596 | Data Epoch: 3 |
                             Data Time: <1s | Compute Time: 5s | Lapse Time: 5s 
                             | Total Time: 749s | Wall Time: 749s | Learning    
                             Rate: 6.99972e-07 | Batch Size: 24 | Elements per  
                             Batch: 44,414 | Elements per Second: 8,477 | Number
                             of Examples: 24 | Number of Elements: 44,414 |     
                             Number of Target Elements: 18,079 | Padding: 0 |   
                             Padding Ratio (%): 0% | Total Number of Examples:  
                             3,528 | Total Number of Elements: 6,561,137 | Total
                             Number of Target Elements: 2,758,532 | Peak Active 
                             Device Memory: 58.63 GiB | Peak Active Device      
                             Memory (%): 75% | Peak Reserved Device Memory:     
                             74.14 GiB | Peak Reserved Device Memory (%): 94%   
                    INFO     fairseq2 - End of epoch 3 reached after step 39.   
[08/21/25 14:23:46] INFO     fairseq2 - Train Metrics (step 40) - DPO Loss:     
                             0.0401955 | Chosen Sequence Log Probabilities:     
                             -663.732 | Rejected Sequence Log Probabilities:    
                             -754.635 | Chosen Sequence Length: 872.583 |       
                             Rejected Sequence Length: 694.771 | NLL Loss:      
                             0.760759 | Gradient Norm: 7.63813 | Data Epoch: 4 |
                             Data Time: <1s | Compute Time: 18s | Lapse Time:   
                             19s | Total Time: 768s | Wall Time: 768s | Learning
                             Rate: 6.99964e-07 | Batch Size: 96 | Elements per  
                             Batch: 195,595 | Elements per Second: 10,159 |     
                             Number of Examples: 96 | Number of Elements:       
                             195,595 | Number of Target Elements: 83,768 |      
                             Padding: 0 | Padding Ratio (%): 0% | Total Number  
                             of Examples: 3,624 | Total Number of Elements:     
                             6,756,732 | Total Number of Target Elements:       
                             2,842,300 | Peak Active Device Memory: 64.24 GiB | 
                             Peak Active Device Memory (%): 82% | Peak Reserved 
                             Device Memory: 74.16 GiB | Peak Reserved Device    
                             Memory (%): 94%                                    
[08/21/25 14:24:06] INFO     fairseq2 - Train Metrics (step 41) - DPO Loss:     
                             0.0326071 | Chosen Sequence Log Probabilities:     
                             -628.901 | Rejected Sequence Log Probabilities:    
                             -751.217 | Chosen Sequence Length: 818.812 |       
                             Rejected Sequence Length: 688.927 | NLL Loss:      
                             0.767871 | Gradient Norm: 5.11147 | Data Epoch: 4 |
                             Data Time: <1s | Compute Time: 20s | Lapse Time:   
                             20s | Total Time: 788s | Wall Time: 788s | Learning
                             Rate: 6.99955e-07 | Batch Size: 96 | Elements per  
                             Batch: 188,628 | Elements per Second: 9,343 |      
                             Number of Examples: 96 | Number of Elements:       
                             188,628 | Number of Target Elements: 78,606 |      
                             Padding: 0 | Padding Ratio (%): 0% | Total Number  
                             of Examples: 3,720 | Total Number of Elements:     
                             6,945,360 | Total Number of Target Elements:       
                             2,920,906 | Peak Active Device Memory: 59.52 GiB | 
                             Peak Active Device Memory (%): 76% | Peak Reserved 
                             Device Memory: 71.63 GiB | Peak Reserved Device    
                             Memory (%): 91%                                    
[08/21/25 14:24:24] INFO     fairseq2 - Train Metrics (step 42) - DPO Loss:     
                             0.033677 | Chosen Sequence Log Probabilities:      
                             -625.965 | Rejected Sequence Log Probabilities:    
                             -741.849 | Chosen Sequence Length: 725.26 |        
                             Rejected Sequence Length: 646.115 | NLL Loss:      
                             0.86316 | Gradient Norm: 5.72927 | Data Epoch: 4 | 
                             Data Time: <1s | Compute Time: 17s | Lapse Time:   
                             18s | Total Time: 806s | Wall Time: 806s | Learning
                             Rate: 6.99946e-07 | Batch Size: 96 | Elements per  
                             Batch: 181,116 | Elements per Second: 10,063 |     
                             Number of Examples: 96 | Number of Elements:       
                             181,116 | Number of Target Elements: 69,625 |      
                             Padding: 0 | Padding Ratio (%): 0% | Total Number  
                             of Examples: 3,816 | Total Number of Elements:     
                             7,126,476 | Total Number of Target Elements:       
                             2,990,531 | Peak Active Device Memory: 58.58 GiB | 
                             Peak Active Device Memory (%): 74% | Peak Reserved 
                             Device Memory: 71.64 GiB | Peak Reserved Device    
                             Memory (%): 91%                                    
[08/21/25 14:24:44] INFO     fairseq2 - Train Metrics (step 43) - DPO Loss:     
                             0.0261005 | Chosen Sequence Log Probabilities:     
                             -574.766 | Rejected Sequence Log Probabilities:    
                             -795.292 | Chosen Sequence Length: 771.99 |        
                             Rejected Sequence Length: 691.021 | NLL Loss:      
                             0.744721 | Gradient Norm: 4.59211 | Data Epoch: 4 |
                             Data Time: <1s | Compute Time: 19s | Lapse Time:   
                             19s | Total Time: 826s | Wall Time: 826s | Learning
                             Rate: 6.99936e-07 | Batch Size: 96 | Elements per  
                             Batch: 173,849 | Elements per Second: 9,044 |      
                             Number of Examples: 96 | Number of Elements:       
                             173,849 | Number of Target Elements: 74,111 |      
                             Padding: 0 | Padding Ratio (%): 0% | Total Number  
                             of Examples: 3,912 | Total Number of Elements:     
                             7,300,325 | Total Number of Target Elements:       
                             3,064,642 | Peak Active Device Memory: 62.49 GiB | 
                             Peak Active Device Memory (%): 79% | Peak Reserved 
                             Device Memory: 74.40 GiB | Peak Reserved Device    
                             Memory (%): 94%                                    
[08/21/25 14:24:59] INFO     fairseq2 - Train Metrics (step 44) - DPO Loss:     
                             0.0425483 | Chosen Sequence Log Probabilities:     
                             -725.604 | Rejected Sequence Log Probabilities:    
                             -839.49 | Chosen Sequence Length: 744.812 |        
                             Rejected Sequence Length: 621.01 | NLL Loss:       
                             0.974374 | Gradient Norm: 6.38424 | Data Epoch: 4 |
                             Data Time: <1s | Compute Time: 15s | Lapse Time:   
                             15s | Total Time: 841s | Wall Time: 841s | Learning
                             Rate: 6.99925e-07 | Batch Size: 96 | Elements per  
                             Batch: 162,447 | Elements per Second: 10,680 |     
                             Number of Examples: 96 | Number of Elements:       
                             162,447 | Number of Target Elements: 71,502 |      
                             Padding: 0 | Padding Ratio (%): 0% | Total Number  
                             of Examples: 4,008 | Total Number of Elements:     
                             7,462,772 | Total Number of Target Elements:       
                             3,136,144 | Peak Active Device Memory: 61.25 GiB | 
                             Peak Active Device Memory (%): 78% | Peak Reserved 
                             Device Memory: 73.90 GiB | Peak Reserved Device    
                             Memory (%): 94%                                    
[08/21/25 14:25:17] INFO     fairseq2 - Train Metrics (step 45) - DPO Loss:     
                             0.0273545 | Chosen Sequence Log Probabilities:     
                             -648.261 | Rejected Sequence Log Probabilities:    
                             -780.073 | Chosen Sequence Length: 715.948 |       
                             Rejected Sequence Length: 638.76 | NLL Loss:       
                             0.905098 | Gradient Norm: 6.40217 | Data Epoch: 4 |
                             Data Time: <1s | Compute Time: 18s | Lapse Time:   
                             18s | Total Time: 859s | Wall Time: 859s | Learning
                             Rate: 6.99913e-07 | Batch Size: 96 | Elements per  
                             Batch: 176,002 | Elements per Second: 9,696 |      
                             Number of Examples: 96 | Number of Elements:       
                             176,002 | Number of Target Elements: 68,731 |      
                             Padding: 0 | Padding Ratio (%): 0% | Total Number  
                             of Examples: 4,104 | Total Number of Elements:     
                             7,638,774 | Total Number of Target Elements:       
                             3,204,875 | Peak Active Device Memory: 59.88 GiB | 
                             Peak Active Device Memory (%): 76% | Peak Reserved 
                             Device Memory: 73.51 GiB | Peak Reserved Device    
                             Memory (%): 93%                                    
[08/21/25 14:25:35] INFO     fairseq2 - Train Metrics (step 46) - DPO Loss:     
                             0.0505911 | Chosen Sequence Log Probabilities:     
                             -631.773 | Rejected Sequence Log Probabilities:    
                             -758.641 | Chosen Sequence Length: 825.01 |        
                             Rejected Sequence Length: 665.979 | NLL Loss:      
                             0.765711 | Gradient Norm: 16.4888 | Data Epoch: 4 |
                             Data Time: <1s | Compute Time: 17s | Lapse Time:   
                             17s | Total Time: 877s | Wall Time: 877s | Learning
                             Rate: 6.999e-07 | Batch Size: 96 | Elements per    
                             Batch: 184,234 | Elements per Second: 10,624 |     
                             Number of Examples: 96 | Number of Elements:       
                             184,234 | Number of Target Elements: 79,201 |      
                             Padding: 0 | Padding Ratio (%): 0% | Total Number  
                             of Examples: 4,200 | Total Number of Elements:     
                             7,823,008 | Total Number of Target Elements:       
                             3,284,076 | Peak Active Device Memory: 59.44 GiB | 
                             Peak Active Device Memory (%): 76% | Peak Reserved 
                             Device Memory: 73.51 GiB | Peak Reserved Device    
                             Memory (%): 93%                                    
[08/21/25 14:25:53] INFO     fairseq2 - Train Metrics (step 47) - DPO Loss:     
                             0.0476587 | Chosen Sequence Log Probabilities:     
                             -672.921 | Rejected Sequence Log Probabilities:    
                             -783.031 | Chosen Sequence Length: 762.562 |       
                             Rejected Sequence Length: 654.323 | NLL Loss:      
                             0.882485 | Gradient Norm: 7.37697 | Data Epoch: 4 |
                             Data Time: <1s | Compute Time: 18s | Lapse Time:   
                             18s | Total Time: 895s | Wall Time: 895s | Learning
                             Rate: 6.99886e-07 | Batch Size: 96 | Elements per  
                             Batch: 171,007 | Elements per Second: 9,112 |      
                             Number of Examples: 96 | Number of Elements:       
                             171,007 | Number of Target Elements: 73,206 |      
                             Padding: 0 | Padding Ratio (%): 0% | Total Number  
                             of Examples: 4,296 | Total Number of Elements:     
                             7,994,015 | Total Number of Target Elements:       
                             3,357,282 | Peak Active Device Memory: 59.30 GiB | 
                             Peak Active Device Memory (%): 75% | Peak Reserved 
                             Device Memory: 73.51 GiB | Peak Reserved Device    
                             Memory (%): 93%                                    
[08/21/25 14:26:10] INFO     fairseq2 - Train Metrics (step 48) - DPO Loss:     
                             0.0307838 | Chosen Sequence Log Probabilities:     
                             -645.029 | Rejected Sequence Log Probabilities:    
                             -779.51 | Chosen Sequence Length: 733.562 |        
                             Rejected Sequence Length: 658.917 | NLL Loss:      
                             0.879283 | Gradient Norm: 7.32477 | Data Epoch: 4 |
                             Data Time: <1s | Compute Time: 16s | Lapse Time:   
                             16s | Total Time: 912s | Wall Time: 912s | Learning
                             Rate: 6.99871e-07 | Batch Size: 96 | Elements per  
                             Batch: 168,135 | Elements per Second: 9,917 |      
                             Number of Examples: 96 | Number of Elements:       
                             168,135 | Number of Target Elements: 70,422 |      
                             Padding: 0 | Padding Ratio (%): 0% | Total Number  
                             of Examples: 4,392 | Total Number of Elements:     
                             8,162,150 | Total Number of Target Elements:       
                             3,427,704 | Peak Active Device Memory: 60.47 GiB | 
                             Peak Active Device Memory (%): 77% | Peak Reserved 
                             Device Memory: 73.57 GiB | Peak Reserved Device    
                             Memory (%): 93%                                    
[08/21/25 14:26:28] INFO     fairseq2 - Train Metrics (step 49) - DPO Loss:     
                             0.0152586 | Chosen Sequence Log Probabilities:     
                             -563.518 | Rejected Sequence Log Probabilities:    
                             -715.531 | Chosen Sequence Length: 774.552 |       
                             Rejected Sequence Length: 646.094 | NLL Loss:      
                             0.727762 | Gradient Norm: 2.90156 | Data Epoch: 4 |
                             Data Time: <1s | Compute Time: 17s | Lapse Time:   
                             17s | Total Time: 930s | Wall Time: 930s | Learning
                             Rate: 6.99856e-07 | Batch Size: 96 | Elements per  
                             Batch: 173,840 | Elements per Second: 10,076 |     
                             Number of Examples: 96 | Number of Elements:       
                             173,840 | Number of Target Elements: 74,357 |      
                             Padding: 0 | Padding Ratio (%): 0% | Total Number  
                             of Examples: 4,488 | Total Number of Elements:     
                             8,335,990 | Total Number of Target Elements:       
                             3,502,061 | Peak Active Device Memory: 60.89 GiB | 
                             Peak Active Device Memory (%): 77% | Peak Reserved 
                             Device Memory: 73.43 GiB | Peak Reserved Device    
                             Memory (%): 93%                                    
[08/21/25 14:26:48] INFO     fairseq2 - Preparing checkpoint at step 50.        
[08/21/25 14:26:50] INFO     fairseq2 - Checkpoint prepared. Saving             
                             asynchronously.                                    
                    INFO     fairseq2 - Train Metrics (step 50) - DPO Loss:     
                             0.0218477 | Chosen Sequence Log Probabilities:     
                             -605.863 | Rejected Sequence Log Probabilities:    
                             -736.878 | Chosen Sequence Length: 781.938 |       
                             Rejected Sequence Length: 655.677 | NLL Loss:      
                             0.774752 | Gradient Norm: 4.24892 | Data Epoch: 4 |
                             Data Time: <1s | Compute Time: 19s | Lapse Time:   
                             21s | Total Time: 952s | Wall Time: 952s | Learning
                             Rate: 6.99839e-07 | Batch Size: 96 | Elements per  
                             Batch: 187,530 | Elements per Second: 9,551 |      
                             Number of Examples: 96 | Number of Elements:       
                             187,530 | Number of Target Elements: 75,066 |      
                             Padding: 0 | Padding Ratio (%): 0% | Total Number  
                             of Examples: 4,584 | Total Number of Elements:     
                             8,523,520 | Total Number of Target Elements:       
                             3,577,127 | Peak Active Device Memory: 66.68 GiB | 
                             Peak Active Device Memory (%): 85% | Peak Reserved 
                             Device Memory: 74.53 GiB | Peak Reserved Device    
                             Memory (%): 95%                                    
[08/21/25 14:27:09] INFO     fairseq2 - Train Metrics (step 51) - DPO Loss:     
                             0.0197905 | Chosen Sequence Log Probabilities:     
                             -701.259 | Rejected Sequence Log Probabilities:    
                             -808.833 | Chosen Sequence Length: 849.823 |       
                             Rejected Sequence Length: 686.104 | NLL Loss:      
                             0.825254 | Gradient Norm: 3.41925 | Data Epoch: 4 |
                             Data Time: <1s | Compute Time: 19s | Lapse Time:   
                             19s | Total Time: 971s | Wall Time: 971s | Learning
                             Rate: 6.99822e-07 | Batch Size: 96 | Elements per  
                             Batch: 186,830 | Elements per Second: 9,796 |      
                             Number of Examples: 96 | Number of Elements:       
                             186,830 | Number of Target Elements: 81,583 |      
                             Padding: 0 | Padding Ratio (%): 0% | Total Number  
                             of Examples: 4,680 | Total Number of Elements:     
                             8,710,350 | Total Number of Target Elements:       
                             3,658,710 | Peak Active Device Memory: 65.99 GiB | 
                             Peak Active Device Memory (%): 84% | Peak Reserved 
                             Device Memory: 74.52 GiB | Peak Reserved Device    
                             Memory (%): 95%                                    
                    INFO     fairseq2 - Checkpoint at step 50 saved.            
                    INFO     fairseq2 - Asynchronously saving Hugging Face model
                             of step 50.                                        
[08/21/25 14:27:13] INFO     fairseq2 - Train Metrics (step 52) - DPO Loss:     
                             0.00446934 | Chosen Sequence Log Probabilities:    
                             -717.286 | Rejected Sequence Log Probabilities:    
                             -892.417 | Chosen Sequence Length: 814.958 |       
                             Rejected Sequence Length: 682.458 | NLL Loss:      
                             0.880523 | Gradient Norm: 2.22578 | Data Epoch: 4 |
                             Data Time: <1s | Compute Time: 4s | Lapse Time: 4s 
                             | Total Time: 975s | Wall Time: 975s | Learning    
                             Rate: 6.99804e-07 | Batch Size: 24 | Elements per  
                             Batch: 38,777 | Elements per Second: 9,481 | Number
                             of Examples: 24 | Number of Elements: 38,777 |     
                             Number of Target Elements: 19,559 | Padding: 0 |   
                             Padding Ratio (%): 0% | Total Number of Examples:  
                             4,704 | Total Number of Elements: 8,749,127 | Total
                             Number of Target Elements: 3,678,269 | Peak Active 
                             Device Memory: 59.62 GiB | Peak Active Device      
                             Memory (%): 76% | Peak Reserved Device Memory:     
                             72.66 GiB | Peak Reserved Device Memory (%): 92%   
                    INFO     fairseq2 - End of epoch 4 reached after step 52.   
[08/21/25 14:27:30] INFO     fairseq2 - Train Metrics (step 53) - DPO Loss:     
                             0.00800421 | Chosen Sequence Log Probabilities:    
                             -761.565 | Rejected Sequence Log Probabilities:    
                             -827.812 | Chosen Sequence Length: 820.021 |       
                             Rejected Sequence Length: 644.562 | NLL Loss:      
                             0.92865 | Gradient Norm: 1.71335 | Data Epoch: 5 | 
                             Data Time: <1s | Compute Time: 16s | Lapse Time:   
                             17s | Total Time: 992s | Wall Time: 992s | Learning
                             Rate: 6.99785e-07 | Batch Size: 96 | Elements per  
                             Batch: 169,665 | Elements per Second: 9,881 |      
                             Number of Examples: 96 | Number of Elements:       
                             169,665 | Number of Target Elements: 78,722 |      
                             Padding: 0 | Padding Ratio (%): 0% | Total Number  
                             of Examples: 4,800 | Total Number of Elements:     
                             8,918,792 | Total Number of Target Elements:       
                             3,756,991 | Peak Active Device Memory: 59.40 GiB | 
                             Peak Active Device Memory (%): 76% | Peak Reserved 
                             Device Memory: 72.66 GiB | Peak Reserved Device    
                             Memory (%): 92%                                    
[08/21/25 14:27:49] INFO     fairseq2 - Train Metrics (step 54) - DPO Loss:     
                             0.00614815 | Chosen Sequence Log Probabilities:    
                             -688.026 | Rejected Sequence Log Probabilities:    
                             -825.708 | Chosen Sequence Length: 802.062 |       
                             Rejected Sequence Length: 690.573 | NLL Loss:      
                             0.857572 | Gradient Norm: 1.03546 | Data Epoch: 5 |
                             Data Time: <1s | Compute Time: 19s | Lapse Time:   
                             19s | Total Time: 1,011s | Wall Time: 1,011s |     
                             Learning Rate: 6.99765e-07 | Batch Size: 96 |      
                             Elements per Batch: 176,849 | Elements per Second: 
                             9,224 | Number of Examples: 96 | Number of         
                             Elements: 176,849 | Number of Target Elements:     
                             76,998 | Padding: 0 | Padding Ratio (%): 0% | Total
                             Number of Examples: 4,896 | Total Number of        
                             Elements: 9,095,641 | Total Number of Target       
                             Elements: 3,833,989 | Peak Active Device Memory:   
                             63.64 GiB | Peak Active Device Memory (%): 81% |   
                             Peak Reserved Device Memory: 74.54 GiB | Peak      
                             Reserved Device Memory (%): 95%                    
[08/21/25 14:28:07] INFO     fairseq2 - Train Metrics (step 55) - DPO Loss:     
                             0.00607827 | Chosen Sequence Log Probabilities:    
                             -669.667 | Rejected Sequence Log Probabilities:    
                             -804.417 | Chosen Sequence Length: 846.75 |        
                             Rejected Sequence Length: 677.292 | NLL Loss:      
                             0.790975 | Gradient Norm: 1.98217 | Data Epoch: 5 |
                             Data Time: <1s | Compute Time: 17s | Lapse Time:   
                             17s | Total Time: 1,029s | Wall Time: 1,029s |     
                             Learning Rate: 6.99744e-07 | Batch Size: 96 |      
                             Elements per Batch: 179,251 | Elements per Second: 
                             10,378 | Number of Examples: 96 | Number of        
                             Elements: 179,251 | Number of Target Elements:     
                             81,288 | Padding: 0 | Padding Ratio (%): 0% | Total
                             Number of Examples: 4,992 | Total Number of        
                             Elements: 9,274,892 | Total Number of Target       
                             Elements: 3,915,277 | Peak Active Device Memory:   
                             58.03 GiB | Peak Active Device Memory (%): 74% |   
                             Peak Reserved Device Memory: 71.78 GiB | Peak      
                             Reserved Device Memory (%): 91%                    
[08/21/25 14:28:25] INFO     fairseq2 - Train Metrics (step 56) - DPO Loss:     
                             0.0104667 | Chosen Sequence Log Probabilities:     
                             -665.667 | Rejected Sequence Log Probabilities:    
                             -852.719 | Chosen Sequence Length: 716.938 |       
                             Rejected Sequence Length: 667.531 | NLL Loss:      
                             0.928134 | Gradient Norm: 1.53051 | Data Epoch: 5 |
                             Data Time: <1s | Compute Time: 17s | Lapse Time:   
                             17s | Total Time: 1,047s | Wall Time: 1,047s |     
                             Learning Rate: 6.99722e-07 | Batch Size: 96 |      
                             Elements per Batch: 178,943 | Elements per Second: 
                             10,001 | Number of Examples: 96 | Number of        
                             Elements: 178,943 | Number of Target Elements:     
                             68,826 | Padding: 0 | Padding Ratio (%): 0% | Total
                             Number of Examples: 5,088 | Total Number of        
                             Elements: 9,453,835 | Total Number of Target       
                             Elements: 3,984,103 | Peak Active Device Memory:   
                             57.48 GiB | Peak Active Device Memory (%): 73% |   
                             Peak Reserved Device Memory: 71.78 GiB | Peak      
                             Reserved Device Memory (%): 91%                    
[08/21/25 14:28:41] INFO     fairseq2 - Train Metrics (step 57) - DPO Loss:     
                             0.00365112 | Chosen Sequence Log Probabilities:    
                             -603.277 | Rejected Sequence Log Probabilities:    
                             -811.594 | Chosen Sequence Length: 710.958 |       
                             Rejected Sequence Length: 635.646 | NLL Loss:      
                             0.848049 | Gradient Norm: 0.761506 | Data Epoch: 5 
                             | Data Time: <1s | Compute Time: 16s | Lapse Time: 
                             16s | Total Time: 1,063s | Wall Time: 1,063s |     
                             Learning Rate: 6.99699e-07 | Batch Size: 96 |      
                             Elements per Batch: 157,600 | Elements per Second: 
                             9,677 | Number of Examples: 96 | Number of         
                             Elements: 157,600 | Number of Target Elements:     
                             68,252 | Padding: 0 | Padding Ratio (%): 0% | Total
                             Number of Examples: 5,184 | Total Number of        
                             Elements: 9,611,435 | Total Number of Target       
                             Elements: 4,052,355 | Peak Active Device Memory:   
                             61.03 GiB | Peak Active Device Memory (%): 78% |   
                             Peak Reserved Device Memory: 74.15 GiB | Peak      
                             Reserved Device Memory (%): 94%                    
[08/21/25 14:29:01] INFO     fairseq2 - Train Metrics (step 58) - DPO Loss:     
                             0.00387208 | Chosen Sequence Log Probabilities:    
                             -718.206 | Rejected Sequence Log Probabilities:    
                             -882.729 | Chosen Sequence Length: 861.615 |       
                             Rejected Sequence Length: 718.052 | NLL Loss:      
                             0.833289 | Gradient Norm: 1.02795 | Data Epoch: 5 |
                             Data Time: <1s | Compute Time: 19s | Lapse Time:   
                             19s | Total Time: 1,083s | Wall Time: 1,083s |     
                             Learning Rate: 6.99676e-07 | Batch Size: 96 |      
                             Elements per Batch: 197,272 | Elements per Second: 
                             10,064 | Number of Examples: 96 | Number of        
                             Elements: 197,272 | Number of Target Elements:     
                             82,715 | Padding: 0 | Padding Ratio (%): 0% | Total
                             Number of Examples: 5,280 | Total Number of        
                             Elements: 9,808,707 | Total Number of Target       
                             Elements: 4,135,070 | Peak Active Device Memory:   
                             64.60 GiB | Peak Active Device Memory (%): 82% |   
                             Peak Reserved Device Memory: 74.15 GiB | Peak      
                             Reserved Device Memory (%): 94%                    
[08/21/25 14:29:21] INFO     fairseq2 - Train Metrics (step 59) - DPO Loss:     
                             0.00333514 | Chosen Sequence Log Probabilities:    
                             -748.326 | Rejected Sequence Log Probabilities:    
                             -882.604 | Chosen Sequence Length: 832.427 |       
                             Rejected Sequence Length: 651.104 | NLL Loss:      
                             0.898795 | Gradient Norm: 1.70275 | Data Epoch: 5 |
                             Data Time: <1s | Compute Time: 19s | Lapse Time:   
                             19s | Total Time: 1,102s | Wall Time: 1,102s |     
                             Learning Rate: 6.99651e-07 | Batch Size: 96 |      
                             Elements per Batch: 185,423 | Elements per Second: 
                             9,525 | Number of Examples: 96 | Number of         
                             Elements: 185,423 | Number of Target Elements:     
                             79,913 | Padding: 0 | Padding Ratio (%): 0% | Total
                             Number of Examples: 5,376 | Total Number of        
                             Elements: 9,994,130 | Total Number of Target       
                             Elements: 4,214,983 | Peak Active Device Memory:   
                             60.23 GiB | Peak Active Device Memory (%): 77% |   
                             Peak Reserved Device Memory: 74.13 GiB | Peak      
                             Reserved Device Memory (%): 94%                    
[08/21/25 14:29:41] INFO     fairseq2 - Train Metrics (step 60) - DPO Loss:     
                             0.00865552 | Chosen Sequence Log Probabilities:    
                             -644.007 | Rejected Sequence Log Probabilities:    
                             -841.635 | Chosen Sequence Length: 746.927 |       
                             Rejected Sequence Length: 664.583 | NLL Loss:      
                             0.861853 | Gradient Norm: 3.14541 | Data Epoch: 5 |
                             Data Time: <1s | Compute Time: 20s | Lapse Time:   
                             20s | Total Time: 1,123s | Wall Time: 1,123s |     
                             Learning Rate: 6.99626e-07 | Batch Size: 96 |      
                             Elements per Batch: 172,505 | Elements per Second: 
                             8,468 | Number of Examples: 96 | Number of         
                             Elements: 172,505 | Number of Target Elements:     
                             71,705 | Padding: 0 | Padding Ratio (%): 0% | Total
                             Number of Examples: 5,472 | Total Number of        
                             Elements: 10,166,635 | Total Number of Target      
                             Elements: 4,286,688 | Peak Active Device Memory:   
                             58.53 GiB | Peak Active Device Memory (%): 74% |   
                             Peak Reserved Device Memory: 73.05 GiB | Peak      
                             Reserved Device Memory (%): 93%                    
[08/21/25 14:29:44] INFO     fairseq2 - Hugging Face model of step 50 saved.    
[08/21/25 14:30:02] INFO     fairseq2 - Train Metrics (step 61) - DPO Loss:     
                             0.00427075 | Chosen Sequence Log Probabilities:    
                             -576.055 | Rejected Sequence Log Probabilities:    
                             -800.008 | Chosen Sequence Length: 754.573 |       
                             Rejected Sequence Length: 656.604 | NLL Loss:      
                             0.763386 | Gradient Norm: 1.43203 | Data Epoch: 5 |
                             Data Time: <1s | Compute Time: 20s | Lapse Time:   
                             20s | Total Time: 1,144s | Wall Time: 1,144s |     
                             Learning Rate: 6.996e-07 | Batch Size: 96 |        
                             Elements per Batch: 187,754 | Elements per Second: 
                             9,005 | Number of Examples: 96 | Number of         
                             Elements: 187,754 | Number of Target Elements:     
                             72,439 | Padding: 0 | Padding Ratio (%): 0% | Total
                             Number of Examples: 5,568 | Total Number of        
                             Elements: 10,354,389 | Total Number of Target      
                             Elements: 4,359,127 | Peak Active Device Memory:   
                             62.67 GiB | Peak Active Device Memory (%): 80% |   
                             Peak Reserved Device Memory: 74.27 GiB | Peak      
                             Reserved Device Memory (%): 94%                    
[08/21/25 14:30:19] INFO     fairseq2 - Train Metrics (step 62) - DPO Loss:     
                             0.00193371 | Chosen Sequence Log Probabilities:    
                             -617.559 | Rejected Sequence Log Probabilities:    
                             -793.427 | Chosen Sequence Length: 741.667 |       
                             Rejected Sequence Length: 620.75 | NLL Loss:       
                             0.832733 | Gradient Norm: 0.57507 | Data Epoch: 5 |
                             Data Time: <1s | Compute Time: 17s | Lapse Time:   
                             17s | Total Time: 1,161s | Wall Time: 1,161s |     
                             Learning Rate: 6.99572e-07 | Batch Size: 96 |      
                             Elements per Batch: 174,402 | Elements per Second: 
                             10,116 | Number of Examples: 96 | Number of        
                             Elements: 174,402 | Number of Target Elements:     
                             71,200 | Padding: 0 | Padding Ratio (%): 0% | Total
                             Number of Examples: 5,664 | Total Number of        
                             Elements: 10,528,791 | Total Number of Target      
                             Elements: 4,430,327 | Peak Active Device Memory:   
                             59.27 GiB | Peak Active Device Memory (%): 75% |   
                             Peak Reserved Device Memory: 72.88 GiB | Peak      
                             Reserved Device Memory (%): 93%                    
[08/21/25 14:30:37] INFO     fairseq2 - Train Metrics (step 63) - DPO Loss:     
                             0.00692766 | Chosen Sequence Log Probabilities:    
                             -665.001 | Rejected Sequence Log Probabilities:    
                             -844.198 | Chosen Sequence Length: 788.177 |       
                             Rejected Sequence Length: 694.115 | NLL Loss:      
                             0.843991 | Gradient Norm: 2.11726 | Data Epoch: 5 |
                             Data Time: <1s | Compute Time: 17s | Lapse Time:   
                             18s | Total Time: 1,179s | Wall Time: 1,179s |     
                             Learning Rate: 6.99544e-07 | Batch Size: 96 |      
                             Elements per Batch: 173,207 | Elements per Second: 
                             9,624 | Number of Examples: 96 | Number of         
                             Elements: 173,207 | Number of Target Elements:     
                             75,665 | Padding: 0 | Padding Ratio (%): 0% | Total
                             Number of Examples: 5,760 | Total Number of        
                             Elements: 10,701,998 | Total Number of Target      
                             Elements: 4,505,992 | Peak Active Device Memory:   
                             62.47 GiB | Peak Active Device Memory (%): 79% |   
                             Peak Reserved Device Memory: 74.41 GiB | Peak      
                             Reserved Device Memory (%): 94%                    
[08/21/25 14:30:55] INFO     fairseq2 - Train Metrics (step 64) - DPO Loss:     
                             0.00766748 | Chosen Sequence Log Probabilities:    
                             -694.169 | Rejected Sequence Log Probabilities:    
                             -834.458 | Chosen Sequence Length: 761.375 |       
                             Rejected Sequence Length: 636.667 | NLL Loss:      
                             0.911446 | Gradient Norm: 5.12006 | Data Epoch: 5 |
                             Data Time: <1s | Compute Time: 17s | Lapse Time:   
                             17s | Total Time: 1,197s | Wall Time: 1,197s |     
                             Learning Rate: 6.99515e-07 | Batch Size: 96 |      
                             Elements per Batch: 191,500 | Elements per Second: 
                             10,905 | Number of Examples: 96 | Number of        
                             Elements: 191,500 | Number of Target Elements:     
                             73,092 | Padding: 0 | Padding Ratio (%): 0% | Total
                             Number of Examples: 5,856 | Total Number of        
                             Elements: 10,893,498 | Total Number of Target      
                             Elements: 4,579,084 | Peak Active Device Memory:   
                             64.84 GiB | Peak Active Device Memory (%): 82% |   
                             Peak Reserved Device Memory: 73.57 GiB | Peak      
                             Reserved Device Memory (%): 93%                    
[08/21/25 14:30:59] INFO     fairseq2 - Train Metrics (step 65) - DPO Loss:     
                             0.00470779 | Chosen Sequence Log Probabilities:    
                             -673.625 | Rejected Sequence Log Probabilities:    
                             -942 | Chosen Sequence Length: 770.542 | Rejected  
                             Sequence Length: 649.5 | NLL Loss: 0.873659 |      
                             Gradient Norm: 3.14601 | Data Epoch: 5 | Data Time:
                             <1s | Compute Time: 3s | Lapse Time: 3s | Total    
                             Time: 1,200s | Wall Time: 1,200s | Learning Rate:  
                             6.99486e-07 | Batch Size: 24 | Elements per Batch: 
                             42,756 | Elements per Second: 12,364 | Number of   
                             Examples: 24 | Number of Elements: 42,756 | Number 
                             of Target Elements: 18,493 | Padding: 0 | Padding  
                             Ratio (%): 0% | Total Number of Examples: 5,880 |  
                             Total Number of Elements: 10,936,254 | Total Number
                             of Target Elements: 4,597,577 | Peak Active Device 
                             Memory: 57.28 GiB | Peak Active Device Memory (%): 
                             73% | Peak Reserved Device Memory: 68.31 GiB | Peak
                             Reserved Device Memory (%): 87%                    
                    INFO     fairseq2 - End of epoch 5 reached after step 65.   
[08/21/25 14:31:17] INFO     fairseq2 - Train Metrics (step 66) - DPO Loss:     
                             0.000919637 | Chosen Sequence Log Probabilities:   
                             -787.704 | Rejected Sequence Log Probabilities:    
                             -961.385 | Chosen Sequence Length: 781.604 |       
                             Rejected Sequence Length: 646.135 | NLL Loss:      
                             1.00777 | Gradient Norm: 0.477891 | Data Epoch: 6 |
                             Data Time: <1s | Compute Time: 17s | Lapse Time:   
                             18s | Total Time: 1,219s | Wall Time: 1,219s |     
                             Learning Rate: 6.99455e-07 | Batch Size: 96 |      
                             Elements per Batch: 178,510 | Elements per Second: 
                             9,998 | Number of Examples: 96 | Number of         
                             Elements: 178,510 | Number of Target Elements:     
                             75,034 | Padding: 0 | Padding Ratio (%): 0% | Total
                             Number of Examples: 5,976 | Total Number of        
                             Elements: 11,114,764 | Total Number of Target      
                             Elements: 4,672,611 | Peak Active Device Memory:   
                             60.25 GiB | Peak Active Device Memory (%): 77% |   
                             Peak Reserved Device Memory: 74.36 GiB | Peak      
                             Reserved Device Memory (%): 94%                    
[08/21/25 14:31:35] INFO     fairseq2 - Train Metrics (step 67) - DPO Loss:     
                             0.0023852 | Chosen Sequence Log Probabilities:     
                             -684.878 | Rejected Sequence Log Probabilities:    
                             -901.604 | Chosen Sequence Length: 761.865 |       
                             Rejected Sequence Length: 649.354 | NLL Loss:      
                             0.898596 | Gradient Norm: 0.464216 | Data Epoch: 6 
                             | Data Time: <1s | Compute Time: 17s | Lapse Time: 
                             17s | Total Time: 1,237s | Wall Time: 1,237s |     
                             Learning Rate: 6.99423e-07 | Batch Size: 96 |      
                             Elements per Batch: 162,326 | Elements per Second: 
                             9,142 | Number of Examples: 96 | Number of         
                             Elements: 162,326 | Number of Target Elements:     
                             73,139 | Padding: 0 | Padding Ratio (%): 0% | Total
                             Number of Examples: 6,072 | Total Number of        
                             Elements: 11,277,090 | Total Number of Target      
                             Elements: 4,745,750 | Peak Active Device Memory:   
                             60.73 GiB | Peak Active Device Memory (%): 77% |   
                             Peak Reserved Device Memory: 73.86 GiB | Peak      
                             Reserved Device Memory (%): 94%                    
[08/21/25 14:31:55] INFO     fairseq2 - Train Metrics (step 68) - DPO Loss:     
                             0.000543038 | Chosen Sequence Log Probabilities:   
                             -764.492 | Rejected Sequence Log Probabilities:    
                             -937.594 | Chosen Sequence Length: 858.719 |       
                             Rejected Sequence Length: 653.729 | NLL Loss:      
                             0.890181 | Gradient Norm: 0.151689 | Data Epoch: 6 
                             | Data Time: <1s | Compute Time: 20s | Lapse Time: 
                             20s | Total Time: 1,257s | Wall Time: 1,257s |     
                             Learning Rate: 6.99391e-07 | Batch Size: 96 |      
                             Elements per Batch: 197,568 | Elements per Second: 
                             9,657 | Number of Examples: 96 | Number of         
                             Elements: 197,568 | Number of Target Elements:     
                             82,437 | Padding: 0 | Padding Ratio (%): 0% | Total
                             Number of Examples: 6,168 | Total Number of        
                             Elements: 11,474,658 | Total Number of Target      
                             Elements: 4,828,187 | Peak Active Device Memory:   
                             63.46 GiB | Peak Active Device Memory (%): 81% |   
                             Peak Reserved Device Memory: 74.33 GiB | Peak      
                             Reserved Device Memory (%): 94%                    
[08/21/25 14:32:16] INFO     fairseq2 - Train Metrics (step 69) - DPO Loss:     
                             0.00251995 | Chosen Sequence Log Probabilities:    
                             -693.344 | Rejected Sequence Log Probabilities:    
                             -877.865 | Chosen Sequence Length: 727.927 |       
                             Rejected Sequence Length: 644.771 | NLL Loss:      
                             0.952671 | Gradient Norm: 0.699373 | Data Epoch: 6 
                             | Data Time: <1s | Compute Time: 20s | Lapse Time: 
                             20s | Total Time: 1,278s | Wall Time: 1,278s |     
                             Learning Rate: 6.99358e-07 | Batch Size: 96 |      
                             Elements per Batch: 183,095 | Elements per Second: 
                             8,739 | Number of Examples: 96 | Number of         
                             Elements: 183,095 | Number of Target Elements:     
                             69,881 | Padding: 0 | Padding Ratio (%): 0% | Total
                             Number of Examples: 6,264 | Total Number of        
                             Elements: 11,657,753 | Total Number of Target      
                             Elements: 4,898,068 | Peak Active Device Memory:   
                             59.90 GiB | Peak Active Device Memory (%): 76% |   
                             Peak Reserved Device Memory: 73.65 GiB | Peak      
                             Reserved Device Memory (%): 94%                    
[08/21/25 14:32:35] INFO     fairseq2 - Train Metrics (step 70) - DPO Loss:     
                             0.00232846 | Chosen Sequence Log Probabilities:    
                             -755.727 | Rejected Sequence Log Probabilities:    
                             -919.396 | Chosen Sequence Length: 795.833 |       
                             Rejected Sequence Length: 687.719 | NLL Loss:      
                             0.949897 | Gradient Norm: 0.485989 | Data Epoch: 6 
                             | Data Time: <1s | Compute Time: 18s | Lapse Time: 
                             18s | Total Time: 1,297s | Wall Time: 1,297s |     
                             Learning Rate: 6.99323e-07 | Batch Size: 96 |      
                             Elements per Batch: 173,071 | Elements per Second: 
                             9,123 | Number of Examples: 96 | Number of         
                             Elements: 173,071 | Number of Target Elements:     
                             76,400 | Padding: 0 | Padding Ratio (%): 0% | Total
                             Number of Examples: 6,360 | Total Number of        
                             Elements: 11,830,824 | Total Number of Target      
                             Elements: 4,974,468 | Peak Active Device Memory:   
                             58.42 GiB | Peak Active Device Memory (%): 74% |   
                             Peak Reserved Device Memory: 73.65 GiB | Peak      
                             Reserved Device Memory (%): 94%                    
[08/21/25 14:32:53] INFO     fairseq2 - Train Metrics (step 71) - DPO Loss:     
                             0.000915286 | Chosen Sequence Log Probabilities:   
                             -685.956 | Rejected Sequence Log Probabilities:    
                             -900.198 | Chosen Sequence Length: 739.406 |       
                             Rejected Sequence Length: 647.823 | NLL Loss:      
                             0.927969 | Gradient Norm: 0.265599 | Data Epoch: 6 
                             | Data Time: <1s | Compute Time: 18s | Lapse Time: 
                             18s | Total Time: 1,315s | Wall Time: 1,315s |     
                             Learning Rate: 6.99288e-07 | Batch Size: 96 |      
                             Elements per Batch: 182,129 | Elements per Second: 
                             10,115 | Number of Examples: 96 | Number of        
                             Elements: 182,129 | Number of Target Elements:     
                             70,983 | Padding: 0 | Padding Ratio (%): 0% | Total
                             Number of Examples: 6,456 | Total Number of        
                             Elements: 12,012,953 | Total Number of Target      
                             Elements: 5,045,451 | Peak Active Device Memory:   
                             60.11 GiB | Peak Active Device Memory (%): 76% |   
                             Peak Reserved Device Memory: 73.65 GiB | Peak      
                             Reserved Device Memory (%): 94%                    
[08/21/25 14:33:10] INFO     fairseq2 - Train Metrics (step 72) - DPO Loss:     
                             0.000522244 | Chosen Sequence Log Probabilities:   
                             -692.022 | Rejected Sequence Log Probabilities:    
                             -878.073 | Chosen Sequence Length: 711.562 |       
                             Rejected Sequence Length: 633.833 | NLL Loss:      
                             0.972792 | Gradient Norm: 0.131301 | Data Epoch: 6 
                             | Data Time: <1s | Compute Time: 16s | Lapse Time: 
                             16s | Total Time: 1,332s | Wall Time: 1,332s |     
                             Learning Rate: 6.99252e-07 | Batch Size: 96 |      
                             Elements per Batch: 170,352 | Elements per Second: 
                             10,359 | Number of Examples: 96 | Number of        
                             Elements: 170,352 | Number of Target Elements:     
                             68,310 | Padding: 0 | Padding Ratio (%): 0% | Total
                             Number of Examples: 6,552 | Total Number of        
                             Elements: 12,183,305 | Total Number of Target      
                             Elements: 5,113,761 | Peak Active Device Memory:   
                             59.78 GiB | Peak Active Device Memory (%): 76% |   
                             Peak Reserved Device Memory: 73.65 GiB | Peak      
                             Reserved Device Memory (%): 94%                    
[08/21/25 14:33:28] INFO     fairseq2 - Train Metrics (step 73) - DPO Loss:     
                             0.000316996 | Chosen Sequence Log Probabilities:   
                             -783.208 | Rejected Sequence Log Probabilities:    
                             -989.911 | Chosen Sequence Length: 846.615 |       
                             Rejected Sequence Length: 683.719 | NLL Loss:      
                             0.925069 | Gradient Norm: 0.295024 | Data Epoch: 6 
                             | Data Time: <1s | Compute Time: 18s | Lapse Time: 
                             18s | Total Time: 1,350s | Wall Time: 1,350s |     
                             Learning Rate: 6.99215e-07 | Batch Size: 96 |      
                             Elements per Batch: 178,426 | Elements per Second: 
                             9,747 | Number of Examples: 96 | Number of         
                             Elements: 178,426 | Number of Target Elements:     
                             81,275 | Padding: 0 | Padding Ratio (%): 0% | Total
                             Number of Examples: 6,648 | Total Number of        
                             Elements: 12,361,731 | Total Number of Target      
                             Elements: 5,195,036 | Peak Active Device Memory:   
                             58.69 GiB | Peak Active Device Memory (%): 75% |   
                             Peak Reserved Device Memory: 73.71 GiB | Peak      
                             Reserved Device Memory (%): 94%                    
[08/21/25 14:33:50] INFO     fairseq2 - Train Metrics (step 74) - DPO Loss:     
                             0.000235693 | Chosen Sequence Log Probabilities:   
                             -699.602 | Rejected Sequence Log Probabilities:    
                             -934.646 | Chosen Sequence Length: 773.948 |       
                             Rejected Sequence Length: 691.417 | NLL Loss:      
                             0.90426 | Gradient Norm: 0.110989 | Data Epoch: 6 |
                             Data Time: <1s | Compute Time: 21s | Lapse Time:   
                             21s | Total Time: 1,372s | Wall Time: 1,372s |     
                             Learning Rate: 6.99177e-07 | Batch Size: 96 |      
                             Elements per Batch: 175,282 | Elements per Second: 
                             8,268 | Number of Examples: 96 | Number of         
                             Elements: 175,282 | Number of Target Elements:     
                             74,299 | Padding: 0 | Padding Ratio (%): 0% | Total
                             Number of Examples: 6,744 | Total Number of        
                             Elements: 12,537,013 | Total Number of Target      
                             Elements: 5,269,335 | Peak Active Device Memory:   
                             60.76 GiB | Peak Active Device Memory (%): 77% |   
                             Peak Reserved Device Memory: 73.71 GiB | Peak      
                             Reserved Device Memory (%): 94%                    
[08/21/25 14:34:08] INFO     fairseq2 - Train Metrics (step 75) - DPO Loss:     
                             0.000210682 | Chosen Sequence Log Probabilities:   
                             -731.345 | Rejected Sequence Log Probabilities:    
                             -919.594 | Chosen Sequence Length: 785.344 |       
                             Rejected Sequence Length: 683.281 | NLL Loss:      
                             0.931306 | Gradient Norm: 0.0737484 | Data Epoch: 6
                             | Data Time: <1s | Compute Time: 18s | Lapse Time: 
                             18s | Total Time: 1,390s | Wall Time: 1,390s |     
                             Learning Rate: 6.99139e-07 | Batch Size: 96 |      
                             Elements per Batch: 181,187 | Elements per Second: 
                             9,633 | Number of Examples: 96 | Number of         
                             Elements: 181,187 | Number of Target Elements:     
                             75,393 | Padding: 0 | Padding Ratio (%): 0% | Total
                             Number of Examples: 6,840 | Total Number of        
                             Elements: 12,718,200 | Total Number of Target      
                             Elements: 5,344,728 | Peak Active Device Memory:   
                             58.60 GiB | Peak Active Device Memory (%): 74% |   
                             Peak Reserved Device Memory: 73.71 GiB | Peak      
                             Reserved Device Memory (%): 94%                    
[08/21/25 14:34:26] INFO     fairseq2 - Train Metrics (step 76) - DPO Loss:     
                             0.000398125 | Chosen Sequence Log Probabilities:   
                             -816.549 | Rejected Sequence Log Probabilities:    
                             -1022.74 | Chosen Sequence Length: 847.177 |       
                             Rejected Sequence Length: 710.229 | NLL Loss:      
                             0.963876 | Gradient Norm: 0.203568 | Data Epoch: 6 
                             | Data Time: <1s | Compute Time: 17s | Lapse Time: 
                             17s | Total Time: 1,408s | Wall Time: 1,408s |     
                             Learning Rate: 6.99099e-07 | Batch Size: 96 |      
                             Elements per Batch: 186,481 | Elements per Second: 
                             10,493 | Number of Examples: 96 | Number of        
                             Elements: 186,481 | Number of Target Elements:     
                             81,329 | Padding: 0 | Padding Ratio (%): 0% | Total
                             Number of Examples: 6,936 | Total Number of        
                             Elements: 12,904,681 | Total Number of Target      
                             Elements: 5,426,057 | Peak Active Device Memory:   
                             62.39 GiB | Peak Active Device Memory (%): 79% |   
                             Peak Reserved Device Memory: 73.71 GiB | Peak      
                             Reserved Device Memory (%): 94%                    
[08/21/25 14:34:44] INFO     fairseq2 - Train Metrics (step 77) - DPO Loss:     
                             0.000248321 | Chosen Sequence Log Probabilities:   
                             -681.099 | Rejected Sequence Log Probabilities:    
                             -945.917 | Chosen Sequence Length: 728.177 |       
                             Rejected Sequence Length: 629.229 | NLL Loss:      
                             0.93557 | Gradient Norm: 0.140256 | Data Epoch: 6 |
                             Data Time: <1s | Compute Time: 17s | Lapse Time:   
                             17s | Total Time: 1,426s | Wall Time: 1,426s |     
                             Learning Rate: 6.99059e-07 | Batch Size: 96 |      
                             Elements per Batch: 167,552 | Elements per Second: 
                             9,439 | Number of Examples: 96 | Number of         
                             Elements: 167,552 | Number of Target Elements:     
                             69,905 | Padding: 0 | Padding Ratio (%): 0% | Total
                             Number of Examples: 7,032 | Total Number of        
                             Elements: 13,072,233 | Total Number of Target      
                             Elements: 5,495,962 | Peak Active Device Memory:   
                             61.61 GiB | Peak Active Device Memory (%): 78% |   
                             Peak Reserved Device Memory: 72.75 GiB | Peak      
                             Reserved Device Memory (%): 92%                    
[08/21/25 14:34:49] INFO     fairseq2 - Train Metrics (step 78) - DPO Loss:     
                             0.000331613 | Chosen Sequence Log Probabilities:   
                             -693.458 | Rejected Sequence Log Probabilities:    
                             -908.75 | Chosen Sequence Length: 863.25 | Rejected
                             Sequence Length: 629.417 | NLL Loss: 0.803368 |    
                             Gradient Norm: 0.276016 | Data Epoch: 6 | Data     
                             Time: <1s | Compute Time: 4s | Lapse Time: 4s |    
                             Total Time: 1,431s | Wall Time: 1,431s | Learning  
                             Rate: 6.99017e-07 | Batch Size: 24 | Elements per  
                             Batch: 51,408 | Elements per Second: 11,085 |      
                             Number of Examples: 24 | Number of Elements: 51,408
                             | Number of Target Elements: 20,718 | Padding: 0 | 
                             Padding Ratio (%): 0% | Total Number of Examples:  
                             7,056 | Total Number of Elements: 13,123,641 |     
                             Total Number of Target Elements: 5,516,680 | Peak  
                             Active Device Memory: 62.52 GiB | Peak Active      
                             Device Memory (%): 79% | Peak Reserved Device      
                             Memory: 73.59 GiB | Peak Reserved Device Memory    
                             (%): 93%                                           
                    INFO     fairseq2 - End of epoch 6 reached after step 78.   
[08/21/25 14:35:10] INFO     fairseq2 - Train Metrics (step 79) - DPO Loss:     
                             0.000150778 | Chosen Sequence Log Probabilities:   
                             -749.826 | Rejected Sequence Log Probabilities:    
                             -973.594 | Chosen Sequence Length: 803.021 |       
                             Rejected Sequence Length: 701.927 | NLL Loss:      
                             0.933669 | Gradient Norm: 0.0710715 | Data Epoch: 7
                             | Data Time: <1s | Compute Time: 20s | Lapse Time: 
                             21s | Total Time: 1,452s | Wall Time: 1,452s |     
                             Learning Rate: 6.98975e-07 | Batch Size: 96 |      
                             Elements per Batch: 176,165 | Elements per Second: 
                             8,305 | Number of Examples: 96 | Number of         
                             Elements: 176,165 | Number of Target Elements:     
                             77,090 | Padding: 0 | Padding Ratio (%): 0% | Total
                             Number of Examples: 7,152 | Total Number of        
                             Elements: 13,299,806 | Total Number of Target      
                             Elements: 5,593,770 | Peak Active Device Memory:   
                             62.90 GiB | Peak Active Device Memory (%): 80% |   
                             Peak Reserved Device Memory: 74.02 GiB | Peak      
                             Reserved Device Memory (%): 94%                    
[08/21/25 14:35:28] INFO     fairseq2 - Train Metrics (step 80) - DPO Loss:     
                             0.000435278 | Chosen Sequence Log Probabilities:   
                             -781.688 | Rejected Sequence Log Probabilities:    
                             -974.729 | Chosen Sequence Length: 772.281 |       
                             Rejected Sequence Length: 649.24 | NLL Loss: 1.0126
                             | Gradient Norm: 0.0999297 | Data Epoch: 7 | Data  
                             Time: <1s | Compute Time: 17s | Lapse Time: 17s |  
                             Total Time: 1,470s | Wall Time: 1,470s | Learning  
                             Rate: 6.98932e-07 | Batch Size: 96 | Elements per  
                             Batch: 174,995 | Elements per Second: 9,815 |      
                             Number of Examples: 96 | Number of Elements:       
                             174,995 | Number of Target Elements: 74,139 |      
                             Padding: 0 | Padding Ratio (%): 0% | Total Number  
                             of Examples: 7,248 | Total Number of Elements:     
                             13,474,801 | Total Number of Target Elements:      
                             5,667,909 | Peak Active Device Memory: 59.33 GiB | 
                             Peak Active Device Memory (%): 75% | Peak Reserved 
                             Device Memory: 74.36 GiB | Peak Reserved Device    
                             Memory (%): 94%                                    
[08/21/25 14:35:46] INFO     fairseq2 - Train Metrics (step 81) - DPO Loss:     
                             0.000195602 | Chosen Sequence Log Probabilities:   
                             -736.854 | Rejected Sequence Log Probabilities:    
                             -934.354 | Chosen Sequence Length: 784.74 |        
                             Rejected Sequence Length: 658.135 | NLL Loss:      
                             0.938798 | Gradient Norm: 0.0575869 | Data Epoch: 7
                             | Data Time: <1s | Compute Time: 17s | Lapse Time: 
                             17s | Total Time: 1,488s | Wall Time: 1,488s |     
                             Learning Rate: 6.98888e-07 | Batch Size: 96 |      
                             Elements per Batch: 183,179 | Elements per Second: 
                             10,188 | Number of Examples: 96 | Number of        
                             Elements: 183,179 | Number of Target Elements:     
                             75,335 | Padding: 0 | Padding Ratio (%): 0% | Total
                             Number of Examples: 7,344 | Total Number of        
                             Elements: 13,657,980 | Total Number of Target      
                             Elements: 5,743,244 | Peak Active Device Memory:   
                             63.44 GiB | Peak Active Device Memory (%): 81% |   
                             Peak Reserved Device Memory: 73.60 GiB | Peak      
                             Reserved Device Memory (%): 93%                    
[08/21/25 14:36:04] INFO     fairseq2 - Train Metrics (step 82) - DPO Loss:     
                             0.000167912 | Chosen Sequence Log Probabilities:   
                             -732.434 | Rejected Sequence Log Probabilities:    
                             -984.354 | Chosen Sequence Length: 744.771 |       
                             Rejected Sequence Length: 647.354 | NLL Loss:      
                             0.983366 | Gradient Norm: 0.0570398 | Data Epoch: 7
                             | Data Time: <1s | Compute Time: 17s | Lapse Time: 
                             17s | Total Time: 1,506s | Wall Time: 1,506s |     
                             Learning Rate: 6.98843e-07 | Batch Size: 96 |      
                             Elements per Batch: 178,480 | Elements per Second: 
                             10,166 | Number of Examples: 96 | Number of        
                             Elements: 178,480 | Number of Target Elements:     
                             71,498 | Padding: 0 | Padding Ratio (%): 0% | Total
                             Number of Examples: 7,440 | Total Number of        
                             Elements: 13,836,460 | Total Number of Target      
                             Elements: 5,814,742 | Peak Active Device Memory:   
                             65.03 GiB | Peak Active Device Memory (%): 83% |   
                             Peak Reserved Device Memory: 74.13 GiB | Peak      
                             Reserved Device Memory (%): 94%                    
[08/21/25 14:36:25] INFO     fairseq2 - Train Metrics (step 83) - DPO Loss:     
                             3.9942e-05 | Chosen Sequence Log Probabilities:    
                             -677.781 | Rejected Sequence Log Probabilities:    
                             -988.172 | Chosen Sequence Length: 691.635 |       
                             Rejected Sequence Length: 657.938 | NLL Loss:      
                             0.980144 | Gradient Norm: 0.0198221 | Data Epoch: 7
                             | Data Time: <1s | Compute Time: 20s | Lapse Time: 
                             20s | Total Time: 1,527s | Wall Time: 1,527s |     
                             Learning Rate: 6.98797e-07 | Batch Size: 96 |      
                             Elements per Batch: 180,899 | Elements per Second: 
                             8,722 | Number of Examples: 96 | Number of         
                             Elements: 180,899 | Number of Target Elements:     
                             66,397 | Padding: 0 | Padding Ratio (%): 0% | Total
                             Number of Examples: 7,536 | Total Number of        
                             Elements: 14,017,359 | Total Number of Target      
                             Elements: 5,881,139 | Peak Active Device Memory:   
                             59.81 GiB | Peak Active Device Memory (%): 76% |   
                             Peak Reserved Device Memory: 73.23 GiB | Peak      
                             Reserved Device Memory (%): 93%                    
[08/21/25 14:36:42] INFO     fairseq2 - Train Metrics (step 84) - DPO Loss:     
                             0.000207673 | Chosen Sequence Log Probabilities:   
                             -855.288 | Rejected Sequence Log Probabilities:    
                             -1052.34 | Chosen Sequence Length: 748.396 |       
                             Rejected Sequence Length: 632.938 | NLL Loss:      
                             1.14309 | Gradient Norm: 0.169869 | Data Epoch: 7 |
                             Data Time: <1s | Compute Time: 16s | Lapse Time:   
                             16s | Total Time: 1,544s | Wall Time: 1,544s |     
                             Learning Rate: 6.98751e-07 | Batch Size: 96 |      
                             Elements per Batch: 172,260 | Elements per Second: 
                             10,201 | Number of Examples: 96 | Number of        
                             Elements: 172,260 | Number of Target Elements:     
                             71,846 | Padding: 0 | Padding Ratio (%): 0% | Total
                             Number of Examples: 7,632 | Total Number of        
                             Elements: 14,189,619 | Total Number of Target      
                             Elements: 5,952,985 | Peak Active Device Memory:   
                             64.29 GiB | Peak Active Device Memory (%): 82% |   
                             Peak Reserved Device Memory: 74.50 GiB | Peak      
                             Reserved Device Memory (%): 95%                    
[08/21/25 14:37:02] INFO     fairseq2 - Train Metrics (step 85) - DPO Loss:     
                             0.00015139 | Chosen Sequence Log Probabilities:    
                             -752.297 | Rejected Sequence Log Probabilities:    
                             -1023.83 | Chosen Sequence Length: 835.448 |       
                             Rejected Sequence Length: 692.885 | NLL Loss:      
                             0.900347 | Gradient Norm: 0.0518352 | Data Epoch: 7
                             | Data Time: <1s | Compute Time: 20s | Lapse Time: 
                             20s | Total Time: 1,564s | Wall Time: 1,564s |     
                             Learning Rate: 6.98703e-07 | Batch Size: 96 |      
                             Elements per Batch: 185,277 | Elements per Second: 
                             9,062 | Number of Examples: 96 | Number of         
                             Elements: 185,277 | Number of Target Elements:     
                             80,203 | Padding: 0 | Padding Ratio (%): 0% | Total
                             Number of Examples: 7,728 | Total Number of        
                             Elements: 14,374,896 | Total Number of Target      
                             Elements: 6,033,188 | Peak Active Device Memory:   
                             64.65 GiB | Peak Active Device Memory (%): 82% |   
                             Peak Reserved Device Memory: 73.10 GiB | Peak      
                             Reserved Device Memory (%): 93%                    
[08/21/25 14:37:20] INFO     fairseq2 - Train Metrics (step 86) - DPO Loss:     
                             6.44525e-05 | Chosen Sequence Log Probabilities:   
                             -880.359 | Rejected Sequence Log Probabilities:    
                             -1086.38 | Chosen Sequence Length: 819.896 |       
                             Rejected Sequence Length: 668.646 | NLL Loss:      
                             1.07381 | Gradient Norm: 0.0276855 | Data Epoch: 7 
                             | Data Time: <1s | Compute Time: 18s | Lapse Time: 
                             18s | Total Time: 1,582s | Wall Time: 1,582s |     
                             Learning Rate: 6.98655e-07 | Batch Size: 96 |      
                             Elements per Batch: 175,279 | Elements per Second: 
                             9,673 | Number of Examples: 96 | Number of         
                             Elements: 175,279 | Number of Target Elements:     
                             78,710 | Padding: 0 | Padding Ratio (%): 0% | Total
                             Number of Examples: 7,824 | Total Number of        
                             Elements: 14,550,175 | Total Number of Target      
                             Elements: 6,111,898 | Peak Active Device Memory:   
                             65.20 GiB | Peak Active Device Memory (%): 83% |   
                             Peak Reserved Device Memory: 74.51 GiB | Peak      
                             Reserved Device Memory (%): 95%                    
[08/21/25 14:37:38] INFO     fairseq2 - Train Metrics (step 87) - DPO Loss:     
                             0.000169068 | Chosen Sequence Log Probabilities:   
                             -796.615 | Rejected Sequence Log Probabilities:    
                             -1008.25 | Chosen Sequence Length: 836.594 |       
                             Rejected Sequence Length: 687.656 | NLL Loss:      
                             0.951956 | Gradient Norm: 0.0873252 | Data Epoch: 7
                             | Data Time: <1s | Compute Time: 17s | Lapse Time: 
                             17s | Total Time: 1,600s | Wall Time: 1,600s |     
                             Learning Rate: 6.98605e-07 | Batch Size: 96 |      
                             Elements per Batch: 179,299 | Elements per Second: 
                             10,397 | Number of Examples: 96 | Number of        
                             Elements: 179,299 | Number of Target Elements:     
                             80,313 | Padding: 0 | Padding Ratio (%): 0% | Total
                             Number of Examples: 7,920 | Total Number of        
                             Elements: 14,729,474 | Total Number of Target      
                             Elements: 6,192,211 | Peak Active Device Memory:   
                             60.67 GiB | Peak Active Device Memory (%): 77% |   
                             Peak Reserved Device Memory: 74.07 GiB | Peak      
                             Reserved Device Memory (%): 94%                    
[08/21/25 14:37:56] INFO     fairseq2 - Train Metrics (step 88) - DPO Loss:     
                             7.18227e-05 | Chosen Sequence Log Probabilities:   
                             -834.633 | Rejected Sequence Log Probabilities:    
                             -1061.32 | Chosen Sequence Length: 794.646 |       
                             Rejected Sequence Length: 658.938 | NLL Loss:      
                             1.05054 | Gradient Norm: 0.0634844 | Data Epoch: 7 
                             | Data Time: <1s | Compute Time: 18s | Lapse Time: 
                             18s | Total Time: 1,618s | Wall Time: 1,618s |     
                             Learning Rate: 6.98555e-07 | Batch Size: 96 |      
                             Elements per Batch: 179,880 | Elements per Second: 
                             9,839 | Number of Examples: 96 | Number of         
                             Elements: 179,880 | Number of Target Elements:     
                             76,286 | Padding: 0 | Padding Ratio (%): 0% | Total
                             Number of Examples: 8,016 | Total Number of        
                             Elements: 14,909,354 | Total Number of Target      
                             Elements: 6,268,497 | Peak Active Device Memory:   
                             58.75 GiB | Peak Active Device Memory (%): 75% |   
                             Peak Reserved Device Memory: 74.07 GiB | Peak      
                             Reserved Device Memory (%): 94%                    
[08/21/25 14:38:15] INFO     fairseq2 - Train Metrics (step 89) - DPO Loss:     
                             0.000427351 | Chosen Sequence Log Probabilities:   
                             -831.146 | Rejected Sequence Log Probabilities:    
                             -1025.52 | Chosen Sequence Length: 763.469 |       
                             Rejected Sequence Length: 645.25 | NLL Loss:       
                             1.08861 | Gradient Norm: 0.368945 | Data Epoch: 7 |
                             Data Time: <1s | Compute Time: 18s | Lapse Time:   
                             18s | Total Time: 1,637s | Wall Time: 1,637s |     
                             Learning Rate: 6.98504e-07 | Batch Size: 96 |      
                             Elements per Batch: 180,559 | Elements per Second: 
                             9,547 | Number of Examples: 96 | Number of         
                             Elements: 180,559 | Number of Target Elements:     
                             73,293 | Padding: 0 | Padding Ratio (%): 0% | Total
                             Number of Examples: 8,112 | Total Number of        
                             Elements: 15,089,913 | Total Number of Target      
                             Elements: 6,341,790 | Peak Active Device Memory:   
                             60.07 GiB | Peak Active Device Memory (%): 76% |   
                             Peak Reserved Device Memory: 74.14 GiB | Peak      
                             Reserved Device Memory (%): 94%                    
[08/21/25 14:38:33] INFO     fairseq2 - Train Metrics (step 90) - DPO Loss:     
                             7.94425e-05 | Chosen Sequence Log Probabilities:   
                             -781.026 | Rejected Sequence Log Probabilities:    
                             -1032.61 | Chosen Sequence Length: 783.406 |       
                             Rejected Sequence Length: 657.781 | NLL Loss:      
                             0.997277 | Gradient Norm: 0.0332367 | Data Epoch: 7
                             | Data Time: <1s | Compute Time: 18s | Lapse Time: 
                             18s | Total Time: 1,655s | Wall Time: 1,655s |     
                             Learning Rate: 6.98452e-07 | Batch Size: 96 |      
                             Elements per Batch: 180,935 | Elements per Second: 
                             9,907 | Number of Examples: 96 | Number of         
                             Elements: 180,935 | Number of Target Elements:     
                             75,207 | Padding: 0 | Padding Ratio (%): 0% | Total
                             Number of Examples: 8,208 | Total Number of        
                             Elements: 15,270,848 | Total Number of Target      
                             Elements: 6,416,997 | Peak Active Device Memory:   
                             61.89 GiB | Peak Active Device Memory (%): 79% |   
                             Peak Reserved Device Memory: 74.14 GiB | Peak      
                             Reserved Device Memory (%): 94%                    
[08/21/25 14:38:37] INFO     fairseq2 - Train Metrics (step 91) - DPO Loss:     
                             0.0002472 | Chosen Sequence Log Probabilities:     
                             -820.417 | Rejected Sequence Log Probabilities:    
                             -1009.75 | Chosen Sequence Length: 783.875 |       
                             Rejected Sequence Length: 639.375 | NLL Loss:      
                             1.04648 | Gradient Norm: 0.170627 | Data Epoch: 7 |
                             Data Time: <1s | Compute Time: 3s | Lapse Time: 3s 
                             | Total Time: 1,659s | Wall Time: 1,659s | Learning
                             Rate: 6.98399e-07 | Batch Size: 24 | Elements per  
                             Batch: 39,325 | Elements per Second: 10,547 |      
                             Number of Examples: 24 | Number of Elements: 39,325
                             | Number of Target Elements: 18,813 | Padding: 0 | 
                             Padding Ratio (%): 0% | Total Number of Examples:  
                             8,232 | Total Number of Elements: 15,310,173 |     
                             Total Number of Target Elements: 6,435,810 | Peak  
                             Active Device Memory: 60.32 GiB | Peak Active      
                             Device Memory (%): 77% | Peak Reserved Device      
                             Memory: 73.86 GiB | Peak Reserved Device Memory    
                             (%): 94%                                           
                    INFO     fairseq2 - End of epoch 7 reached after step 91.   
[08/21/25 14:38:55] INFO     fairseq2 - Train Metrics (step 92) - DPO Loss:     
                             0.000146908 | Chosen Sequence Log Probabilities:   
                             -760.781 | Rejected Sequence Log Probabilities:    
                             -1021.18 | Chosen Sequence Length: 718.927 |       
                             Rejected Sequence Length: 628.896 | NLL Loss:      
                             1.05837 | Gradient Norm: 0.0441542 | Data Epoch: 8 
                             | Data Time: <1s | Compute Time: 17s | Lapse Time: 
                             17s | Total Time: 1,677s | Wall Time: 1,677s |     
                             Learning Rate: 6.98345e-07 | Batch Size: 96 |      
                             Elements per Batch: 158,954 | Elements per Second: 
                             9,129 | Number of Examples: 96 | Number of         
                             Elements: 158,954 | Number of Target Elements:     
                             69,017 | Padding: 0 | Padding Ratio (%): 0% | Total
                             Number of Examples: 8,328 | Total Number of        
                             Elements: 15,469,127 | Total Number of Target      
                             Elements: 6,504,827 | Peak Active Device Memory:   
                             58.20 GiB | Peak Active Device Memory (%): 74% |   
                             Peak Reserved Device Memory: 73.38 GiB | Peak      
                             Reserved Device Memory (%): 93%                    
[08/21/25 14:39:13] INFO     fairseq2 - Train Metrics (step 93) - DPO Loss:     
                             9.62909e-05 | Chosen Sequence Log Probabilities:   
                             -759.031 | Rejected Sequence Log Probabilities:    
                             -1058.04 | Chosen Sequence Length: 733.573 |       
                             Rejected Sequence Length: 663.854 | NLL Loss:      
                             1.03499 | Gradient Norm: 0.0289882 | Data Epoch: 8 
                             | Data Time: <1s | Compute Time: 18s | Lapse Time: 
                             18s | Total Time: 1,695s | Wall Time: 1,695s |     
                             Learning Rate: 6.98291e-07 | Batch Size: 96 |      
                             Elements per Batch: 178,676 | Elements per Second: 
                             9,851 | Number of Examples: 96 | Number of         
                             Elements: 178,676 | Number of Target Elements:     
                             70,423 | Padding: 0 | Padding Ratio (%): 0% | Total
                             Number of Examples: 8,424 | Total Number of        
                             Elements: 15,647,803 | Total Number of Target      
                             Elements: 6,575,250 | Peak Active Device Memory:   
                             60.41 GiB | Peak Active Device Memory (%): 77% |   
                             Peak Reserved Device Memory: 74.31 GiB | Peak      
                             Reserved Device Memory (%): 94%                    
[08/21/25 14:39:33] INFO     fairseq2 - Train Metrics (step 94) - DPO Loss:     
                             7.80958e-05 | Chosen Sequence Log Probabilities:   
                             -770.803 | Rejected Sequence Log Probabilities:    
                             -1015.72 | Chosen Sequence Length: 767.667 |       
                             Rejected Sequence Length: 633.458 | NLL Loss:      
                             1.00426 | Gradient Norm: 0.0275572 | Data Epoch: 8 
                             | Data Time: <1s | Compute Time: 19s | Lapse Time: 
                             19s | Total Time: 1,715s | Wall Time: 1,715s |     
                             Learning Rate: 6.98235e-07 | Batch Size: 96 |      
                             Elements per Batch: 170,997 | Elements per Second: 
                             8,589 | Number of Examples: 96 | Number of         
                             Elements: 170,997 | Number of Target Elements:     
                             73,696 | Padding: 0 | Padding Ratio (%): 0% | Total
                             Number of Examples: 8,520 | Total Number of        
                             Elements: 15,818,800 | Total Number of Target      
                             Elements: 6,648,946 | Peak Active Device Memory:   
                             60.11 GiB | Peak Active Device Memory (%): 76% |   
                             Peak Reserved Device Memory: 74.31 GiB | Peak      
                             Reserved Device Memory (%): 94%                    
[08/21/25 14:39:47] INFO     fairseq2 - Train Metrics (step 95) - DPO Loss:     
                             8.48964e-05 | Chosen Sequence Log Probabilities:   
                             -712.688 | Rejected Sequence Log Probabilities:    
                             -968.219 | Chosen Sequence Length: 742.156 |       
                             Rejected Sequence Length: 638.677 | NLL Loss:      
                             0.96015 | Gradient Norm: 0.0371188 | Data Epoch: 8 
                             | Data Time: <1s | Compute Time: 14s | Lapse Time: 
                             14s | Total Time: 1,729s | Wall Time: 1,729s |     
                             Learning Rate: 6.98179e-07 | Batch Size: 96 |      
                             Elements per Batch: 165,126 | Elements per Second: 
                             11,719 | Number of Examples: 96 | Number of        
                             Elements: 165,126 | Number of Target Elements:     
                             71,247 | Padding: 0 | Padding Ratio (%): 0% | Total
                             Number of Examples: 8,616 | Total Number of        
                             Elements: 15,983,926 | Total Number of Target      
                             Elements: 6,720,193 | Peak Active Device Memory:   
                             60.75 GiB | Peak Active Device Memory (%): 77% |   
                             Peak Reserved Device Memory: 74.31 GiB | Peak      
                             Reserved Device Memory (%): 94%                    
[08/21/25 14:40:07] INFO     fairseq2 - Train Metrics (step 96) - DPO Loss:     
                             3.32533e-05 | Chosen Sequence Log Probabilities:   
                             -808.75 | Rejected Sequence Log Probabilities:     
                             -990.812 | Chosen Sequence Length: 797.375 |       
                             Rejected Sequence Length: 622.49 | NLL Loss:       
                             1.01412 | Gradient Norm: 0.0120994 | Data Epoch: 8 
                             | Data Time: <1s | Compute Time: 19s | Lapse Time: 
                             19s | Total Time: 1,749s | Wall Time: 1,749s |     
                             Learning Rate: 6.98121e-07 | Batch Size: 96 |      
                             Elements per Batch: 180,545 | Elements per Second: 
                             9,215 | Number of Examples: 96 | Number of         
                             Elements: 180,545 | Number of Target Elements:     
                             76,548 | Padding: 0 | Padding Ratio (%): 0% | Total
                             Number of Examples: 8,712 | Total Number of        
                             Elements: 16,164,471 | Total Number of Target      
                             Elements: 6,796,741 | Peak Active Device Memory:   
                             65.73 GiB | Peak Active Device Memory (%): 84% |   
                             Peak Reserved Device Memory: 74.31 GiB | Peak      
                             Reserved Device Memory (%): 94%                    
[08/21/25 14:40:27] INFO     fairseq2 - Train Metrics (step 97) - DPO Loss:     
                             3.72765e-05 | Chosen Sequence Log Probabilities:   
                             -809.656 | Rejected Sequence Log Probabilities:    
                             -1065.46 | Chosen Sequence Length: 818.646 |       
                             Rejected Sequence Length: 699.885 | NLL Loss:      
                             0.989352 | Gradient Norm: 0.0138092 | Data Epoch: 8
                             | Data Time: <1s | Compute Time: 20s | Lapse Time: 
                             20s | Total Time: 1,769s | Wall Time: 1,769s |     
                             Learning Rate: 6.98063e-07 | Batch Size: 96 |      
                             Elements per Batch: 186,168 | Elements per Second: 
                             9,272 | Number of Examples: 96 | Number of         
                             Elements: 186,168 | Number of Target Elements:     
                             78,590 | Padding: 0 | Padding Ratio (%): 0% | Total
                             Number of Examples: 8,808 | Total Number of        
                             Elements: 16,350,639 | Total Number of Target      
                             Elements: 6,875,331 | Peak Active Device Memory:   
                             61.51 GiB | Peak Active Device Memory (%): 78% |   
                             Peak Reserved Device Memory: 74.30 GiB | Peak      
                             Reserved Device Memory (%): 94%                    
[08/21/25 14:40:46] INFO     fairseq2 - Train Metrics (step 98) - DPO Loss:     
                             9.01915e-05 | Chosen Sequence Log Probabilities:   
                             -734.935 | Rejected Sequence Log Probabilities:    
                             -1025.5 | Chosen Sequence Length: 771.562 |        
                             Rejected Sequence Length: 645.458 | NLL Loss:      
                             0.952582 | Gradient Norm: 0.0276828 | Data Epoch: 8
                             | Data Time: <1s | Compute Time: 18s | Lapse Time: 
                             18s | Total Time: 1,787s | Wall Time: 1,787s |     
                             Learning Rate: 6.98004e-07 | Batch Size: 96 |      
                             Elements per Batch: 181,762 | Elements per Second: 
                             9,840 | Number of Examples: 96 | Number of         
                             Elements: 181,762 | Number of Target Elements:     
                             74,070 | Padding: 0 | Padding Ratio (%): 0% | Total
                             Number of Examples: 8,904 | Total Number of        
                             Elements: 16,532,401 | Total Number of Target      
                             Elements: 6,949,401 | Peak Active Device Memory:   
                             59.46 GiB | Peak Active Device Memory (%): 76% |   
                             Peak Reserved Device Memory: 73.63 GiB | Peak      
                             Reserved Device Memory (%): 93%                    
[08/21/25 14:41:05] INFO     fairseq2 - Train Metrics (step 99) - DPO Loss:     
                             4.43195e-05 | Chosen Sequence Log Probabilities:   
                             -845.184 | Rejected Sequence Log Probabilities:    
                             -1082.07 | Chosen Sequence Length: 795.917 |       
                             Rejected Sequence Length: 657.396 | NLL Loss:      
                             1.06215 | Gradient Norm: 0.0162337 | Data Epoch: 8 
                             | Data Time: <1s | Compute Time: 19s | Lapse Time: 
                             19s | Total Time: 1,807s | Wall Time: 1,807s |     
                             Learning Rate: 6.97944e-07 | Batch Size: 96 |      
                             Elements per Batch: 193,401 | Elements per Second: 
                             10,089 | Number of Examples: 96 | Number of        
                             Elements: 193,401 | Number of Target Elements:     
                             76,408 | Padding: 0 | Padding Ratio (%): 0% | Total
                             Number of Examples: 9,000 | Total Number of        
                             Elements: 16,725,802 | Total Number of Target      
                             Elements: 7,025,809 | Peak Active Device Memory:   
                             61.47 GiB | Peak Active Device Memory (%): 78% |   
                             Peak Reserved Device Memory: 73.63 GiB | Peak      
                             Reserved Device Memory (%): 93%                    
[08/21/25 14:41:24] INFO     fairseq2 - Preparing checkpoint at step 100.       
[08/21/25 14:41:26] INFO     fairseq2 - Checkpoint prepared. Saving             
                             asynchronously.                                    
                    INFO     fairseq2 - Train Metrics (step 100) - DPO Loss:    
                             3.35197e-05 | Chosen Sequence Log Probabilities:   
                             -810.598 | Rejected Sequence Log Probabilities:    
                             -1046.2 | Chosen Sequence Length: 816.312 |        
                             Rejected Sequence Length: 715.698 | NLL Loss:      
                             0.992818 | Gradient Norm: 0.0111343 | Data Epoch: 8
                             | Data Time: <1s | Compute Time: 19s | Lapse Time: 
                             21s | Total Time: 1,828s | Wall Time: 1,828s |     
                             Learning Rate: 6.97883e-07 | Batch Size: 96 |      
                             Elements per Batch: 175,754 | Elements per Second: 
                             9,202 | Number of Examples: 96 | Number of         
                             Elements: 175,754 | Number of Target Elements:     
                             78,366 | Padding: 0 | Padding Ratio (%): 0% | Total
                             Number of Examples: 9,096 | Total Number of        
                             Elements: 16,901,556 | Total Number of Target      
                             Elements: 7,104,175 | Peak Active Device Memory:   
                             57.90 GiB | Peak Active Device Memory (%): 74% |   
                             Peak Reserved Device Memory: 72.50 GiB | Peak      
                             Reserved Device Memory (%): 92%                    
[08/21/25 14:41:42] INFO     fairseq2 - Train Metrics (step 101) - DPO Loss:    
                             2.14898e-05 | Chosen Sequence Log Probabilities:   
                             -871.044 | Rejected Sequence Log Probabilities:    
                             -1109.52 | Chosen Sequence Length: 847 | Rejected  
                             Sequence Length: 691.688 | NLL Loss: 1.02852 |     
                             Gradient Norm: 0.0141668 | Data Epoch: 8 | Data    
                             Time: <1s | Compute Time: 16s | Lapse Time: 16s |  
                             Total Time: 1,844s | Wall Time: 1,844s | Learning  
                             Rate: 6.97822e-07 | Batch Size: 96 | Elements per  
                             Batch: 177,591 | Elements per Second: 10,953 |     
                             Number of Examples: 96 | Number of Elements:       
                             177,591 | Number of Target Elements: 81,312 |      
                             Padding: 0 | Padding Ratio (%): 0% | Total Number  
                             of Examples: 9,192 | Total Number of Elements:     
                             17,079,147 | Total Number of Target Elements:      
                             7,185,487 | Peak Active Device Memory: 61.15 GiB | 
                             Peak Active Device Memory (%): 78% | Peak Reserved 
                             Device Memory: 73.73 GiB | Peak Reserved Device    
                             Memory (%): 94%                                    
                    INFO     fairseq2 - Checkpoint at step 100 saved.           
                    INFO     fairseq2 - Asynchronously saving Hugging Face model
                             of step 100.                                       
[08/21/25 14:42:01] INFO     fairseq2 - Train Metrics (step 102) - DPO Loss:    
                             3.8562e-05 | Chosen Sequence Log Probabilities:    
                             -947.078 | Rejected Sequence Log Probabilities:    
                             -1111.01 | Chosen Sequence Length: 804.573 |       
                             Rejected Sequence Length: 700.271 | NLL Loss:      
                             1.17699 | Gradient Norm: 0.0181744 | Data Epoch: 8 
                             | Data Time: <1s | Compute Time: 18s | Lapse Time: 
                             18s | Total Time: 1,863s | Wall Time: 1,863s |     
                             Learning Rate: 6.97759e-07 | Batch Size: 96 |      
                             Elements per Batch: 180,043 | Elements per Second: 
                             9,791 | Number of Examples: 96 | Number of         
                             Elements: 180,043 | Number of Target Elements:     
                             77,239 | Padding: 0 | Padding Ratio (%): 0% | Total
                             Number of Examples: 9,288 | Total Number of        
                             Elements: 17,259,190 | Total Number of Target      
                             Elements: 7,262,726 | Peak Active Device Memory:   
                             60.32 GiB | Peak Active Device Memory (%): 77% |   
                             Peak Reserved Device Memory: 73.65 GiB | Peak      
                             Reserved Device Memory (%): 94%                    
[08/21/25 14:42:21] INFO     fairseq2 - Train Metrics (step 103) - DPO Loss:    
                             7.99044e-05 | Chosen Sequence Log Probabilities:   
                             -785.499 | Rejected Sequence Log Probabilities:    
                             -1054.33 | Chosen Sequence Length: 748.698 |       
                             Rejected Sequence Length: 642.052 | NLL Loss:      
                             1.04888 | Gradient Norm: 0.0257713 | Data Epoch: 8 
                             | Data Time: <1s | Compute Time: 20s | Lapse Time: 
                             20s | Total Time: 1,883s | Wall Time: 1,883s |     
                             Learning Rate: 6.97695e-07 | Batch Size: 96 |      
                             Elements per Batch: 189,841 | Elements per Second: 
                             9,358 | Number of Examples: 96 | Number of         
                             Elements: 189,841 | Number of Target Elements:     
                             71,875 | Padding: 0 | Padding Ratio (%): 0% | Total
                             Number of Examples: 9,384 | Total Number of        
                             Elements: 17,449,031 | Total Number of Target      
                             Elements: 7,334,601 | Peak Active Device Memory:   
                             63.50 GiB | Peak Active Device Memory (%): 81% |   
                             Peak Reserved Device Memory: 73.18 GiB | Peak      
                             Reserved Device Memory (%): 93%                    
[08/21/25 14:42:26] INFO     fairseq2 - Train Metrics (step 104) - DPO Loss:    
                             3.13434e-05 | Chosen Sequence Log Probabilities:   
                             -902.75 | Rejected Sequence Log Probabilities:     
                             -1098.83 | Chosen Sequence Length: 851.125 |       
                             Rejected Sequence Length: 704.75 | NLL Loss: 1.0606
                             | Gradient Norm: 0.0166693 | Data Epoch: 8 | Data  
                             Time: <1s | Compute Time: 4s | Lapse Time: 4s |    
                             Total Time: 1,888s | Wall Time: 1,888s | Learning  
                             Rate: 6.97631e-07 | Batch Size: 24 | Elements per  
                             Batch: 48,623 | Elements per Second: 11,432 |      
                             Number of Examples: 24 | Number of Elements: 48,623
                             | Number of Target Elements: 20,427 | Padding: 0 | 
                             Padding Ratio (%): 0% | Total Number of Examples:  
                             9,408 | Total Number of Elements: 17,497,654 |     
                             Total Number of Target Elements: 7,355,028 | Peak  
                             Active Device Memory: 57.40 GiB | Peak Active      
                             Device Memory (%): 73% | Peak Reserved Device      
                             Memory: 70.78 GiB | Peak Reserved Device Memory    
                             (%): 90%                                           
                    INFO     fairseq2 - End of epoch 8 reached after step 104.  
[08/21/25 14:42:46] INFO     fairseq2 - Train Metrics (step 105) - DPO Loss:    
                             8.56168e-05 | Chosen Sequence Log Probabilities:   
                             -826.07 | Rejected Sequence Log Probabilities:     
                             -1077.61 | Chosen Sequence Length: 720.948 |       
                             Rejected Sequence Length: 634.521 | NLL Loss:      
                             1.14615 | Gradient Norm: 0.0267504 | Data Epoch: 9 
                             | Data Time: <1s | Compute Time: 19s | Lapse Time: 
                             20s | Total Time: 1,908s | Wall Time: 1,908s |     
                             Learning Rate: 6.97566e-07 | Batch Size: 96 |      
                             Elements per Batch: 179,540 | Elements per Second: 
                             8,950 | Number of Examples: 96 | Number of         
                             Elements: 179,540 | Number of Target Elements:     
                             69,211 | Padding: 0 | Padding Ratio (%): 0% | Total
                             Number of Examples: 9,504 | Total Number of        
                             Elements: 17,677,194 | Total Number of Target      
                             Elements: 7,424,239 | Peak Active Device Memory:   
                             63.44 GiB | Peak Active Device Memory (%): 81% |   
                             Peak Reserved Device Memory: 74.47 GiB | Peak      
                             Reserved Device Memory (%): 95%                    
[08/21/25 14:43:06] INFO     fairseq2 - Train Metrics (step 106) - DPO Loss:    
                             1.97095e-05 | Chosen Sequence Log Probabilities:   
                             -814.732 | Rejected Sequence Log Probabilities:    
                             -1074.21 | Chosen Sequence Length: 764.26 |        
                             Rejected Sequence Length: 664.094 | NLL Loss:      
                             1.06611 | Gradient Norm: 0.00843116 | Data Epoch: 9
                             | Data Time: <1s | Compute Time: 19s | Lapse Time: 
                             19s | Total Time: 1,928s | Wall Time: 1,928s |     
                             Learning Rate: 6.975e-07 | Batch Size: 96 |        
                             Elements per Batch: 170,348 | Elements per Second: 
                             8,616 | Number of Examples: 96 | Number of         
                             Elements: 170,348 | Number of Target Elements:     
                             73,369 | Padding: 0 | Padding Ratio (%): 0% | Total
                             Number of Examples: 9,600 | Total Number of        
                             Elements: 17,847,542 | Total Number of Target      
                             Elements: 7,497,608 | Peak Active Device Memory:   
                             58.17 GiB | Peak Active Device Memory (%): 74% |   
                             Peak Reserved Device Memory: 71.65 GiB | Peak      
                             Reserved Device Memory (%): 91%                    
[08/21/25 14:43:26] INFO     fairseq2 - Train Metrics (step 107) - DPO Loss:    
                             7.30096e-05 | Chosen Sequence Log Probabilities:   
                             -809.779 | Rejected Sequence Log Probabilities:    
                             -1035.31 | Chosen Sequence Length: 746.833 |       
                             Rejected Sequence Length: 665.802 | NLL Loss:      
                             1.08451 | Gradient Norm: 0.0277897 | Data Epoch: 9 
                             | Data Time: <1s | Compute Time: 19s | Lapse Time: 
                             19s | Total Time: 1,947s | Wall Time: 1,947s |     
                             Learning Rate: 6.97433e-07 | Batch Size: 96 |      
                             Elements per Batch: 185,448 | Elements per Second: 
                             9,548 | Number of Examples: 96 | Number of         
                             Elements: 185,448 | Number of Target Elements:     
                             71,696 | Padding: 0 | Padding Ratio (%): 0% | Total
                             Number of Examples: 9,696 | Total Number of        
                             Elements: 18,032,990 | Total Number of Target      
                             Elements: 7,569,304 | Peak Active Device Memory:   
                             58.60 GiB | Peak Active Device Memory (%): 74% |   
                             Peak Reserved Device Memory: 71.65 GiB | Peak      
                             Reserved Device Memory (%): 91%                    
[08/21/25 14:43:44] INFO     fairseq2 - Train Metrics (step 108) - DPO Loss:    
                             6.07597e-05 | Chosen Sequence Log Probabilities:   
                             -799.224 | Rejected Sequence Log Probabilities:    
                             -1015.68 | Chosen Sequence Length: 800.75 |        
                             Rejected Sequence Length: 637.125 | NLL Loss:      
                             0.998024 | Gradient Norm: 0.0216216 | Data Epoch: 9
                             | Data Time: <1s | Compute Time: 18s | Lapse Time: 
                             18s | Total Time: 1,966s | Wall Time: 1,966s |     
                             Learning Rate: 6.97365e-07 | Batch Size: 96 |      
                             Elements per Batch: 176,000 | Elements per Second: 
                             9,416 | Number of Examples: 96 | Number of         
                             Elements: 176,000 | Number of Target Elements:     
                             76,872 | Padding: 0 | Padding Ratio (%): 0% | Total
                             Number of Examples: 9,792 | Total Number of        
                             Elements: 18,208,990 | Total Number of Target      
                             Elements: 7,646,176 | Peak Active Device Memory:   
                             58.45 GiB | Peak Active Device Memory (%): 74% |   
                             Peak Reserved Device Memory: 71.65 GiB | Peak      
                             Reserved Device Memory (%): 91%                    
[08/21/25 14:44:01] INFO     fairseq2 - Train Metrics (step 109) - DPO Loss:    
                             4.09376e-05 | Chosen Sequence Log Probabilities:   
                             -919.458 | Rejected Sequence Log Probabilities:    
                             -1150.21 | Chosen Sequence Length: 804.719 |       
                             Rejected Sequence Length: 628.365 | NLL Loss:      
                             1.14257 | Gradient Norm: 0.012563 | Data Epoch: 9 |
                             Data Time: <1s | Compute Time: 16s | Lapse Time:   
                             16s | Total Time: 1,983s | Wall Time: 1,983s |     
                             Learning Rate: 6.97296e-07 | Batch Size: 96 |      
                             Elements per Batch: 171,832 | Elements per Second: 
                             10,326 | Number of Examples: 96 | Number of        
                             Elements: 171,832 | Number of Target Elements:     
                             77,253 | Padding: 0 | Padding Ratio (%): 0% | Total
                             Number of Examples: 9,888 | Total Number of        
                             Elements: 18,380,822 | Total Number of Target      
                             Elements: 7,723,429 | Peak Active Device Memory:   
                             61.88 GiB | Peak Active Device Memory (%): 79% |   
                             Peak Reserved Device Memory: 73.32 GiB | Peak      
                             Reserved Device Memory (%): 93%                    
[08/21/25 14:44:22] INFO     fairseq2 - Train Metrics (step 110) - DPO Loss:    
                             1.41439e-05 | Chosen Sequence Log Probabilities:   
                             -691.115 | Rejected Sequence Log Probabilities:    
                             -995.969 | Chosen Sequence Length: 728.229 |       
                             Rejected Sequence Length: 682.365 | NLL Loss:      
                             0.949182 | Gradient Norm: 0.016192 | Data Epoch: 9 
                             | Data Time: <1s | Compute Time: 21s | Lapse Time: 
                             21s | Total Time: 2,004s | Wall Time: 2,004s |     
                             Learning Rate: 6.97226e-07 | Batch Size: 96 |      
                             Elements per Batch: 179,693 | Elements per Second: 
                             8,481 | Number of Examples: 96 | Number of         
                             Elements: 179,693 | Number of Target Elements:     
                             69,910 | Padding: 0 | Padding Ratio (%): 0% | Total
                             Number of Examples: 9,984 | Total Number of        
                             Elements: 18,560,515 | Total Number of Target      
                             Elements: 7,793,339 | Peak Active Device Memory:   
                             59.52 GiB | Peak Active Device Memory (%): 76% |   
                             Peak Reserved Device Memory: 73.70 GiB | Peak      
                             Reserved Device Memory (%): 94%                    
[08/21/25 14:44:39] INFO     fairseq2 - Train Metrics (step 111) - DPO Loss:    
                             6.61316e-06 | Chosen Sequence Log Probabilities:   
                             -798.621 | Rejected Sequence Log Probabilities:    
                             -1096.46 | Chosen Sequence Length: 804.844 |       
                             Rejected Sequence Length: 676.49 | NLL Loss:       
                             0.992404 | Gradient Norm: 0.00383645 | Data Epoch: 
                             9 | Data Time: <1s | Compute Time: 16s | Lapse     
                             Time: 16s | Total Time: 2,021s | Wall Time: 2,021s 
                             | Learning Rate: 6.97156e-07 | Batch Size: 96 |    
                             Elements per Batch: 174,443 | Elements per Second: 
                             10,550 | Number of Examples: 96 | Number of        
                             Elements: 174,443 | Number of Target Elements:     
                             77,265 | Padding: 0 | Padding Ratio (%): 0% | Total
                             Number of Examples: 10,080 | Total Number of       
                             Elements: 18,734,958 | Total Number of Target      
                             Elements: 7,870,604 | Peak Active Device Memory:   
                             62.71 GiB | Peak Active Device Memory (%): 80% |   
                             Peak Reserved Device Memory: 73.60 GiB | Peak      
                             Reserved Device Memory (%): 93%                    
[08/21/25 14:44:45] INFO     fairseq2 - Hugging Face model of step 100 saved.   
[08/21/25 14:44:58] INFO     fairseq2 - Train Metrics (step 112) - DPO Loss:    
                             1.33978e-05 | Chosen Sequence Log Probabilities:   
                             -844.589 | Rejected Sequence Log Probabilities:    
                             -1096.04 | Chosen Sequence Length: 787.229 |       
                             Rejected Sequence Length: 632.156 | NLL Loss:      
                             1.07269 | Gradient Norm: 0.00746554 | Data Epoch: 9
                             | Data Time: <1s | Compute Time: 18s | Lapse Time: 
                             18s | Total Time: 2,040s | Wall Time: 2,040s |     
                             Learning Rate: 6.97084e-07 | Batch Size: 96 |      
                             Elements per Batch: 176,581 | Elements per Second: 
                             9,312 | Number of Examples: 96 | Number of         
                             Elements: 176,581 | Number of Target Elements:     
                             75,574 | Padding: 0 | Padding Ratio (%): 0% | Total
                             Number of Examples: 10,176 | Total Number of       
                             Elements: 18,911,539 | Total Number of Target      
                             Elements: 7,946,178 | Peak Active Device Memory:   
                             64.72 GiB | Peak Active Device Memory (%): 82% |   
                             Peak Reserved Device Memory: 74.28 GiB | Peak      
                             Reserved Device Memory (%): 94%                    
[08/21/25 14:45:17] INFO     fairseq2 - Train Metrics (step 113) - DPO Loss:    
                             2.93375e-05 | Chosen Sequence Log Probabilities:   
                             -879.776 | Rejected Sequence Log Probabilities:    
                             -1102.49 | Chosen Sequence Length: 839.5 | Rejected
                             Sequence Length: 741.479 | NLL Loss: 1.04781 |     
                             Gradient Norm: 0.0101699 | Data Epoch: 9 | Data    
                             Time: <1s | Compute Time: 19s | Lapse Time: 19s |  
                             Total Time: 2,059s | Wall Time: 2,059s | Learning  
                             Rate: 6.97012e-07 | Batch Size: 96 | Elements per  
                             Batch: 194,248 | Elements per Second: 10,210 |     
                             Number of Examples: 96 | Number of Elements:       
                             194,248 | Number of Target Elements: 80,592 |      
                             Padding: 0 | Padding Ratio (%): 0% | Total Number  
                             of Examples: 10,272 | Total Number of Elements:    
                             19,105,787 | Total Number of Target Elements:      
                             8,026,770 | Peak Active Device Memory: 60.12 GiB | 
                             Peak Active Device Memory (%): 76% | Peak Reserved 
                             Device Memory: 74.39 GiB | Peak Reserved Device    
                             Memory (%): 94%                                    
[08/21/25 14:45:36] INFO     fairseq2 - Train Metrics (step 114) - DPO Loss:    
                             2.51886e-05 | Chosen Sequence Log Probabilities:   
                             -895.224 | Rejected Sequence Log Probabilities:    
                             -1133 | Chosen Sequence Length: 832.156 | Rejected 
                             Sequence Length: 669.021 | NLL Loss: 1.07564 |     
                             Gradient Norm: 0.00964505 | Data Epoch: 9 | Data   
                             Time: <1s | Compute Time: 18s | Lapse Time: 18s |  
                             Total Time: 2,078s | Wall Time: 2,078s | Learning  
                             Rate: 6.96939e-07 | Batch Size: 96 | Elements per  
                             Batch: 177,038 | Elements per Second: 9,356 |      
                             Number of Examples: 96 | Number of Elements:       
                             177,038 | Number of Target Elements: 79,887 |      
                             Padding: 0 | Padding Ratio (%): 0% | Total Number  
                             of Examples: 10,368 | Total Number of Elements:    
                             19,282,825 | Total Number of Target Elements:      
                             8,106,657 | Peak Active Device Memory: 62.24 GiB | 
                             Peak Active Device Memory (%): 79% | Peak Reserved 
                             Device Memory: 74.39 GiB | Peak Reserved Device    
                             Memory (%): 94%                                    
[08/21/25 14:45:55] INFO     fairseq2 - Train Metrics (step 115) - DPO Loss:    
                             1.62583e-05 | Chosen Sequence Log Probabilities:   
                             -821.211 | Rejected Sequence Log Probabilities:    
                             -1110.44 | Chosen Sequence Length: 711.604 |       
                             Rejected Sequence Length: 633.458 | NLL Loss:      
                             1.15445 | Gradient Norm: 0.00732538 | Data Epoch: 9
                             | Data Time: <1s | Compute Time: 18s | Lapse Time: 
                             18s | Total Time: 2,097s | Wall Time: 2,097s |     
                             Learning Rate: 6.96864e-07 | Batch Size: 96 |      
                             Elements per Batch: 168,692 | Elements per Second: 
                             9,020 | Number of Examples: 96 | Number of         
                             Elements: 168,692 | Number of Target Elements:     
                             68,314 | Padding: 0 | Padding Ratio (%): 0% | Total
                             Number of Examples: 10,464 | Total Number of       
                             Elements: 19,451,517 | Total Number of Target      
                             Elements: 8,174,971 | Peak Active Device Memory:   
                             64.11 GiB | Peak Active Device Memory (%): 81% |   
                             Peak Reserved Device Memory: 73.87 GiB | Peak      
                             Reserved Device Memory (%): 94%                    
[08/21/25 14:46:13] INFO     fairseq2 - Train Metrics (step 116) - DPO Loss:    
                             5.47972e-05 | Chosen Sequence Log Probabilities:   
                             -786.294 | Rejected Sequence Log Probabilities:    
                             -1061.4 | Chosen Sequence Length: 810.979 |        
                             Rejected Sequence Length: 673.167 | NLL Loss:      
                             0.969388 | Gradient Norm: 0.0271128 | Data Epoch: 9
                             | Data Time: <1s | Compute Time: 18s | Lapse Time: 
                             18s | Total Time: 2,115s | Wall Time: 2,115s |     
                             Learning Rate: 6.96789e-07 | Batch Size: 96 |      
                             Elements per Batch: 189,354 | Elements per Second: 
                             10,438 | Number of Examples: 96 | Number of        
                             Elements: 189,354 | Number of Target Elements:     
                             77,854 | Padding: 0 | Padding Ratio (%): 0% | Total
                             Number of Examples: 10,560 | Total Number of       
                             Elements: 19,640,871 | Total Number of Target      
                             Elements: 8,252,825 | Peak Active Device Memory:   
                             60.34 GiB | Peak Active Device Memory (%): 77% |   
                             Peak Reserved Device Memory: 74.51 GiB | Peak      
                             Reserved Device Memory (%): 95%                    
[08/21/25 14:46:18] INFO     fairseq2 - Train Metrics (step 117) - DPO Loss:    
                             2.64342e-05 | Chosen Sequence Log Probabilities:   
                             -746.229 | Rejected Sequence Log Probabilities:    
                             -1011.75 | Chosen Sequence Length: 912.375 |       
                             Rejected Sequence Length: 721.375 | NLL Loss:      
                             0.818514 | Gradient Norm: 0.0149846 | Data Epoch: 9
                             | Data Time: <1s | Compute Time: 4s | Lapse Time:  
                             4s | Total Time: 2,120s | Wall Time: 2,120s |      
                             Learning Rate: 6.96714e-07 | Batch Size: 24 |      
                             Elements per Batch: 43,622 | Elements per Second:  
                             9,737 | Number of Examples: 24 | Number of         
                             Elements: 43,622 | Number of Target Elements:      
                             21,897 | Padding: 0 | Padding Ratio (%): 0% | Total
                             Number of Examples: 10,584 | Total Number of       
                             Elements: 19,684,493 | Total Number of Target      
                             Elements: 8,274,722 | Peak Active Device Memory:   
                             58.11 GiB | Peak Active Device Memory (%): 74% |   
                             Peak Reserved Device Memory: 71.19 GiB | Peak      
                             Reserved Device Memory (%): 90%                    
                    INFO     fairseq2 - End of epoch 9 reached after step 117.  
[08/21/25 14:46:36] INFO     fairseq2 - Train Metrics (step 118) - DPO Loss:    
                             2.45213e-05 | Chosen Sequence Log Probabilities:   
                             -910.281 | Rejected Sequence Log Probabilities:    
                             -1137.85 | Chosen Sequence Length: 777.167 |       
                             Rejected Sequence Length: 694.229 | NLL Loss:      
                             1.17115 | Gradient Norm: 0.00984358 | Data Epoch:  
                             10 | Data Time: <1s | Compute Time: 17s | Lapse    
                             Time: 18s | Total Time: 2,138s | Wall Time: 2,138s 
                             | Learning Rate: 6.96637e-07 | Batch Size: 96 |    
                             Elements per Batch: 175,224 | Elements per Second: 
                             9,597 | Number of Examples: 96 | Number of         
                             Elements: 175,224 | Number of Target Elements:     
                             74,608 | Padding: 0 | Padding Ratio (%): 0% | Total
                             Number of Examples: 10,680 | Total Number of       
                             Elements: 19,859,717 | Total Number of Target      
                             Elements: 8,349,330 | Peak Active Device Memory:   
                             57.44 GiB | Peak Active Device Memory (%): 73% |   
                             Peak Reserved Device Memory: 71.21 GiB | Peak      
                             Reserved Device Memory (%): 90%                    
[08/21/25 14:46:52] INFO     fairseq2 - Train Metrics (step 119) - DPO Loss:    
                             1.67966e-05 | Chosen Sequence Log Probabilities:   
                             -866.599 | Rejected Sequence Log Probabilities:    
                             -1100.25 | Chosen Sequence Length: 757.521 |       
                             Rejected Sequence Length: 629.781 | NLL Loss:      
                             1.14434 | Gradient Norm: 0.00620958 | Data Epoch:  
                             10 | Data Time: <1s | Compute Time: 15s | Lapse    
                             Time: 15s | Total Time: 2,154s | Wall Time: 2,154s 
                             | Learning Rate: 6.96559e-07 | Batch Size: 96 |    
                             Elements per Batch: 168,654 | Elements per Second: 
                             10,601 | Number of Examples: 96 | Number of        
                             Elements: 168,654 | Number of Target Elements:     
                             72,722 | Padding: 0 | Padding Ratio (%): 0% | Total
                             Number of Examples: 10,776 | Total Number of       
                             Elements: 20,028,371 | Total Number of Target      
                             Elements: 8,422,052 | Peak Active Device Memory:   
                             59.40 GiB | Peak Active Device Memory (%): 76% |   
                             Peak Reserved Device Memory: 71.21 GiB | Peak      
                             Reserved Device Memory (%): 90%                    
[08/21/25 14:47:09] INFO     fairseq2 - Train Metrics (step 120) - DPO Loss:    
                             1.72206e-05 | Chosen Sequence Log Probabilities:   
                             -909.081 | Rejected Sequence Log Probabilities:    
                             -1134.02 | Chosen Sequence Length: 819.052 |       
                             Rejected Sequence Length: 666.896 | NLL Loss:      
                             1.1102 | Gradient Norm: 0.00787252 | Data Epoch: 10
                             | Data Time: <1s | Compute Time: 17s | Lapse Time: 
                             17s | Total Time: 2,171s | Wall Time: 2,171s |     
                             Learning Rate: 6.96481e-07 | Batch Size: 96 |      
                             Elements per Batch: 183,217 | Elements per Second: 
                             10,726 | Number of Examples: 96 | Number of        
                             Elements: 183,217 | Number of Target Elements:     
                             78,629 | Padding: 0 | Padding Ratio (%): 0% | Total
                             Number of Examples: 10,872 | Total Number of       
                             Elements: 20,211,588 | Total Number of Target      
                             Elements: 8,500,681 | Peak Active Device Memory:   
                             59.79 GiB | Peak Active Device Memory (%): 76% |   
                             Peak Reserved Device Memory: 73.90 GiB | Peak      
                             Reserved Device Memory (%): 94%                    
[08/21/25 14:47:27] INFO     fairseq2 - Train Metrics (step 121) - DPO Loss:    
                             4.11116e-05 | Chosen Sequence Log Probabilities:   
                             -784.979 | Rejected Sequence Log Probabilities:    
                             -1082.62 | Chosen Sequence Length: 777.094 |       
                             Rejected Sequence Length: 668.104 | NLL Loss:      
                             1.01034 | Gradient Norm: 0.015162 | Data Epoch: 10 
                             | Data Time: <1s | Compute Time: 17s | Lapse Time: 
                             17s | Total Time: 2,189s | Wall Time: 2,189s |     
                             Learning Rate: 6.96401e-07 | Batch Size: 96 |      
                             Elements per Batch: 168,181 | Elements per Second: 
                             9,507 | Number of Examples: 96 | Number of         
                             Elements: 168,181 | Number of Target Elements:     
                             74,601 | Padding: 0 | Padding Ratio (%): 0% | Total
                             Number of Examples: 10,968 | Total Number of       
                             Elements: 20,379,769 | Total Number of Target      
                             Elements: 8,575,282 | Peak Active Device Memory:   
                             61.90 GiB | Peak Active Device Memory (%): 79% |   
                             Peak Reserved Device Memory: 73.89 GiB | Peak      
                             Reserved Device Memory (%): 94%                    
[08/21/25 14:47:46] INFO     fairseq2 - Train Metrics (step 122) - DPO Loss:    
                             1.5864e-05 | Chosen Sequence Log Probabilities:    
                             -844.859 | Rejected Sequence Log Probabilities:    
                             -1069.46 | Chosen Sequence Length: 731.438 |       
                             Rejected Sequence Length: 633.5 | NLL Loss: 1.1553 
                             | Gradient Norm: 0.0222206 | Data Epoch: 10 | Data 
                             Time: <1s | Compute Time: 18s | Lapse Time: 18s |  
                             Total Time: 2,208s | Wall Time: 2,208s | Learning  
                             Rate: 6.96321e-07 | Batch Size: 96 | Elements per  
                             Batch: 178,653 | Elements per Second: 9,465 |      
                             Number of Examples: 96 | Number of Elements:       
                             178,653 | Number of Target Elements: 70,218 |      
                             Padding: 0 | Padding Ratio (%): 0% | Total Number  
                             of Examples: 11,064 | Total Number of Elements:    
                             20,558,422 | Total Number of Target Elements:      
                             8,645,500 | Peak Active Device Memory: 59.51 GiB | 
                             Peak Active Device Memory (%): 76% | Peak Reserved 
                             Device Memory: 73.76 GiB | Peak Reserved Device    
                             Memory (%): 94%                                    
[08/21/25 14:48:02] INFO     fairseq2 - Train Metrics (step 123) - DPO Loss:    
                             1.23224e-05 | Chosen Sequence Log Probabilities:   
                             -808.76 | Rejected Sequence Log Probabilities:     
                             -1049.53 | Chosen Sequence Length: 778.031 |       
                             Rejected Sequence Length: 652.323 | NLL Loss:      
                             1.03941 | Gradient Norm: 0.00522931 | Data Epoch:  
                             10 | Data Time: <1s | Compute Time: 16s | Lapse    
                             Time: 16s | Total Time: 2,224s | Wall Time: 2,224s 
                             | Learning Rate: 6.9624e-07 | Batch Size: 96 |     
                             Elements per Batch: 181,831 | Elements per Second: 
                             11,297 | Number of Examples: 96 | Number of        
                             Elements: 181,831 | Number of Target Elements:     
                             74,691 | Padding: 0 | Padding Ratio (%): 0% | Total
                             Number of Examples: 11,160 | Total Number of       
                             Elements: 20,740,253 | Total Number of Target      
                             Elements: 8,720,191 | Peak Active Device Memory:   
                             59.65 GiB | Peak Active Device Memory (%): 76% |   
                             Peak Reserved Device Memory: 72.52 GiB | Peak      
                             Reserved Device Memory (%): 92%                    
[08/21/25 14:48:22] INFO     fairseq2 - Train Metrics (step 124) - DPO Loss:    
                             2.51664e-05 | Chosen Sequence Log Probabilities:   
                             -780.677 | Rejected Sequence Log Probabilities:    
                             -1089.61 | Chosen Sequence Length: 732.396 |       
                             Rejected Sequence Length: 654.167 | NLL Loss:      
                             1.06589 | Gradient Norm: 0.0143997 | Data Epoch: 10
                             | Data Time: <1s | Compute Time: 20s | Lapse Time: 
                             20s | Total Time: 2,244s | Wall Time: 2,244s |     
                             Learning Rate: 6.96158e-07 | Batch Size: 96 |      
                             Elements per Batch: 187,255 | Elements per Second: 
                             9,288 | Number of Examples: 96 | Number of         
                             Elements: 187,255 | Number of Target Elements:     
                             70,310 | Padding: 0 | Padding Ratio (%): 0% | Total
                             Number of Examples: 11,256 | Total Number of       
                             Elements: 20,927,508 | Total Number of Target      
                             Elements: 8,790,501 | Peak Active Device Memory:   
                             59.15 GiB | Peak Active Device Memory (%): 75% |   
                             Peak Reserved Device Memory: 72.52 GiB | Peak      
                             Reserved Device Memory (%): 92%                    
[08/21/25 14:48:41] INFO     fairseq2 - Train Metrics (step 125) - DPO Loss:    
                             1.14427e-05 | Chosen Sequence Log Probabilities:   
                             -743.292 | Rejected Sequence Log Probabilities:    
                             -1050.08 | Chosen Sequence Length: 812.167 |       
                             Rejected Sequence Length: 697.948 | NLL Loss:      
                             0.915056 | Gradient Norm: 0.00617327 | Data Epoch: 
                             10 | Data Time: <1s | Compute Time: 18s | Lapse    
                             Time: 18s | Total Time: 2,263s | Wall Time: 2,263s 
                             | Learning Rate: 6.96075e-07 | Batch Size: 96 |    
                             Elements per Batch: 196,746 | Elements per Second: 
                             10,434 | Number of Examples: 96 | Number of        
                             Elements: 196,746 | Number of Target Elements:     
                             77,968 | Padding: 0 | Padding Ratio (%): 0% | Total
                             Number of Examples: 11,352 | Total Number of       
                             Elements: 21,124,254 | Total Number of Target      
                             Elements: 8,868,469 | Peak Active Device Memory:   
                             62.71 GiB | Peak Active Device Memory (%): 80% |   
                             Peak Reserved Device Memory: 73.95 GiB | Peak      
                             Reserved Device Memory (%): 94%                    
[08/21/25 14:48:57] INFO     fairseq2 - Train Metrics (step 126) - DPO Loss:    
                             4.72164e-05 | Chosen Sequence Log Probabilities:   
                             -812.956 | Rejected Sequence Log Probabilities:    
                             -1104.38 | Chosen Sequence Length: 774.208 |       
                             Rejected Sequence Length: 676.24 | NLL Loss:       
                             1.04987 | Gradient Norm: 0.0189046 | Data Epoch: 10
                             | Data Time: <1s | Compute Time: 15s | Lapse Time: 
                             15s | Total Time: 2,279s | Wall Time: 2,279s |     
                             Learning Rate: 6.95991e-07 | Batch Size: 96 |      
                             Elements per Batch: 163,827 | Elements per Second: 
                             10,755 | Number of Examples: 96 | Number of        
                             Elements: 163,827 | Number of Target Elements:     
                             74,324 | Padding: 0 | Padding Ratio (%): 0% | Total
                             Number of Examples: 11,448 | Total Number of       
                             Elements: 21,288,081 | Total Number of Target      
                             Elements: 8,942,793 | Peak Active Device Memory:   
                             58.67 GiB | Peak Active Device Memory (%): 75% |   
                             Peak Reserved Device Memory: 70.62 GiB | Peak      
                             Reserved Device Memory (%): 90%                    
[08/21/25 14:49:14] INFO     fairseq2 - Train Metrics (step 127) - DPO Loss:    
                             3.48822e-05 | Chosen Sequence Log Probabilities:   
                             -784.947 | Rejected Sequence Log Probabilities:    
                             -1061.4 | Chosen Sequence Length: 739.281 |        
                             Rejected Sequence Length: 630.052 | NLL Loss:      
                             1.06169 | Gradient Norm: 0.0115593 | Data Epoch: 10
                             | Data Time: <1s | Compute Time: 17s | Lapse Time: 
                             17s | Total Time: 2,296s | Wall Time: 2,296s |     
                             Learning Rate: 6.95906e-07 | Batch Size: 96 |      
                             Elements per Batch: 171,469 | Elements per Second: 
                             9,914 | Number of Examples: 96 | Number of         
                             Elements: 171,469 | Number of Target Elements:     
                             70,971 | Padding: 0 | Padding Ratio (%): 0% | Total
                             Number of Examples: 11,544 | Total Number of       
                             Elements: 21,459,550 | Total Number of Target      
                             Elements: 9,013,764 | Peak Active Device Memory:   
                             59.30 GiB | Peak Active Device Memory (%): 75% |   
                             Peak Reserved Device Memory: 74.43 GiB | Peak      
                             Reserved Device Memory (%): 94%                    
[08/21/25 14:49:35] INFO     fairseq2 - Train Metrics (step 128) - DPO Loss:    
                             6.86052e-06 | Chosen Sequence Log Probabilities:   
                             -874.271 | Rejected Sequence Log Probabilities:    
                             -1168.02 | Chosen Sequence Length: 825.927 |       
                             Rejected Sequence Length: 649.5 | NLL Loss: 1.0584 
                             | Gradient Norm: 0.00370838 | Data Epoch: 10 | Data
                             Time: <1s | Compute Time: 20s | Lapse Time: 20s |  
                             Total Time: 2,316s | Wall Time: 2,316s | Learning  
                             Rate: 6.95821e-07 | Batch Size: 96 | Elements per  
                             Batch: 178,783 | Elements per Second: 8,840 |      
                             Number of Examples: 96 | Number of Elements:       
                             178,783 | Number of Target Elements: 79,289 |      
                             Padding: 0 | Padding Ratio (%): 0% | Total Number  
                             of Examples: 11,640 | Total Number of Elements:    
                             21,638,333 | Total Number of Target Elements:      
                             9,093,053 | Peak Active Device Memory: 65.20 GiB | 
                             Peak Active Device Memory (%): 83% | Peak Reserved 
                             Device Memory: 74.32 GiB | Peak Reserved Device    
                             Memory (%): 94%                                    
[08/21/25 14:49:56] INFO     fairseq2 - Train Metrics (step 129) - DPO Loss:    
                             1.97715e-05 | Chosen Sequence Log Probabilities:   
                             -967.417 | Rejected Sequence Log Probabilities:    
                             -1207.07 | Chosen Sequence Length: 847.802 |       
                             Rejected Sequence Length: 696.083 | NLL Loss:      
                             1.14083 | Gradient Norm: 0.00753084 | Data Epoch:  
                             10 | Data Time: <1s | Compute Time: 21s | Lapse    
                             Time: 21s | Total Time: 2,338s | Wall Time: 2,338s 
                             | Learning Rate: 6.95734e-07 | Batch Size: 96 |    
                             Elements per Batch: 191,734 | Elements per Second: 
                             8,921 | Number of Examples: 96 | Number of         
                             Elements: 191,734 | Number of Target Elements:     
                             81,389 | Padding: 0 | Padding Ratio (%): 0% | Total
                             Number of Examples: 11,736 | Total Number of       
                             Elements: 21,830,067 | Total Number of Target      
                             Elements: 9,174,442 | Peak Active Device Memory:   
                             59.81 GiB | Peak Active Device Memory (%): 76% |   
                             Peak Reserved Device Memory: 73.39 GiB | Peak      
                             Reserved Device Memory (%): 93%                    
[08/21/25 14:50:02] INFO     fairseq2 - Train Metrics (step 130) - DPO Loss:    
                             7.90789e-06 | Chosen Sequence Log Probabilities:   
                             -824.667 | Rejected Sequence Log Probabilities:    
                             -1219.17 | Chosen Sequence Length: 782.75 |        
                             Rejected Sequence Length: 676.25 | NLL Loss:       
                             1.05311 | Gradient Norm: 0.0071722 | Data Epoch: 10
                             | Data Time: <1s | Compute Time: 5s | Lapse Time:  
                             5s | Total Time: 2,344s | Wall Time: 2,344s |      
                             Learning Rate: 6.95647e-07 | Batch Size: 24 |      
                             Elements per Batch: 40,935 | Elements per Second:  
                             7,586 | Number of Examples: 24 | Number of         
                             Elements: 40,935 | Number of Target Elements:      
                             18,786 | Padding: 0 | Padding Ratio (%): 0% | Total
                             Number of Examples: 11,760 | Total Number of       
                             Elements: 21,871,002 | Total Number of Target      
                             Elements: 9,193,228 | Peak Active Device Memory:   
                             56.17 GiB | Peak Active Device Memory (%): 71% |   
                             Peak Reserved Device Memory: 73.39 GiB | Peak      
                             Reserved Device Memory (%): 93%                    
                    INFO     fairseq2 - End of epoch 10 reached after step 130. 
[08/21/25 14:50:20] INFO     fairseq2 - Train Metrics (step 131) - DPO Loss:    
                             2.95286e-05 | Chosen Sequence Log Probabilities:   
                             -850.958 | Rejected Sequence Log Probabilities:    
                             -1167.21 | Chosen Sequence Length: 804.365 |       
                             Rejected Sequence Length: 675.938 | NLL Loss:      
                             1.05794 | Gradient Norm: 0.0156251 | Data Epoch: 11
                             | Data Time: <1s | Compute Time: 18s | Lapse Time: 
                             18s | Total Time: 2,362s | Wall Time: 2,362s |     
                             Learning Rate: 6.95559e-07 | Batch Size: 96 |      
                             Elements per Batch: 171,150 | Elements per Second: 
                             9,120 | Number of Examples: 96 | Number of         
                             Elements: 171,150 | Number of Target Elements:     
                             77,219 | Padding: 0 | Padding Ratio (%): 0% | Total
                             Number of Examples: 11,856 | Total Number of       
                             Elements: 22,042,152 | Total Number of Target      
                             Elements: 9,270,447 | Peak Active Device Memory:   
                             62.84 GiB | Peak Active Device Memory (%): 80% |   
                             Peak Reserved Device Memory: 73.39 GiB | Peak      
                             Reserved Device Memory (%): 93%                    
[08/21/25 14:50:41] INFO     fairseq2 - Train Metrics (step 132) - DPO Loss:    
                             1.52861e-05 | Chosen Sequence Log Probabilities:   
                             -845.521 | Rejected Sequence Log Probabilities:    
                             -1138.38 | Chosen Sequence Length: 784.26 |        
                             Rejected Sequence Length: 672.51 | NLL Loss: 1.078 
                             | Gradient Norm: 0.0080926 | Data Epoch: 11 | Data 
                             Time: <1s | Compute Time: 19s | Lapse Time: 20s |  
                             Total Time: 2,382s | Wall Time: 2,382s | Learning  
                             Rate: 6.9547e-07 | Batch Size: 96 | Elements per   
                             Batch: 192,482 | Elements per Second: 9,631 |      
                             Number of Examples: 96 | Number of Elements:       
                             192,482 | Number of Target Elements: 75,289 |      
                             Padding: 0 | Padding Ratio (%): 0% | Total Number  
                             of Examples: 11,952 | Total Number of Elements:    
                             22,234,634 | Total Number of Target Elements:      
                             9,345,736 | Peak Active Device Memory: 65.08 GiB | 
                             Peak Active Device Memory (%): 83% | Peak Reserved 
                             Device Memory: 74.38 GiB | Peak Reserved Device    
                             Memory (%): 94%                                    
[08/21/25 14:50:58] INFO     fairseq2 - Train Metrics (step 133) - DPO Loss:    
                             2.50603e-05 | Chosen Sequence Log Probabilities:   
                             -814.051 | Rejected Sequence Log Probabilities:    
                             -1098.02 | Chosen Sequence Length: 757.719 |       
                             Rejected Sequence Length: 635 | NLL Loss: 1.07426 |
                             Gradient Norm: 0.00876421 | Data Epoch: 11 | Data  
                             Time: <1s | Compute Time: 17s | Lapse Time: 17s |  
                             Total Time: 2,400s | Wall Time: 2,400s | Learning  
                             Rate: 6.9538e-07 | Batch Size: 96 | Elements per   
                             Batch: 174,420 | Elements per Second: 10,090 |     
                             Number of Examples: 96 | Number of Elements:       
                             174,420 | Number of Target Elements: 72,741 |      
                             Padding: 0 | Padding Ratio (%): 0% | Total Number  
                             of Examples: 12,048 | Total Number of Elements:    
                             22,409,054 | Total Number of Target Elements:      
                             9,418,477 | Peak Active Device Memory: 59.44 GiB | 
                             Peak Active Device Memory (%): 76% | Peak Reserved 
                             Device Memory: 71.24 GiB | Peak Reserved Device    
                             Memory (%): 90%                                    
[08/21/25 14:51:18] INFO     fairseq2 - Train Metrics (step 134) - DPO Loss:    
                             1.37003e-05 | Chosen Sequence Log Probabilities:   
                             -775.021 | Rejected Sequence Log Probabilities:    
                             -1023.91 | Chosen Sequence Length: 751.333 |       
                             Rejected Sequence Length: 647.073 | NLL Loss:      
                             1.03161 | Gradient Norm: 0.00519508 | Data Epoch:  
                             11 | Data Time: <1s | Compute Time: 19s | Lapse    
                             Time: 19s | Total Time: 2,420s | Wall Time: 2,420s 
                             | Learning Rate: 6.95289e-07 | Batch Size: 96 |    
                             Elements per Batch: 188,768 | Elements per Second: 
                             9,679 | Number of Examples: 96 | Number of         
                             Elements: 188,768 | Number of Target Elements:     
                             72,128 | Padding: 0 | Padding Ratio (%): 0% | Total
                             Number of Examples: 12,144 | Total Number of       
                             Elements: 22,597,822 | Total Number of Target      
                             Elements: 9,490,605 | Peak Active Device Memory:   
                             58.93 GiB | Peak Active Device Memory (%): 75% |   
                             Peak Reserved Device Memory: 71.24 GiB | Peak      
                             Reserved Device Memory (%): 90%                    
[08/21/25 14:51:36] INFO     fairseq2 - Train Metrics (step 135) - DPO Loss:    
                             4.86241e-06 | Chosen Sequence Log Probabilities:   
                             -822.706 | Rejected Sequence Log Probabilities:    
                             -1085.62 | Chosen Sequence Length: 792.448 |       
                             Rejected Sequence Length: 653.385 | NLL Loss:      
                             1.03847 | Gradient Norm: 0.00307906 | Data Epoch:  
                             11 | Data Time: <1s | Compute Time: 18s | Lapse    
                             Time: 18s | Total Time: 2,438s | Wall Time: 2,438s 
                             | Learning Rate: 6.95197e-07 | Batch Size: 96 |    
                             Elements per Batch: 175,094 | Elements per Second: 
                             9,367 | Number of Examples: 96 | Number of         
                             Elements: 175,094 | Number of Target Elements:     
                             76,075 | Padding: 0 | Padding Ratio (%): 0% | Total
                             Number of Examples: 12,240 | Total Number of       
                             Elements: 22,772,916 | Total Number of Target      
                             Elements: 9,566,680 | Peak Active Device Memory:   
                             58.20 GiB | Peak Active Device Memory (%): 74% |   
                             Peak Reserved Device Memory: 71.24 GiB | Peak      
                             Reserved Device Memory (%): 90%                    
[08/21/25 14:51:55] INFO     fairseq2 - Train Metrics (step 136) - DPO Loss:    
                             1.66401e-05 | Chosen Sequence Log Probabilities:   
                             -841.87 | Rejected Sequence Log Probabilities:     
                             -1090.44 | Chosen Sequence Length: 760.135 |       
                             Rejected Sequence Length: 683.927 | NLL Loss:      
                             1.10729 | Gradient Norm: 0.00867036 | Data Epoch:  
                             11 | Data Time: <1s | Compute Time: 18s | Lapse    
                             Time: 18s | Total Time: 2,457s | Wall Time: 2,457s 
                             | Learning Rate: 6.95105e-07 | Batch Size: 96 |    
                             Elements per Batch: 179,165 | Elements per Second: 
                             9,928 | Number of Examples: 96 | Number of         
                             Elements: 179,165 | Number of Target Elements:     
                             72,973 | Padding: 0 | Padding Ratio (%): 0% | Total
                             Number of Examples: 12,336 | Total Number of       
                             Elements: 22,952,081 | Total Number of Target      
                             Elements: 9,639,653 | Peak Active Device Memory:   
                             58.82 GiB | Peak Active Device Memory (%): 75% |   
                             Peak Reserved Device Memory: 71.24 GiB | Peak      
                             Reserved Device Memory (%): 90%                    
[08/21/25 14:52:13] INFO     fairseq2 - Train Metrics (step 137) - DPO Loss:    
                             1.74991e-05 | Chosen Sequence Log Probabilities:   
                             -924.522 | Rejected Sequence Log Probabilities:    
                             -1166.97 | Chosen Sequence Length: 805.948 |       
                             Rejected Sequence Length: 682.604 | NLL Loss:      
                             1.14719 | Gradient Norm: 0.00578938 | Data Epoch:  
                             11 | Data Time: <1s | Compute Time: 18s | Lapse    
                             Time: 18s | Total Time: 2,475s | Wall Time: 2,475s 
                             | Learning Rate: 6.95011e-07 | Batch Size: 96 |    
                             Elements per Batch: 177,858 | Elements per Second: 
                             9,513 | Number of Examples: 96 | Number of         
                             Elements: 177,858 | Number of Target Elements:     
                             77,371 | Padding: 0 | Padding Ratio (%): 0% | Total
                             Number of Examples: 12,432 | Total Number of       
                             Elements: 23,129,939 | Total Number of Target      
                             Elements: 9,717,024 | Peak Active Device Memory:   
                             57.42 GiB | Peak Active Device Memory (%): 73% |   
                             Peak Reserved Device Memory: 71.26 GiB | Peak      
                             Reserved Device Memory (%): 90%                    
[08/21/25 14:52:31] INFO     fairseq2 - Train Metrics (step 138) - DPO Loss:    
                             1.15071e-05 | Chosen Sequence Log Probabilities:   
                             -867.797 | Rejected Sequence Log Probabilities:    
                             -1188.77 | Chosen Sequence Length: 872.667 |       
                             Rejected Sequence Length: 736.531 | NLL Loss:      
                             0.9944 | Gradient Norm: 0.00612561 | Data Epoch: 11
                             | Data Time: <1s | Compute Time: 17s | Lapse Time: 
                             17s | Total Time: 2,493s | Wall Time: 2,493s |     
                             Learning Rate: 6.94917e-07 | Batch Size: 96 |      
                             Elements per Batch: 186,503 | Elements per Second: 
                             10,578 | Number of Examples: 96 | Number of        
                             Elements: 186,503 | Number of Target Elements:     
                             83,776 | Padding: 0 | Padding Ratio (%): 0% | Total
                             Number of Examples: 12,528 | Total Number of       
                             Elements: 23,316,442 | Total Number of Target      
                             Elements: 9,800,800 | Peak Active Device Memory:   
                             59.73 GiB | Peak Active Device Memory (%): 76% |   
                             Peak Reserved Device Memory: 73.71 GiB | Peak      
                             Reserved Device Memory (%): 94%                    
[08/21/25 14:52:49] INFO     fairseq2 - Train Metrics (step 139) - DPO Loss:    
                             3.84547e-05 | Chosen Sequence Log Probabilities:   
                             -972.167 | Rejected Sequence Log Probabilities:    
                             -1244.15 | Chosen Sequence Length: 793.021 |       
                             Rejected Sequence Length: 645.219 | NLL Loss:      
                             1.22569 | Gradient Norm: 0.0114144 | Data Epoch: 11
                             | Data Time: <1s | Compute Time: 17s | Lapse Time: 
                             17s | Total Time: 2,511s | Wall Time: 2,511s |     
                             Learning Rate: 6.94822e-07 | Batch Size: 96 |      
                             Elements per Batch: 168,720 | Elements per Second: 
                             9,482 | Number of Examples: 96 | Number of         
                             Elements: 168,720 | Number of Target Elements:     
                             76,130 | Padding: 0 | Padding Ratio (%): 0% | Total
                             Number of Examples: 12,624 | Total Number of       
                             Elements: 23,485,162 | Total Number of Target      
                             Elements: 9,876,930 | Peak Active Device Memory:   
                             59.42 GiB | Peak Active Device Memory (%): 76% |   
                             Peak Reserved Device Memory: 73.71 GiB | Peak      
                             Reserved Device Memory (%): 94%                    
[08/21/25 14:53:07] INFO     fairseq2 - Train Metrics (step 140) - DPO Loss:    
                             5.25975e-06 | Chosen Sequence Log Probabilities:   
                             -889.719 | Rejected Sequence Log Probabilities:    
                             -1163.46 | Chosen Sequence Length: 780.104 |       
                             Rejected Sequence Length: 631.188 | NLL Loss:      
                             1.14043 | Gradient Norm: 0.00273564 | Data Epoch:  
                             11 | Data Time: <1s | Compute Time: 17s | Lapse    
                             Time: 17s | Total Time: 2,529s | Wall Time: 2,529s 
                             | Learning Rate: 6.94726e-07 | Batch Size: 96 |    
                             Elements per Batch: 174,385 | Elements per Second: 
                             9,917 | Number of Examples: 96 | Number of         
                             Elements: 174,385 | Number of Target Elements:     
                             74,890 | Padding: 0 | Padding Ratio (%): 0% | Total
                             Number of Examples: 12,720 | Total Number of       
                             Elements: 23,659,547 | Total Number of Target      
                             Elements: 9,951,820 | Peak Active Device Memory:   
                             60.59 GiB | Peak Active Device Memory (%): 77% |   
                             Peak Reserved Device Memory: 73.71 GiB | Peak      
                             Reserved Device Memory (%): 94%                    
[08/21/25 14:53:26] INFO     fairseq2 - Train Metrics (step 141) - DPO Loss:    
                             8.89241e-06 | Chosen Sequence Log Probabilities:   
                             -903.41 | Rejected Sequence Log Probabilities:     
                             -1154.15 | Chosen Sequence Length: 784.781 |       
                             Rejected Sequence Length: 641.094 | NLL Loss:      
                             1.15081 | Gradient Norm: 0.00393748 | Data Epoch:  
                             11 | Data Time: <1s | Compute Time: 18s | Lapse    
                             Time: 18s | Total Time: 2,548s | Wall Time: 2,548s 
                             | Learning Rate: 6.94629e-07 | Batch Size: 96 |    
                             Elements per Batch: 175,171 | Elements per Second: 
                             9,409 | Number of Examples: 96 | Number of         
                             Elements: 175,171 | Number of Target Elements:     
                             75,339 | Padding: 0 | Padding Ratio (%): 0% | Total
                             Number of Examples: 12,816 | Total Number of       
                             Elements: 23,834,718 | Total Number of Target      
                             Elements: 10,027,159 | Peak Active Device Memory:  
                             63.61 GiB | Peak Active Device Memory (%): 81% |   
                             Peak Reserved Device Memory: 73.94 GiB | Peak      
                             Reserved Device Memory (%): 94%                    
[08/21/25 14:53:45] INFO     fairseq2 - Train Metrics (step 142) - DPO Loss:    
                             6.97734e-06 | Chosen Sequence Log Probabilities:   
                             -855.408 | Rejected Sequence Log Probabilities:    
                             -1134.65 | Chosen Sequence Length: 730.958 |       
                             Rejected Sequence Length: 657.542 | NLL Loss:      
                             1.17008 | Gradient Norm: 0.00293038 | Data Epoch:  
                             11 | Data Time: <1s | Compute Time: 18s | Lapse    
                             Time: 18s | Total Time: 2,567s | Wall Time: 2,567s 
                             | Learning Rate: 6.94531e-07 | Batch Size: 96 |    
                             Elements per Batch: 186,736 | Elements per Second: 
                             9,855 | Number of Examples: 96 | Number of         
                             Elements: 186,736 | Number of Target Elements:     
                             70,172 | Padding: 0 | Padding Ratio (%): 0% | Total
                             Number of Examples: 12,912 | Total Number of       
                             Elements: 24,021,454 | Total Number of Target      
                             Elements: 10,097,331 | Peak Active Device Memory:  
                             60.20 GiB | Peak Active Device Memory (%): 77% |   
                             Peak Reserved Device Memory: 74.12 GiB | Peak      
                             Reserved Device Memory (%): 94%                    
[08/21/25 14:53:48] INFO     fairseq2 - Train Metrics (step 143) - DPO Loss:    
                             2.245e-05 | Chosen Sequence Log Probabilities:     
                             -806.167 | Rejected Sequence Log Probabilities:    
                             -1127.42 | Chosen Sequence Length: 649.625 |       
                             Rejected Sequence Length: 625.5 | NLL Loss: 1.24105
                             | Gradient Norm: 0.0166473 | Data Epoch: 11 | Data 
                             Time: <1s | Compute Time: 3s | Lapse Time: 3s |    
                             Total Time: 2,570s | Wall Time: 2,570s | Learning  
                             Rate: 6.94432e-07 | Batch Size: 24 | Elements per  
                             Batch: 36,387 | Elements per Second: 11,304 |      
                             Number of Examples: 24 | Number of Elements: 36,387
                             | Number of Target Elements: 15,591 | Padding: 0 | 
                             Padding Ratio (%): 0% | Total Number of Examples:  
                             12,936 | Total Number of Elements: 24,057,841 |    
                             Total Number of Target Elements: 10,112,922 | Peak 
                             Active Device Memory: 60.10 GiB | Peak Active      
                             Device Memory (%): 76% | Peak Reserved Device      
                             Memory: 74.41 GiB | Peak Reserved Device Memory    
                             (%): 94%                                           
                    INFO     fairseq2 - End of epoch 11 reached after step 143. 
[08/21/25 14:54:06] INFO     fairseq2 - Train Metrics (step 144) - DPO Loss:    
                             7.64541e-06 | Chosen Sequence Log Probabilities:   
                             -883.521 | Rejected Sequence Log Probabilities:    
                             -1174.52 | Chosen Sequence Length: 753.062 |       
                             Rejected Sequence Length: 655.188 | NLL Loss:      
                             1.17356 | Gradient Norm: 0.0035683 | Data Epoch: 12
                             | Data Time: <1s | Compute Time: 17s | Lapse Time: 
                             18s | Total Time: 2,588s | Wall Time: 2,588s |     
                             Learning Rate: 6.94333e-07 | Batch Size: 96 |      
                             Elements per Batch: 176,486 | Elements per Second: 
                             9,781 | Number of Examples: 96 | Number of         
                             Elements: 176,486 | Number of Target Elements:     
                             72,294 | Padding: 0 | Padding Ratio (%): 0% | Total
                             Number of Examples: 13,032 | Total Number of       
                             Elements: 24,234,327 | Total Number of Target      
                             Elements: 10,185,216 | Peak Active Device Memory:  
                             65.08 GiB | Peak Active Device Memory (%): 83% |   
                             Peak Reserved Device Memory: 74.39 GiB | Peak      
                             Reserved Device Memory (%): 94%                    

srun: error: cr1-h100-p548xlarge-23: task 5: Exited with exit code 1
srun: Terminating StepId=1572657.0
slurmstepd: error: *** STEP 1572657.0 ON cr1-h100-p548xlarge-23 CANCELLED AT 2025-08-21T14:54:24 ***
srun: error: cr1-h100-p548xlarge-90: task 18: Terminated
srun: error: cr1-h100-p548xlarge-70: task 8: Terminated
srun: error: cr1-h100-p548xlarge-23: task 0: Terminated
srun: error: cr1-h100-p548xlarge-70: task 12: Terminated
srun: error: cr1-h100-p548xlarge-90: task 22: Terminated
srun: error: cr1-h100-p548xlarge-23: task 1: Terminated
srun: error: cr1-h100-p548xlarge-70: task 9: Terminated
srun: error: cr1-h100-p548xlarge-90: task 20: Terminated
srun: error: cr1-h100-p548xlarge-23: task 3: Terminated
srun: error: cr1-h100-p548xlarge-70: task 10: Terminated
srun: error: cr1-h100-p548xlarge-90: task 16: Terminated
srun: error: cr1-h100-p548xlarge-70: task 11: Terminated
srun: error: cr1-h100-p548xlarge-90: task 23: Terminated
srun: error: cr1-h100-p548xlarge-23: task 4: Terminated
srun: error: cr1-h100-p548xlarge-70: task 15: Terminated
srun: error: cr1-h100-p548xlarge-23: task 7: Terminated
srun: error: cr1-h100-p548xlarge-90: task 17: Terminated
srun: error: cr1-h100-p548xlarge-70: task 14: Terminated
srun: error: cr1-h100-p548xlarge-90: task 19: Terminated
srun: error: cr1-h100-p548xlarge-23: task 6: Terminated
srun: error: cr1-h100-p548xlarge-70: task 13: Terminated
srun: error: cr1-h100-p548xlarge-90: task 21: Terminated
srun: error: cr1-h100-p548xlarge-23: task 2: Terminated
srun: Force Terminated StepId=1572657.0
